dateString,Accounting,Administrative Assistance,Architecture,Arts & Entertainment,Banking & Finance,Childcare,Civil Engineering,Cleaning & Sanitation,Community & Social Service,Construction,Customer Service,Data & Analytics,Dental,Driving,Education & Instruction,Electrical Engineering,Food Preparation & Service,Headline,Hospitality & Tourism,Human Resources,"IT Infrastructure, Operations & Support",IT Systems & Solutions,Industrial Engineering,Installation & Maintenance,Legal,Loading & Stocking,Logistic Support,Management,Marketing,Media & Communications,Medical Information,Medical Technician,Nursing,Personal Care & Home Health,Pharmacy,Physicians & Surgeons,Production & Manufacturing,Project Management,Retail,Sales,Scientific Research & Development,Security & Public Safety,Software Development,Sports,Therapy,Veterinary
2020-02-01,100.0,100.0,100.0,100.0,100.0,100.0,100.0,100.0,100.0,100.0,100.0,100.0,100.0,100.0,100.0,100.0,100.0,100.0,100.0,100.0,100.0,100.0,100.0,100.0,100.0,100.0,100.0,100.0,100.0,100.0,100.0,100.0,100.0,100.0,100.0,100.0,100.0,100.0,100.0,100.0,100.0,100.0,100.0,100.0,100.0,100.0
2020-02-02,99.97,99.96,100.2,100.06,99.98,99.69,100.08,99.93,100.26,99.95,100.08,100.09,100.34,99.88,100.27,100.04,100.0,100.06,100.1,99.73,99.9,99.64,100.02,100.09,100.12,99.77,99.85,100.47,100.14,100.21,100.04,100.01,99.87,100.02,100.19,100.26,99.9,100.12,99.67,99.85,100.04,100.08,99.92,99.96,100.25,99.9
2020-02-03,99.89,100.08,100.36,100.13,99.97,99.35,100.25,99.92,100.52,99.96,100.2,100.06,100.61,99.88,100.43,100.03,100.03,100.09,100.23,99.74,99.82,99.55,100.03,100.27,100.25,99.61,99.66,100.93,100.28,100.35,100.08,100.05,99.74,100.05,97.02,100.39,99.82,100.23,99.09,99.74,100.02,100.14,99.88,99.88,100.45,99.83
2020-02-04,99.81,100.09,100.49,100.04,99.82,99.52,100.37,99.72,100.73,99.9,100.28,100.07,100.88,100.26,100.65,100.02,100.03,100.18,100.49,99.79,99.66,99.37,99.95,100.46,100.41,99.53,99.39,101.38,100.4,100.33,100.07,100.06,99.65,100.17,96.93,100.33,99.75,100.28,98.85,99.65,100.0,100.29,99.79,99.77,100.49,99.65
2020-02-05,99.82,100.14,100.75,100.1,99.87,99.7,100.54,99.48,100.85,100.1,100.38,100.13,101.11,100.07,100.89,100.05,100.02,100.29,101.04,99.94,99.62,99.35,100.02,100.72,100.45,99.48,99.41,101.93,100.55,100.51,100.03,99.99,99.56,100.26,96.83,100.46,99.71,100.37,98.7,99.63,99.96,100.47,99.86,99.9,100.34,99.76
2020-02-06,99.95,100.23,101.0,100.14,99.92,99.88,100.71,99.24,101.02,100.25,100.53,100.13,101.32,99.91,101.12,100.13,100.06,100.44,101.42,100.06,99.6,99.3,100.1,100.97,100.47,99.49,99.43,102.54,100.69,100.8,100.03,100.01,99.59,100.37,96.81,100.57,99.65,100.5,98.42,99.59,99.94,100.54,99.93,99.98,100.51,100.42
2020-02-07,99.92,100.3,101.04,100.17,99.96,99.96,100.82,99.0,101.2,100.4,100.42,100.22,101.37,99.86,101.33,100.2,100.07,100.44,101.29,100.17,99.55,99.31,100.21,100.84,100.58,99.51,99.4,102.53,100.86,101.07,100.04,100.0,99.55,100.71,96.66,100.64,99.67,100.58,98.12,99.56,100.03,100.59,100.03,100.05,100.62,101.04
2020-02-08,100.68,100.53,101.22,100.29,100.17,100.03,101.02,98.77,101.39,100.62,100.5,100.48,101.4,99.42,101.56,100.44,100.04,100.54,101.19,100.44,99.61,99.47,100.5,100.92,100.8,99.6,99.48,102.72,101.13,101.43,100.09,100.03,99.56,101.01,96.58,100.69,99.72,100.76,98.09,99.66,100.14,100.83,100.3,100.12,100.63,101.37
2020-02-09,100.95,100.71,101.41,100.42,100.17,99.96,101.23,98.56,101.43,100.83,100.44,100.7,101.2,99.43,101.71,100.65,100.01,100.61,101.09,100.67,99.68,99.6,100.76,101.01,100.99,99.68,99.41,102.86,101.38,101.78,100.09,100.07,99.53,101.23,96.31,100.69,99.74,100.88,98.03,99.8,100.27,100.93,100.56,100.22,100.59,101.68
2020-02-10,101.34,100.93,101.66,100.57,100.9,99.86,101.4,98.33,101.54,100.9,100.45,101.11,101.05,99.39,101.91,100.91,99.98,100.76,101.01,100.97,99.77,99.78,101.05,101.05,101.19,99.78,99.36,103.06,101.79,102.22,100.11,100.12,99.55,101.5,99.43,100.76,99.76,101.07,98.28,99.91,100.39,101.14,100.85,100.4,100.58,102.02
2020-02-11,101.65,101.14,102.0,100.81,101.59,99.82,101.53,98.32,101.63,100.95,100.47,101.4,100.85,99.48,102.07,101.11,99.95,100.85,100.96,101.21,99.8,99.9,101.27,101.06,101.31,99.84,99.43,103.25,102.15,102.86,100.15,100.12,99.58,101.79,99.45,100.94,99.79,101.16,98.26,100.04,100.49,101.23,101.09,100.51,100.68,102.46
2020-02-12,101.87,101.19,102.3,100.97,102.3,99.93,101.66,98.32,101.76,101.02,100.49,101.6,100.6,99.71,102.29,101.29,99.99,100.94,100.86,101.36,99.81,99.9,101.46,101.08,101.5,99.91,99.38,103.36,102.49,103.21,100.48,100.24,99.69,102.07,99.5,100.89,99.82,101.18,98.2,100.07,100.6,101.36,101.24,100.32,100.77,102.95
2020-02-13,101.93,101.23,102.66,101.07,102.87,100.02,101.79,98.28,101.73,101.08,100.48,101.76,100.32,99.92,102.5,101.32,100.0,100.99,100.74,101.49,99.82,99.93,101.62,101.09,101.77,99.95,99.32,103.46,102.88,103.41,100.73,100.2,99.65,102.33,99.5,100.7,99.92,101.24,98.23,100.04,100.73,101.52,101.35,100.24,100.46,102.88
2020-02-14,102.17,101.39,103.12,101.28,103.49,100.11,101.96,98.32,101.65,101.24,100.49,101.79,100.14,100.57,102.7,101.36,100.0,101.07,100.72,101.64,99.9,99.96,101.72,101.15,101.95,100.01,99.23,103.54,103.25,103.77,101.09,100.25,99.75,102.28,99.51,100.57,100.04,101.34,98.19,100.0,100.99,101.7,101.51,100.12,100.25,102.72
2020-02-15,101.85,101.24,103.55,101.3,103.84,100.25,101.91,98.29,101.58,101.33,100.12,101.66,99.99,100.69,102.85,101.27,99.86,100.87,100.65,101.6,99.98,99.88,101.74,100.67,102.0,100.0,99.09,102.76,103.46,103.85,101.31,100.15,99.75,102.28,99.51,100.43,100.12,101.39,98.32,99.85,101.01,101.81,101.56,100.11,100.04,103.06
2020-02-16,101.88,101.25,104.06,101.47,104.54,100.43,102.11,98.3,101.64,101.47,99.81,101.66,100.0,100.83,103.11,101.33,99.82,100.78,100.67,101.69,100.07,99.91,101.85,100.24,102.11,100.12,99.07,102.06,103.72,104.12,101.64,100.16,99.84,102.32,99.53,100.33,100.32,101.55,98.48,99.7,101.24,102.0,101.67,100.07,99.92,103.46
2020-02-17,101.83,101.3,104.5,101.57,104.5,100.56,102.4,98.3,101.68,101.76,99.46,101.58,99.98,100.95,103.35,101.32,99.75,100.64,100.61,101.7,100.11,99.88,101.9,99.84,102.22,100.23,99.1,101.32,103.79,104.37,101.95,100.15,99.93,102.32,99.44,100.24,100.47,101.65,98.52,99.46,101.5,102.34,101.7,100.05,99.81,103.78
2020-02-18,101.79,101.34,104.8,101.66,104.43,100.61,102.65,98.37,101.76,102.16,99.17,101.5,99.98,101.05,103.55,101.28,99.75,100.56,100.72,101.77,100.25,99.96,102.03,99.51,102.36,100.44,99.12,100.6,103.91,104.21,102.3,100.24,100.02,102.39,99.42,100.22,100.64,101.8,98.66,99.32,101.75,102.84,101.78,100.15,99.72,104.11
2020-02-19,101.75,101.39,104.96,101.7,104.33,100.61,102.64,98.47,101.71,102.52,98.89,101.46,99.98,101.16,103.59,101.22,99.72,100.45,100.73,101.75,100.28,100.02,101.97,99.1,102.32,100.58,99.19,99.87,104.01,103.95,102.32,100.38,100.06,102.55,99.37,100.28,100.8,101.9,98.86,99.19,101.96,102.98,101.81,100.2,99.86,104.12
2020-02-20,101.49,101.36,105.1,101.75,104.22,100.67,102.53,98.64,101.79,102.9,98.67,101.44,99.92,101.24,103.68,101.27,99.73,100.37,100.8,101.73,100.33,100.13,101.97,98.74,102.25,100.73,99.31,99.18,104.07,103.76,102.34,100.53,100.13,102.65,99.35,100.44,100.93,102.02,99.04,99.22,102.12,103.22,101.86,100.34,100.03,104.17
2020-02-21,101.22,101.28,105.16,101.71,104.11,100.76,102.45,98.73,101.93,103.35,98.44,101.37,99.87,101.64,103.81,101.25,99.61,100.32,101.02,101.81,100.32,100.22,101.97,98.43,102.22,100.83,99.39,98.54,104.17,103.21,102.36,100.66,100.1,102.74,99.44,100.55,101.11,102.1,99.51,99.31,102.21,103.49,101.87,100.53,100.14,104.27
2020-02-22,100.99,101.26,105.16,101.55,103.92,100.87,102.5,98.93,101.98,103.81,98.5,101.24,99.91,102.07,103.93,101.19,99.61,100.4,101.15,101.65,99.88,100.19,101.85,98.55,102.04,100.81,99.38,98.56,104.11,102.78,102.43,100.86,100.21,102.85,99.44,100.61,101.13,102.07,99.62,99.35,102.3,103.65,101.7,100.58,100.27,103.89
2020-02-23,100.7,101.25,105.24,101.57,103.92,100.98,102.51,99.16,102.12,104.25,98.65,101.29,100.0,102.57,104.07,101.22,99.6,100.51,101.37,101.65,99.56,100.28,101.92,98.7,102.03,100.9,99.54,98.6,104.21,102.66,102.46,101.04,100.27,102.93,98.86,100.7,101.29,102.2,99.81,99.55,102.48,103.89,101.76,100.73,100.47,103.53
2020-02-24,100.66,101.25,105.31,101.56,103.99,101.13,102.37,99.4,102.17,104.74,98.86,101.34,100.02,102.35,104.2,101.26,99.63,100.62,101.66,101.64,99.24,100.42,101.98,98.86,101.91,101.04,99.62,98.68,104.36,102.54,102.52,101.22,100.32,103.07,98.9,100.73,101.44,102.36,100.07,99.81,102.59,103.93,101.82,100.82,100.57,103.15
2020-02-25,100.4,101.29,105.42,101.64,104.13,101.3,102.29,99.71,102.2,105.09,98.98,101.51,100.08,102.83,104.39,101.32,99.7,100.76,101.66,101.6,98.94,100.57,102.13,98.99,101.9,101.1,99.67,98.76,104.51,102.82,102.69,101.43,100.45,103.12,99.02,100.82,101.62,102.55,100.27,100.08,102.75,103.84,101.91,100.93,100.64,102.89
2020-02-26,100.53,101.5,105.44,101.68,104.22,101.45,102.32,100.23,102.43,105.56,99.03,101.65,100.23,102.72,104.68,101.33,99.98,100.92,101.61,101.61,98.71,100.71,102.38,99.13,102.09,101.06,99.72,98.94,104.58,103.21,102.9,101.62,100.63,103.29,99.17,100.86,101.81,102.74,100.37,100.32,103.01,104.04,102.02,101.09,100.74,102.71
2020-02-27,100.89,101.83,105.45,101.7,104.52,101.61,102.35,100.69,102.61,106.05,99.1,101.9,100.41,103.17,104.92,101.28,100.24,101.09,101.47,101.63,98.44,100.86,102.55,99.17,102.21,101.15,99.77,99.07,104.7,103.53,103.2,101.89,100.85,103.52,99.34,100.86,101.96,102.91,100.52,100.53,103.3,104.18,102.16,101.13,100.86,102.48
2020-02-28,101.26,102.13,105.39,101.74,104.72,101.76,102.38,101.25,102.83,106.47,99.25,102.2,100.59,103.26,105.23,101.3,100.72,101.27,101.3,101.56,98.24,101.0,102.73,99.23,102.23,101.34,99.95,99.18,104.77,104.04,103.39,102.1,101.11,103.88,99.33,100.83,102.1,103.11,100.59,100.74,103.6,104.29,102.33,101.22,101.11,102.1
2020-02-29,101.77,102.51,105.31,102.12,105.35,101.79,102.48,101.76,103.1,106.87,99.57,102.7,100.66,103.32,105.52,101.42,101.16,101.53,101.16,101.84,98.5,101.36,103.09,99.36,102.48,101.71,100.24,99.4,105.07,104.6,103.74,102.43,101.45,104.2,99.46,100.96,102.39,103.46,100.74,101.12,104.1,104.54,102.74,101.34,101.14,102.11
2020-03-01,102.13,102.21,105.16,102.25,105.62,101.81,102.47,102.24,103.28,107.18,99.78,102.92,100.68,103.34,105.75,101.27,101.57,101.67,100.85,101.85,98.62,101.5,103.15,99.4,102.49,101.82,100.27,99.55,105.14,104.68,104.01,102.69,101.79,104.55,100.14,100.98,102.41,103.6,100.69,101.31,104.35,104.61,102.9,101.4,101.14,102.12
2020-03-02,102.21,101.82,105.02,102.36,105.87,101.8,102.45,102.81,103.44,107.35,99.93,103.16,100.71,103.91,105.94,101.15,102.1,101.81,100.57,101.85,98.71,101.62,103.2,99.4,102.5,101.89,100.31,99.68,105.18,104.76,104.26,102.93,102.14,104.82,100.27,101.01,102.42,103.66,100.64,101.46,104.57,104.67,103.08,101.41,101.06,102.14
2020-03-03,102.52,101.4,104.88,102.39,106.15,101.98,102.37,103.14,103.48,107.69,100.14,103.31,100.58,103.91,106.1,101.05,102.39,101.86,100.49,101.81,98.8,101.66,103.14,99.4,102.53,101.95,100.28,99.76,105.21,104.79,104.36,102.88,102.27,105.03,100.19,100.98,102.34,103.69,100.59,101.51,104.82,104.69,103.21,101.4,100.59,101.97
2020-03-04,102.46,100.8,104.87,102.44,106.4,102.19,102.36,103.16,103.57,108.04,100.38,103.37,100.41,104.39,106.23,100.91,102.32,101.85,100.39,101.76,98.91,101.64,103.0,99.4,102.46,102.21,100.25,99.64,105.21,104.76,104.22,102.82,102.23,104.68,100.07,100.89,102.34,103.69,100.55,101.62,104.93,104.74,103.31,101.44,100.31,101.78
2020-03-05,102.37,100.35,104.78,102.48,106.67,102.1,102.35,103.18,103.64,108.47,100.62,103.32,100.29,104.14,106.34,100.78,102.23,101.83,100.36,101.69,98.98,101.57,102.84,99.52,102.4,102.32,100.18,99.59,105.19,104.71,104.07,102.76,102.08,104.4,99.9,100.94,102.39,103.69,100.53,101.64,105.02,104.82,103.37,101.53,100.08,101.64
2020-03-06,102.29,99.93,104.77,102.57,107.04,101.96,102.39,103.19,103.66,108.89,100.66,103.3,100.08,104.08,106.37,100.61,102.12,101.78,100.13,101.56,99.01,101.5,102.62,99.56,102.33,102.42,100.0,99.51,105.12,104.67,104.0,102.71,101.94,104.09,99.83,101.0,102.37,103.65,100.41,101.65,105.04,104.92,103.41,101.57,99.58,101.74
2020-03-07,102.24,99.53,104.93,102.53,107.46,101.98,102.47,103.29,103.76,109.46,100.54,103.27,99.99,103.75,106.45,100.5,102.03,101.75,99.96,101.51,99.04,101.4,102.4,99.68,102.37,102.62,99.95,99.5,105.11,104.67,103.85,102.59,101.73,103.85,99.63,100.96,102.39,103.6,100.49,101.65,105.02,104.93,103.41,101.69,99.39,101.98
2020-03-08,102.14,99.65,105.04,102.44,107.89,102.07,102.46,103.29,103.82,110.08,100.48,103.2,99.78,103.63,106.48,100.4,101.95,101.74,99.91,101.47,99.06,101.24,102.15,99.74,102.37,102.84,99.89,99.47,105.08,104.68,103.68,102.44,101.42,103.52,99.42,101.4,102.42,103.5,100.57,101.67,105.03,105.0,103.34,101.83,99.18,102.18
2020-03-09,101.97,99.71,105.03,102.31,108.22,102.18,102.41,103.11,103.87,110.71,100.36,103.05,99.1,103.62,106.55,100.18,101.66,101.64,99.64,101.38,99.03,100.97,101.73,99.73,102.39,102.91,99.75,99.39,105.01,104.67,103.39,102.28,101.0,103.09,99.11,101.75,102.46,103.36,100.45,101.62,105.02,105.02,103.19,102.01,99.07,102.36
2020-03-10,101.79,100.02,105.09,102.31,108.63,102.44,102.51,103.06,104.06,111.29,100.3,102.99,98.6,103.56,106.83,100.2,101.59,101.66,99.53,101.47,99.09,100.76,101.61,99.83,102.45,103.41,99.7,99.35,105.05,104.66,103.14,102.36,100.7,103.0,98.74,102.13,102.79,103.35,100.38,101.67,105.1,105.16,103.18,102.18,99.42,102.62
2020-03-11,101.45,100.32,105.08,102.27,108.94,102.58,102.58,103.14,104.19,111.71,100.25,102.88,98.78,103.61,107.21,100.19,101.59,101.68,100.23,101.59,99.07,100.6,101.52,99.9,102.43,103.83,99.68,99.34,104.95,104.67,103.19,102.43,100.55,103.25,98.34,102.64,103.02,103.39,99.98,101.64,105.15,105.25,103.14,102.46,99.52,102.71
2020-03-12,100.25,100.44,105.14,102.22,109.08,103.03,102.7,103.12,104.36,112.05,100.15,102.79,98.93,103.74,107.61,100.24,101.5,101.63,100.46,101.69,99.1,100.44,101.52,99.93,102.42,104.28,99.64,99.18,104.9,104.55,103.16,102.43,100.42,103.61,98.05,103.05,103.23,103.47,99.45,101.64,105.18,105.26,103.11,102.7,99.61,102.82
2020-03-13,98.94,100.46,105.15,102.04,108.92,103.45,102.79,103.02,104.48,112.32,100.1,102.63,98.82,103.08,108.0,100.25,101.13,101.49,100.59,101.73,99.04,100.22,101.53,99.93,102.46,104.66,99.57,98.88,104.78,104.31,103.08,102.49,100.32,103.98,97.92,103.51,103.38,103.46,98.95,101.54,105.2,105.28,103.03,102.88,99.87,102.75
2020-03-14,97.63,100.36,105.12,101.89,108.73,103.56,102.96,102.76,104.52,112.52,100.46,102.53,98.56,102.74,108.39,100.25,100.6,101.31,100.29,101.68,98.93,100.1,101.62,99.8,102.33,104.88,99.38,98.51,104.56,104.02,102.95,102.5,100.17,104.34,97.83,104.23,103.53,103.53,98.27,101.34,105.27,105.3,103.01,102.69,99.96,102.59
2020-03-15,96.25,100.25,104.92,101.61,108.39,103.6,102.96,102.47,104.37,112.65,100.64,102.34,98.4,102.67,108.64,100.16,100.07,101.08,99.86,101.57,98.83,99.91,101.63,99.7,102.16,105.09,99.11,98.12,104.24,103.58,102.86,102.34,99.97,104.76,97.75,104.53,103.69,103.5,97.72,101.09,105.18,105.33,102.98,102.48,99.13,102.4
2020-03-16,94.93,100.16,104.8,101.36,108.14,103.53,102.97,102.16,104.46,112.69,101.0,102.19,98.62,102.59,108.95,100.21,99.55,100.92,99.49,101.49,98.79,99.82,101.88,99.66,101.97,105.4,98.98,97.74,103.9,103.02,102.89,102.45,100.0,105.31,97.77,104.89,103.89,103.51,97.32,100.92,105.13,105.39,102.98,102.19,99.1,102.17
2020-03-17,93.46,99.58,104.33,100.77,107.73,102.65,102.78,101.48,104.0,112.39,100.72,101.78,98.63,102.3,108.74,99.89,98.52,100.41,98.5,101.01,98.46,99.58,101.72,99.27,101.32,104.93,98.52,97.25,103.15,102.07,102.78,102.08,99.81,104.66,97.86,105.1,103.58,103.26,96.72,100.45,104.72,105.1,102.8,101.65,98.0,101.65
2020-03-18,91.99,98.74,103.75,99.95,107.29,101.29,102.46,100.47,103.37,111.86,99.65,101.4,97.54,101.81,108.21,99.48,97.17,99.76,94.83,100.23,98.0,99.28,101.45,98.76,100.61,104.18,97.72,96.73,102.25,100.81,102.62,101.64,99.67,104.12,98.21,105.27,103.05,102.83,96.45,99.78,104.33,104.66,102.59,100.6,96.71,101.1
2020-03-19,91.12,97.52,102.84,98.87,106.72,99.48,101.99,99.2,102.56,110.94,98.44,100.76,96.11,101.23,107.42,98.86,95.49,98.97,90.22,99.14,97.35,98.77,100.99,97.96,99.58,103.14,96.64,96.13,100.85,99.35,102.3,101.08,99.59,103.37,98.48,105.38,102.27,102.18,96.5,98.85,103.79,104.06,102.18,99.2,95.23,100.31
2020-03-20,90.01,96.03,101.59,97.11,106.12,97.27,101.24,97.5,101.57,109.63,96.92,99.94,94.68,101.07,106.49,98.06,93.65,97.99,85.17,97.76,96.57,98.08,100.43,96.89,98.18,101.64,95.35,95.5,99.12,97.53,101.67,100.29,99.37,102.49,98.64,105.34,101.27,101.38,96.26,97.63,103.15,103.16,101.63,97.63,93.43,99.38
2020-03-21,88.39,94.19,99.93,95.0,104.92,94.91,99.95,95.54,100.29,107.82,94.23,98.68,92.46,99.97,105.23,96.95,91.51,96.62,80.11,95.94,95.52,97.0,99.54,95.5,96.42,99.86,93.62,94.59,96.99,95.23,100.63,99.3,99.05,101.53,98.77,104.99,99.95,100.21,95.78,96.1,102.11,102.02,100.79,96.16,91.36,98.44
2020-03-22,86.98,92.41,98.38,93.06,103.93,92.44,98.93,93.59,99.22,106.05,92.06,97.66,90.17,100.23,104.15,96.0,89.37,95.4,75.04,94.19,94.55,96.1,98.77,94.11,94.82,97.87,91.96,93.78,94.89,93.18,99.62,98.58,98.92,100.63,98.92,104.61,98.67,99.18,95.32,94.63,101.41,100.89,100.09,94.63,90.21,97.48
2020-03-23,85.53,90.58,96.8,91.08,102.85,89.89,97.93,91.61,97.89,104.17,89.73,96.64,87.83,98.67,102.9,95.02,87.21,94.07,69.92,92.41,93.54,95.2,97.93,92.63,93.17,96.17,90.25,92.97,92.78,91.11,98.57,97.58,98.59,99.67,99.04,104.2,97.32,98.08,94.99,93.16,100.66,99.71,99.38,93.09,88.21,96.48
2020-03-24,84.14,88.76,95.42,89.29,100.89,87.42,96.95,89.69,97.07,102.63,87.65,95.67,85.39,97.17,101.74,94.17,85.24,92.86,65.11,90.59,92.73,94.23,97.18,91.24,91.66,94.42,88.6,92.15,90.71,89.48,97.37,96.85,98.47,99.76,99.19,103.9,95.98,97.07,94.61,91.65,99.92,98.76,98.74,91.76,87.17,95.6
2020-03-25,82.58,86.89,93.83,87.47,98.77,85.14,95.75,87.71,96.17,101.09,86.2,94.53,82.97,95.6,100.55,93.19,83.35,91.6,62.01,88.72,91.82,93.0,96.21,89.71,89.94,92.69,86.97,91.24,88.57,87.87,95.85,95.95,98.13,99.67,99.07,103.49,94.52,95.92,94.09,90.12,99.08,97.88,97.92,90.62,86.1,94.6
2020-03-26,81.01,85.1,92.24,86.18,96.44,82.72,94.43,86.0,95.26,99.68,84.86,93.31,80.62,94.08,99.28,92.24,81.49,90.29,60.05,86.87,90.91,91.71,95.21,88.23,88.24,90.98,85.31,90.29,86.53,86.27,93.86,94.96,97.7,99.67,98.85,102.99,93.13,94.66,93.05,88.61,98.11,97.19,97.0,89.59,85.03,93.67
2020-03-27,79.16,83.14,90.35,85.1,93.69,80.39,92.72,84.5,94.08,97.95,83.59,91.83,77.64,92.54,97.8,90.94,79.73,88.83,58.5,84.81,89.7,90.18,93.89,86.6,86.45,89.39,83.6,89.27,84.25,84.59,91.49,93.78,97.12,99.46,98.25,102.26,91.68,92.97,91.97,86.96,96.87,96.38,95.72,88.41,83.64,92.32
2020-03-28,77.71,81.45,88.71,84.31,91.31,78.22,91.47,83.15,93.1,96.55,82.87,90.55,75.43,91.84,96.54,89.99,78.27,87.66,57.29,83.02,88.62,88.82,92.79,85.24,84.86,87.94,82.39,88.44,82.27,83.13,89.19,92.4,96.42,98.97,97.62,101.67,90.49,91.51,91.18,85.53,95.79,95.79,94.54,87.27,82.42,90.84
2020-03-29,76.03,79.64,86.92,83.34,88.7,76.08,89.93,81.79,92.1,95.09,81.75,89.04,73.28,89.21,95.19,88.89,76.77,86.34,56.07,81.11,87.43,87.29,91.55,83.85,83.16,86.71,81.15,87.53,80.27,81.45,86.89,90.94,95.66,98.42,96.94,101.08,89.23,89.89,90.29,83.99,94.5,95.15,93.19,86.15,81.19,88.65
2020-03-30,74.38,77.89,85.16,82.4,86.15,74.12,88.39,80.46,91.18,93.75,80.6,87.54,71.27,88.39,93.91,87.78,75.32,85.09,54.94,79.24,86.28,85.78,90.34,82.5,81.56,85.12,79.92,86.64,78.3,79.82,84.56,89.49,94.92,97.9,96.27,100.49,88.07,88.35,89.26,82.42,93.23,94.52,91.87,85.08,80.06,86.55
2020-03-31,72.59,76.23,83.27,80.64,84.32,72.24,86.8,79.23,90.17,92.14,79.58,85.98,69.25,86.82,92.74,86.52,74.01,83.81,53.86,77.01,84.95,84.25,89.08,81.13,79.91,83.74,78.69,85.75,76.33,77.83,82.16,87.95,94.12,97.41,95.53,99.74,86.93,86.69,88.35,80.84,91.94,93.55,90.4,84.3,78.85,84.4
2020-04-01,70.8,74.49,81.3,78.88,82.37,70.36,85.02,78.06,88.93,90.42,78.46,84.32,67.42,87.14,91.46,85.29,72.82,82.49,52.77,74.69,83.6,82.78,87.92,79.69,78.17,82.09,77.19,84.79,74.27,75.8,79.82,86.4,93.25,96.78,91.27,98.87,85.86,85.01,86.87,79.24,90.52,92.11,88.92,83.41,77.54,82.33
2020-04-02,69.04,72.83,79.31,76.68,80.58,68.77,83.25,76.76,87.71,88.76,77.22,82.86,65.16,85.49,90.38,84.02,71.77,81.18,51.74,72.46,82.29,81.43,86.73,78.33,76.35,80.76,75.83,83.95,72.14,73.88,77.75,84.85,92.43,96.14,90.46,97.6,84.76,83.44,85.59,77.65,89.18,90.54,87.59,82.51,76.21,80.24
2020-04-03,67.81,71.47,77.76,74.85,79.41,67.18,82.19,75.69,87.01,87.78,76.23,81.78,63.59,83.67,89.78,83.25,70.93,80.2,51.01,70.7,81.38,80.49,85.94,77.33,75.0,79.21,74.65,83.29,70.42,72.4,76.3,83.54,91.85,95.78,90.11,96.6,83.83,82.43,84.51,76.37,88.19,89.57,86.73,81.78,75.45,78.66
2020-04-04,66.51,70.12,76.21,72.95,77.96,65.64,81.01,74.61,86.28,86.72,75.0,80.68,61.97,81.72,89.06,82.25,69.25,78.95,49.79,68.96,80.48,79.55,85.02,76.2,73.72,78.0,73.09,81.92,68.7,70.92,74.96,82.5,91.34,95.46,89.68,95.42,82.82,81.34,82.95,74.74,87.19,88.52,85.81,80.62,74.62,77.21
2020-04-05,65.17,68.73,74.67,71.08,76.6,64.0,79.9,73.4,85.41,85.56,73.76,79.57,60.31,79.75,88.23,81.21,67.56,77.66,48.55,67.14,79.53,78.58,84.13,75.04,72.37,76.72,71.44,80.52,66.93,69.54,73.41,81.33,90.7,95.11,89.21,94.15,81.79,80.24,81.45,73.15,86.08,87.44,84.89,79.45,73.66,76.42
2020-04-06,63.76,67.31,73.06,69.17,75.16,62.23,78.71,72.22,84.34,84.34,72.68,78.34,58.54,77.91,87.3,80.02,66.57,76.54,47.7,65.24,78.38,77.5,83.15,73.91,70.88,75.52,69.97,79.64,65.08,68.12,71.82,80.08,90.0,94.68,88.63,92.8,80.6,79.03,80.25,71.92,84.89,86.29,83.88,78.16,72.56,75.64
2020-04-07,62.49,65.85,71.38,67.92,73.77,60.53,77.55,70.87,83.18,83.1,71.46,77.04,56.67,77.66,86.26,78.95,65.18,75.4,46.62,63.76,77.29,76.39,82.1,72.75,69.46,74.46,68.37,78.67,63.25,66.84,70.23,78.8,89.21,94.05,88.05,91.53,79.44,77.87,79.17,70.56,83.78,85.34,82.87,76.36,71.39,74.85
2020-04-08,61.57,64.79,70.18,66.76,72.74,58.82,77.02,70.06,82.54,82.39,70.47,76.09,54.97,78.86,85.55,78.25,63.97,74.6,45.55,62.74,76.58,75.48,81.38,71.9,68.4,73.89,67.29,77.83,61.87,65.88,68.81,77.68,88.62,93.75,90.99,90.49,78.58,77.07,78.52,69.46,82.99,84.97,82.12,74.79,70.49,74.21
2020-04-09,60.79,63.8,69.09,65.54,71.88,57.1,76.58,69.34,82.05,81.79,69.51,75.15,53.9,80.17,84.85,77.67,62.94,73.81,44.81,61.72,75.96,74.58,80.78,71.08,67.58,73.1,66.18,77.04,60.72,65.17,67.41,76.48,87.86,93.33,90.38,89.93,77.83,76.28,77.81,68.46,82.43,84.6,81.37,73.3,69.57,73.62
2020-04-10,59.9,62.86,68.04,64.37,70.94,55.03,75.95,68.58,81.39,81.08,68.5,74.22,52.31,81.51,83.93,77.06,61.87,72.97,43.99,60.72,75.33,73.56,80.14,70.21,66.68,72.78,64.94,76.2,59.68,64.25,65.95,75.28,87.06,92.85,89.62,89.29,77.11,75.44,76.79,67.43,81.85,83.9,80.57,71.79,68.56,73.07
2020-04-11,59.27,61.92,67.19,63.43,70.49,53.03,75.49,67.91,80.86,80.55,68.08,73.52,50.82,82.9,83.21,76.7,61.58,72.46,43.77,59.93,74.85,72.76,79.72,69.57,65.96,72.25,64.05,75.94,58.83,63.74,64.7,74.24,86.41,92.63,88.99,88.84,76.58,74.77,76.22,66.7,81.47,83.33,80.01,70.66,67.7,72.55
2020-04-12,58.63,60.99,66.34,62.41,69.84,51.12,74.99,67.33,80.42,80.13,67.6,72.77,49.34,84.29,82.58,76.36,61.29,71.96,43.56,59.16,74.38,71.96,79.27,68.95,65.14,71.74,63.32,75.7,58.0,63.1,63.55,73.3,85.81,92.43,88.41,88.4,76.02,74.07,75.64,65.91,81.01,82.77,79.47,69.58,66.97,72.07
2020-04-13,58.14,60.13,65.58,61.49,69.29,49.43,74.58,66.76,80.25,79.77,67.01,72.16,47.99,86.41,82.67,76.2,60.32,71.36,42.97,58.53,74.15,71.29,78.92,68.34,64.52,71.23,62.29,74.93,57.25,62.64,62.43,72.34,85.15,92.26,87.9,88.01,75.55,73.53,74.9,64.77,80.72,82.36,79.0,68.82,66.38,71.64
2020-04-14,57.68,59.38,65.01,60.68,68.76,47.76,74.25,66.49,80.0,79.55,66.63,71.64,46.83,87.88,82.88,76.02,59.82,70.89,42.65,58.01,73.89,70.73,78.64,67.91,63.83,70.7,61.57,74.19,56.61,62.17,61.55,71.65,84.76,92.14,87.45,87.62,75.2,73.01,74.11,63.93,80.21,82.67,78.58,67.97,65.89,71.27
2020-04-15,57.07,58.51,64.25,59.92,67.87,46.3,73.71,65.9,79.59,79.18,66.16,71.03,45.6,86.94,83.07,75.63,59.3,70.29,42.49,57.39,73.47,70.18,78.18,67.44,63.17,70.1,60.91,73.46,55.87,61.58,60.69,71.03,84.33,91.89,87.03,87.2,74.74,72.33,73.46,62.83,79.55,83.1,78.04,67.05,64.84,70.91
2020-04-16,56.52,57.69,63.61,59.31,67.12,44.95,73.26,65.38,79.03,78.78,65.74,70.42,44.36,87.84,83.3,75.19,58.67,69.76,42.23,56.89,73.12,69.61,77.67,67.04,62.53,69.59,60.18,72.69,55.15,60.84,60.06,70.51,84.05,91.62,86.63,86.78,74.28,71.73,72.76,61.78,78.71,83.59,77.56,66.19,63.9,70.6
2020-04-17,56.05,56.95,63.05,58.73,66.4,44.27,72.79,64.96,78.41,78.5,65.28,69.82,43.91,88.76,83.53,74.79,58.12,69.27,42.15,56.42,72.76,69.15,77.23,66.77,61.86,69.14,59.79,71.93,54.49,60.39,59.49,70.06,83.74,91.42,86.19,86.4,73.89,71.18,72.05,60.7,77.8,84.11,77.09,65.41,62.96,70.39
2020-04-18,55.54,56.44,62.56,58.19,65.63,43.75,72.32,64.71,77.81,78.37,64.67,69.24,43.55,89.71,83.74,74.4,57.8,68.87,42.07,55.9,72.39,68.58,76.8,66.54,61.26,68.82,59.32,71.45,53.9,59.97,58.95,69.63,83.39,91.23,85.68,85.94,73.56,70.7,71.32,59.87,76.84,84.58,76.59,64.58,62.14,70.27
2020-04-19,55.03,55.92,62.08,57.66,64.94,43.4,71.87,64.51,77.26,78.25,64.04,68.59,43.31,90.64,83.98,73.97,57.55,68.46,42.01,55.37,72.01,67.92,76.31,66.33,60.73,68.45,58.61,70.93,53.28,59.42,58.42,69.19,83.13,91.07,85.12,85.47,73.19,70.19,70.56,59.05,75.86,85.02,76.02,63.82,61.33,70.22
2020-04-20,54.6,55.51,61.68,57.2,64.34,43.14,71.54,64.39,76.67,78.31,63.59,68.06,43.14,91.57,83.69,73.62,57.34,68.15,42.0,54.9,71.69,67.44,75.94,66.2,60.29,68.21,58.17,70.49,52.74,58.92,58.08,68.93,83.04,91.04,84.66,85.21,72.94,69.76,70.1,58.31,75.1,85.46,75.55,62.94,60.58,70.19
2020-04-21,54.23,55.11,61.3,56.77,63.81,42.98,71.19,64.26,76.25,78.43,63.12,67.59,43.04,92.29,83.36,73.21,57.15,67.83,42.13,54.47,71.46,66.94,75.62,66.1,60.02,67.99,57.6,70.21,52.32,58.53,57.65,68.51,82.75,90.89,84.07,84.94,72.72,69.33,69.52,57.6,74.61,85.22,75.15,62.3,59.65,70.26
2020-04-22,53.88,54.74,60.87,56.42,63.57,42.88,70.9,64.19,75.89,78.55,62.7,67.08,43.08,92.19,83.05,72.91,56.98,67.54,42.36,53.99,71.23,66.36,75.28,66.0,59.73,67.97,56.98,70.01,51.92,58.14,57.17,67.96,82.34,90.81,83.35,84.57,72.51,68.93,69.08,57.09,74.17,84.86,74.74,61.74,59.25,70.38
2020-04-23,53.6,54.42,60.44,56.06,63.21,42.78,70.62,64.13,75.57,78.8,62.27,66.57,43.13,91.72,82.67,72.61,56.9,67.27,42.4,53.54,70.98,65.84,74.94,65.98,59.45,68.01,56.52,69.89,51.59,57.74,56.75,67.54,81.97,90.8,82.6,84.23,72.41,68.55,68.53,56.66,73.81,84.54,74.38,61.28,58.88,70.56
2020-04-24,53.35,54.12,60.14,55.77,62.92,42.76,70.36,64.1,75.33,79.09,61.98,66.05,43.22,90.72,82.33,72.35,56.93,67.05,42.37,53.1,70.75,65.3,74.55,65.96,59.2,68.08,55.92,69.86,51.29,57.31,56.38,67.12,81.6,90.76,81.9,83.94,72.32,68.19,68.36,56.4,73.48,84.12,74.03,60.88,58.57,70.76
2020-04-25,53.19,53.9,59.85,55.53,62.74,42.75,70.12,64.13,75.13,79.42,61.83,65.61,43.25,89.91,81.99,72.15,57.0,66.89,42.4,52.8,70.54,64.87,74.17,66.01,59.06,68.22,55.56,69.79,51.08,56.98,56.03,66.71,81.23,90.72,81.16,83.67,72.3,67.86,68.25,56.25,73.36,83.74,73.7,60.75,58.2,70.98
2020-04-26,53.01,53.72,59.61,55.28,62.56,42.78,69.91,64.2,74.92,79.8,61.69,65.26,43.3,89.15,81.72,71.95,57.04,66.75,42.43,52.51,70.41,64.51,73.85,66.07,59.01,68.45,55.33,69.72,50.9,56.75,55.72,66.33,80.85,90.68,80.47,83.41,72.33,67.58,68.24,56.12,73.25,83.4,73.45,60.63,57.87,71.2
2020-04-27,52.77,53.48,59.35,54.99,62.31,42.78,69.61,64.23,74.69,80.11,61.47,64.8,43.37,87.89,81.44,71.66,57.1,66.54,42.45,52.16,70.21,64.01,73.43,66.14,58.87,68.61,55.02,69.62,50.68,56.44,55.34,65.91,80.44,90.6,79.75,83.05,72.3,67.25,67.88,55.95,72.96,83.04,73.12,60.51,57.52,71.43
2020-04-28,52.57,53.3,59.18,54.74,62.07,42.86,69.26,64.3,74.45,80.52,61.32,64.33,43.52,86.8,81.2,71.42,57.2,66.34,42.16,51.81,69.98,63.52,73.0,66.1,58.62,68.71,54.79,69.5,50.45,56.07,55.05,65.57,80.05,90.57,79.05,82.79,72.24,66.96,67.51,55.79,72.67,82.66,72.75,60.37,57.29,71.62
2020-04-29,52.43,53.19,59.11,54.5,61.59,42.85,68.94,64.44,74.23,81.08,61.25,63.93,43.67,85.81,81.02,71.1,57.3,66.19,42.03,51.49,69.75,63.1,72.47,66.22,58.45,68.78,54.6,69.43,50.27,55.8,54.79,65.31,79.74,90.52,78.47,82.63,72.34,66.7,67.23,55.67,72.46,82.32,72.37,60.09,57.13,71.89
2020-04-30,52.26,53.06,59.03,54.25,61.32,42.86,68.59,64.6,73.99,81.62,61.11,63.56,43.94,86.09,80.84,70.81,57.46,66.09,41.96,51.13,69.51,62.69,72.01,66.32,58.27,68.84,54.52,69.33,50.12,55.57,54.52,65.01,79.4,90.5,77.96,82.41,72.42,66.45,67.16,55.44,72.13,81.95,71.97,59.72,56.94,72.15
2020-05-01,52.08,52.93,58.87,53.97,60.95,42.89,68.27,64.73,73.75,82.18,60.9,63.22,44.26,87.45,80.68,70.47,57.95,66.03,41.94,50.74,69.3,62.26,71.58,66.29,58.08,69.0,54.54,69.12,49.91,55.34,54.29,64.74,79.04,90.43,77.39,82.17,72.41,66.17,66.97,55.29,71.78,82.0,71.56,59.45,56.77,72.45
2020-05-02,51.94,52.81,58.69,53.7,60.52,42.88,67.98,64.88,73.5,82.73,60.67,62.79,44.76,88.33,80.55,70.13,58.29,65.89,41.79,50.34,69.07,61.87,71.12,66.33,57.8,68.82,54.49,68.88,49.68,55.1,54.06,64.49,78.76,90.42,76.63,81.99,72.36,65.93,66.39,54.99,71.34,81.74,71.16,59.0,56.75,69.24
2020-05-03,51.76,52.65,58.51,53.4,60.02,42.86,67.65,65.02,73.27,83.25,60.44,62.26,45.33,89.26,80.35,69.76,58.66,65.72,41.65,49.87,68.75,61.37,70.55,66.38,57.4,68.62,54.27,68.61,49.38,54.71,53.78,64.23,78.47,90.43,75.83,81.79,72.25,65.62,65.74,54.69,70.73,81.55,70.68,58.49,56.72,66.03
2020-05-04,51.62,52.55,58.36,53.16,59.63,42.86,67.43,65.2,73.06,83.81,60.21,61.87,45.95,90.03,80.17,69.52,59.01,65.57,41.27,49.51,68.54,61.02,70.11,66.34,57.08,68.48,54.24,68.27,49.16,54.52,53.58,64.03,78.21,90.45,75.41,81.67,72.24,65.36,65.17,54.42,70.34,81.44,70.3,58.01,56.69,62.8
2020-05-05,51.5,52.5,58.13,52.91,59.3,42.82,67.23,65.47,72.9,84.36,60.09,61.52,46.66,90.68,79.87,69.27,59.41,65.48,41.38,49.16,68.37,60.7,69.73,66.52,56.88,68.5,54.3,68.04,48.94,54.38,53.39,63.86,78.0,90.54,75.04,81.49,72.31,65.11,64.69,54.2,70.03,81.37,69.96,57.62,56.77,59.62
2020-05-06,51.41,52.49,57.9,52.67,59.34,42.96,66.95,65.73,72.72,84.97,60.0,61.22,47.5,91.16,79.65,69.09,59.85,65.47,41.28,48.95,68.25,60.46,69.65,66.7,56.7,68.86,54.33,67.9,48.76,54.28,53.24,63.73,77.82,90.63,74.63,81.26,72.31,64.86,64.41,54.04,69.67,81.36,69.7,57.39,56.81,59.92
2020-05-07,51.38,52.59,57.74,52.51,59.26,43.18,66.78,65.98,72.59,85.52,60.08,60.97,48.41,89.95,79.49,68.89,60.3,65.44,41.23,48.76,68.17,60.28,69.59,66.93,56.57,69.3,54.31,67.78,48.61,54.28,53.2,63.64,77.68,90.66,74.25,81.07,72.35,64.66,64.21,53.98,69.51,81.45,69.47,57.23,56.95,60.25
2020-05-08,51.41,52.74,57.63,52.41,59.31,43.34,66.69,66.36,72.48,86.19,60.32,60.78,49.3,89.52,79.3,68.73,60.51,65.5,41.18,48.62,68.09,60.15,69.56,67.35,56.51,69.76,54.34,67.83,48.53,54.35,53.15,63.59,77.58,90.72,73.98,80.91,72.59,64.52,64.21,53.99,69.45,81.34,69.29,56.93,57.15,60.6
2020-05-09,51.47,52.93,57.57,52.32,59.45,43.61,66.61,66.77,72.37,86.85,60.61,60.67,50.25,89.7,79.21,68.58,60.85,65.71,41.31,48.53,68.06,60.07,69.6,67.7,56.51,70.53,54.46,68.04,48.52,54.5,53.15,63.56,77.45,90.79,74.16,80.71,72.86,64.37,64.71,54.27,69.49,81.53,69.16,56.83,57.27,64.56
2020-05-10,51.59,53.2,57.51,52.3,59.52,43.86,66.62,67.26,72.3,87.59,60.97,60.67,51.24,89.9,79.12,68.51,61.19,65.95,41.48,48.52,68.13,60.11,69.75,68.09,56.62,71.36,54.76,68.28,48.57,54.73,53.21,63.54,77.36,90.86,74.37,80.48,73.24,64.31,65.24,54.59,69.65,81.85,69.1,56.75,57.4,68.51
2020-05-11,51.65,53.39,57.38,52.18,59.63,44.07,66.53,67.65,72.19,88.24,61.28,60.54,52.17,89.97,78.98,68.31,61.51,66.13,41.86,48.43,68.08,60.0,69.74,68.5,56.63,72.08,54.82,68.53,48.54,54.77,53.21,63.43,77.19,90.72,74.19,80.25,73.43,64.16,65.54,54.84,69.59,82.08,68.93,56.67,57.5,71.88
2020-05-12,51.68,53.58,57.29,52.02,59.66,44.28,66.46,68.08,72.1,88.89,61.58,60.41,53.11,90.08,78.99,68.17,61.79,66.29,41.98,48.36,68.02,59.84,69.66,68.85,56.63,72.63,54.84,68.67,48.45,54.89,53.26,63.37,77.05,90.57,74.05,80.04,73.71,64.04,65.82,55.22,69.44,82.44,68.73,56.47,57.62,73.45
2020-05-13,51.37,53.42,56.88,51.66,59.17,44.34,66.03,68.26,71.49,89.18,61.65,59.95,53.68,89.39,78.52,67.64,61.97,66.08,42.11,47.8,67.48,59.31,69.12,68.85,56.27,72.38,54.57,68.54,48.1,54.73,52.85,62.91,76.59,90.19,73.66,79.41,73.5,63.5,65.63,55.34,68.87,82.45,68.23,55.98,57.4,70.61
2020-05-14,51.19,53.38,56.55,51.38,58.5,44.44,65.72,68.69,71.1,89.71,61.79,59.62,54.4,89.85,78.24,67.36,62.21,66.16,42.24,47.44,67.1,59.0,68.83,68.96,56.04,72.64,54.46,68.58,47.83,54.46,52.67,62.71,77.54,90.04,73.43,79.27,73.44,63.17,65.92,55.49,68.52,82.55,67.91,55.56,57.3,71.23
2020-05-15,51.23,53.6,56.5,51.23,58.22,44.65,65.57,69.31,71.09,90.35,62.07,59.5,55.47,90.3,78.18,67.33,62.43,66.39,42.52,47.36,67.06,58.86,68.69,69.25,56.04,73.09,54.54,68.7,47.82,54.32,52.81,62.79,78.5,90.08,73.65,79.31,73.65,63.13,66.34,55.75,68.33,82.92,67.73,55.34,57.47,72.17
2020-05-16,51.06,53.7,56.36,50.89,57.42,44.82,65.24,69.79,70.99,90.89,62.01,59.13,56.6,90.55,77.94,67.1,62.63,66.44,42.6,47.16,66.83,58.45,68.27,69.33,55.85,73.37,54.42,68.63,47.65,53.86,52.85,62.71,79.28,89.87,73.46,79.18,73.67,62.86,66.46,55.69,67.63,83.26,67.32,55.14,57.62,73.1
2020-05-17,50.99,53.78,56.25,50.59,57.0,45.04,64.91,70.3,70.87,91.36,62.09,58.8,57.64,90.71,77.65,66.94,62.89,66.5,42.68,46.95,66.62,58.1,67.97,69.44,55.73,73.7,54.31,68.6,47.5,53.52,52.9,62.7,79.86,89.87,73.27,79.23,73.71,62.67,66.61,55.66,67.03,83.48,66.98,54.88,57.77,74.25
2020-05-18,50.92,53.89,56.16,50.32,56.46,45.3,64.61,70.85,70.75,91.92,62.19,58.45,58.71,91.05,77.39,66.8,63.17,66.6,42.76,46.74,66.41,57.75,67.68,69.55,55.61,74.09,54.21,68.63,47.37,53.23,52.93,62.7,80.37,90.03,73.1,79.12,73.85,62.5,66.95,55.67,66.37,83.72,66.65,54.66,57.87,75.98
2020-05-19,50.87,54.04,56.07,50.12,55.93,45.55,64.38,71.37,70.66,92.47,62.24,58.08,59.88,91.28,77.18,66.65,63.44,66.7,42.89,46.52,66.19,57.41,67.4,69.68,55.48,74.66,54.07,68.67,47.31,52.93,52.98,62.66,80.72,90.2,72.69,78.99,73.94,62.3,67.3,55.57,65.79,83.84,66.31,54.52,58.0,79.49
2020-05-20,51.27,54.63,56.41,50.28,56.0,46.06,64.7,72.09,71.15,93.35,62.67,58.18,61.57,92.43,77.49,67.04,63.79,67.15,43.05,46.81,66.6,57.65,67.63,70.19,55.84,75.7,54.4,69.02,47.64,53.03,53.65,63.17,81.02,90.67,72.61,79.31,74.68,62.63,68.02,55.72,66.1,84.33,66.4,54.72,58.59,84.01
2020-05-21,51.61,55.19,56.68,50.43,56.3,46.62,64.99,72.76,71.66,94.18,63.15,58.26,63.25,93.41,77.68,67.33,64.13,67.45,43.32,47.08,66.96,57.78,67.7,70.62,56.17,76.34,54.65,69.33,47.95,53.3,54.17,63.53,79.98,90.96,72.44,79.27,75.37,62.8,68.55,55.89,66.28,84.82,66.43,54.9,59.06,85.07
2020-05-22,51.7,55.5,56.7,50.54,56.21,47.22,65.03,73.31,71.84,94.77,63.54,58.12,64.61,93.38,77.82,67.45,64.45,67.57,43.53,47.13,66.99,57.72,67.63,70.88,56.26,76.73,54.69,69.52,48.04,53.47,54.47,63.61,78.98,91.2,71.84,79.05,75.79,62.65,68.98,55.92,66.39,85.01,66.3,55.21,59.3,85.77
2020-05-23,52.0,55.96,56.76,50.9,56.57,47.84,65.2,73.9,72.12,95.43,64.22,58.19,65.87,93.41,78.1,67.68,64.84,67.83,44.02,47.25,67.18,57.91,67.81,71.26,56.56,77.29,54.99,69.82,48.24,53.91,54.86,63.85,78.17,91.66,71.46,78.96,76.28,62.71,69.62,56.1,66.79,85.39,66.4,55.46,59.49,86.41
2020-05-24,52.13,56.33,56.72,51.14,56.58,48.4,65.24,74.39,72.36,95.97,64.68,58.05,67.11,93.47,78.45,67.73,65.16,68.01,44.46,47.27,67.24,57.91,67.76,71.56,56.68,77.67,55.23,70.04,48.34,54.1,55.21,64.02,77.56,91.87,71.1,78.77,76.56,62.58,70.13,56.16,67.01,85.73,66.31,55.77,59.66,86.81
2020-05-25,52.25,56.67,56.65,51.36,56.57,48.91,65.29,74.85,72.56,96.44,65.14,57.91,68.39,93.34,78.56,67.78,65.48,68.18,44.91,47.28,67.3,57.91,67.71,71.86,56.76,78.05,55.49,70.23,48.42,54.19,55.54,64.19,77.02,92.11,70.73,78.71,76.89,62.46,70.61,56.25,67.27,86.02,66.25,55.93,59.87,87.22
2020-05-26,52.32,56.91,56.58,51.51,56.56,49.34,65.27,75.17,72.7,96.67,65.53,57.78,69.35,93.24,78.7,67.79,65.81,68.32,45.29,47.3,67.38,57.94,67.63,72.01,56.82,78.28,55.72,70.42,48.5,54.25,55.79,64.33,76.59,92.18,70.62,78.66,77.08,62.32,71.11,56.29,67.47,86.26,66.17,56.1,59.98,87.54
2020-05-27,52.25,56.99,56.48,51.52,56.25,49.62,65.1,75.63,72.72,96.87,65.78,57.51,70.23,93.3,78.59,67.57,66.31,68.43,45.69,47.24,67.26,57.74,67.37,72.1,56.72,78.48,55.76,70.65,48.46,54.15,55.88,64.23,76.51,92.22,70.48,78.56,77.05,62.09,71.56,56.34,67.22,86.44,65.99,56.41,59.97,87.86
2020-05-28,52.11,56.99,56.3,51.48,56.03,49.84,64.82,76.02,72.51,96.99,65.89,57.13,71.07,92.43,78.46,67.31,66.78,68.41,46.03,47.08,67.02,57.43,67.05,72.09,56.54,78.56,55.72,70.59,48.31,53.92,55.98,64.08,76.39,92.34,70.35,78.41,76.95,61.79,71.77,56.32,66.88,86.54,65.71,56.68,59.94,88.28
2020-05-29,52.08,57.12,56.2,51.46,55.89,50.16,64.69,76.4,72.55,97.25,66.08,56.91,71.95,92.57,79.48,67.11,67.26,68.55,46.32,47.0,66.93,57.3,66.86,72.21,56.47,78.82,55.77,70.72,48.22,53.94,56.08,64.03,76.29,92.4,70.23,78.27,76.99,61.67,71.98,56.42,66.75,86.74,65.55,57.15,60.32,88.78
2020-05-30,52.2,57.32,56.23,51.55,56.1,50.49,64.72,76.9,72.79,97.55,66.36,57.02,72.75,92.73,80.67,67.19,67.67,68.81,46.54,47.17,67.07,57.43,67.03,72.46,56.6,79.2,55.87,70.95,48.31,54.27,56.32,64.13,76.31,92.52,70.22,78.4,77.31,61.74,72.27,56.64,67.16,86.96,65.64,57.72,60.78,89.25
2020-05-31,52.2,57.46,56.22,51.47,56.08,50.81,64.66,77.42,72.9,97.91,66.65,56.91,74.03,92.1,81.65,67.12,68.09,68.99,46.72,47.25,67.07,57.43,66.92,72.69,56.54,79.57,55.86,71.11,48.32,54.4,56.51,64.11,76.25,92.6,70.1,78.54,77.54,61.75,72.6,56.81,67.34,87.06,65.56,58.33,61.11,90.19
2020-06-01,52.14,57.57,56.14,51.32,55.99,51.11,64.51,77.95,73.01,98.16,66.81,56.76,75.17,92.37,82.63,66.99,68.41,69.12,46.88,47.27,66.99,57.34,66.64,72.89,56.44,79.89,55.78,71.15,48.25,54.5,56.69,64.11,76.2,92.73,69.99,78.52,77.53,61.67,72.86,56.86,67.38,87.16,65.33,58.98,61.41,91.13
2020-06-02,52.18,57.75,56.07,51.24,56.03,51.52,64.32,78.56,73.14,98.6,67.03,56.71,76.57,93.06,83.54,66.91,68.69,69.34,47.09,47.33,66.97,57.38,66.58,73.19,56.43,80.4,55.8,71.2,48.22,54.6,56.95,64.2,76.26,93.0,69.92,78.68,77.62,61.64,73.19,57.05,67.56,87.45,65.28,59.61,61.74,92.16
2020-06-03,52.27,58.11,55.88,51.19,56.2,51.96,64.16,79.17,73.34,99.12,67.3,56.67,77.97,93.86,84.61,66.94,68.79,69.58,47.26,47.43,67.02,57.46,66.58,73.51,56.47,81.0,55.91,71.24,48.23,54.7,57.26,64.4,76.35,93.19,69.86,78.91,77.77,61.64,73.62,57.28,67.81,87.84,65.25,60.05,62.14,93.37
2020-06-04,52.37,58.51,55.74,51.1,56.13,52.3,63.97,79.74,73.53,99.7,67.63,56.62,79.38,95.45,85.28,66.97,68.98,69.9,47.4,47.54,67.06,57.56,66.55,73.9,56.53,81.66,56.13,71.54,48.25,54.77,57.54,64.62,76.48,93.36,69.78,79.13,77.99,61.68,74.08,57.56,68.05,88.25,65.23,60.41,62.51,94.58
2020-06-05,52.47,58.9,55.62,51.09,56.27,52.66,63.81,80.25,73.6,100.28,67.9,56.62,80.73,95.98,84.86,67.05,69.14,70.11,47.49,47.68,67.15,57.67,66.59,74.26,56.57,82.3,56.4,71.67,48.36,54.77,57.9,64.82,76.63,93.53,69.74,79.38,78.22,61.74,74.53,57.85,68.26,88.72,65.24,60.34,62.59,95.81
2020-06-06,52.51,59.27,55.46,50.99,56.21,52.91,63.51,80.75,73.44,100.86,68.13,56.52,82.11,96.63,83.76,66.96,69.36,70.27,47.68,47.77,67.17,57.71,66.45,74.66,56.54,82.94,56.71,71.82,48.43,54.63,58.23,65.0,76.81,93.83,69.71,79.48,78.32,61.75,74.84,58.15,68.23,89.14,65.17,60.18,62.46,97.08
2020-06-07,52.67,59.72,55.35,51.08,56.25,53.13,63.35,81.24,73.42,101.44,68.35,56.68,83.05,98.08,82.81,67.06,69.57,70.53,47.94,47.97,67.33,57.88,66.6,75.09,56.74,83.68,57.12,72.04,48.58,54.7,58.58,65.28,77.03,94.21,69.76,79.5,78.64,61.86,75.19,58.53,68.6,89.64,65.3,60.0,62.48,97.95
2020-06-08,52.87,60.2,55.29,51.23,56.52,53.38,63.23,81.7,73.4,102.06,68.72,56.88,84.01,98.87,81.96,67.22,69.88,70.82,48.18,48.24,67.56,58.15,66.93,75.53,56.96,84.4,57.56,72.38,48.79,54.79,58.97,65.53,77.25,94.49,69.8,79.75,79.07,62.04,75.61,58.91,68.98,90.13,65.55,59.86,62.54,98.68
2020-06-09,53.11,60.75,55.26,51.32,56.76,53.68,63.19,82.26,73.46,102.79,69.1,57.05,85.08,100.16,81.16,67.35,70.24,71.14,48.52,48.48,67.73,58.35,67.12,76.06,57.17,85.13,57.93,72.75,48.97,54.94,59.44,65.81,77.5,94.81,69.9,79.84,79.5,62.24,75.97,59.25,69.35,90.58,65.67,59.76,62.68,99.57
2020-06-10,53.35,61.15,55.39,51.43,57.03,54.0,63.2,82.78,73.53,103.42,69.39,57.31,86.12,101.32,80.35,67.49,70.64,71.43,48.86,48.71,67.92,58.55,67.29,76.59,57.4,85.86,58.33,72.96,49.1,55.04,59.95,66.11,77.74,95.23,69.99,79.88,79.99,62.44,76.29,59.56,69.75,90.98,65.8,59.75,62.76,100.3
2020-06-11,53.62,61.51,55.48,51.59,57.43,54.4,63.21,83.37,73.62,103.95,69.72,57.59,87.01,102.59,79.89,67.59,71.01,71.74,49.26,48.92,68.13,58.75,67.5,77.17,57.67,86.6,58.76,73.19,49.23,55.17,60.43,66.39,77.92,95.49,70.08,79.92,80.38,62.63,76.59,59.99,70.09,91.29,65.94,59.73,62.92,100.88
2020-06-12,53.81,61.77,55.55,51.67,57.62,54.67,63.09,83.94,73.65,104.4,70.0,57.76,87.92,103.99,79.35,67.53,71.36,72.01,49.64,49.06,68.23,58.85,67.57,77.71,57.89,87.24,59.07,73.35,49.28,55.14,60.84,66.68,78.13,95.79,70.19,79.91,80.65,62.73,76.83,60.32,70.32,91.48,65.99,59.82,62.96,101.42
2020-06-13,53.96,62.05,55.58,51.65,57.56,55.11,62.94,84.5,73.76,104.8,70.17,57.68,88.9,105.28,79.26,67.38,71.77,72.3,49.94,49.07,68.2,58.75,67.42,78.34,57.91,87.76,59.31,73.66,49.21,54.93,61.2,66.86,78.18,95.95,70.17,79.68,80.84,62.65,77.28,60.5,70.28,91.62,65.86,59.98,63.19,101.93
2020-06-14,54.23,62.42,55.72,51.74,57.94,55.58,62.92,85.15,73.93,105.29,70.51,57.8,89.78,106.55,79.29,67.37,72.18,72.69,50.31,49.19,68.36,58.83,67.51,79.1,58.11,88.4,59.65,74.08,49.25,54.96,61.65,67.13,78.3,96.1,70.23,79.68,81.23,62.74,77.87,60.84,70.36,91.9,65.87,60.18,63.45,102.4
2020-06-15,54.52,62.81,55.86,51.87,58.19,56.12,62.95,85.84,74.14,105.8,70.74,57.91,90.67,107.66,79.45,67.37,72.59,73.09,50.7,49.34,68.51,58.92,67.6,79.89,58.36,89.08,59.98,74.52,49.39,55.04,62.11,67.42,78.44,96.3,70.28,79.54,81.62,62.84,78.41,61.29,70.58,92.25,65.91,60.4,63.71,102.98
2020-06-16,54.73,63.17,56.03,52.06,58.46,56.56,63.02,86.53,74.38,106.22,70.97,58.01,91.41,107.98,79.49,67.33,73.12,73.48,51.06,49.54,68.68,59.02,67.72,80.6,58.58,89.76,60.51,74.99,49.54,55.05,62.58,67.7,78.56,96.51,70.33,79.43,82.04,62.96,79.05,61.78,70.76,92.58,65.98,60.63,63.91,103.44
2020-06-17,54.92,63.58,56.12,52.22,58.66,57.04,63.07,87.22,74.6,106.69,71.42,58.04,92.21,108.32,79.53,67.28,73.58,73.87,51.52,49.76,68.78,59.09,67.82,81.32,58.76,90.4,61.02,75.48,49.72,55.15,63.02,67.88,78.56,96.57,70.4,79.31,82.37,63.03,79.6,62.46,70.84,92.89,66.0,60.84,64.12,103.8
2020-06-18,55.11,64.03,56.24,52.4,58.95,57.58,63.16,87.87,74.89,107.17,71.7,58.07,93.1,108.7,79.63,67.28,74.1,74.26,52.05,50.02,68.93,59.21,67.87,82.07,58.88,91.12,61.54,75.92,49.97,55.31,63.52,68.1,78.63,96.77,70.53,79.25,82.8,63.12,80.14,63.04,71.0,93.24,66.07,61.27,64.29,104.2
2020-06-19,55.29,64.54,56.29,52.54,59.16,58.14,63.32,88.54,75.1,107.62,72.17,58.1,94.03,109.03,79.64,67.29,74.91,74.69,52.71,50.28,69.02,59.31,67.85,82.64,59.01,91.86,62.05,76.42,50.18,55.48,64.02,68.34,78.68,96.9,70.62,79.19,83.33,63.19,80.8,63.74,71.04,93.46,66.1,61.67,64.46,104.56
2020-06-20,55.44,65.02,56.39,52.67,59.64,58.58,63.64,89.2,75.39,108.01,72.77,58.34,94.93,109.49,79.74,67.42,75.86,75.17,53.5,50.62,69.22,59.55,68.07,83.04,59.29,92.7,62.48,77.01,50.49,55.77,64.56,68.62,78.77,97.09,70.78,79.29,83.91,63.41,81.49,64.58,71.3,93.55,66.26,62.1,64.66,104.91
2020-06-21,55.57,65.43,56.41,52.76,60.04,58.83,63.81,89.83,75.52,108.32,73.36,58.42,95.78,109.76,79.74,67.4,77.19,75.65,54.48,50.87,69.28,59.64,68.06,83.35,59.39,93.53,62.9,77.74,50.71,55.88,65.05,68.87,78.81,97.25,70.93,79.29,84.32,63.48,82.18,65.31,71.4,93.49,66.32,62.51,64.81,105.2
2020-06-22,55.69,65.87,56.45,52.83,60.3,59.16,64.0,90.43,75.61,108.65,74.05,58.5,96.57,110.23,79.54,67.37,78.51,76.14,55.47,51.08,69.35,59.73,68.04,83.64,59.48,94.29,63.36,78.49,50.87,55.97,65.53,69.12,78.84,97.55,71.09,79.39,84.77,63.53,82.94,66.0,71.47,93.18,66.35,62.84,64.94,105.5
2020-06-23,55.8,66.17,56.38,52.88,60.51,59.48,64.06,90.81,75.53,108.89,74.53,58.54,97.27,110.15,79.39,67.29,78.9,76.3,55.57,51.23,69.37,59.72,67.92,83.82,59.52,94.67,63.4,78.42,50.99,56.1,65.9,69.31,78.78,97.61,71.25,79.38,85.11,63.49,83.26,66.55,71.5,93.39,66.31,63.25,64.95,105.76
2020-06-24,55.93,66.46,56.35,52.91,60.85,59.85,64.07,91.23,75.5,109.07,74.88,58.57,97.96,110.05,79.39,67.2,79.28,76.5,55.65,51.4,69.48,59.75,67.82,84.02,59.61,95.25,63.4,78.4,51.03,56.19,66.38,69.7,78.94,97.66,71.37,79.49,85.49,63.46,83.55,66.95,71.61,93.68,66.3,63.71,65.0,106.02
2020-06-25,56.11,66.78,56.37,52.88,61.11,60.24,64.16,91.72,75.52,109.34,75.37,58.6,98.58,109.86,79.32,67.13,79.65,76.69,55.66,51.59,69.58,59.78,67.8,84.18,59.84,95.72,63.37,78.35,51.07,56.31,66.89,70.13,79.15,97.92,71.33,79.55,85.86,63.46,83.82,67.29,71.75,93.98,66.31,64.12,65.08,106.27
2020-06-26,56.29,67.06,56.33,52.85,61.26,60.58,64.22,92.15,75.62,109.6,75.68,58.67,99.17,109.57,79.29,67.11,79.7,76.84,55.54,51.77,69.69,59.83,67.84,84.45,59.97,96.21,63.32,78.32,51.13,56.46,67.41,70.52,79.4,98.3,71.29,79.66,86.11,63.5,83.88,67.53,71.93,94.42,66.32,64.44,65.15,106.48
2020-06-27,56.49,67.24,56.3,52.91,61.24,61.02,64.22,92.59,75.63,110.01,75.96,58.75,99.75,108.2,79.32,67.03,79.59,76.86,55.29,51.97,69.73,59.86,67.82,84.69,60.09,96.68,63.31,77.93,51.23,56.6,67.89,70.89,79.6,98.61,71.28,79.69,86.39,63.49,83.76,67.67,72.18,94.96,66.27,64.76,65.15,106.6
2020-06-28,56.65,67.45,56.31,52.89,61.16,61.63,64.25,92.95,75.74,110.4,76.1,58.88,100.34,107.0,79.38,67.01,79.07,76.81,54.8,52.2,69.79,59.9,67.85,84.92,60.23,97.04,63.24,77.35,51.33,56.73,68.38,71.25,79.79,98.9,71.22,79.78,86.65,63.53,83.59,67.82,72.39,95.62,66.27,65.06,65.18,106.8
2020-06-29,56.82,67.66,56.3,52.88,61.2,62.12,64.27,93.36,75.89,110.8,76.22,58.96,100.98,106.76,79.61,66.98,78.56,76.8,54.31,52.46,69.82,59.92,67.9,85.16,60.36,97.48,63.16,76.76,51.41,56.83,68.9,71.66,80.08,99.07,71.14,79.89,86.87,63.56,83.38,68.01,72.59,96.51,66.27,65.43,65.21,106.91
2020-06-30,57.0,67.98,56.4,52.92,61.17,62.69,64.46,93.96,76.14,111.28,76.58,59.08,101.68,106.67,79.74,66.86,78.83,77.06,54.64,52.77,69.92,60.01,67.93,85.49,60.61,98.26,63.31,76.92,51.59,56.97,69.47,72.13,80.42,99.45,71.11,80.1,87.19,63.64,83.56,68.38,72.87,96.82,66.26,65.66,65.38,106.97
2020-07-01,57.08,68.23,56.45,52.99,61.14,63.27,64.58,94.38,76.18,111.66,76.87,59.26,101.98,106.48,79.52,66.68,79.22,77.29,54.99,52.95,69.95,60.07,67.91,85.67,60.84,98.72,63.52,77.13,51.9,57.18,69.91,72.5,80.67,99.98,71.09,80.28,87.37,63.68,83.7,68.68,73.01,97.25,66.26,65.76,65.43,107.07
2020-07-02,57.13,68.4,56.42,53.13,61.02,63.73,64.57,94.68,76.13,111.73,77.13,59.4,102.12,106.24,79.43,66.63,79.41,77.42,55.26,53.06,69.94,60.07,67.95,85.8,60.94,99.19,63.55,77.22,52.25,57.41,70.24,72.81,80.87,100.27,71.23,80.46,87.38,63.68,83.78,68.92,73.14,97.31,66.26,65.78,65.48,107.05
2020-07-03,57.18,68.56,56.49,53.29,61.22,64.18,64.67,94.98,76.12,111.9,77.17,59.47,102.33,106.3,79.48,66.57,79.6,77.58,55.52,53.21,70.0,60.1,67.99,85.97,61.17,99.63,63.61,77.24,52.54,57.63,70.59,73.17,81.14,100.56,70.84,80.56,87.47,63.68,83.98,69.2,73.32,97.42,66.25,65.78,65.59,107.15
2020-07-04,57.18,68.72,56.52,53.42,61.46,64.44,64.75,95.15,76.08,111.79,77.1,59.5,102.29,107.1,79.4,66.58,79.7,77.72,55.72,53.3,70.06,60.1,68.04,86.06,61.31,99.92,63.6,77.31,52.81,57.89,70.91,73.49,81.41,100.85,70.41,80.76,87.42,63.69,84.18,69.46,73.43,97.47,66.27,65.67,65.75,107.31
2020-07-05,57.15,68.81,56.48,53.56,61.65,64.67,64.8,95.32,76.02,111.61,77.07,59.49,102.24,107.93,79.31,66.55,79.81,77.84,55.89,53.35,70.09,60.08,68.03,86.11,61.41,100.17,63.57,77.33,53.09,58.1,71.21,73.8,81.69,101.14,70.03,80.85,87.35,63.65,84.32,69.67,73.54,97.48,66.23,65.59,65.88,107.37
2020-07-06,57.11,68.87,56.42,53.67,61.81,64.88,64.85,95.45,75.94,111.4,77.05,59.47,102.15,107.73,79.22,66.5,80.05,77.92,56.04,53.4,70.13,60.06,67.98,86.14,61.5,100.42,63.52,77.34,53.35,58.3,71.47,74.04,81.87,101.38,69.66,80.89,87.3,63.6,84.5,69.85,73.63,97.5,66.19,65.45,65.98,107.48
2020-07-07,57.08,68.92,56.36,53.79,62.11,65.17,64.82,95.56,75.9,111.16,76.98,59.46,102.04,107.88,79.22,66.66,80.14,77.98,56.18,53.44,70.09,60.05,67.99,86.14,61.6,100.66,63.52,77.29,53.57,58.53,71.75,74.36,82.11,101.68,69.29,80.98,87.24,63.58,84.62,69.94,73.76,97.56,66.21,65.35,66.1,107.65
2020-07-08,57.26,69.1,56.36,54.01,62.39,65.39,65.03,95.95,76.13,111.14,77.06,59.53,102.3,108.15,79.42,67.14,80.21,78.18,56.24,53.67,70.21,60.14,68.17,86.37,61.79,101.15,63.63,77.34,53.77,58.84,72.17,74.82,82.45,102.09,68.96,81.09,87.4,63.71,85.04,70.13,74.04,97.64,66.37,65.34,66.36,107.83
2020-07-09,57.47,69.37,56.39,54.21,62.87,65.84,65.3,96.52,76.41,111.42,77.36,59.64,102.8,108.54,79.6,67.45,80.51,78.5,56.36,53.97,70.38,60.26,68.28,86.66,62.04,101.63,63.94,77.56,53.9,59.13,72.7,75.39,82.82,102.55,69.17,81.25,87.75,63.88,85.58,70.45,74.31,98.08,66.46,65.36,66.6,108.12
2020-07-10,57.71,69.7,56.42,54.44,63.31,66.4,65.54,97.14,76.73,111.76,77.88,59.76,103.32,108.83,79.76,67.78,80.86,78.82,56.5,54.28,70.55,60.38,68.4,86.93,62.28,102.13,64.26,77.72,54.08,59.38,73.26,75.97,83.23,102.98,69.97,81.45,88.1,64.06,86.15,70.72,74.53,98.69,66.58,65.51,66.89,108.38
2020-07-11,57.98,70.11,56.43,54.7,63.71,67.06,65.78,97.86,77.13,112.23,78.55,59.9,103.75,109.25,79.98,68.08,81.2,79.22,56.68,54.63,70.78,60.53,68.48,87.31,62.57,102.82,64.6,78.0,54.19,59.65,73.9,76.65,83.69,103.44,70.96,81.56,88.6,64.25,86.81,71.02,74.94,99.4,66.67,65.66,67.23,108.63
2020-07-12,58.27,70.53,56.49,54.95,64.06,67.77,65.98,98.61,77.51,112.79,79.18,60.03,104.19,109.67,80.26,68.36,81.41,79.62,56.87,54.97,71.01,60.69,68.58,87.71,62.87,103.51,64.97,78.27,54.3,59.96,74.58,77.35,84.17,103.91,71.96,81.73,89.11,64.46,87.52,71.33,75.26,100.15,66.77,65.82,67.61,108.95
2020-07-13,58.56,70.97,56.59,55.22,64.41,68.51,66.2,99.35,77.94,113.37,79.76,60.18,104.71,110.0,80.54,68.7,81.46,79.99,57.05,55.34,71.24,60.88,68.7,88.09,63.16,104.22,65.35,78.47,54.44,60.29,75.23,78.05,84.66,104.41,72.97,81.88,89.64,64.67,88.23,71.65,75.62,100.86,66.89,65.97,68.0,109.31
2020-07-14,58.86,71.41,56.7,55.5,64.89,69.27,66.44,100.18,78.33,114.08,80.43,60.42,105.25,110.41,80.93,69.05,81.7,80.44,57.2,55.75,71.58,61.1,68.89,88.61,63.42,105.06,65.8,78.8,54.58,60.6,75.91,78.73,85.13,104.89,74.03,81.97,90.21,64.91,88.96,72.0,76.02,101.59,67.09,66.11,68.45,109.97
2020-07-15,59.05,71.78,56.73,55.59,65.36,70.14,66.43,100.75,78.58,114.71,80.97,60.53,105.74,110.89,81.3,69.08,81.85,80.74,57.31,56.06,71.77,61.2,68.9,89.01,63.59,105.91,66.12,78.97,54.67,60.73,76.52,79.26,85.49,105.18,75.11,81.98,90.73,64.98,89.39,72.3,76.24,102.17,67.18,66.13,68.76,110.51
2020-07-16,59.24,72.1,56.85,55.85,65.59,70.87,66.48,101.09,78.8,115.29,81.27,60.6,106.1,111.43,81.56,69.18,81.85,80.96,57.4,56.35,71.9,61.32,68.93,89.37,63.73,106.76,66.34,79.03,54.75,60.9,77.07,79.73,85.86,105.46,75.55,81.91,91.22,65.01,89.78,72.49,76.43,102.64,67.27,66.05,69.05,111.06
2020-07-17,59.39,72.39,56.98,56.07,65.72,71.57,66.54,101.39,78.99,115.74,81.55,60.68,106.32,111.94,81.76,69.16,81.78,81.15,57.46,56.61,71.97,61.43,68.95,89.74,63.85,107.61,66.54,79.2,54.83,60.77,77.58,80.17,86.16,105.69,76.12,81.85,91.61,65.06,90.06,72.69,76.62,102.93,67.35,65.86,69.21,111.66
2020-07-18,59.33,72.5,57.02,56.1,65.68,72.32,66.43,101.57,79.06,116.07,81.54,60.47,106.73,112.23,81.84,68.81,81.79,81.19,57.47,56.67,71.79,61.27,68.63,89.91,63.8,108.07,66.57,79.17,54.79,60.6,77.85,80.49,86.43,105.84,76.55,81.71,91.76,64.88,90.2,72.72,76.17,103.09,67.23,65.73,69.32,112.19
2020-07-19,59.54,72.79,57.17,56.34,66.13,73.01,66.51,101.85,79.25,116.61,81.82,60.6,107.13,112.58,82.01,68.78,81.96,81.4,57.49,56.94,71.8,61.41,68.67,90.24,64.02,108.92,66.75,79.29,54.86,60.74,78.3,80.92,86.79,106.13,77.15,81.66,92.18,64.91,90.53,72.92,76.36,103.34,67.39,65.61,69.4,112.8
2020-07-20,59.74,73.06,57.33,56.56,66.49,73.67,66.66,102.15,79.4,117.16,82.14,60.75,107.48,113.03,82.13,68.82,82.14,81.63,57.57,57.17,71.88,61.55,68.76,90.62,64.26,109.76,66.95,79.47,54.9,60.86,78.77,81.34,87.16,106.46,77.75,81.61,92.6,64.97,90.89,73.16,76.49,103.66,67.56,65.49,69.5,113.34
2020-07-21,60.09,73.33,57.4,56.76,66.73,74.32,66.81,102.34,79.53,117.61,82.38,60.83,107.78,113.38,82.21,68.84,82.29,81.83,57.66,57.42,71.92,61.7,68.83,90.93,64.51,110.5,67.12,79.65,54.97,60.95,79.17,81.77,87.54,106.64,78.32,81.6,92.99,65.02,91.3,73.33,76.58,103.96,67.65,65.38,69.56,113.53
2020-07-22,60.44,73.67,57.55,57.04,66.94,75.07,67.03,102.6,79.78,118.06,82.69,60.95,108.04,113.72,82.35,68.94,82.55,82.13,57.73,57.67,72.04,61.84,69.0,91.27,64.8,111.16,67.3,79.9,55.12,61.2,79.64,82.27,88.01,106.94,79.14,81.67,93.41,65.17,91.83,73.52,76.75,104.19,67.74,65.44,69.75,113.92
2020-07-23,60.79,74.02,57.67,57.14,67.29,75.9,67.2,102.95,80.03,118.54,82.99,61.12,108.27,114.16,82.44,68.95,82.83,82.45,57.87,57.93,72.21,62.01,69.08,91.66,65.14,111.82,67.54,80.19,55.25,61.3,80.17,82.73,88.48,107.29,80.15,81.73,93.79,65.35,92.38,73.77,76.94,104.55,67.87,65.49,69.98,114.31
2020-07-24,61.11,74.32,57.78,57.22,67.62,76.7,67.27,103.19,80.25,118.98,83.28,61.28,108.52,114.87,82.63,69.07,83.06,82.8,58.03,58.25,72.41,62.14,69.17,92.0,65.48,112.46,67.71,80.45,55.37,61.72,80.71,83.22,88.97,107.52,81.09,81.86,94.18,65.5,93.4,74.01,77.11,104.91,67.99,65.64,70.2,114.37
2020-07-25,61.69,74.79,57.92,57.55,68.3,77.53,67.56,103.48,80.6,119.56,83.75,61.74,108.74,115.69,82.91,69.58,83.23,83.29,58.18,58.72,72.88,62.53,69.66,92.51,66.0,113.38,68.1,80.87,55.63,62.3,81.38,83.76,89.44,107.84,82.05,82.14,94.76,65.88,94.69,74.43,77.73,105.4,68.37,65.71,70.43,114.5
2020-07-26,62.01,75.08,57.93,57.68,68.53,78.34,67.65,103.63,80.85,119.89,84.0,61.86,108.99,116.51,82.94,69.83,83.34,83.62,58.33,59.04,73.15,62.62,69.8,92.86,66.27,114.0,68.4,81.16,55.76,62.52,81.92,84.23,89.88,108.01,82.82,82.33,95.11,66.05,95.78,74.69,77.86,105.72,68.44,65.74,70.64,114.57
2020-07-27,62.32,75.36,57.87,57.82,68.84,78.85,67.69,103.74,81.08,120.19,84.21,61.94,109.21,117.25,83.02,70.0,83.48,83.94,58.46,59.36,73.32,62.68,69.87,93.18,66.52,114.6,68.64,81.45,55.9,62.78,82.45,84.69,90.29,108.11,83.55,82.56,95.43,66.16,96.8,74.88,78.03,106.04,68.49,65.8,70.85,114.59
2020-07-28,62.47,75.65,57.83,57.96,69.06,79.48,67.65,103.89,81.33,120.46,84.46,62.03,109.45,117.96,83.27,70.17,83.62,84.24,58.51,59.59,73.47,62.73,69.98,93.46,66.72,115.19,68.91,81.67,55.95,63.0,83.03,85.15,90.69,108.32,84.26,82.76,95.73,66.26,97.78,75.05,78.19,106.27,68.54,65.91,71.08,114.76
2020-07-29,62.65,75.93,57.75,58.1,69.29,79.97,67.71,104.08,81.55,120.73,84.68,62.14,109.68,118.63,83.44,70.36,83.65,84.51,58.69,59.85,73.59,62.86,70.12,93.79,66.94,115.75,69.12,81.79,56.13,63.21,83.51,85.58,91.02,108.52,84.67,82.95,96.07,66.37,98.7,75.23,78.45,106.56,68.63,65.9,71.22,114.82
2020-07-30,62.79,76.24,57.62,58.22,69.58,80.45,67.74,104.27,81.74,120.88,84.95,62.24,109.95,119.07,83.67,70.57,83.71,84.77,58.63,60.04,73.67,62.98,70.32,94.13,67.16,116.31,69.35,81.98,56.34,63.48,83.92,86.08,91.35,108.67,85.08,83.24,96.4,66.46,99.52,75.38,78.75,106.82,68.72,65.97,71.37,114.87
2020-07-31,63.02,76.54,57.49,58.38,69.81,80.97,67.8,104.52,81.88,121.08,85.25,62.35,110.14,118.41,83.83,70.71,83.83,84.98,58.68,60.23,73.76,63.11,70.51,94.46,67.34,116.87,69.61,82.16,56.56,63.73,84.21,86.5,91.63,108.99,85.44,83.41,96.77,66.51,100.03,75.48,79.05,107.05,68.83,66.0,71.53,115.14
2020-08-01,63.27,76.78,57.37,58.52,70.03,81.44,67.83,104.66,81.94,121.31,85.51,62.5,110.29,118.68,83.99,70.74,83.92,85.12,58.86,60.5,73.84,63.25,70.62,94.65,67.54,117.34,70.15,82.17,56.82,63.85,84.56,86.9,91.95,109.25,85.73,83.53,97.03,66.54,99.93,75.54,79.37,107.19,69.0,66.0,71.7,115.4
2020-08-02,63.49,76.96,57.21,58.6,70.12,81.89,67.85,104.75,81.96,121.46,85.67,62.62,110.3,118.78,84.18,70.71,84.01,85.23,59.02,60.67,73.91,63.37,70.7,94.84,67.65,117.75,70.61,82.19,56.99,63.99,84.8,87.29,92.2,109.43,85.97,83.62,97.21,66.56,99.73,75.54,79.64,107.29,69.15,65.97,71.83,115.54
2020-08-03,63.72,77.14,57.11,58.69,70.27,82.71,67.82,104.86,82.0,121.71,85.88,62.8,110.38,119.06,84.38,70.67,84.11,85.36,59.2,60.88,74.01,63.53,70.8,95.05,67.82,118.18,71.11,82.24,57.24,64.12,85.09,87.67,92.43,109.61,86.3,83.68,97.44,66.6,99.5,75.59,79.93,107.43,69.34,65.97,71.95,115.82
2020-08-04,64.26,77.31,57.01,58.78,70.56,83.41,67.85,105.03,81.96,122.08,86.07,62.92,110.57,116.58,84.32,70.67,84.22,85.41,59.49,61.11,74.15,63.67,70.89,95.3,68.1,118.63,71.63,82.33,57.45,64.12,85.33,88.06,92.73,109.84,86.66,83.8,97.74,66.67,99.2,75.69,80.19,107.65,69.53,65.91,72.08,116.01
2020-08-05,64.64,77.33,56.85,58.89,70.76,84.16,67.55,105.22,81.77,122.43,86.28,62.86,110.72,114.21,84.26,70.53,84.58,85.51,59.86,61.08,74.07,63.63,70.84,95.51,68.12,119.27,72.15,82.68,57.47,64.01,85.51,88.4,92.99,110.04,87.06,83.59,97.99,66.46,99.04,75.76,80.17,107.53,69.66,65.89,72.25,116.22
2020-08-06,65.05,77.34,56.67,59.05,71.08,84.96,67.21,105.35,81.66,122.87,86.45,62.8,110.96,111.64,84.12,70.3,84.79,85.5,60.42,61.11,73.98,63.6,70.75,95.66,68.11,119.84,72.65,82.83,57.54,63.92,85.78,88.63,93.18,110.27,87.42,83.31,98.26,66.26,98.53,75.7,80.16,107.34,69.77,65.78,72.4,116.42
2020-08-07,65.35,77.35,56.44,59.11,71.43,85.6,66.86,105.5,81.54,123.17,86.58,62.69,111.58,109.89,83.86,70.0,85.01,85.52,60.87,61.03,73.8,63.45,70.53,95.84,68.09,120.4,73.18,82.93,57.49,63.74,86.17,88.93,93.4,110.41,87.77,82.98,98.45,66.06,97.9,75.76,80.15,107.13,69.73,65.62,72.52,116.66
2020-08-08,65.69,77.43,56.39,59.25,71.85,86.43,66.55,105.82,81.48,123.58,86.86,62.6,112.36,107.6,83.69,69.8,85.28,85.63,61.24,61.05,73.72,63.55,70.56,96.19,68.12,121.14,73.53,83.22,57.56,63.62,86.61,89.25,93.65,110.66,88.2,82.91,98.79,66.03,97.6,75.95,80.12,107.05,69.84,65.61,72.68,116.87
2020-08-09,66.07,77.61,56.4,59.45,72.34,87.25,66.28,106.13,81.51,124.11,87.1,62.58,113.24,105.49,83.56,69.67,85.56,85.78,61.63,61.11,73.64,63.71,70.65,96.54,68.26,121.92,73.91,83.53,57.76,63.62,87.08,89.58,93.87,110.97,88.73,82.78,99.2,66.05,97.33,76.16,80.24,107.04,70.04,65.6,72.87,117.22
2020-08-10,66.46,77.81,56.44,59.61,72.85,87.99,66.0,106.45,81.49,124.54,87.31,62.53,114.05,103.04,83.43,69.56,85.82,85.91,62.01,61.17,73.53,63.87,70.75,96.89,68.36,122.66,74.27,83.8,57.87,63.6,87.51,89.89,94.12,111.31,89.2,82.61,99.59,66.08,97.09,76.35,80.3,106.96,70.22,65.55,73.07,117.49
2020-08-11,66.41,77.98,56.5,59.76,73.19,88.71,65.69,106.68,81.6,124.89,87.55,62.55,114.75,103.34,83.28,69.42,86.11,86.11,62.34,61.2,73.47,64.07,70.84,97.18,68.39,123.39,74.54,84.09,58.07,63.72,87.92,90.19,94.31,111.52,89.59,82.42,99.97,66.1,96.91,76.51,80.4,106.83,70.43,65.53,73.27,117.73
2020-08-12,66.35,78.11,56.59,59.84,73.52,89.4,65.58,106.61,81.68,125.14,87.67,62.47,115.34,103.55,83.08,69.23,86.01,86.15,62.35,61.25,73.42,63.98,70.89,97.39,68.62,123.78,74.65,84.07,58.22,63.84,88.19,90.42,94.43,111.68,89.96,82.56,100.21,66.18,96.46,76.59,80.55,106.92,70.44,65.4,73.45,117.86
2020-08-13,66.2,78.2,56.72,59.86,73.69,90.09,65.46,106.59,81.71,125.38,87.74,62.38,115.74,103.85,83.08,69.17,86.09,86.24,62.26,61.39,73.34,63.91,70.9,97.51,68.65,124.1,74.64,84.05,58.35,63.98,88.38,90.67,94.63,111.82,90.23,82.71,100.43,66.23,96.26,76.77,80.63,107.03,70.45,65.38,73.59,117.97
2020-08-14,66.4,78.38,56.91,60.03,73.9,90.82,65.4,106.8,81.72,125.74,87.94,62.51,115.98,104.13,82.28,69.27,86.17,86.39,62.16,61.69,73.45,64.04,71.11,97.7,68.75,124.55,74.71,84.19,58.61,64.16,88.77,91.02,94.89,112.13,90.49,82.99,100.83,66.38,96.24,76.94,80.87,107.18,70.65,65.14,73.75,118.09
2020-08-15,66.22,78.33,56.89,59.85,73.54,91.31,65.23,106.77,81.6,125.83,87.72,62.25,116.07,104.14,81.27,69.03,86.18,86.3,61.89,61.64,73.23,63.65,70.84,97.67,68.53,124.52,74.34,84.11,58.54,63.91,88.82,91.18,94.94,112.14,90.64,82.98,100.85,66.19,96.1,76.84,80.69,107.17,70.45,64.76,73.83,119.71
2020-08-16,66.33,78.44,56.99,59.93,73.66,91.83,65.29,106.96,81.54,126.03,87.92,62.31,116.15,104.23,80.41,69.08,86.22,86.4,61.67,61.78,73.24,63.54,70.88,97.82,68.55,124.87,74.23,84.15,58.67,64.02,89.09,91.48,95.19,112.34,90.81,83.12,101.16,66.21,96.13,76.99,80.9,107.22,70.47,64.43,73.98,121.36
2020-08-17,66.43,78.55,57.03,60.08,73.73,92.34,65.41,107.13,81.5,126.24,88.12,62.36,116.21,104.29,79.54,69.1,86.25,86.47,61.2,61.93,73.26,63.41,70.92,97.9,68.55,125.2,74.08,84.13,58.84,64.12,89.4,91.81,95.43,112.6,90.96,83.34,101.5,66.22,96.19,77.16,81.13,107.24,70.46,64.16,74.13,123.02
2020-08-18,66.67,78.64,57.12,60.27,73.65,92.88,65.56,107.3,81.47,126.51,88.33,62.35,116.1,104.28,78.7,69.15,86.3,86.52,60.98,62.14,73.22,63.26,71.02,98.05,68.53,125.48,73.99,84.01,59.02,64.15,89.75,92.1,95.69,112.8,91.17,83.6,101.77,66.22,96.18,77.17,81.29,107.29,70.42,63.84,74.26,123.3
2020-08-19,67.04,78.89,57.23,60.53,73.85,93.39,65.86,107.73,81.63,126.79,88.6,62.63,116.16,104.43,77.99,69.38,86.57,86.71,61.0,62.59,73.41,63.53,71.23,98.26,68.53,125.74,74.16,84.14,59.3,64.15,90.24,92.46,96.0,113.04,91.39,83.86,102.16,66.39,96.46,77.31,81.64,107.21,70.57,63.6,74.39,123.68
2020-08-20,67.48,79.16,57.36,60.83,73.94,93.85,66.18,108.1,81.75,127.13,88.9,62.93,116.29,104.75,77.18,69.65,86.82,86.94,61.09,62.92,73.67,63.74,71.51,98.57,68.78,126.13,74.48,84.36,59.55,64.14,90.85,92.87,96.27,113.21,91.71,84.24,102.62,66.6,96.8,77.46,82.03,107.04,70.72,63.29,74.64,124.09
2020-08-21,67.65,79.34,57.44,61.04,74.04,94.34,66.48,108.28,81.93,127.39,89.07,63.04,116.08,104.93,77.18,69.85,87.02,87.09,61.22,63.15,73.83,63.89,71.68,98.76,68.93,126.36,74.76,84.42,59.82,64.08,91.15,93.12,96.39,113.19,91.68,84.61,102.98,66.72,97.02,77.49,82.23,106.89,70.78,63.3,74.9,124.4
2020-08-22,68.1,79.64,57.58,61.43,74.62,94.83,66.84,108.65,82.2,127.82,89.58,63.5,115.84,105.19,77.32,70.33,87.3,87.41,61.47,63.62,74.23,64.29,72.17,99.11,69.38,127.0,75.5,84.65,60.26,64.19,91.7,93.54,96.67,113.43,91.89,85.05,103.73,67.06,97.48,77.68,82.9,106.81,71.05,63.33,75.26,123.22
2020-08-23,68.24,79.84,57.61,61.63,74.72,95.28,66.93,108.84,82.38,128.07,89.75,63.64,115.68,105.28,77.29,70.52,87.54,87.54,61.62,63.9,74.42,64.41,72.32,99.28,69.58,127.25,76.06,84.66,60.53,64.03,92.02,93.8,96.81,113.49,92.03,85.31,104.14,67.19,97.69,77.62,83.01,106.63,71.1,63.37,75.59,122.01
2020-08-24,68.38,80.02,57.66,61.82,74.77,95.68,66.99,109.03,82.54,128.28,89.92,63.79,115.52,105.47,77.25,70.73,87.74,87.68,62.04,64.15,74.61,64.53,72.46,99.5,69.75,127.52,76.61,84.8,60.74,63.94,92.35,94.03,96.93,113.45,92.17,85.52,104.57,67.31,97.94,77.58,83.21,106.49,71.12,63.36,75.92,120.76
2020-08-25,68.67,80.22,57.65,61.97,75.0,95.99,67.07,109.23,82.67,128.45,90.1,63.97,115.56,105.85,77.23,70.88,87.95,87.88,62.22,64.14,74.85,64.67,72.61,99.67,69.93,127.71,77.21,85.03,60.94,63.92,92.72,94.31,97.05,113.59,92.3,85.68,105.04,67.48,98.34,77.66,83.51,106.36,71.2,63.51,76.3,120.89
2020-08-26,69.0,80.41,57.69,62.13,74.97,96.3,67.06,109.36,82.79,128.69,90.28,64.18,115.57,105.99,77.18,71.07,88.08,88.04,62.28,64.16,75.06,64.81,72.8,99.85,70.08,128.08,77.73,85.1,61.18,63.88,93.02,94.56,97.17,113.7,92.6,85.8,105.49,67.69,98.53,77.69,83.81,106.41,71.34,63.62,76.67,120.95
2020-08-27,69.31,80.54,57.64,62.24,75.05,96.53,67.06,109.46,82.83,128.82,90.41,64.34,115.61,105.1,77.13,71.22,88.16,88.12,62.29,64.16,75.23,64.91,72.93,99.95,70.14,128.32,78.19,85.15,61.32,63.87,93.16,94.73,97.23,113.83,92.72,85.78,105.81,67.88,98.76,77.7,84.1,106.51,71.49,63.71,76.91,120.96
2020-08-28,69.66,80.7,57.62,62.35,75.21,96.72,67.11,109.5,82.86,128.98,90.57,64.55,115.79,104.41,77.1,71.34,88.24,88.23,62.24,64.16,75.28,65.05,73.02,100.12,70.25,128.6,78.62,85.29,61.47,63.85,93.43,94.99,97.34,114.11,93.15,85.89,106.15,68.13,98.97,77.77,84.45,106.51,71.65,63.75,77.2,120.94
2020-08-29,70.03,80.92,57.59,62.51,75.3,96.81,67.1,109.58,82.91,129.18,90.75,64.74,116.06,104.63,77.05,71.5,88.31,88.38,62.23,64.15,75.35,65.24,73.11,100.34,70.39,128.79,78.94,85.35,61.62,64.07,93.77,95.29,97.6,114.37,93.57,86.1,106.46,68.33,99.17,77.82,84.82,106.55,71.75,63.74,77.41,120.92
2020-08-30,70.39,81.06,57.56,62.6,75.52,96.92,67.17,109.66,82.95,129.38,90.92,64.87,116.29,104.94,77.01,71.61,88.39,88.55,62.25,64.12,75.41,65.4,73.21,100.55,70.47,129.11,79.18,85.49,61.74,64.19,94.16,95.62,97.86,114.59,93.94,86.33,106.76,68.55,99.5,77.94,85.17,106.6,71.84,63.69,77.6,120.87
2020-08-31,70.72,81.2,57.53,62.64,75.78,97.07,67.21,109.75,83.01,129.61,91.09,65.01,116.45,105.16,76.96,71.7,88.5,88.69,61.97,64.1,75.47,65.54,73.28,100.75,70.6,129.37,79.45,85.58,61.86,64.23,94.47,95.89,98.11,114.84,94.31,86.56,106.98,68.76,99.72,77.95,85.45,106.62,71.93,63.65,77.8,120.48
2020-09-01,70.81,81.25,57.47,62.51,75.77,97.11,67.02,109.65,82.95,129.65,91.1,65.03,116.48,105.24,76.79,71.76,88.59,88.73,61.73,64.26,75.38,65.61,73.18,100.89,70.66,129.57,79.63,85.67,61.9,64.35,94.62,96.06,98.24,114.97,94.61,86.86,106.98,68.86,99.53,77.82,85.55,106.79,71.88,63.35,77.81,120.32
2020-09-02,70.89,81.31,57.35,62.5,76.07,97.09,66.9,109.44,82.87,129.64,91.11,65.1,116.46,105.3,76.66,71.81,88.59,88.76,61.7,64.4,75.37,65.75,73.21,100.92,70.76,129.74,79.89,85.7,61.97,64.61,94.96,96.21,98.48,115.26,94.72,87.16,106.95,68.96,99.36,77.77,85.6,106.56,71.92,63.13,77.89,120.21
2020-09-03,70.97,81.36,57.31,62.59,76.19,97.09,66.81,109.21,82.87,129.67,91.17,65.2,116.43,106.43,76.49,71.92,88.61,88.85,61.73,64.81,75.39,65.92,73.27,101.0,70.88,129.98,80.2,85.75,62.94,64.88,95.37,96.43,98.7,115.56,94.94,87.53,107.02,69.08,99.32,77.75,85.67,106.32,71.93,63.02,77.99,120.12
2020-09-04,71.0,81.35,57.25,62.71,76.46,97.01,66.71,108.96,82.78,129.69,91.27,65.36,116.33,107.55,76.37,72.01,88.63,88.91,61.86,65.03,75.55,66.05,73.46,101.04,70.94,130.17,80.52,85.83,63.23,65.23,95.6,96.52,98.76,115.67,95.17,87.56,107.07,69.14,99.3,77.73,85.71,106.11,72.0,62.88,77.93,119.98
2020-09-05,71.0,81.29,57.19,62.79,76.56,96.95,66.66,108.6,82.77,129.58,91.27,65.43,116.15,107.64,76.27,72.07,88.65,88.89,61.91,65.28,75.69,66.08,73.61,101.01,70.91,130.31,80.74,85.92,63.5,65.31,95.7,96.49,98.67,115.77,95.16,87.48,106.98,69.19,99.14,77.73,85.7,105.84,72.08,62.76,77.95,119.83
2020-09-06,71.09,81.36,57.17,62.99,76.81,96.84,66.66,108.29,82.77,129.51,91.34,65.61,115.92,107.12,76.15,72.22,88.71,88.9,61.93,65.63,75.88,66.17,73.83,101.07,71.0,130.46,81.07,86.05,63.82,65.64,95.85,96.48,98.6,115.97,95.25,87.49,107.0,69.28,99.07,77.79,85.77,105.61,72.2,62.69,78.0,119.7
2020-09-07,71.21,81.44,57.16,63.23,77.03,96.66,66.68,107.96,82.76,129.41,91.41,65.81,115.75,106.1,76.09,72.36,88.78,88.91,62.23,65.97,76.06,66.28,74.04,101.1,71.1,130.7,81.36,86.11,64.15,65.97,96.05,96.59,98.59,116.19,95.35,87.62,107.03,69.34,98.97,77.85,85.87,105.4,72.35,62.55,78.0,119.95
2020-09-08,71.36,81.41,57.13,63.6,77.49,96.32,66.86,107.64,82.75,129.28,91.51,66.05,115.44,105.98,75.98,72.52,88.7,88.92,62.41,66.26,76.3,66.38,74.32,101.11,71.16,130.78,81.51,86.05,64.52,66.16,96.25,96.68,98.59,116.33,95.38,87.56,107.14,69.42,99.09,77.93,85.95,104.92,72.55,62.5,78.1,119.88
2020-09-09,72.28,81.45,57.18,63.85,77.83,96.08,67.07,107.53,82.75,129.21,91.66,66.24,115.21,106.04,75.91,72.66,88.76,88.99,62.1,66.6,76.39,66.41,74.49,101.24,71.16,130.9,81.66,86.17,64.86,66.26,96.36,96.82,98.55,116.43,95.39,87.55,107.27,69.44,99.05,77.94,86.09,104.86,72.65,62.5,78.17,119.84
2020-09-10,73.36,81.71,57.24,64.11,78.33,95.91,67.27,107.59,82.85,129.22,91.84,66.49,115.2,106.16,75.98,72.75,88.85,89.14,62.04,66.75,76.45,66.49,74.74,101.4,71.19,131.01,81.92,86.36,64.43,66.32,96.55,97.08,98.72,116.6,95.47,87.57,107.43,69.51,99.23,78.03,86.24,104.98,72.81,62.39,78.32,119.79
2020-09-11,74.75,82.07,57.34,64.38,78.81,95.91,67.52,107.74,83.06,129.5,92.03,66.67,115.36,106.4,76.06,72.96,88.96,89.36,61.88,67.08,76.54,66.62,74.97,101.61,71.27,131.13,82.23,86.52,64.69,66.45,96.87,97.42,99.01,116.89,95.47,87.85,107.61,69.61,99.51,78.12,86.51,105.11,72.98,62.36,78.55,119.86
2020-09-12,76.42,82.32,57.44,64.56,79.47,95.76,67.8,107.79,83.14,129.69,92.24,66.9,115.39,105.87,76.05,73.2,89.02,89.53,61.73,67.35,76.61,66.78,75.18,101.78,71.24,131.3,82.46,86.69,64.84,66.53,97.18,97.77,99.25,117.07,95.41,88.12,107.75,69.7,99.79,78.2,86.66,105.24,73.13,62.36,78.69,119.81
2020-09-13,78.03,82.52,57.56,64.7,79.91,95.59,68.0,107.79,83.21,129.76,92.36,67.09,115.47,105.54,76.03,73.39,89.0,89.63,61.37,67.52,76.63,66.88,75.31,101.9,71.13,131.34,82.64,86.74,64.95,66.53,97.41,98.11,99.43,117.15,95.31,88.36,107.85,69.74,99.96,78.09,86.76,105.26,73.23,62.3,78.79,119.75
2020-09-14,79.64,82.73,57.64,64.84,80.31,95.48,68.19,107.82,83.3,129.84,92.46,67.27,115.59,105.93,76.04,73.65,88.97,89.78,61.0,67.71,76.69,67.01,75.49,102.03,70.98,131.48,82.88,86.88,65.09,66.55,97.57,98.39,99.61,117.22,95.19,88.46,107.94,69.8,100.19,78.13,86.95,105.28,73.36,62.33,78.94,119.68
2020-09-15,81.32,83.09,57.79,65.03,80.89,95.69,68.46,108.09,83.53,130.19,92.65,67.54,115.96,106.18,76.21,74.02,89.05,90.05,60.98,67.94,76.88,67.2,75.72,102.23,70.96,131.67,83.19,87.11,65.29,66.57,97.87,98.76,99.86,117.47,95.16,88.68,108.22,69.95,100.67,78.32,87.3,105.43,73.56,62.5,79.09,119.67
2020-09-16,82.25,83.55,58.02,65.24,81.37,95.77,68.71,108.26,83.75,130.59,92.78,67.81,116.27,106.47,76.33,74.36,89.08,90.29,61.24,68.14,77.14,67.37,75.9,102.38,70.98,132.03,83.46,87.27,65.48,66.64,98.23,99.13,100.15,117.71,95.15,88.89,108.47,70.13,101.32,78.54,87.58,105.49,73.79,62.57,79.3,119.68
2020-09-17,83.03,83.9,58.2,65.39,81.93,95.8,68.92,108.33,83.88,130.85,92.94,68.09,116.45,106.73,76.36,74.7,89.26,90.5,61.14,68.32,77.51,67.55,76.05,102.49,70.99,132.54,83.62,87.53,65.67,66.74,98.51,99.37,100.33,117.84,95.12,89.01,108.72,70.26,101.69,78.7,87.85,105.41,74.02,62.71,79.5,119.66
2020-09-18,83.44,84.15,58.37,65.47,82.13,95.85,69.09,108.36,84.2,130.85,93.01,68.28,116.46,106.96,77.13,75.03,89.42,90.69,60.97,68.5,77.81,67.66,76.13,102.54,70.97,132.82,83.53,87.76,65.72,66.88,98.81,99.6,100.56,117.87,95.27,89.0,108.91,70.39,101.89,78.83,88.01,105.41,74.15,63.09,79.86,119.58
2020-09-19,83.43,84.44,58.6,65.64,82.29,96.06,69.3,108.54,84.57,130.97,93.01,68.45,116.66,107.44,77.95,75.32,89.6,90.89,60.73,68.67,78.1,67.75,76.26,102.61,71.08,133.02,83.49,87.95,65.89,67.22,99.08,99.8,100.86,118.03,95.51,89.07,109.17,70.52,102.03,78.88,88.19,105.47,74.29,63.46,80.29,119.65
2020-09-20,83.53,84.75,58.78,65.92,82.58,96.3,69.55,108.77,84.96,131.18,93.2,68.75,116.9,108.2,78.92,75.7,89.85,91.17,60.66,68.94,78.45,67.94,76.5,102.71,71.3,133.37,83.55,88.25,66.11,67.43,99.45,100.09,101.21,118.26,95.77,89.2,109.44,70.73,102.28,79.06,88.55,105.62,74.51,63.9,80.73,119.75
2020-09-21,83.6,85.02,59.0,66.15,82.97,96.4,69.79,108.9,85.29,131.25,93.37,69.01,117.09,108.54,79.77,76.01,90.06,91.39,60.58,69.15,78.72,68.1,76.7,102.78,71.51,133.44,83.52,88.5,66.3,67.66,99.81,100.33,101.5,118.33,96.02,89.2,109.65,70.94,102.46,79.22,88.82,105.7,74.69,64.24,81.11,119.82
2020-09-22,83.8,85.4,59.27,66.38,83.34,96.54,70.08,109.09,85.69,131.38,93.63,69.23,117.3,109.18,80.68,76.27,90.32,91.66,60.28,69.43,79.0,68.26,76.97,102.88,71.71,133.98,83.57,88.79,66.53,68.08,100.18,100.6,101.83,118.45,96.38,89.2,109.9,71.14,102.55,79.36,89.11,105.81,74.9,64.65,81.52,119.96
2020-09-23,83.95,85.61,59.46,66.5,83.73,96.69,70.39,109.33,86.1,131.48,93.89,69.42,117.5,109.68,81.56,76.57,90.63,91.92,59.75,69.71,79.28,68.41,77.22,103.01,71.96,134.28,83.72,89.04,66.77,68.65,100.58,100.93,102.13,118.47,96.76,89.19,110.22,71.36,102.76,79.47,89.39,106.23,75.08,65.12,81.89,120.09
2020-09-24,84.13,85.77,59.63,66.52,83.97,96.86,70.72,109.6,86.47,131.65,94.04,69.5,117.48,110.11,82.41,76.8,90.77,92.11,59.32,69.94,79.47,68.56,77.47,103.17,72.22,134.51,83.83,89.2,66.91,69.19,100.76,101.11,102.36,118.58,97.11,89.22,110.47,71.57,102.93,79.5,89.61,106.74,75.26,65.57,82.11,120.26
2020-09-25,84.39,85.99,59.89,66.52,84.39,96.9,71.06,109.79,86.65,131.79,94.2,69.67,117.43,110.51,82.46,77.01,90.92,92.31,59.0,70.24,79.68,68.71,77.81,103.34,72.55,134.9,84.19,89.41,67.25,69.68,100.87,101.3,102.53,118.67,97.38,89.28,110.82,71.81,103.19,79.64,89.88,107.17,75.54,65.74,82.17,120.37
2020-09-26,84.71,86.24,60.07,66.61,84.75,96.86,71.24,109.98,86.79,131.85,94.33,69.79,117.35,110.66,82.52,77.18,91.09,92.49,58.81,71.84,79.86,68.84,78.1,103.45,72.88,135.12,84.33,89.72,67.55,70.21,100.97,101.45,102.65,118.74,97.59,89.31,111.08,72.01,103.44,79.84,90.03,106.61,75.76,66.05,82.23,120.49
2020-09-27,84.96,86.45,60.26,66.67,85.01,96.85,71.44,110.21,86.97,132.05,94.39,69.83,117.26,110.99,82.57,77.35,91.3,92.64,58.69,72.07,80.01,68.93,78.33,103.56,73.18,135.33,84.43,89.86,67.87,70.72,101.04,101.57,102.78,118.8,97.82,89.33,111.4,72.18,103.54,79.99,90.16,106.06,75.96,66.38,82.32,120.62
2020-09-28,85.27,86.71,60.44,66.75,85.26,97.02,71.67,110.53,87.19,132.32,94.51,69.9,117.24,111.58,82.65,77.55,91.55,92.85,58.57,72.35,80.24,69.06,78.6,103.77,73.52,135.68,84.6,90.13,68.19,71.26,101.15,101.71,102.93,119.02,98.05,89.45,111.82,72.36,103.76,80.15,90.33,105.6,76.21,66.77,82.46,120.82
2020-09-29,85.57,86.9,60.63,66.89,85.48,97.06,71.85,110.7,87.41,132.52,94.57,70.07,117.14,112.06,82.78,77.72,91.76,93.04,58.63,72.62,80.43,69.23,78.79,103.95,73.86,135.97,84.85,90.36,68.49,71.68,101.3,101.92,103.13,119.25,98.19,89.67,112.14,72.49,103.96,80.33,90.4,105.09,76.43,66.96,82.67,120.92
2020-09-30,85.82,87.09,60.74,67.15,85.73,97.67,72.02,110.9,87.61,132.61,94.61,70.18,117.08,112.64,82.94,77.96,91.92,93.19,58.86,72.91,80.5,69.38,78.99,104.07,74.19,135.63,85.01,90.57,68.71,71.97,101.38,102.09,103.32,119.54,98.27,89.9,112.34,72.59,103.95,80.6,90.52,104.36,76.65,67.19,82.86,120.99
2020-10-01,85.93,87.23,60.86,67.48,86.0,97.79,72.1,110.76,87.67,132.27,94.53,70.27,116.62,112.73,82.66,78.07,92.0,93.22,58.99,73.08,80.51,69.48,79.03,103.96,74.34,135.27,85.02,90.71,68.94,72.15,101.53,102.29,103.45,119.58,98.29,90.03,112.37,72.61,103.88,80.77,90.53,103.37,76.79,67.25,82.97,120.81
2020-10-02,86.05,87.35,60.95,67.86,86.12,97.88,72.16,110.79,87.71,132.0,94.49,70.41,116.24,112.51,82.47,78.15,92.15,93.25,59.09,73.16,80.48,69.61,79.03,103.92,74.46,134.97,85.02,90.85,69.08,72.21,101.69,102.44,103.62,119.73,98.34,90.16,112.3,72.61,103.79,80.95,90.53,102.33,76.91,67.28,83.21,120.65
2020-10-03,86.27,87.57,61.02,68.33,86.41,98.15,72.4,110.78,87.84,131.9,94.46,70.57,116.0,112.82,82.36,78.25,92.28,93.36,59.23,71.98,80.49,69.79,79.04,103.97,74.63,134.95,85.27,90.87,69.22,72.27,101.98,102.74,103.9,120.0,98.41,90.24,112.34,72.67,103.8,81.17,90.73,102.36,77.11,67.17,83.39,120.42
2020-10-04,86.42,87.73,61.09,68.29,86.59,98.25,72.55,110.64,87.89,131.6,94.46,70.7,115.65,113.0,82.13,78.27,92.27,93.43,59.1,72.15,80.44,69.93,79.0,103.95,74.74,134.78,85.37,91.06,69.32,72.26,102.2,102.97,104.12,120.21,98.45,90.3,112.24,72.69,103.9,81.33,90.78,102.3,77.27,66.96,83.52,120.07
2020-10-05,86.5,87.89,61.16,68.6,86.76,98.32,72.71,110.51,87.94,131.41,94.45,70.85,115.29,113.15,81.88,78.31,92.31,93.5,58.98,72.32,80.39,70.04,78.94,103.9,74.86,134.64,85.49,91.15,69.4,72.22,102.48,103.27,104.4,120.45,98.52,90.33,112.15,72.7,103.94,81.48,90.81,102.21,77.42,66.77,83.64,119.76
2020-10-06,86.49,88.03,61.16,68.86,86.79,98.55,72.83,110.47,87.89,131.22,94.3,70.89,114.95,112.52,81.48,78.36,92.35,93.49,58.59,72.45,80.3,70.03,78.9,103.83,74.96,134.41,85.68,91.18,69.47,72.13,102.65,103.42,104.6,120.65,98.6,90.3,112.12,72.71,104.04,81.6,90.9,102.18,77.51,66.72,83.73,119.49
2020-10-07,86.58,88.19,61.25,69.17,86.89,98.21,72.9,110.4,87.85,131.1,94.23,71.05,114.63,112.14,81.11,78.37,92.43,93.57,58.59,72.56,80.28,70.06,78.89,103.87,75.1,135.6,85.82,91.23,69.65,72.0,102.9,103.58,104.8,120.84,98.71,90.25,112.18,72.78,104.39,81.64,91.02,102.2,77.62,66.59,83.85,119.37
2020-10-08,86.81,88.45,61.42,69.62,87.05,97.89,73.05,110.7,88.08,131.45,94.35,71.34,114.55,112.83,81.28,78.61,92.62,93.83,58.74,72.83,80.34,70.17,79.05,104.17,75.42,136.88,86.14,91.27,69.99,71.99,103.23,103.87,105.13,121.2,98.89,90.36,112.51,72.97,104.83,81.87,91.25,102.43,77.83,66.64,84.22,119.59
2020-10-09,86.97,88.72,61.63,70.07,87.36,97.76,73.24,110.9,88.47,131.84,94.47,71.56,114.87,113.8,81.45,78.81,92.77,94.1,58.9,73.18,80.38,70.32,79.21,104.43,75.81,138.14,86.49,91.28,70.36,72.17,103.56,104.19,105.44,121.68,98.88,90.51,112.92,73.15,105.23,82.08,91.46,102.77,78.06,66.78,84.57,119.89
2020-10-10,87.1,88.93,61.81,70.29,87.5,97.45,73.35,111.14,88.77,132.26,94.84,71.76,115.02,115.14,81.56,79.06,92.91,94.37,58.99,73.43,80.37,70.38,79.34,104.67,76.13,139.35,86.8,91.35,70.63,72.33,103.87,104.41,105.7,122.02,98.82,90.62,113.34,73.25,105.74,82.24,91.63,103.03,78.11,66.93,84.92,120.27
2020-10-11,87.29,89.19,62.04,70.75,87.82,97.34,73.47,111.47,89.15,132.7,95.13,72.04,115.26,116.6,81.7,79.37,93.13,94.69,59.35,73.71,80.44,70.51,79.57,104.94,76.52,140.59,87.28,91.48,71.01,72.54,104.26,104.68,106.01,122.45,98.77,90.78,113.8,73.42,106.26,82.45,91.84,103.3,78.31,67.13,85.33,120.69
2020-10-12,87.49,89.41,62.18,70.85,88.05,97.16,73.53,111.75,89.47,133.06,95.4,72.28,115.51,118.03,81.86,79.64,93.3,94.98,59.74,73.96,80.45,70.62,79.79,105.2,76.87,141.87,87.64,91.59,71.34,72.65,104.54,104.89,106.27,122.82,98.7,90.98,114.22,73.55,106.81,82.66,92.04,103.53,78.45,67.3,85.71,121.03
2020-10-13,87.67,89.56,62.29,70.98,88.39,96.72,73.53,111.95,89.72,133.28,95.76,72.53,115.52,119.32,82.01,79.88,93.44,95.21,60.19,74.16,80.46,70.79,79.98,105.43,77.17,142.97,87.78,91.71,71.69,72.86,104.82,105.12,106.5,123.1,98.62,91.11,114.6,73.64,106.87,82.76,92.18,103.69,78.55,67.46,86.08,121.41
2020-10-14,87.8,89.67,62.47,71.04,88.54,96.29,73.57,112.18,90.01,133.52,96.09,72.74,115.58,120.39,82.13,80.06,93.55,95.38,60.36,74.46,80.47,70.94,80.14,105.59,77.42,143.31,87.9,91.79,71.96,72.99,105.02,105.31,106.72,123.38,98.53,91.18,114.97,73.77,106.82,82.94,92.4,103.9,78.66,67.71,86.38,121.62
2020-10-15,87.91,89.68,62.66,71.01,88.66,96.12,73.68,112.29,89.95,133.67,96.43,72.9,115.9,120.92,81.63,80.14,93.58,95.48,60.5,74.73,80.44,71.07,80.35,105.69,77.66,143.62,88.07,91.89,72.16,72.99,105.24,105.45,106.94,123.57,98.38,91.28,115.28,73.81,106.76,83.11,92.62,103.99,78.78,67.41,86.67,121.7
2020-10-16,88.77,89.6,62.66,70.91,88.7,95.56,73.64,112.21,89.67,133.4,96.65,73.04,115.66,121.2,81.0,80.12,93.48,95.49,60.61,74.95,80.41,71.09,80.53,105.54,77.77,143.79,88.12,91.95,72.29,72.84,105.35,105.55,107.06,123.5,98.37,91.3,115.48,73.82,106.92,83.13,92.8,103.91,78.76,67.02,86.8,121.66
2020-10-17,89.46,89.36,62.65,70.6,88.57,95.11,73.41,112.1,89.39,132.99,96.54,73.12,115.42,121.09,80.36,79.96,93.32,95.42,60.73,75.12,80.37,71.12,80.69,105.37,77.88,143.91,88.1,91.85,72.5,72.39,105.38,105.72,107.26,123.39,98.41,91.51,115.55,73.83,106.81,83.09,92.83,103.78,78.9,66.65,86.91,121.62
2020-10-18,90.28,89.29,62.74,70.6,88.48,94.75,73.43,112.06,89.09,132.85,96.64,73.21,115.24,121.27,79.79,79.92,93.27,95.43,60.87,75.31,80.3,71.19,80.86,105.3,78.0,144.22,88.11,91.78,72.63,72.26,105.44,105.88,107.43,123.33,98.49,91.61,115.82,73.85,106.84,83.15,92.99,103.79,78.97,66.29,87.06,121.66
2020-10-19,91.13,89.22,62.87,70.79,88.43,94.45,73.5,112.05,88.85,132.69,96.76,73.33,115.04,121.21,79.28,79.87,93.16,95.43,61.01,75.51,80.28,71.29,81.02,105.24,78.18,144.45,88.21,91.62,72.8,72.17,105.53,106.07,107.6,123.27,98.58,91.77,116.11,73.91,106.82,83.2,93.19,103.83,79.1,65.97,87.21,121.68
2020-10-20,91.99,89.24,63.02,70.99,88.56,94.24,73.66,112.04,88.77,132.61,96.93,73.53,114.8,121.6,78.86,79.85,93.08,95.55,61.13,75.81,80.32,71.4,81.21,105.21,78.41,144.69,88.47,91.65,73.02,72.06,105.65,106.31,107.84,123.26,98.72,92.06,116.4,74.08,107.27,83.39,93.5,103.91,79.3,65.64,87.4,121.73
2020-10-21,92.91,89.32,63.1,71.18,88.83,94.18,73.77,111.93,88.82,132.46,97.13,73.66,114.5,121.97,78.73,79.82,92.96,95.71,61.23,76.04,80.36,71.56,81.42,105.21,78.67,145.0,88.73,91.69,73.24,72.05,105.89,106.65,108.24,123.34,98.83,92.62,116.73,74.25,107.67,83.58,93.7,104.08,79.57,65.54,87.79,121.83
2020-10-22,93.82,89.44,63.05,71.25,89.12,94.2,73.78,111.86,89.16,132.27,97.31,73.71,114.12,122.5,79.21,79.85,92.89,95.89,61.3,76.23,80.38,71.7,81.54,105.28,78.89,145.17,88.96,91.69,73.42,72.2,106.04,106.92,108.53,123.47,98.99,92.98,116.98,74.43,108.06,83.62,93.87,104.46,79.73,66.1,88.07,121.84
2020-10-23,93.95,89.58,63.07,71.32,89.34,94.24,73.92,111.84,89.52,132.1,97.54,73.74,113.72,123.1,79.71,79.94,92.86,96.06,61.41,76.41,80.37,71.87,81.65,105.46,79.08,145.43,89.09,91.74,73.61,72.14,106.21,107.2,108.85,123.66,99.02,93.35,117.18,74.65,108.21,83.78,94.06,104.74,79.96,66.7,88.42,121.89
2020-10-24,94.3,89.93,63.23,71.7,89.85,94.3,74.25,111.78,89.93,131.97,97.97,73.91,113.36,123.94,80.27,80.18,92.92,96.34,61.51,76.71,80.45,72.15,81.82,105.66,79.27,145.75,89.31,91.99,73.78,72.36,106.5,107.43,109.16,123.89,99.01,93.68,117.56,74.9,108.59,84.09,94.42,105.07,80.21,67.34,88.8,121.83
2020-10-25,94.5,90.09,63.23,71.74,90.3,94.16,74.32,111.6,90.32,131.61,98.13,73.97,112.85,124.43,80.73,80.25,92.89,96.5,61.5,76.94,80.49,72.33,81.89,105.74,79.4,145.91,89.38,92.13,73.94,72.27,106.72,107.63,109.46,123.97,98.94,94.0,117.7,75.09,108.73,84.28,94.61,105.26,80.4,67.94,89.11,121.76
2020-10-26,94.67,90.25,63.27,71.66,90.86,94.04,74.42,111.38,90.66,131.28,98.32,74.05,112.36,125.14,81.16,80.34,92.88,96.67,61.6,77.17,80.48,72.5,82.0,105.82,79.45,146.09,89.43,92.34,74.11,72.2,106.95,107.83,109.72,124.1,98.84,94.26,117.87,75.26,108.93,84.46,94.81,105.42,80.58,68.53,89.41,121.7
2020-10-27,94.89,90.69,63.34,71.61,91.28,94.05,74.48,111.24,90.96,131.02,98.47,74.13,112.06,125.55,81.56,80.4,92.87,96.81,61.6,77.38,80.46,72.72,82.13,105.91,79.55,146.31,89.39,92.41,74.21,72.19,107.17,107.96,109.93,124.14,98.62,94.4,118.07,75.42,109.05,84.55,95.03,105.58,80.83,69.09,89.67,121.61
2020-10-28,95.06,91.07,63.37,71.47,91.52,93.85,74.66,111.13,91.13,130.74,98.55,74.23,111.77,126.1,81.71,80.59,92.84,96.9,61.63,77.48,80.47,72.87,82.22,105.97,79.58,146.55,89.46,92.46,74.38,72.2,107.3,108.1,110.03,124.21,98.42,94.3,118.18,75.48,109.08,84.69,95.28,105.54,81.05,69.32,89.78,121.49
2020-10-29,95.52,91.48,63.49,71.57,91.73,93.74,74.89,111.12,91.29,130.58,98.62,74.46,111.53,126.4,81.87,80.84,92.84,97.02,61.78,77.69,80.55,73.06,82.34,106.04,79.7,146.83,89.52,92.53,74.58,72.33,107.52,108.31,110.23,124.34,98.18,94.23,118.39,75.62,108.96,84.89,95.59,105.42,81.24,69.46,90.02,121.49
2020-10-30,96.23,91.92,63.62,71.6,91.91,93.79,75.03,111.04,91.46,130.68,98.64,74.66,111.48,126.72,82.04,81.03,92.83,97.12,61.81,77.81,80.59,73.18,82.44,106.16,79.79,147.04,89.59,92.55,74.72,72.7,107.77,108.52,110.39,124.5,98.09,94.32,118.6,75.63,108.83,84.94,95.9,105.41,81.3,69.54,90.25,121.53
2020-10-31,96.87,92.28,63.73,71.63,92.02,93.86,75.14,110.92,91.58,130.75,98.55,74.92,111.47,127.09,82.17,81.15,92.76,97.16,61.76,77.92,80.65,73.36,82.59,106.23,79.92,147.18,89.65,92.52,74.93,73.13,107.96,108.71,110.45,124.59,97.99,94.24,118.65,75.72,108.55,84.73,96.27,105.36,81.46,69.56,90.46,121.67
2020-11-01,97.48,92.59,63.88,71.78,92.01,93.95,75.22,110.77,91.66,130.69,98.46,75.15,111.35,127.56,82.34,81.24,92.76,97.21,61.87,78.02,80.67,73.52,82.73,106.26,80.0,147.23,89.74,92.6,75.15,73.52,108.11,108.85,110.44,124.67,97.89,94.2,118.63,75.78,108.28,84.45,96.62,105.61,81.65,69.52,90.62,121.71
2020-11-02,98.09,92.87,63.97,71.81,91.98,93.97,75.28,110.6,91.78,130.55,98.35,75.37,111.2,127.82,82.47,81.31,92.76,97.23,61.73,78.11,80.75,73.69,82.83,106.25,80.09,147.37,89.67,92.7,75.34,73.88,108.26,108.99,110.47,124.68,97.76,94.2,118.52,75.87,107.93,84.18,96.9,105.54,81.82,69.43,90.74,121.71
2020-11-03,98.66,92.86,64.0,71.77,91.9,93.94,75.37,110.35,91.9,130.4,98.24,75.57,111.06,127.51,82.62,81.39,92.77,97.21,61.76,78.17,80.82,73.79,82.9,106.23,80.1,147.48,89.64,92.68,75.63,74.21,108.43,109.15,110.6,124.66,97.71,94.36,118.4,75.9,107.48,84.11,97.11,105.43,81.87,69.39,90.96,121.7
2020-11-04,99.24,92.82,64.16,71.79,91.93,93.94,75.36,110.07,92.03,130.32,98.12,75.78,110.73,127.16,82.74,81.37,92.79,97.22,61.76,78.28,80.92,73.93,83.04,106.21,80.11,147.46,89.57,92.79,75.65,74.45,108.53,109.27,110.71,124.56,97.66,94.49,118.3,75.97,107.23,84.01,97.29,105.37,81.97,69.42,91.17,121.64
2020-11-05,99.82,92.72,64.21,71.65,92.01,93.87,75.3,109.73,92.12,130.2,97.97,75.93,110.29,126.74,82.78,81.26,92.76,97.18,61.61,78.27,80.97,74.05,83.2,106.12,80.02,147.45,89.39,92.84,75.59,74.52,108.62,109.37,110.77,124.49,97.66,94.68,118.17,75.99,107.02,83.89,97.41,105.3,82.13,69.42,91.34,120.96
2020-11-06,100.23,92.63,64.32,71.61,92.13,93.8,75.33,109.49,92.22,130.15,97.89,76.11,109.75,126.81,82.88,81.29,92.71,97.21,61.92,78.31,81.14,74.25,83.45,106.25,80.05,147.5,89.22,92.97,75.62,74.5,108.68,109.48,110.89,124.35,97.65,94.73,118.06,76.13,106.79,83.86,97.56,105.33,82.4,69.4,91.51,120.86
2020-11-07,100.66,92.54,64.35,71.54,92.24,93.72,75.44,109.45,92.29,130.22,97.87,76.19,109.29,126.64,82.96,81.35,92.66,97.29,62.27,78.34,81.23,74.36,83.63,106.5,80.01,147.5,89.1,93.08,75.69,74.34,108.69,109.64,111.08,124.33,97.71,94.78,117.99,76.2,106.93,84.05,97.71,105.41,82.53,69.35,91.7,120.78
2020-11-08,101.17,92.52,64.36,71.56,92.45,93.71,75.66,109.51,92.45,130.47,97.87,76.38,109.04,126.47,83.1,81.5,92.5,97.37,62.61,78.4,81.38,74.53,83.86,106.82,80.09,147.59,89.01,92.99,75.69,74.37,108.8,109.87,111.38,124.38,97.83,94.89,118.06,76.35,107.05,84.31,97.97,105.25,82.69,69.37,91.97,120.77
2020-11-09,101.67,92.48,64.42,71.61,92.61,93.63,75.86,109.48,92.55,130.71,97.81,76.55,108.77,126.38,83.23,81.63,92.28,97.46,63.04,78.46,81.48,74.68,84.07,107.14,80.12,147.47,89.08,92.99,75.71,74.48,108.87,110.08,111.62,124.37,98.0,94.94,118.2,76.47,107.25,84.59,98.16,105.35,82.82,69.42,92.23,120.8
2020-11-10,102.14,92.42,64.57,71.66,92.66,93.51,76.11,109.4,92.59,130.9,97.7,76.62,108.34,126.77,83.36,81.83,92.06,97.55,63.37,78.51,81.63,74.8,84.31,107.52,80.19,147.27,89.17,93.07,75.65,74.55,108.81,110.2,111.75,124.39,98.01,94.74,118.33,76.63,107.6,84.7,98.35,105.49,82.95,69.45,92.43,120.72
2020-11-11,102.61,92.39,64.66,71.75,92.7,93.31,76.37,109.38,92.65,131.12,97.62,76.77,108.19,127.22,83.5,82.03,91.85,97.64,63.65,78.62,81.73,74.89,84.51,107.94,80.33,147.0,89.31,93.09,75.8,74.72,108.84,110.38,111.9,124.34,98.11,94.68,118.45,76.8,107.8,84.73,98.43,105.54,83.04,69.43,92.67,120.69
2020-11-12,103.27,92.31,64.76,71.82,92.59,92.97,76.6,109.32,92.62,131.17,97.49,76.86,108.22,127.69,83.55,82.18,91.58,97.71,63.95,78.78,81.83,74.94,84.64,108.32,80.45,146.82,89.4,93.14,76.15,74.89,108.84,110.5,112.09,124.2,98.16,94.61,118.57,76.95,108.03,84.75,98.6,105.51,83.15,69.34,92.81,121.19
2020-11-13,103.54,92.19,64.85,71.9,92.1,92.64,76.78,109.3,92.55,131.1,97.35,77.04,108.38,127.58,83.53,82.32,91.37,97.75,63.9,78.93,81.91,75.01,84.73,108.54,80.71,146.43,89.7,93.14,76.47,75.17,108.87,110.65,112.27,124.09,98.19,94.56,118.66,77.07,108.31,84.73,98.89,105.47,83.28,69.3,92.94,121.05
2020-11-14,103.31,91.74,64.93,71.6,91.28,92.25,76.67,108.68,92.45,129.47,96.88,77.08,108.43,126.48,83.38,82.13,91.13,97.5,63.81,78.86,81.84,74.86,84.5,107.83,80.75,145.88,89.59,92.96,76.57,75.35,108.73,110.62,112.38,123.88,98.09,94.42,118.56,77.0,108.1,84.49,98.76,105.21,83.34,69.26,93.0,120.84
2020-11-15,103.34,91.65,65.1,72.0,90.96,91.82,76.8,108.2,92.36,127.93,96.77,77.36,108.45,125.54,83.36,82.22,90.93,97.42,64.02,79.0,81.92,75.0,84.61,107.27,81.01,145.62,89.72,93.02,76.94,75.71,108.72,110.65,112.57,123.68,98.04,94.41,118.72,77.09,108.07,84.38,99.1,105.08,83.58,69.24,93.06,120.63
2020-11-16,103.36,91.59,65.28,72.09,90.59,91.52,76.99,107.78,92.28,126.49,96.68,77.66,108.55,124.5,83.39,82.36,90.73,97.3,63.98,79.14,82.0,75.15,84.73,106.76,81.3,145.4,89.84,92.88,77.34,76.04,108.69,110.72,112.7,123.56,97.93,94.47,118.85,77.22,107.89,84.18,99.43,105.04,83.88,69.05,93.17,120.41
2020-11-17,103.67,91.54,65.41,72.17,90.13,91.23,77.05,107.42,92.29,125.06,96.62,78.07,108.81,124.37,83.29,82.36,90.5,97.2,63.93,79.33,81.99,75.36,84.84,106.08,81.54,145.14,89.81,92.87,77.79,76.37,108.74,110.81,112.87,123.52,98.18,94.7,118.9,77.34,107.45,83.98,99.78,104.95,84.2,68.83,93.28,120.25
2020-11-18,103.7,91.77,65.55,72.23,89.8,91.0,77.0,106.87,92.3,123.49,96.52,78.4,108.97,124.05,83.18,82.4,90.25,97.12,63.85,79.46,82.04,75.69,85.02,105.33,81.76,145.01,89.77,92.84,78.21,76.62,108.78,110.88,113.15,123.54,98.43,94.87,118.9,77.51,107.01,83.96,100.23,104.92,84.62,68.74,93.39,120.07
2020-11-19,103.69,92.05,65.69,72.26,89.73,90.72,77.0,106.27,92.34,121.88,96.39,78.78,108.88,123.71,83.04,82.51,90.05,97.03,63.8,79.55,82.06,76.07,85.17,104.5,81.99,144.66,89.82,92.8,78.47,76.82,108.88,111.01,113.46,123.6,98.64,95.08,118.81,77.67,106.5,83.91,100.62,104.96,85.0,68.56,93.49,119.81
2020-11-20,104.08,92.33,65.76,72.3,90.17,90.36,77.07,105.65,92.48,120.28,96.29,79.11,108.7,123.53,82.97,82.57,89.86,96.94,63.69,79.67,82.1,76.4,85.42,103.65,81.99,144.28,89.76,92.71,78.75,76.93,109.03,111.19,113.8,123.66,98.83,95.34,118.64,77.79,105.88,83.82,100.87,104.88,85.37,68.39,93.64,119.68
2020-11-21,104.95,92.95,65.95,72.6,90.99,89.99,77.24,105.47,92.6,120.12,96.46,79.56,108.42,124.53,83.12,82.99,89.71,97.08,63.61,79.96,82.34,76.92,86.0,103.62,82.23,144.18,89.98,92.76,79.13,77.09,109.26,111.39,113.98,123.7,99.17,95.59,118.64,78.11,105.55,83.95,101.25,104.97,85.79,68.29,93.74,118.82
2020-11-22,105.57,93.26,66.08,72.27,91.41,89.6,77.12,105.09,92.68,119.83,96.36,79.76,108.11,125.38,83.03,83.09,89.51,97.08,63.16,80.07,82.41,77.11,86.23,103.43,82.26,143.72,89.98,92.77,79.3,77.12,109.39,111.55,114.06,123.69,99.54,95.81,118.41,78.23,105.15,84.02,101.21,104.91,85.98,68.18,93.84,117.93
2020-11-23,106.23,93.6,66.2,72.36,91.88,89.3,76.98,104.77,92.82,119.66,96.3,79.97,107.84,126.19,82.93,83.2,89.38,97.12,63.01,80.18,82.55,77.36,86.47,103.29,82.33,143.34,90.04,92.73,79.5,77.22,109.57,111.71,114.25,123.74,99.87,96.0,118.26,78.35,104.76,84.15,101.21,104.93,86.23,68.27,93.97,117.09
2020-11-24,106.58,93.84,66.28,72.4,92.35,88.84,76.93,104.36,92.88,119.34,96.19,80.14,107.51,126.26,82.91,83.38,89.24,97.13,62.86,80.24,82.74,77.56,86.73,103.19,82.45,142.97,90.11,92.73,79.58,77.22,109.64,111.83,114.41,123.77,100.01,96.13,118.08,78.45,104.66,84.26,101.17,104.89,86.41,68.32,93.91,116.19
2020-11-25,107.14,93.71,66.3,72.49,92.62,88.27,76.94,103.97,92.85,118.96,96.04,80.28,107.09,126.25,82.87,83.54,89.11,97.06,62.7,80.28,82.83,77.64,86.87,103.06,82.57,142.3,90.1,92.74,79.67,77.29,109.56,111.85,114.19,123.67,100.11,96.28,117.92,78.5,104.55,84.21,101.16,104.75,86.55,68.14,93.76,115.14
2020-11-26,109.34,93.58,66.38,72.58,92.97,87.75,77.0,103.6,92.89,118.64,95.91,80.42,106.74,126.33,82.93,83.67,88.94,97.04,62.37,80.35,82.91,77.72,86.99,102.96,82.64,141.58,90.03,92.78,79.76,77.41,109.48,111.97,114.22,123.65,100.4,96.46,117.76,78.61,104.48,84.15,101.22,104.56,86.71,68.07,93.67,114.36
2020-11-27,111.4,93.37,66.47,72.63,93.19,87.07,76.97,103.11,92.79,118.15,95.69,80.47,106.22,126.05,82.89,83.83,88.71,96.93,62.01,80.32,82.92,77.79,87.05,102.73,82.62,140.92,89.92,92.71,79.71,77.48,109.26,111.93,114.12,123.53,100.66,96.56,117.53,78.68,104.31,84.05,101.08,104.36,86.79,67.95,93.43,113.42
2020-11-28,113.36,93.08,66.42,72.69,93.24,86.29,77.05,102.59,92.66,117.61,95.5,80.47,105.76,125.75,82.75,83.91,88.48,96.81,61.65,80.24,82.83,77.84,87.07,102.47,82.54,140.16,89.81,92.74,79.69,77.47,109.04,111.96,114.15,123.44,100.82,96.75,117.27,78.72,104.12,83.91,101.2,104.1,86.91,67.76,93.21,113.24
2020-11-29,115.26,92.69,66.28,72.6,93.32,85.38,77.07,102.06,92.5,116.94,95.2,80.41,105.21,125.21,82.62,83.91,88.22,96.61,61.28,80.1,82.7,77.83,87.03,102.13,82.32,139.32,89.62,92.61,79.58,77.34,108.6,111.84,114.1,123.33,100.87,96.79,116.84,78.73,103.81,83.67,101.18,103.8,87.01,67.48,92.93,112.99
2020-11-30,117.15,92.3,66.11,72.44,93.35,84.5,77.11,101.49,92.3,116.27,94.88,80.34,104.68,124.99,82.51,83.93,87.97,96.43,60.92,79.96,82.52,77.79,86.98,101.79,82.16,138.45,89.39,92.62,79.43,77.14,108.18,111.73,114.06,123.16,101.03,96.82,116.41,78.71,103.58,83.43,101.1,103.42,87.03,67.26,92.61,112.74
2020-12-01,118.94,91.88,65.91,72.24,93.31,83.68,76.97,100.93,92.05,115.49,94.51,80.06,104.1,124.49,82.31,83.84,87.67,96.16,60.48,79.69,82.25,77.65,86.73,101.36,81.78,137.61,89.06,92.41,79.24,76.87,107.87,111.61,113.92,122.88,101.1,96.77,115.98,78.55,103.12,83.15,100.86,102.94,86.83,67.0,92.3,112.51
2020-12-02,120.82,91.48,65.66,71.88,93.27,83.02,76.83,100.35,91.84,114.85,94.17,79.92,103.54,124.27,82.22,83.63,87.39,95.94,60.09,79.44,81.96,77.52,86.56,100.96,81.37,136.87,88.81,92.26,79.12,76.58,107.64,111.54,114.0,122.69,101.26,96.77,115.61,78.45,102.54,82.87,100.64,102.09,86.74,66.83,91.97,112.39
2020-12-03,120.65,91.15,65.39,71.55,93.16,82.57,76.65,99.84,91.58,114.27,94.15,79.86,103.06,124.11,82.13,83.44,87.16,95.72,59.89,79.17,81.78,77.37,86.4,100.64,81.15,136.33,88.6,92.16,79.09,76.3,107.46,111.4,113.85,122.4,101.39,96.74,115.31,78.33,102.01,82.69,100.48,101.22,86.72,66.67,91.64,112.18
2020-12-04,120.64,90.91,65.14,71.29,93.16,82.39,76.53,99.47,91.44,113.84,94.07,79.88,102.6,123.34,81.92,83.27,86.94,95.56,59.75,79.01,81.67,77.24,86.29,100.46,81.16,135.77,88.49,92.22,79.19,76.1,107.38,111.38,113.72,122.27,101.71,96.78,115.2,78.27,101.62,82.6,100.5,100.15,86.85,66.62,91.38,112.08
2020-12-05,120.78,90.79,65.01,71.14,93.4,82.41,76.47,99.22,91.4,113.56,94.07,79.91,102.32,123.22,81.69,83.14,86.72,95.47,59.7,79.03,81.55,77.13,86.2,100.35,81.24,135.28,88.49,92.22,79.36,76.12,107.42,111.42,113.71,122.15,102.25,96.92,115.24,78.25,101.15,82.63,100.42,99.18,87.01,66.62,91.13,112.03
2020-12-06,120.92,90.74,64.93,71.02,93.51,82.6,76.43,98.94,91.41,113.4,93.95,79.97,102.2,122.95,81.59,83.05,86.59,95.39,59.65,79.06,81.49,77.07,86.14,100.29,81.37,134.74,88.61,92.17,79.58,76.01,107.59,111.56,113.75,122.06,102.86,97.08,115.35,78.25,100.52,82.63,100.45,98.24,87.12,66.71,90.95,112.08
2020-12-07,121.05,90.69,64.86,70.89,93.71,82.65,76.39,98.76,91.38,113.16,93.86,80.01,101.98,122.5,81.43,82.96,86.49,95.31,59.6,79.05,81.43,77.02,86.08,100.14,81.45,134.33,88.54,92.15,79.79,75.87,107.77,111.69,113.8,121.99,103.48,97.27,115.38,78.26,100.18,82.58,100.5,97.28,87.24,66.7,90.77,112.08
2020-12-08,121.3,90.79,64.93,70.85,93.95,82.72,76.45,98.59,91.48,113.08,93.82,80.31,101.73,121.96,81.65,83.03,86.41,95.33,59.61,79.21,81.47,77.1,86.21,100.13,81.68,134.57,88.6,92.01,80.12,75.89,107.95,112.15,113.96,121.93,104.24,97.54,115.49,78.44,99.91,82.53,100.7,96.54,87.67,66.81,90.72,112.1
2020-12-09,121.55,90.91,65.14,70.91,94.34,82.77,76.61,98.54,91.57,113.08,93.76,80.56,101.92,121.4,81.86,83.18,86.35,95.34,59.6,79.4,81.56,77.19,86.33,100.12,81.99,134.27,88.6,91.83,80.43,75.92,107.98,112.5,114.15,121.84,104.97,97.74,115.52,78.6,99.69,82.52,100.93,96.2,87.97,66.87,90.76,112.13
2020-12-10,121.76,90.99,65.29,70.92,94.54,82.64,76.68,98.4,91.71,113.1,93.43,80.72,102.12,120.7,82.08,83.32,86.22,95.3,59.53,79.57,81.54,77.25,86.35,100.08,82.19,133.81,88.54,91.55,80.57,75.9,108.09,112.9,114.43,121.83,105.74,97.89,115.54,78.72,99.42,82.47,101.11,95.9,88.04,66.9,90.82,112.18
2020-12-11,122.03,91.12,65.52,70.99,94.82,82.52,76.75,98.25,91.86,113.08,93.24,81.0,102.53,120.86,82.5,83.49,86.1,95.36,59.51,79.81,81.65,77.38,86.42,100.06,82.29,133.56,88.51,91.37,80.84,75.94,108.2,113.32,114.82,121.81,106.52,98.08,115.61,78.89,99.36,82.53,101.29,95.94,88.25,66.96,90.89,112.19
2020-12-12,121.89,90.98,65.56,70.77,94.52,82.37,76.49,97.93,91.93,112.91,92.82,81.04,102.84,120.32,82.81,83.35,85.98,95.25,59.47,79.71,81.68,77.27,86.09,99.83,82.11,132.84,88.11,91.08,80.75,75.74,108.04,113.64,115.09,121.81,107.15,98.02,115.31,78.87,99.33,82.35,101.09,95.88,88.18,67.0,91.01,112.14
2020-12-13,122.11,91.06,65.72,70.82,94.76,82.26,76.58,97.79,92.06,112.9,92.69,81.39,103.12,120.13,83.24,83.57,85.81,95.33,59.49,79.84,81.84,77.42,86.11,99.81,82.23,132.61,87.87,91.04,80.89,75.88,108.08,114.04,115.37,121.89,107.81,98.16,115.36,79.08,99.58,82.4,101.34,95.94,88.42,67.07,91.1,112.09
2020-12-14,122.32,91.11,65.87,70.89,94.94,82.15,76.72,97.55,92.24,112.86,92.47,81.78,103.36,119.97,83.68,83.7,85.62,95.37,59.65,80.04,82.01,77.58,86.1,99.83,82.32,132.16,87.76,90.96,81.04,76.01,108.09,114.42,115.66,121.92,108.5,98.28,115.38,79.3,99.61,82.45,101.61,96.01,88.64,67.11,91.18,112.02
2020-12-15,122.49,91.11,65.85,71.29,95.31,81.97,76.93,97.41,92.34,112.88,91.97,82.1,103.74,119.92,83.79,83.81,85.26,95.37,59.83,80.22,82.1,77.7,86.14,99.81,82.45,131.15,87.72,90.91,81.18,76.12,108.13,114.57,115.95,122.01,109.15,98.43,115.38,79.47,99.59,82.52,101.91,96.34,88.78,67.1,91.2,111.88
2020-12-16,122.66,91.07,65.75,71.69,95.78,81.73,77.09,97.15,92.45,112.78,91.94,82.33,103.75,119.74,83.86,83.97,84.8,95.36,59.92,80.41,82.19,77.79,86.14,99.75,82.53,130.61,87.6,90.83,81.26,76.23,108.19,114.63,116.13,122.1,109.67,98.38,115.36,79.63,99.79,82.55,102.09,96.59,88.9,67.07,91.19,111.75
2020-12-17,118.82,91.0,65.61,72.08,95.82,81.53,77.29,96.82,92.52,112.64,91.94,82.53,103.62,119.35,83.87,84.05,84.37,95.26,59.98,80.6,82.26,77.86,86.24,99.66,82.6,130.0,87.56,90.84,81.3,76.23,108.18,114.68,116.2,122.09,110.56,98.63,115.29,79.82,99.97,82.44,102.2,97.0,89.07,67.11,91.19,111.57
2020-12-18,114.93,90.88,65.47,72.47,95.87,81.3,77.46,96.51,92.58,112.57,91.68,82.61,103.48,118.9,83.86,84.09,83.99,95.1,60.0,80.72,82.26,77.88,86.21,99.58,82.62,129.38,87.43,90.78,81.21,76.13,108.14,114.7,116.33,122.08,111.44,98.8,115.18,79.97,99.83,82.26,102.36,97.28,89.07,66.97,91.15,111.34
2020-12-19,111.32,90.93,65.32,73.01,96.17,81.02,77.88,96.28,92.71,112.55,91.72,82.82,103.35,118.39,83.88,84.33,83.65,95.04,59.97,80.94,82.35,78.06,86.49,99.65,82.86,129.14,87.5,90.81,81.35,76.08,108.25,114.79,116.52,122.11,112.95,99.03,115.2,80.2,99.67,82.16,102.9,97.55,89.21,66.83,91.17,111.11
2020-12-20,107.42,90.74,65.1,73.45,96.1,80.7,77.99,95.92,92.76,112.37,91.7,82.76,103.19,117.6,83.78,84.24,83.31,94.85,59.88,80.97,82.27,77.98,86.45,99.53,82.83,128.49,87.37,90.73,81.28,75.89,108.26,114.81,116.71,122.09,114.38,99.12,114.97,80.27,99.47,81.82,103.02,97.73,89.13,66.68,91.2,110.79
2020-12-21,103.48,90.6,64.89,73.87,95.99,80.4,78.09,95.58,92.83,112.19,91.77,82.64,103.08,116.82,83.68,84.28,82.91,94.65,59.67,81.0,82.21,77.91,86.47,99.43,82.81,128.01,87.29,90.64,81.2,75.71,108.36,114.8,116.68,122.07,115.84,99.21,114.8,80.35,99.25,81.49,103.11,98.12,89.06,66.59,91.18,110.52
2020-12-22,99.55,90.41,64.8,73.89,95.69,80.13,78.12,95.18,92.9,111.86,92.07,82.46,102.92,116.03,83.59,84.23,82.74,94.49,59.49,81.02,82.16,77.85,86.47,99.34,82.74,127.39,87.13,90.74,81.11,75.52,108.44,114.76,116.63,122.0,117.17,99.25,114.59,80.41,99.1,81.23,103.18,97.93,89.05,66.53,91.24,110.3
2020-12-23,95.54,90.25,64.75,73.89,95.15,79.81,78.17,94.87,92.96,111.5,91.8,82.25,102.61,114.58,83.45,84.14,82.65,94.28,59.45,81.01,82.09,77.84,86.45,99.23,82.63,126.64,87.08,90.81,81.11,75.27,108.58,114.86,116.56,121.88,118.38,99.44,114.39,80.42,98.8,80.95,103.21,97.84,88.96,66.52,91.3,110.06
2020-12-24,95.49,90.04,64.78,74.58,95.07,79.4,78.25,94.59,92.93,111.11,91.51,82.05,102.29,113.17,83.31,84.15,82.59,94.12,59.71,80.99,82.07,77.92,86.48,99.1,82.48,125.72,86.94,90.84,81.21,75.11,108.56,114.77,116.42,121.65,119.17,99.29,114.13,80.43,98.41,80.81,103.29,97.55,88.93,66.44,91.29,109.78
2020-12-25,95.3,89.76,64.66,74.49,94.81,78.84,78.23,94.23,92.85,110.57,91.34,81.77,101.79,111.84,83.12,84.06,82.42,93.89,59.74,80.92,81.94,77.93,86.48,98.84,82.23,124.7,86.74,90.8,81.22,74.92,108.44,114.58,116.19,121.36,119.69,99.11,113.76,80.35,98.17,80.58,103.17,97.26,88.83,66.38,91.27,109.48
2020-12-26,95.11,89.49,64.65,74.48,94.72,78.2,78.2,93.89,92.73,110.01,91.08,81.59,101.23,110.71,83.02,84.1,82.25,93.66,59.76,80.9,81.83,78.02,86.56,98.57,82.0,123.75,86.61,90.69,81.22,74.94,108.43,114.4,115.88,120.98,119.51,99.02,113.47,80.32,97.89,80.37,103.07,97.01,88.8,66.3,91.11,109.14
2020-12-27,94.91,89.25,64.61,74.29,94.53,77.7,78.15,93.63,92.63,109.49,90.81,81.4,100.77,109.86,82.92,84.05,82.09,93.43,59.79,80.85,81.76,78.1,86.57,98.31,81.75,122.74,86.46,90.56,81.22,74.76,108.31,114.19,115.53,120.6,119.21,98.88,113.09,80.26,97.55,80.22,102.93,96.78,88.73,66.08,90.97,108.9
2020-12-28,94.77,89.04,64.63,74.12,94.44,77.34,78.09,93.41,92.54,109.08,90.15,81.24,100.4,109.06,82.86,83.98,81.99,93.24,59.82,80.79,81.68,78.18,86.56,98.08,81.55,121.77,86.37,90.5,81.28,74.63,108.12,114.07,115.42,120.27,119.06,98.78,112.77,80.19,97.21,80.16,102.91,96.41,88.67,66.02,90.94,108.7
2020-12-29,94.67,88.89,64.63,74.06,94.35,77.12,78.06,93.3,92.42,108.79,89.66,81.1,100.14,108.24,82.79,84.01,81.82,93.06,59.73,80.75,81.61,78.24,86.47,97.85,81.4,120.98,86.28,90.37,81.36,74.49,107.98,113.95,115.41,120.09,118.83,98.6,112.52,80.12,96.92,80.09,102.81,96.18,88.61,65.9,90.85,108.44
2020-12-30,94.61,88.75,64.59,73.99,94.21,77.07,78.05,93.27,92.31,108.57,89.63,80.94,100.07,108.5,82.74,84.03,81.75,92.97,59.61,80.68,81.51,78.26,86.39,97.7,81.24,120.46,86.13,90.29,81.28,74.34,107.86,113.87,115.39,120.05,118.83,98.51,112.32,80.05,96.69,80.04,102.77,95.96,88.52,65.79,90.73,108.23
2020-12-31,94.51,88.67,64.49,73.25,94.01,77.05,77.96,93.29,92.19,108.19,89.35,80.78,100.02,108.66,82.62,83.89,81.69,92.86,59.4,80.58,81.36,78.14,86.18,97.53,81.04,120.15,86.0,90.16,81.19,74.2,107.8,113.9,115.42,120.13,118.71,98.44,112.11,79.88,96.48,79.97,102.63,95.7,88.41,65.69,90.61,108.06
2021-01-01,94.31,88.52,64.34,73.03,93.64,77.04,77.81,93.26,91.95,107.75,89.24,80.57,100.01,108.55,82.39,83.55,81.66,92.67,59.4,80.48,81.1,77.91,85.73,97.2,80.75,119.62,85.67,90.01,81.07,73.87,107.78,113.83,115.39,120.17,118.48,98.25,111.63,79.6,96.15,79.82,102.39,95.26,88.19,65.5,90.43,107.85
2021-01-02,94.01,88.32,64.13,72.85,93.08,76.95,77.64,93.17,91.61,107.29,88.97,80.27,99.85,108.25,82.11,83.12,81.63,92.42,59.39,80.34,80.8,77.64,85.21,96.87,80.42,119.0,85.26,89.82,80.94,73.53,107.58,113.67,115.26,120.13,118.2,97.86,111.02,79.24,95.64,79.65,102.04,94.79,87.89,65.29,90.19,107.65
2021-01-03,93.74,88.09,63.92,72.74,92.6,76.76,77.43,93.09,91.28,106.83,88.58,79.97,99.66,107.89,81.77,82.74,81.65,92.19,59.4,80.14,80.48,77.34,84.73,96.54,80.09,118.51,84.91,89.65,80.74,73.36,107.43,113.52,115.19,120.11,117.99,97.57,110.47,78.88,95.23,79.5,101.72,94.26,87.6,65.23,89.94,107.48
2021-01-04,93.47,87.82,63.65,72.64,92.19,76.52,77.19,93.02,90.93,106.33,88.7,79.67,99.48,107.54,81.4,82.31,81.68,91.97,59.43,79.94,80.13,77.02,84.23,96.18,79.73,117.91,84.42,89.51,80.5,73.13,107.31,113.37,115.15,120.07,117.55,97.24,109.85,78.51,94.87,79.34,101.29,93.71,87.29,65.0,89.68,107.26
2021-01-05,93.25,87.71,63.47,72.47,91.81,76.46,77.01,93.12,90.7,106.07,87.98,79.43,99.62,108.05,81.1,81.85,81.88,91.8,59.61,79.75,79.82,76.69,83.78,95.94,79.43,117.65,84.0,89.37,80.26,72.96,107.3,113.3,114.96,120.0,117.27,97.04,109.54,78.24,94.38,79.26,100.89,93.35,86.94,64.71,89.5,106.92
2021-01-06,93.21,87.77,63.36,72.36,91.75,76.66,76.9,93.4,90.62,106.05,88.63,79.33,99.96,108.11,80.94,81.64,82.11,91.82,59.93,79.69,79.71,76.52,83.61,95.86,79.3,117.7,83.89,89.36,80.26,73.04,107.45,113.34,115.01,119.97,117.04,96.97,109.52,78.13,94.42,79.34,100.55,93.12,86.79,64.5,89.46,106.56
2021-01-07,93.34,88.08,63.43,72.4,91.73,77.25,76.89,93.91,90.72,106.42,88.61,79.34,100.6,108.68,80.95,81.73,82.41,91.96,60.09,79.8,79.74,76.48,83.66,95.96,79.36,118.04,83.84,89.44,80.39,73.26,107.8,113.51,115.13,120.01,116.75,97.07,109.8,78.2,94.33,79.56,100.37,93.12,86.8,64.35,89.47,106.47
2021-01-08,98.66,88.68,63.71,72.7,92.28,78.23,77.18,94.69,90.97,107.2,89.03,79.51,101.5,110.1,81.22,82.21,82.76,92.4,60.33,80.07,79.94,76.7,84.11,96.43,79.78,118.87,84.21,89.57,80.72,73.77,108.26,113.89,115.4,120.14,116.8,97.44,110.67,78.57,94.38,79.96,100.34,93.48,87.03,64.38,89.67,106.91
2021-01-09,103.98,89.42,64.06,72.93,92.76,79.51,77.43,95.55,91.36,108.17,89.51,79.64,102.7,111.86,81.52,82.59,83.16,92.94,60.2,80.46,80.14,76.87,84.46,96.97,80.25,119.75,84.75,89.81,81.12,74.16,108.81,114.3,115.81,120.34,117.33,97.86,111.71,78.97,94.61,80.4,100.42,94.97,87.24,64.48,89.98,107.45
2021-01-10,109.49,90.31,64.45,73.3,93.58,80.83,77.87,96.52,91.84,109.24,90.34,80.0,104.05,113.74,81.95,83.24,83.58,93.62,60.24,81.11,80.49,77.28,85.08,97.62,80.95,120.86,85.36,90.15,81.73,74.7,109.58,114.93,116.34,120.61,118.0,98.44,113.11,79.5,94.93,80.99,100.8,96.63,87.67,64.61,90.36,107.97
2021-01-11,115.01,91.21,64.86,73.66,94.36,82.08,78.34,97.47,92.31,110.33,90.96,80.35,105.33,115.61,82.38,83.97,84.0,94.29,60.25,81.79,80.82,77.76,85.81,98.31,81.64,122.0,86.07,90.43,82.38,75.26,110.28,115.52,116.78,120.89,118.71,99.04,114.5,80.08,95.25,81.57,101.19,98.25,88.14,64.74,90.72,108.55
2021-01-12,115.53,92.04,65.26,74.17,95.05,83.28,78.74,98.37,92.8,111.36,92.54,80.79,106.34,116.26,82.82,84.73,84.4,94.87,60.2,82.5,81.07,78.28,86.59,98.99,82.32,122.93,86.82,90.73,83.06,75.79,110.9,116.06,117.36,121.22,118.88,99.6,115.73,80.66,95.71,82.06,101.68,99.89,88.73,65.07,91.1,109.56
2021-01-13,115.93,92.79,65.81,74.71,95.56,84.39,79.04,99.12,93.19,112.32,92.37,81.18,107.23,116.64,83.24,85.17,84.71,95.26,60.06,83.23,81.26,78.7,87.18,99.51,82.93,123.7,87.49,90.94,83.71,76.2,111.37,116.54,117.82,121.41,118.91,99.97,116.84,81.18,95.53,82.46,102.16,101.49,89.21,65.39,91.43,110.73
2021-01-14,116.41,93.44,66.37,75.2,96.16,85.47,79.39,99.73,93.63,113.28,93.27,81.62,108.06,116.95,83.62,85.64,84.99,95.71,59.93,83.96,81.46,79.22,87.77,100.13,83.58,124.45,88.26,91.21,84.38,76.63,111.82,116.98,118.31,121.66,119.08,100.3,118.07,81.72,95.71,82.94,102.62,102.07,89.66,65.74,91.81,111.77
2021-01-15,111.94,94.14,66.95,75.09,96.16,86.39,79.61,100.34,94.09,114.17,93.76,82.07,109.02,116.77,83.94,86.09,85.34,96.04,59.43,84.73,81.74,79.71,88.29,100.72,84.16,124.86,89.02,91.47,85.0,77.14,112.32,117.43,118.76,121.96,119.29,100.54,119.27,82.23,95.8,83.49,103.22,103.09,90.12,66.19,92.15,112.53
2021-01-16,106.41,94.89,67.59,75.05,96.14,87.34,79.95,100.88,94.59,115.09,94.4,82.78,109.94,116.6,84.44,86.67,85.68,96.42,59.42,85.57,82.17,80.38,89.05,101.37,84.88,125.68,89.81,91.8,85.8,77.75,112.85,117.91,119.25,122.33,119.07,100.84,120.62,82.87,96.09,84.12,103.92,103.16,90.77,66.68,92.57,113.27
2021-01-17,100.65,95.51,68.19,74.85,95.69,88.21,80.12,101.27,94.95,115.92,94.7,83.28,110.67,116.06,84.8,86.92,85.94,96.63,59.24,86.22,82.47,80.85,89.55,101.9,85.38,126.2,90.47,91.99,86.43,78.23,113.22,118.2,119.55,122.58,119.11,100.78,121.6,83.37,96.23,84.49,104.27,103.13,91.2,67.14,92.83,114.01
2021-01-18,94.87,96.09,68.77,74.65,95.19,89.1,80.27,101.64,95.33,116.72,95.0,83.76,111.39,115.52,85.16,87.06,86.2,96.83,59.09,86.85,82.81,81.28,89.93,102.41,85.88,126.79,91.09,92.1,87.04,78.69,113.59,118.49,119.89,122.77,119.32,100.73,122.58,83.85,96.28,84.91,104.69,103.07,91.59,67.61,93.13,114.83
2021-01-19,94.04,96.6,69.29,74.34,94.72,89.83,80.39,101.98,95.6,117.52,95.17,84.12,112.16,115.4,85.45,87.26,86.4,97.1,58.89,87.41,83.2,81.69,90.34,102.87,86.31,127.27,91.72,92.3,87.59,79.1,113.99,118.75,120.17,122.94,120.18,100.9,123.51,84.26,96.29,85.38,105.04,102.97,91.91,67.96,93.35,115.52
2021-01-20,93.17,97.07,69.72,73.97,94.25,90.42,80.56,102.3,95.83,118.13,95.46,84.42,112.94,115.52,85.71,87.57,86.59,97.39,58.69,87.95,83.54,82.11,90.72,103.38,86.71,127.74,92.3,92.49,88.05,79.54,114.46,118.99,120.41,123.18,121.16,101.12,124.37,84.6,96.64,85.88,105.39,102.82,92.2,68.33,93.58,116.14
2021-01-21,92.16,97.53,70.07,73.61,93.45,90.93,80.8,102.66,96.03,118.6,95.54,84.64,113.58,115.42,85.98,87.77,86.58,97.57,58.47,88.41,83.82,82.45,91.05,103.79,87.06,128.05,93.02,92.52,88.36,79.95,114.94,119.33,120.73,123.35,121.65,101.32,125.03,84.92,96.6,86.24,105.8,103.63,92.48,68.65,93.73,116.63
2021-01-22,91.12,97.84,70.41,73.84,93.21,91.44,80.95,102.92,96.25,119.06,95.57,84.88,114.1,115.5,86.26,87.91,86.51,97.74,58.62,88.81,83.98,82.74,91.39,104.14,87.41,128.54,93.73,92.69,88.76,80.33,115.28,119.38,120.96,123.39,122.04,101.39,125.65,85.22,96.71,86.54,106.25,103.92,92.75,68.89,93.85,117.01
2021-01-23,91.05,97.76,70.7,73.85,92.68,92.02,80.79,103.14,96.27,119.44,95.42,84.64,114.69,115.21,86.32,87.7,86.42,97.71,58.68,88.91,83.92,82.62,91.29,104.26,87.39,128.21,94.16,92.57,88.71,80.39,115.5,119.44,121.01,123.34,122.41,101.38,125.85,85.24,96.55,86.6,105.9,104.0,92.67,69.12,93.9,117.34
2021-01-24,91.46,98.11,71.15,74.18,93.05,92.71,81.06,103.54,96.55,120.01,95.6,84.88,115.33,115.28,86.58,88.0,86.37,97.93,58.95,89.37,84.07,82.94,91.65,104.66,87.85,128.46,94.97,92.69,89.11,80.8,115.95,119.67,121.18,123.4,122.64,101.78,126.45,85.57,96.53,87.05,106.19,104.22,93.02,69.41,94.1,117.7
2021-01-25,91.93,98.53,71.67,74.55,93.47,93.59,81.32,104.03,96.86,120.71,95.82,85.14,116.06,115.41,86.87,88.34,86.32,98.17,59.23,89.88,84.25,83.3,92.07,105.09,88.34,128.58,95.84,92.86,89.53,81.25,116.51,119.98,121.41,123.57,122.65,102.27,127.05,85.9,96.52,87.44,106.61,104.57,93.43,69.73,94.36,118.0
2021-01-26,92.6,98.97,72.3,75.03,93.95,94.65,81.66,104.34,97.18,121.07,96.01,85.51,116.79,115.63,87.16,88.7,86.08,98.41,59.54,90.42,84.51,83.75,92.54,105.44,89.01,129.05,96.68,92.92,90.1,81.71,116.95,120.18,121.49,123.67,122.53,102.4,127.69,86.34,96.61,87.95,107.07,105.12,94.0,70.15,94.72,118.31
2021-01-27,93.27,99.42,72.93,75.53,94.41,95.8,82.07,104.71,97.62,121.54,96.19,85.99,117.39,115.62,87.45,89.11,85.89,98.62,59.9,91.01,84.83,84.21,92.96,105.76,89.79,129.12,97.39,92.96,90.71,82.15,117.45,120.45,121.59,123.79,122.56,102.66,128.19,86.81,96.38,88.38,107.7,105.5,94.65,70.56,94.93,118.54
2021-01-28,93.98,99.85,73.59,76.15,95.23,96.89,82.42,105.08,98.04,122.13,96.47,86.63,118.01,116.27,87.74,89.53,86.1,98.99,60.35,91.7,85.18,84.78,93.45,106.07,90.6,129.31,97.9,93.34,91.44,82.6,117.82,120.57,121.54,123.89,123.39,102.87,128.7,87.28,96.58,88.84,108.28,105.81,95.33,70.99,95.22,118.82
2021-01-29,94.68,100.3,74.31,76.72,95.81,97.72,82.82,105.53,98.44,122.71,95.56,87.19,118.6,116.99,88.08,89.92,86.33,99.3,60.79,92.39,85.55,85.41,93.86,106.39,91.35,129.64,98.28,93.56,92.08,83.06,118.34,120.65,121.65,124.16,124.18,103.03,129.3,87.71,96.65,89.24,108.88,106.13,96.03,71.42,95.64,120.16
2021-01-30,95.59,101.05,75.17,77.37,96.82,98.49,83.56,106.14,98.99,123.49,96.05,88.04,119.12,118.02,88.47,90.47,86.59,99.82,61.12,93.28,86.05,86.37,94.58,106.86,92.34,130.38,98.8,94.03,92.98,83.76,118.83,120.63,121.79,124.94,125.51,103.22,129.99,88.28,96.92,89.8,110.1,106.53,96.96,71.84,96.04,121.75
2021-01-31,96.11,101.43,75.9,77.77,97.21,99.2,83.91,106.59,99.38,124.16,96.27,88.51,119.63,118.99,88.8,90.71,86.83,100.18,61.47,93.89,86.41,86.95,94.86,107.14,92.94,130.76,99.04,94.35,93.54,84.24,119.2,120.57,121.98,125.71,126.67,103.3,130.41,88.65,97.07,90.15,110.85,106.79,97.59,72.2,96.42,123.21
2021-02-01,96.54,101.74,76.58,78.13,97.57,99.66,84.25,106.93,99.7,124.58,96.51,88.94,120.18,119.86,89.1,90.9,87.01,100.5,61.79,94.43,86.76,87.44,95.08,107.34,93.54,131.16,99.2,94.71,94.08,84.65,119.48,120.39,122.07,126.43,127.85,103.12,130.76,88.96,97.25,90.47,111.35,106.95,98.17,72.53,96.69,124.55
2021-02-02,95.77,102.28,77.13,78.37,97.83,99.81,84.66,107.38,100.03,125.23,96.88,89.42,120.42,120.26,89.43,91.08,87.53,100.85,62.1,94.97,87.09,87.95,95.36,107.6,94.0,131.35,99.46,95.07,94.48,85.04,119.84,120.28,122.29,127.13,129.86,103.16,130.98,89.27,97.48,90.64,111.83,106.94,98.65,72.83,96.93,124.82
2021-02-03,94.97,102.77,77.72,78.49,98.12,99.82,84.97,107.69,100.23,125.78,96.78,89.84,120.74,120.39,89.71,91.25,87.98,101.09,62.41,95.43,87.38,88.46,95.68,107.86,94.37,131.99,99.78,95.49,94.81,85.35,120.02,120.06,122.44,127.85,131.66,102.98,131.36,89.59,97.97,90.86,112.14,107.09,99.01,73.06,97.22,125.04
2021-02-04,95.2,103.24,78.32,78.38,98.45,99.8,85.26,107.86,100.36,126.25,96.99,90.06,120.79,119.89,89.98,91.34,87.9,101.1,62.63,95.75,87.5,88.74,95.77,108.02,94.66,131.97,99.96,95.31,95.17,85.7,120.2,119.68,122.55,128.2,133.11,102.95,131.53,89.81,97.92,90.94,112.37,107.21,99.3,72.96,97.35,121.66
2021-02-05,95.55,103.8,78.91,78.34,98.85,100.11,85.59,108.16,100.64,126.77,98.59,90.47,121.24,119.45,90.3,91.64,88.16,101.4,62.91,96.2,87.87,89.17,96.14,108.29,95.12,132.41,100.31,95.65,95.57,85.97,120.37,119.74,122.7,128.86,135.0,103.2,131.79,90.15,98.49,91.17,112.65,107.49,99.8,73.0,97.51,120.96
2021-02-06,95.75,104.27,79.33,78.33,99.16,100.29,85.77,108.32,100.86,127.17,98.78,90.78,121.63,118.57,90.62,91.9,88.42,101.56,63.09,96.59,88.2,89.52,96.36,108.46,95.59,132.77,100.55,95.86,95.89,86.09,120.63,119.8,122.83,129.1,136.21,103.42,132.08,90.55,98.9,91.35,112.7,107.68,100.2,72.99,97.63,120.02
2021-02-07,96.11,104.83,79.86,78.44,99.55,100.43,86.13,108.61,101.1,127.58,99.11,91.28,121.97,117.75,90.91,92.39,88.7,101.78,63.29,97.1,88.6,90.1,96.89,108.69,96.19,133.22,100.86,96.11,96.31,86.28,120.94,119.91,122.96,129.32,137.67,103.7,132.49,91.0,99.38,91.6,113.08,108.11,100.7,73.03,97.75,119.17
2021-02-08,96.51,105.38,80.35,78.48,99.88,100.57,86.53,108.88,101.36,128.07,99.49,91.77,122.18,116.79,91.21,92.88,89.03,101.99,63.54,97.65,88.95,90.68,97.42,108.94,96.71,133.65,101.19,96.29,96.74,86.52,121.28,120.06,123.13,129.48,139.1,104.16,132.96,91.48,99.74,91.79,113.53,108.44,101.18,73.07,97.9,118.39
2021-02-09,97.94,105.75,80.98,78.54,100.4,100.98,86.91,109.33,101.65,128.65,99.77,92.23,122.56,116.39,91.6,93.3,89.31,102.21,63.88,98.27,89.35,91.27,97.86,109.2,97.31,133.97,101.36,96.54,97.18,86.86,121.52,120.24,123.25,129.75,139.33,104.43,133.47,91.99,100.05,92.0,114.01,108.76,101.67,73.21,97.93,118.71
2021-02-10,99.42,106.2,81.53,78.74,100.88,101.5,87.4,109.97,101.97,129.31,100.51,92.72,122.78,116.7,92.07,93.79,89.64,102.58,64.24,98.92,89.73,91.86,98.35,109.5,97.87,134.3,101.5,96.81,97.71,87.31,121.84,120.43,123.37,130.63,139.62,104.77,133.99,92.56,100.29,92.26,114.49,109.14,102.25,73.45,98.21,119.16
2021-02-11,99.88,106.65,82.15,79.67,101.31,101.92,87.92,110.77,102.34,130.16,100.93,93.4,123.24,117.14,92.53,94.32,90.36,103.1,64.97,99.64,90.24,92.56,99.05,109.87,98.55,135.29,101.83,97.41,98.19,87.7,122.22,120.73,123.53,131.85,139.77,105.03,134.58,93.23,100.91,92.61,115.03,109.63,102.94,73.98,98.6,123.22
2021-02-12,100.27,107.04,82.78,80.6,101.68,102.23,88.42,111.41,102.58,130.91,101.16,94.0,123.28,117.53,92.93,94.75,90.77,103.42,65.68,100.28,90.53,93.07,99.51,110.18,99.11,135.78,102.09,97.61,98.64,88.1,122.57,120.74,123.46,132.76,139.45,106.0,135.03,93.88,101.05,92.91,115.51,110.03,103.43,74.39,98.88,123.6
2021-02-13,102.22,107.5,83.45,81.53,102.23,102.51,89.12,112.17,102.91,131.7,101.5,94.71,123.3,118.18,93.39,95.38,91.17,103.79,66.62,101.05,90.95,93.64,100.24,110.67,99.78,136.38,102.52,97.69,99.25,88.67,122.92,120.81,123.48,133.61,136.18,106.85,135.67,94.53,101.02,93.31,116.3,110.55,104.08,74.84,99.24,123.89
2021-02-14,104.01,107.84,83.96,82.33,102.52,102.72,89.68,112.81,103.18,132.4,101.81,95.18,123.33,118.68,93.78,95.7,91.54,104.1,67.31,101.67,91.23,93.95,100.67,111.06,100.25,136.83,102.82,97.68,99.69,89.2,123.16,120.79,123.42,134.43,135.06,107.47,136.12,95.06,101.17,93.58,116.66,110.84,104.56,75.22,99.59,124.15
2021-02-15,105.79,108.19,84.53,83.17,102.79,102.96,90.18,113.52,103.43,133.12,102.09,95.63,123.39,119.48,94.13,95.99,91.87,104.44,68.0,102.24,91.54,94.28,101.09,111.46,100.74,137.39,103.1,97.86,100.11,89.69,123.34,120.77,123.34,135.3,133.19,107.98,136.58,95.57,101.47,93.96,117.01,111.24,105.04,75.56,99.93,124.31
2021-02-16,107.53,108.43,84.99,84.04,102.99,102.89,90.57,113.84,103.6,133.72,102.31,95.99,123.5,119.9,94.3,96.26,92.16,104.7,68.64,102.67,91.73,94.52,101.39,111.75,101.09,137.9,103.56,98.12,100.52,90.04,123.57,120.73,123.25,136.01,131.82,108.09,136.92,95.94,101.6,94.21,117.33,111.39,105.44,75.79,100.29,124.43
2021-02-17,109.16,108.59,85.37,84.88,103.23,102.78,90.76,114.12,103.76,134.39,102.47,96.28,123.72,120.05,94.44,96.48,92.51,104.87,69.25,103.08,91.9,94.72,101.63,112.01,101.46,138.31,104.05,98.26,100.9,90.36,123.76,120.69,123.19,136.15,130.35,108.21,137.27,96.23,101.19,94.33,117.56,111.52,105.84,75.93,100.48,124.48
2021-02-18,110.75,108.78,85.67,85.09,103.41,102.84,90.97,114.43,103.92,134.93,102.66,96.44,124.03,120.24,94.62,96.66,92.83,105.07,69.56,103.43,92.05,94.95,101.83,112.34,101.79,138.68,104.5,98.53,101.3,90.72,123.91,120.66,123.04,136.33,128.92,108.1,137.69,96.47,101.04,94.54,117.74,111.64,106.2,76.13,100.6,124.51
2021-02-19,112.32,108.9,85.8,85.3,103.54,102.96,91.1,114.74,104.06,135.48,102.87,96.5,124.05,120.28,94.78,96.77,93.16,105.24,69.87,103.93,92.18,95.17,102.05,112.63,102.07,139.07,104.96,98.78,101.67,91.08,123.92,120.7,122.92,136.33,127.52,107.16,137.99,96.65,100.96,94.66,117.8,111.77,106.5,76.35,100.77,124.53
2021-02-20,112.1,108.82,85.84,85.33,103.08,103.14,90.82,114.84,104.08,135.81,102.94,96.22,124.11,120.3,94.8,96.51,93.45,105.28,69.89,104.03,92.09,95.1,101.81,112.58,101.98,139.04,105.26,99.06,101.7,91.06,123.68,120.53,122.72,136.37,128.99,106.27,138.01,96.61,101.32,94.53,117.2,111.75,106.5,76.51,100.92,124.71
2021-02-21,112.18,108.94,86.07,85.64,103.21,103.48,90.85,115.17,104.21,136.35,103.05,96.39,124.47,120.55,94.99,96.71,93.8,105.48,70.29,104.46,92.23,95.44,101.99,112.74,102.28,139.38,105.75,99.52,102.07,91.29,123.7,120.48,122.65,136.51,128.36,105.68,138.38,96.83,101.5,94.6,117.3,111.87,106.81,76.71,101.06,124.86
2021-02-22,112.29,109.04,86.27,85.98,103.44,103.75,90.86,115.48,104.32,136.9,103.22,96.58,124.78,120.81,95.17,96.96,94.21,105.67,70.67,104.9,92.36,95.75,102.16,112.87,102.59,139.63,106.37,99.85,102.45,91.52,123.75,120.4,122.56,136.68,128.58,105.17,138.72,97.08,101.7,94.68,117.39,112.0,107.15,76.92,101.23,125.16
2021-02-23,112.41,109.27,86.54,86.31,103.65,104.22,90.78,116.12,104.54,137.47,103.47,96.98,125.09,121.27,95.53,97.22,94.62,105.91,71.11,105.41,92.52,96.07,102.48,113.1,102.92,139.85,106.92,100.04,102.88,91.88,123.81,120.33,122.47,137.04,128.68,105.17,139.13,97.31,101.94,94.85,117.43,112.38,107.59,77.21,101.42,125.39
2021-02-24,112.67,109.56,86.86,86.71,103.82,104.81,90.93,116.78,104.83,138.12,103.78,97.53,125.42,121.85,95.89,97.55,94.9,106.23,71.6,105.98,92.78,96.47,103.0,113.4,103.33,140.11,107.63,100.24,103.28,92.24,123.91,120.38,122.47,137.43,128.78,105.25,139.55,97.62,102.69,95.13,117.64,112.84,108.12,77.59,101.67,125.66
2021-02-25,112.95,109.88,87.13,87.18,104.0,105.45,90.92,117.42,105.18,138.93,103.56,98.02,125.82,122.51,96.27,97.79,95.24,106.54,72.16,106.59,93.07,96.81,103.36,113.72,103.67,140.41,108.25,100.44,103.61,92.63,124.03,120.47,122.51,137.77,129.1,105.44,140.05,97.9,103.22,95.39,117.83,113.33,108.6,77.91,102.0,126.06
2021-02-26,112.16,110.22,87.53,87.66,104.16,106.02,91.06,118.17,105.57,139.87,103.92,98.49,126.12,123.05,96.67,98.1,95.62,106.85,72.71,107.0,93.36,97.15,103.8,114.03,103.95,140.68,108.8,100.64,103.99,93.06,124.22,120.54,122.6,138.27,129.27,105.58,140.45,98.17,103.74,95.63,118.1,113.8,109.13,78.23,102.31,126.42
2021-02-27,111.46,110.74,88.02,88.24,104.76,106.58,91.51,119.05,106.06,140.85,104.45,99.23,126.39,123.67,97.1,98.71,96.09,107.29,73.34,107.64,93.71,97.65,104.57,114.56,104.45,141.19,109.66,100.96,104.56,93.63,124.58,120.79,122.73,138.75,130.64,105.84,141.08,98.62,104.13,96.06,118.86,114.46,109.86,78.6,102.7,126.74
2021-02-28,110.49,111.11,88.37,88.63,104.98,107.08,91.71,119.75,106.45,141.71,104.86,99.68,126.39,124.18,97.48,98.98,96.56,107.62,73.88,108.06,93.97,97.86,104.94,114.95,104.7,141.45,110.33,101.17,104.94,93.99,124.74,120.93,122.76,139.13,132.59,105.94,141.48,98.93,104.48,96.36,119.16,114.98,110.38,78.95,103.07,127.08
2021-03-01,109.42,111.39,88.59,88.97,105.09,107.43,91.85,120.29,106.72,142.26,105.15,100.05,126.2,124.06,97.75,99.2,96.98,107.82,74.41,108.39,94.11,97.99,105.26,115.22,104.8,141.5,110.74,101.33,105.2,94.28,124.81,120.97,122.68,139.27,134.4,105.95,141.61,99.11,104.65,96.55,119.36,115.36,110.75,79.22,103.26,127.24
2021-03-02,108.34,111.57,88.78,89.31,105.17,107.83,92.17,120.84,107.03,143.01,105.4,100.19,126.02,123.92,98.08,99.39,97.39,108.01,74.82,108.63,94.23,98.11,105.49,115.51,104.96,141.73,111.09,101.43,105.43,94.66,124.86,121.0,122.61,139.3,136.16,105.93,141.78,99.33,104.8,96.77,119.58,115.68,111.05,79.5,103.5,127.41
2021-03-03,107.39,111.85,88.97,89.59,105.33,108.29,92.36,121.42,107.36,143.91,105.72,100.26,125.97,123.83,98.44,99.54,97.98,108.25,75.24,108.86,94.34,98.2,105.59,115.91,105.12,142.09,111.37,101.66,105.74,95.0,124.9,120.98,122.56,139.34,137.8,105.87,142.0,99.51,105.05,97.01,119.77,115.61,111.24,79.84,103.84,127.64
2021-03-04,106.54,112.19,89.22,89.78,105.54,108.72,92.66,122.17,107.72,144.92,106.65,100.48,125.89,123.89,98.77,99.73,98.53,108.56,75.72,109.14,94.53,98.26,105.79,116.32,105.39,142.51,111.77,101.88,106.17,95.41,124.96,121.03,122.58,139.52,139.5,105.93,142.24,99.79,105.31,97.35,119.94,115.6,111.45,80.33,104.22,127.83
2021-03-05,106.77,112.59,89.38,89.95,105.88,109.26,92.94,122.9,108.12,146.24,107.17,100.76,126.26,124.08,99.18,99.91,99.17,108.93,76.26,109.38,94.69,98.28,105.95,116.86,105.8,143.05,112.3,102.09,106.56,95.75,125.15,121.17,122.62,139.73,141.94,105.95,142.68,100.12,105.6,97.9,120.15,115.67,111.65,80.8,104.61,128.12
2021-03-06,107.2,112.95,89.47,90.02,106.21,109.59,93.14,123.7,108.41,147.22,107.54,100.85,126.61,124.1,99.56,100.0,99.75,109.2,77.03,109.53,94.74,98.18,105.81,117.35,105.97,143.71,112.56,102.22,106.65,95.97,125.26,121.22,122.59,139.84,142.83,105.77,143.02,100.27,105.74,98.33,120.23,115.64,111.49,81.24,104.94,128.47
2021-03-07,107.71,113.43,89.67,90.22,106.53,110.04,93.4,124.5,108.8,148.23,108.09,101.17,127.05,123.84,99.93,100.16,100.36,109.55,77.63,109.85,94.87,98.31,105.98,117.87,106.28,144.39,112.99,102.43,106.99,96.35,125.45,121.34,122.61,140.14,143.37,105.89,143.47,100.6,105.96,98.91,120.39,115.77,111.68,81.67,105.31,128.86
2021-03-08,108.32,114.01,89.95,90.49,106.94,110.76,93.76,125.48,109.35,149.61,108.52,101.61,127.72,124.27,100.45,100.45,101.03,110.03,78.26,110.3,95.16,98.57,106.25,118.55,106.76,145.29,113.59,102.69,107.48,96.83,125.74,121.59,122.81,140.69,143.55,106.1,144.23,101.06,106.36,99.61,120.63,116.05,112.03,82.25,105.86,129.39
2021-03-09,108.99,114.71,90.31,90.81,107.44,111.57,94.04,126.48,109.89,151.0,109.0,102.09,128.45,124.89,100.94,100.79,101.74,110.56,79.01,110.86,95.58,98.87,106.64,119.26,107.3,146.21,114.26,103.04,107.98,97.29,126.11,121.85,123.08,141.4,143.77,106.34,144.97,101.53,106.86,100.3,120.94,116.14,112.39,82.84,106.35,130.08
2021-03-10,109.43,115.28,90.66,91.16,107.86,112.3,94.34,127.41,110.39,152.34,109.41,102.55,129.11,125.42,101.37,101.04,102.43,110.98,79.76,111.39,95.96,99.18,106.88,119.75,107.81,147.02,114.69,103.09,108.52,97.84,126.36,122.06,123.22,142.03,144.08,106.48,145.67,101.95,107.18,100.94,121.22,116.83,112.75,83.35,106.82,130.71
2021-03-11,109.72,115.85,91.11,91.53,108.23,113.01,94.66,128.29,110.89,153.57,109.95,102.88,129.64,125.59,101.85,101.33,103.14,111.4,80.42,111.95,96.28,99.52,107.18,120.33,108.28,147.86,115.18,103.24,109.01,98.21,126.55,122.25,123.34,142.58,144.24,106.61,146.34,102.36,107.54,101.46,121.55,117.56,113.1,83.81,107.28,131.29
2021-03-12,109.96,116.39,91.64,92.0,108.53,113.65,94.81,129.18,111.37,154.58,110.33,103.2,130.16,125.68,102.27,101.59,103.79,111.78,81.08,112.51,96.61,99.87,107.47,120.82,108.73,148.7,115.6,103.44,109.55,98.7,126.62,122.39,123.48,142.56,143.77,106.75,147.02,102.7,107.92,101.89,121.82,118.22,113.4,84.25,107.76,131.82
2021-03-13,110.31,117.05,92.3,92.71,108.95,114.46,95.16,130.09,112.0,156.12,110.95,103.91,130.74,126.18,102.87,102.06,104.62,112.37,81.82,113.33,97.24,100.55,108.19,121.48,109.51,149.74,116.23,103.86,110.52,99.45,126.92,122.67,123.73,142.77,143.86,107.28,147.92,103.35,108.52,102.55,122.52,119.0,114.19,84.7,108.32,132.43
2021-03-14,110.54,117.53,92.86,93.22,109.21,115.08,95.34,130.87,112.5,157.5,111.38,104.23,131.17,126.84,103.3,102.33,105.39,112.78,82.48,113.89,97.62,100.89,108.47,121.91,110.02,150.63,116.67,104.02,111.05,99.89,127.07,122.82,123.9,142.74,143.44,107.45,148.53,103.69,108.97,103.0,122.68,119.61,114.48,85.15,108.84,132.91
2021-03-15,110.73,118.0,93.44,93.7,109.47,115.57,95.5,131.64,112.95,158.72,111.84,104.5,131.47,127.28,103.71,102.5,106.15,113.17,83.08,114.36,97.89,101.2,108.68,122.38,110.41,151.51,117.1,104.29,111.56,100.26,127.17,122.94,123.98,142.55,143.36,107.55,149.09,103.97,109.42,103.37,122.93,120.15,114.71,85.54,109.26,133.3
2021-03-16,110.83,118.32,93.98,94.13,109.69,116.04,95.6,132.39,113.39,159.92,112.46,104.71,131.69,127.51,104.03,102.74,106.77,113.5,83.69,114.89,98.13,101.53,108.83,122.82,110.77,152.4,117.51,104.53,112.08,100.58,127.28,123.09,123.97,142.3,143.37,107.73,149.68,104.24,109.8,103.43,123.15,119.7,114.96,85.81,109.8,133.71
2021-03-17,110.97,118.64,94.55,94.57,109.87,116.46,95.74,133.12,113.77,161.14,112.95,104.9,131.95,127.72,104.23,102.95,107.44,113.86,84.28,115.36,98.32,101.8,109.13,123.27,111.03,153.3,118.2,104.9,112.59,100.89,127.45,123.28,124.0,141.96,143.52,107.97,150.3,104.53,110.03,103.81,123.36,120.19,115.21,86.04,110.25,134.12
2021-03-18,111.19,118.98,95.09,95.02,110.14,116.93,95.9,133.92,114.19,162.36,113.45,105.31,132.31,128.12,104.57,103.23,108.15,114.28,84.98,115.83,98.5,102.14,109.43,123.69,111.35,154.29,118.86,105.32,113.07,101.32,127.76,123.46,124.06,141.79,143.66,108.19,151.04,104.8,110.56,104.21,123.67,120.66,115.56,86.22,110.73,134.52
2021-03-19,111.47,119.38,95.64,95.35,110.48,117.53,96.13,134.78,114.63,163.65,114.01,105.7,132.7,128.89,104.9,103.56,108.84,114.73,85.7,116.38,98.69,102.51,109.68,124.21,111.63,155.29,119.52,105.65,113.54,101.61,128.13,123.71,124.16,142.18,143.96,108.54,151.8,105.14,111.03,104.55,123.96,121.17,115.86,86.41,111.19,134.84
2021-03-20,111.69,120.29,96.24,95.63,110.67,118.31,96.41,135.76,115.12,165.03,114.56,106.06,133.11,129.1,105.3,103.8,109.41,115.11,86.25,116.85,98.81,102.75,109.83,124.62,111.82,156.2,120.04,105.82,113.97,101.93,128.53,123.97,124.27,142.53,144.34,108.85,152.66,105.47,111.43,104.84,123.99,121.63,116.01,86.66,111.73,135.15
2021-03-21,111.84,121.26,96.76,95.91,111.01,119.09,96.72,136.69,115.64,166.51,115.14,106.47,133.55,131.07,105.76,104.1,110.0,115.64,86.74,117.38,98.96,103.09,110.1,125.24,112.05,157.27,120.77,106.28,114.48,102.29,128.84,124.25,124.4,142.99,144.71,109.02,153.55,105.83,111.83,105.16,124.32,122.07,116.27,86.91,112.27,135.53
2021-03-22,112.02,121.72,97.27,96.15,111.46,119.86,96.96,137.6,116.09,167.96,115.82,106.9,134.08,133.19,106.15,104.41,110.54,116.12,87.25,118.01,99.1,103.41,110.36,125.78,112.3,158.35,121.46,106.58,114.91,102.65,129.16,124.53,124.53,143.47,145.08,109.26,154.41,106.17,112.22,105.56,124.7,122.51,116.53,87.12,112.83,136.03
2021-03-23,112.25,122.33,97.87,96.42,111.87,120.76,97.21,138.75,116.6,169.54,116.58,107.47,134.75,138.23,106.69,104.64,111.31,116.84,87.93,118.59,99.22,103.83,110.7,126.43,112.57,159.57,122.21,106.9,115.38,102.91,129.56,124.89,124.78,144.1,145.37,109.5,155.39,106.52,112.76,106.36,125.1,124.29,116.86,87.5,113.47,136.4
2021-03-24,112.35,122.84,98.48,96.69,112.31,121.67,97.41,139.93,116.84,171.03,117.4,108.07,135.24,142.89,107.3,104.87,111.96,117.51,88.45,119.09,99.26,104.2,110.98,127.08,112.91,160.76,122.83,107.32,115.88,103.14,129.91,125.15,124.93,144.75,145.59,109.64,156.24,106.85,113.68,106.83,125.43,124.8,117.19,87.81,114.05,136.75
2021-03-25,112.59,123.41,99.03,97.0,112.72,122.63,97.56,141.3,117.39,172.67,118.2,108.54,135.74,143.6,107.87,105.17,112.82,118.08,89.08,119.64,99.42,104.5,111.25,127.81,113.26,162.09,123.49,107.66,116.35,103.35,130.26,125.5,125.2,145.46,146.15,109.81,157.19,107.27,114.44,107.38,125.69,125.43,117.36,88.2,114.78,137.17
2021-03-26,112.79,123.98,99.44,97.34,113.19,123.51,97.77,142.65,117.93,174.15,119.01,109.07,136.01,144.93,108.53,105.38,113.73,118.69,89.63,120.22,99.6,104.83,111.62,128.52,113.7,163.43,124.25,108.02,116.83,103.67,130.71,125.86,125.45,146.16,146.59,110.0,158.12,107.6,115.25,108.01,125.95,126.12,117.65,88.71,115.53,137.68
2021-03-27,113.14,124.08,99.79,97.79,113.86,124.2,97.97,144.07,118.47,175.62,119.76,109.63,136.54,146.73,109.17,105.72,114.67,119.37,90.36,120.81,99.85,105.31,112.13,129.34,114.18,164.9,125.16,108.48,117.39,104.12,131.25,126.28,125.82,146.96,147.15,110.3,159.02,107.92,116.07,108.75,126.39,126.93,118.06,89.16,116.28,138.14
2021-03-28,113.49,124.15,100.18,98.15,114.36,124.93,98.13,145.53,118.98,177.0,120.47,110.1,137.06,146.73,109.78,106.04,115.58,119.92,91.13,121.37,100.11,105.66,112.61,130.07,114.68,166.28,125.98,108.81,117.92,104.42,131.8,126.63,126.07,147.68,147.55,110.6,159.89,108.23,116.88,109.45,126.69,127.74,118.4,89.63,116.97,138.54
2021-03-29,113.86,124.74,100.6,98.52,114.62,125.65,98.31,147.07,119.58,178.48,121.21,110.59,137.47,146.64,110.48,106.42,116.54,120.53,92.07,121.91,100.46,106.04,113.11,130.84,115.15,167.65,126.84,109.26,118.5,104.76,132.37,126.99,126.36,148.46,148.04,110.87,160.82,108.55,117.7,110.09,126.96,128.64,118.74,90.13,117.69,138.9
2021-03-30,114.2,125.31,100.82,98.82,114.9,126.16,98.55,148.38,120.16,179.54,121.79,110.94,137.93,145.15,111.06,106.72,117.44,121.01,92.67,122.45,100.75,106.31,113.53,131.47,115.59,168.85,127.57,109.73,119.05,105.17,132.86,127.2,126.59,149.15,148.44,111.03,161.66,108.87,118.4,110.65,127.2,129.45,118.99,90.47,118.28,139.32
2021-03-31,114.66,125.98,100.97,99.09,115.11,126.65,98.82,149.7,120.98,180.88,122.44,111.19,138.13,145.09,111.69,107.03,118.37,121.57,93.4,123.08,100.96,106.5,113.68,132.2,116.03,170.16,128.46,110.2,119.57,105.59,133.44,127.5,126.93,149.83,148.86,111.22,162.62,109.16,119.01,111.16,127.48,130.36,119.11,90.91,118.8,139.71
2021-04-01,114.86,126.4,100.95,99.29,115.19,126.88,99.03,150.55,121.33,181.84,122.74,111.32,138.33,148.58,112.04,107.17,118.77,121.97,93.88,123.58,101.05,106.67,113.69,132.62,116.34,171.04,129.22,110.32,120.03,105.92,133.88,127.58,127.02,150.26,148.74,111.29,163.08,109.29,119.33,111.55,127.68,131.09,119.27,91.26,119.06,140.02
2021-04-02,114.96,126.72,100.86,99.49,115.05,126.92,99.11,151.21,121.6,182.57,123.02,111.33,138.96,151.07,112.29,107.21,118.99,122.26,94.55,123.98,101.06,106.75,113.61,132.9,116.52,171.87,129.66,110.4,120.42,106.24,134.22,127.58,127.06,150.6,148.57,111.37,163.28,109.36,119.55,111.94,127.88,131.55,119.37,91.44,119.25,140.35
2021-04-03,114.98,126.98,100.83,99.62,114.63,126.94,99.2,151.89,121.8,183.35,123.3,111.24,139.38,153.38,112.35,107.25,119.29,122.51,95.09,124.31,101.11,106.74,113.5,133.18,116.65,172.48,130.25,110.48,120.67,106.47,134.48,127.58,127.05,150.93,148.22,111.31,163.41,109.39,119.78,112.28,127.91,131.95,119.39,91.66,119.37,140.69
2021-04-04,115.1,127.3,100.84,99.89,114.42,127.1,99.29,152.66,122.1,184.26,123.6,111.27,139.96,155.8,112.5,107.37,119.63,122.84,95.62,124.75,101.25,106.88,113.49,133.54,116.85,173.27,130.97,110.57,121.02,106.83,134.81,127.65,127.1,151.11,148.26,111.34,163.69,109.48,120.06,112.74,128.11,132.38,119.54,91.88,119.57,141.11
2021-04-05,115.19,127.65,100.84,100.19,114.37,127.38,99.42,153.43,122.42,185.15,123.93,111.25,140.68,158.43,112.63,107.48,119.98,123.2,96.06,125.2,101.4,107.04,113.51,133.92,117.13,174.04,131.76,110.65,121.4,107.31,135.19,127.81,127.22,151.51,148.31,111.47,164.02,109.6,120.32,113.3,128.33,132.72,119.71,92.15,119.82,141.52
2021-04-06,115.3,127.95,100.87,100.5,114.5,127.77,99.48,154.28,122.8,186.41,124.24,111.22,141.28,159.39,112.74,107.45,120.32,123.47,96.69,125.59,101.48,107.08,113.32,134.31,117.48,174.81,132.58,110.59,121.72,107.78,135.54,127.98,127.36,151.96,148.35,111.54,164.32,109.68,120.66,113.67,128.52,133.13,119.8,92.4,119.96,141.97
2021-04-07,115.4,128.25,100.82,100.81,114.71,128.01,99.57,155.03,123.24,187.19,124.48,111.3,141.9,156.84,112.91,107.63,120.56,123.62,97.39,126.03,101.76,107.09,113.48,134.71,117.73,175.64,133.18,110.54,121.95,108.21,135.94,128.19,127.53,152.45,148.5,111.66,164.59,109.83,120.97,113.94,128.68,133.43,119.97,92.63,120.25,142.36
2021-04-08,115.64,128.74,101.01,101.29,115.04,128.67,99.74,156.05,123.83,188.17,124.89,111.46,142.74,154.16,113.19,107.84,121.1,123.93,98.2,126.52,102.06,107.09,113.74,135.28,117.9,176.77,133.81,110.7,122.32,108.72,136.47,128.6,127.83,153.01,148.77,111.91,165.33,110.04,121.42,114.32,128.99,133.76,120.2,92.96,120.69,142.89
2021-04-09,116.05,129.39,101.45,101.79,115.48,129.74,99.96,157.35,124.49,189.7,125.49,111.76,143.62,151.75,113.67,108.47,121.96,124.41,99.38,127.12,102.5,107.21,114.25,136.06,118.2,177.84,135.08,111.08,122.85,109.23,137.09,129.09,128.22,153.74,148.99,112.19,166.41,110.39,121.99,114.81,129.34,134.37,120.53,93.44,121.23,143.47
2021-04-10,115.95,129.81,101.53,102.15,115.61,130.76,100.0,158.43,125.04,190.8,126.02,111.67,144.21,149.26,114.11,108.7,122.6,124.72,100.51,127.43,102.6,106.53,114.13,136.64,118.25,178.77,135.63,111.27,123.1,109.59,137.51,129.49,128.53,154.31,149.29,112.5,167.28,110.54,122.57,115.14,129.53,134.92,120.42,93.85,121.61,144.01
2021-04-11,115.83,129.88,101.55,102.49,115.78,131.59,100.06,159.44,125.51,191.79,126.46,111.62,144.6,146.7,114.53,108.99,123.25,124.98,101.61,127.77,102.68,105.88,114.12,137.17,118.35,179.55,135.99,111.4,123.37,109.88,137.92,129.86,128.86,154.98,149.24,112.8,168.1,110.69,123.07,115.38,129.87,135.37,120.37,94.14,121.99,144.49
2021-04-12,115.74,129.92,101.62,102.83,115.97,132.4,100.11,160.43,125.96,192.87,126.99,111.62,144.91,144.05,114.92,109.25,123.89,125.24,102.68,128.12,102.77,105.24,114.13,137.72,118.48,180.48,136.32,111.52,123.66,110.12,138.31,130.19,129.12,155.43,149.17,112.94,168.94,110.88,123.64,115.56,130.13,135.86,120.34,94.45,122.39,145.01
2021-04-13,115.6,129.85,101.67,103.29,116.05,133.16,100.28,161.28,126.3,193.92,127.46,111.67,145.09,141.65,115.36,109.72,124.45,125.5,103.74,128.54,103.0,104.69,114.27,138.25,118.55,181.4,136.62,111.67,123.89,110.29,138.68,130.56,129.32,155.73,149.08,113.1,169.84,111.08,124.12,115.99,130.38,136.31,120.41,94.8,122.87,145.51
2021-04-14,115.49,129.86,101.87,103.83,116.22,134.38,100.39,162.55,126.72,195.28,128.11,111.75,145.79,141.86,115.87,110.09,125.15,125.92,104.91,129.0,103.33,104.38,114.36,138.87,118.73,182.32,137.02,111.83,124.16,110.53,139.12,131.0,129.54,156.22,148.92,113.22,170.86,111.33,124.69,116.55,130.78,136.21,120.58,95.26,123.35,146.16
2021-04-15,115.36,129.82,102.04,104.34,116.37,135.3,100.6,163.75,127.08,196.61,128.8,111.82,146.36,142.58,116.44,110.45,125.76,126.35,106.12,129.46,103.65,104.14,114.42,139.44,119.0,183.14,137.37,112.02,124.37,110.73,139.48,131.35,129.78,156.56,148.71,113.3,171.7,111.62,125.26,117.02,131.11,136.83,120.7,95.71,123.73,146.72
2021-04-16,115.11,129.66,102.07,104.83,116.54,135.93,100.82,164.62,127.42,197.47,129.24,111.92,146.55,143.07,116.78,110.53,126.15,126.64,106.78,129.96,103.93,103.87,114.27,139.86,119.15,183.83,137.08,112.07,124.35,110.87,139.77,131.69,129.95,156.68,148.63,113.33,172.3,111.88,125.76,117.3,131.44,137.3,120.75,96.03,124.11,147.13
2021-04-17,115.3,129.74,102.41,105.49,117.16,136.66,101.11,165.56,127.96,198.45,129.8,112.36,146.98,143.66,117.37,110.88,126.62,127.1,107.46,130.77,104.41,104.35,114.67,140.44,119.6,184.89,137.41,112.29,124.64,111.03,140.33,132.07,130.26,156.91,148.53,113.38,173.14,112.34,126.03,117.73,131.98,137.84,121.3,96.46,124.67,147.57
2021-04-18,115.5,130.08,102.64,106.16,117.63,137.48,101.51,166.49,128.38,199.48,130.58,112.73,147.48,144.32,117.89,111.21,127.11,127.56,108.13,131.42,104.88,104.75,114.92,141.02,119.91,185.97,137.87,112.56,124.88,111.32,140.8,132.41,130.5,157.17,148.43,113.36,173.88,112.8,126.55,118.17,132.26,138.43,121.73,96.95,125.2,148.09
2021-04-19,115.69,130.38,102.86,106.87,118.06,138.12,101.87,167.33,128.73,200.73,131.11,113.04,148.07,144.93,118.38,111.51,127.51,127.96,108.73,132.05,105.25,105.07,115.16,141.53,120.18,186.85,138.27,112.81,125.02,111.55,141.21,132.72,130.68,157.27,148.33,113.36,174.53,113.22,126.97,118.54,132.63,138.93,122.12,97.4,125.66,148.56
2021-04-20,115.91,130.8,103.08,107.5,118.43,138.79,102.13,168.2,129.05,201.8,131.67,113.33,148.7,145.54,118.89,111.75,127.97,128.38,109.25,132.61,105.58,105.37,115.42,142.05,120.42,187.64,138.79,113.13,125.28,111.76,141.68,133.05,130.97,157.67,148.28,113.5,175.11,113.61,127.51,118.84,132.96,139.44,122.5,97.91,126.18,148.96
2021-04-21,116.16,131.15,103.32,108.09,118.76,139.18,102.36,168.67,129.22,202.76,132.2,113.48,149.26,146.05,119.31,111.96,128.41,128.78,109.59,133.18,105.88,105.58,115.67,142.5,120.66,188.39,139.44,113.48,125.54,111.93,142.1,133.32,131.25,158.02,148.15,113.68,175.61,114.01,127.98,119.28,133.24,140.65,122.81,98.35,126.68,149.37
2021-04-22,116.45,131.49,103.53,108.62,118.92,139.51,102.52,169.12,129.53,203.7,132.82,113.72,149.75,146.51,119.74,112.26,128.89,129.17,109.8,133.75,106.18,105.81,115.97,142.95,120.94,188.86,140.06,113.87,125.87,112.16,142.54,133.51,131.56,158.5,148.09,113.9,176.17,114.34,128.34,119.62,133.47,141.09,123.18,98.78,127.21,149.79
2021-04-23,116.76,131.89,103.79,109.19,119.02,140.09,102.68,169.68,129.88,204.77,133.48,113.86,150.32,147.18,120.21,112.65,129.47,129.61,110.13,134.29,106.53,106.06,116.38,143.42,121.3,189.85,141.27,114.25,126.46,112.44,142.96,133.7,131.84,159.15,147.94,114.17,176.94,114.74,128.75,120.22,133.79,141.67,123.56,99.29,127.74,150.26
2021-04-24,117.24,132.28,104.19,109.79,119.22,140.62,102.9,170.17,130.08,205.86,134.14,114.12,150.74,147.79,120.62,113.15,129.96,130.03,110.58,134.71,106.81,106.4,116.85,143.79,121.74,190.58,142.36,114.63,127.06,112.9,143.31,133.91,132.14,159.73,147.74,114.41,177.71,115.13,129.38,120.63,134.22,142.14,123.98,99.88,128.22,150.71
2021-04-25,117.59,132.6,104.63,110.23,119.31,141.03,102.99,170.65,130.36,206.77,134.63,114.31,151.08,148.28,121.0,113.49,130.36,130.39,111.03,135.12,107.03,106.7,117.26,144.07,122.16,191.22,143.21,114.96,127.58,113.23,143.64,134.09,132.43,160.28,147.62,114.59,178.4,115.46,129.71,121.01,134.58,142.6,124.3,100.39,128.66,151.05
2021-04-26,117.96,132.95,105.01,110.59,119.51,141.39,103.08,171.06,130.66,207.29,135.2,114.52,151.38,148.78,121.37,113.81,130.76,130.75,111.53,135.56,107.28,107.05,117.62,144.32,122.58,191.89,143.95,115.29,128.16,113.68,143.99,134.3,132.76,160.92,147.43,114.79,179.03,115.8,130.08,121.41,134.84,143.15,124.65,100.86,129.13,151.4
2021-04-27,118.36,133.33,105.39,110.88,119.73,141.51,103.26,171.44,131.07,207.7,135.68,114.75,151.58,149.2,121.71,114.16,131.02,131.07,112.03,136.07,107.52,107.42,118.05,144.5,122.98,192.56,144.52,115.6,128.69,114.06,144.34,134.53,133.05,160.95,147.25,114.92,179.64,116.14,130.39,121.65,135.11,143.61,125.03,101.21,129.52,151.72
2021-04-28,118.77,133.75,105.77,111.19,119.95,141.61,103.4,171.86,131.59,208.1,136.07,115.14,151.79,149.73,122.05,114.53,131.19,131.37,112.53,136.52,107.77,107.82,118.54,144.68,123.33,193.23,144.99,115.87,129.13,114.47,144.73,134.8,133.32,160.98,147.21,115.02,180.22,116.54,130.67,121.84,135.43,143.94,125.46,101.64,129.81,152.01
2021-04-29,119.2,134.11,106.1,111.46,120.23,141.77,103.62,172.16,132.02,208.45,136.25,115.48,151.84,150.11,122.27,114.83,131.34,131.66,112.99,137.09,107.99,108.18,119.02,144.82,123.7,193.98,145.51,116.09,129.6,114.85,145.07,135.1,133.56,160.92,147.12,115.06,180.71,117.02,130.95,122.25,135.65,144.29,126.12,102.03,130.1,152.18
2021-04-30,119.56,134.41,106.46,111.67,120.55,141.82,103.83,172.44,132.36,208.95,136.38,115.86,152.03,150.41,122.46,114.96,131.3,131.86,113.35,137.53,108.2,108.51,119.42,144.88,124.01,194.25,145.38,116.23,129.92,115.17,145.46,135.67,133.93,160.72,147.04,115.28,181.05,117.39,131.05,122.31,135.85,144.46,126.74,102.36,130.37,152.32
2021-05-01,118.75,134.63,106.53,111.69,120.67,141.87,103.73,172.57,132.59,209.28,136.37,116.07,152.24,150.72,122.65,114.86,131.17,131.93,113.58,137.94,108.33,108.63,119.57,144.86,124.13,194.43,144.84,116.24,130.18,115.21,145.78,135.97,134.05,160.54,146.62,115.29,181.06,117.66,131.14,122.41,135.85,144.22,127.19,102.54,130.36,152.39
2021-05-02,117.93,134.83,106.57,111.66,120.89,141.72,103.68,172.52,132.82,209.3,136.24,116.36,152.35,150.9,122.79,114.87,130.94,131.96,113.81,138.42,108.48,108.83,119.81,144.77,124.25,194.57,144.39,116.28,130.41,115.27,146.09,136.29,134.22,160.39,146.19,115.39,181.07,117.97,131.11,122.27,136.03,144.02,127.74,102.7,130.39,152.35
2021-05-03,117.12,135.05,106.54,111.67,120.95,141.79,103.69,172.58,133.05,209.41,136.23,116.69,152.57,151.11,122.95,114.91,130.71,132.01,114.04,138.91,108.66,109.0,120.11,144.74,124.44,194.86,144.11,116.33,130.7,115.18,146.43,136.58,134.37,160.25,145.85,115.56,181.17,118.26,131.16,122.08,136.18,143.85,128.26,102.88,130.47,152.29
2021-05-04,116.31,135.29,106.63,111.81,120.97,141.99,103.69,172.62,133.37,209.68,136.23,117.04,152.79,151.21,123.2,114.99,130.56,132.08,114.28,139.46,108.83,109.3,120.4,144.71,124.78,195.03,144.02,116.33,131.08,115.27,146.72,136.73,134.49,160.42,145.45,115.7,181.33,118.65,131.13,122.01,136.41,143.82,128.88,103.18,130.6,152.25
2021-05-05,115.53,135.54,106.58,111.91,121.01,142.19,103.8,172.62,133.68,209.99,136.38,117.28,153.14,151.28,123.43,114.94,130.51,132.17,114.55,140.03,108.88,109.53,120.6,144.73,125.14,195.08,143.84,116.41,131.52,115.34,147.08,136.84,134.62,160.58,145.32,115.97,181.57,118.97,131.04,121.91,136.52,143.98,129.43,103.44,130.84,152.29
2021-05-06,114.75,135.86,106.55,112.13,121.09,142.44,103.83,172.74,133.97,210.21,136.63,117.52,153.59,151.48,123.78,114.93,130.39,132.31,114.82,140.62,109.04,109.81,120.79,144.84,125.48,195.42,143.86,116.58,131.9,115.46,147.56,137.09,134.82,160.87,145.26,116.23,181.83,119.29,131.12,121.84,136.81,144.21,129.75,103.62,131.17,152.42
2021-05-07,114.07,136.19,106.61,112.22,121.14,142.6,103.82,172.63,134.29,210.19,136.45,117.74,153.97,150.7,124.11,114.95,130.29,132.17,115.06,141.25,109.15,110.09,121.01,144.48,125.95,195.95,144.11,115.6,132.18,115.55,147.95,137.16,134.82,161.29,145.14,116.15,182.21,119.63,130.82,121.57,137.01,144.38,130.1,103.95,131.41,152.47
2021-05-08,114.56,136.68,106.97,112.58,121.42,142.85,104.14,172.91,134.71,210.51,136.84,118.18,154.46,150.91,124.22,115.26,130.47,132.48,115.46,142.12,109.49,110.48,121.33,144.84,126.55,196.53,144.8,115.94,132.74,116.06,148.42,137.58,135.08,161.91,145.5,116.37,183.0,120.12,130.88,121.79,137.44,145.09,130.59,104.17,132.02,149.2
2021-05-09,115.1,137.27,107.41,113.08,121.52,143.36,104.45,173.37,135.26,211.33,137.33,118.57,155.09,151.26,124.7,115.53,130.87,132.93,115.92,142.97,109.89,110.84,121.63,145.32,127.01,197.47,145.67,116.36,133.32,116.52,148.89,138.02,135.33,162.43,145.85,116.57,183.9,120.6,131.4,122.26,137.8,145.83,130.99,104.66,132.66,149.6
2021-05-10,115.61,137.77,107.94,113.5,121.75,143.66,104.7,173.68,135.78,211.9,137.69,118.91,155.49,151.38,125.14,115.82,131.22,133.31,116.33,143.75,110.29,111.18,121.85,145.73,127.31,198.21,146.43,116.73,133.77,116.99,149.23,138.39,135.47,162.88,146.12,116.63,184.68,121.05,131.82,122.69,138.14,146.43,131.37,105.03,133.2,149.92
2021-05-11,116.08,138.27,108.49,114.04,122.02,143.79,104.91,173.97,136.14,212.37,138.24,119.28,155.98,151.64,125.56,115.99,131.58,133.72,116.66,144.48,110.65,111.4,122.14,146.21,127.5,199.08,147.03,117.15,134.18,117.38,149.56,138.92,135.64,163.5,146.37,116.7,185.41,121.41,132.28,123.27,138.48,146.9,131.7,105.43,133.78,150.22
2021-05-12,116.41,138.72,109.1,114.62,122.28,144.11,105.09,174.36,136.53,212.86,138.63,119.8,156.22,151.7,125.95,116.34,132.06,134.14,116.98,145.28,111.09,111.86,122.56,146.6,127.78,199.87,147.56,117.53,134.69,117.98,149.79,139.41,135.8,164.02,146.19,116.65,186.1,121.88,132.91,123.88,138.89,147.31,132.29,105.91,134.35,150.4
2021-05-13,116.72,139.13,109.76,115.02,122.62,144.35,105.37,174.61,136.89,213.41,138.95,120.31,156.49,151.79,126.39,116.67,132.61,134.52,117.31,145.99,111.48,112.38,123.0,146.95,128.1,200.42,147.98,117.78,135.19,118.39,149.97,140.33,135.93,164.49,146.02,116.63,186.83,122.29,133.43,124.32,139.25,147.69,132.87,106.44,134.86,150.6
2021-05-14,116.95,139.5,110.21,115.49,122.95,144.51,105.69,175.14,137.3,213.81,139.71,120.76,156.66,152.59,126.85,116.99,133.11,135.15,117.65,146.83,111.83,112.91,123.47,147.78,128.35,200.78,148.54,119.18,135.78,118.79,150.12,141.09,136.08,164.88,145.79,116.68,187.47,122.71,134.23,124.91,139.66,148.09,133.4,106.91,135.42,150.79
2021-05-15,116.84,139.59,110.44,115.41,122.86,144.4,105.89,175.19,137.59,213.11,139.89,120.9,156.65,152.0,127.36,117.09,133.4,135.32,117.74,147.46,112.01,113.34,123.89,147.76,128.43,200.9,148.94,119.38,136.0,118.83,150.09,141.72,136.11,164.92,145.35,116.38,187.62,122.91,134.61,125.06,139.6,148.26,133.79,107.4,135.88,154.21
2021-05-16,116.87,139.63,110.58,115.4,123.1,144.32,106.03,175.21,137.79,212.44,140.06,121.1,156.68,151.42,127.53,117.14,133.52,135.4,117.83,148.13,112.16,113.79,124.25,147.72,128.69,200.71,149.08,119.5,136.22,118.95,150.14,142.42,136.19,165.08,145.11,116.1,187.71,123.14,134.6,125.15,139.64,148.34,134.3,107.68,136.27,154.03
2021-05-17,116.88,139.65,110.67,115.35,123.22,144.24,106.22,175.23,137.97,211.8,140.32,121.34,156.71,151.03,127.7,117.19,133.61,135.48,117.87,148.77,112.35,114.25,124.67,147.65,128.91,200.52,149.29,119.63,136.45,119.06,150.22,143.14,136.33,165.28,144.86,115.87,187.82,123.39,134.31,125.33,139.74,148.43,134.85,108.04,136.69,153.97
2021-05-18,116.96,139.56,110.62,115.03,123.24,144.23,106.46,175.15,138.07,211.1,140.34,121.42,156.6,150.71,127.74,117.36,133.7,135.48,118.02,149.16,112.51,114.61,124.96,147.48,129.08,200.3,149.46,119.75,136.47,118.96,150.27,143.17,136.4,165.18,144.66,115.69,187.91,123.62,134.25,125.13,139.72,148.56,135.17,108.32,136.78,153.89
2021-05-19,117.06,139.4,110.41,114.6,123.18,144.01,106.62,174.95,138.1,210.36,140.38,121.26,156.6,150.41,127.82,117.29,133.56,135.35,118.04,149.46,112.57,114.72,125.07,147.27,129.11,200.06,149.73,119.76,136.36,118.59,150.28,143.19,136.46,165.11,143.24,115.47,187.99,123.65,133.84,124.79,139.65,148.49,135.17,108.5,136.91,153.58
2021-05-20,117.3,139.45,110.3,114.49,123.27,143.8,106.8,174.99,138.24,209.26,140.54,121.3,156.43,150.16,127.9,117.39,133.33,135.31,118.12,150.03,112.7,114.89,125.34,147.1,129.31,200.18,150.15,119.92,136.37,118.58,150.38,142.75,136.45,164.97,142.43,115.38,188.19,123.78,133.53,124.54,139.92,148.51,135.32,108.76,137.02,153.28
2021-05-21,117.56,139.48,110.19,114.4,123.35,143.53,106.91,174.91,138.28,208.24,139.88,121.48,156.24,150.08,127.96,117.56,133.22,135.24,118.21,150.43,112.82,115.01,125.5,146.93,129.38,200.36,150.35,120.12,136.31,118.61,150.44,142.26,136.4,164.72,141.6,115.23,188.28,123.83,133.32,124.45,140.03,148.53,135.41,108.99,137.12,153.03
2021-05-22,117.71,139.33,109.72,114.15,123.22,143.43,106.74,174.82,138.26,207.81,139.51,121.29,156.17,150.36,127.89,117.2,133.17,135.07,118.32,150.45,112.64,114.71,125.17,146.74,128.97,200.25,150.18,120.13,135.99,118.16,150.15,141.41,136.18,164.61,140.78,115.11,187.83,123.63,132.92,124.26,139.74,148.43,135.04,109.27,137.05,152.82
2021-05-23,118.11,139.48,109.65,114.3,123.5,143.15,106.91,174.98,138.39,207.49,139.51,121.69,155.92,150.73,128.12,117.41,133.36,135.17,118.53,150.94,112.8,114.89,125.45,146.78,129.07,200.64,150.53,120.34,136.1,118.29,150.2,140.82,136.13,164.59,139.84,115.21,188.08,123.8,132.85,124.41,140.08,148.53,135.12,109.56,137.16,152.77
2021-05-24,118.48,139.7,109.66,114.51,123.74,143.01,107.03,175.23,138.56,207.33,139.34,121.94,155.79,151.1,128.35,117.57,133.48,135.25,118.83,151.32,112.85,115.04,125.69,146.88,129.21,201.08,150.93,120.45,136.15,118.37,150.34,140.26,136.16,164.58,138.97,115.33,188.33,123.92,133.05,124.41,140.4,148.7,134.9,109.9,137.3,152.67
2021-05-25,118.79,140.02,109.7,114.81,123.99,143.04,107.06,175.62,138.79,207.24,139.51,122.3,155.69,151.52,128.65,117.62,133.68,135.44,119.07,151.83,112.84,115.24,125.92,147.08,129.44,201.59,151.44,120.68,136.49,118.71,150.57,140.4,136.28,164.67,138.17,115.49,188.61,123.99,133.01,124.67,140.76,148.83,134.78,110.31,137.71,152.67
2021-05-26,119.16,140.43,109.91,115.24,124.4,143.1,107.15,176.09,139.11,207.02,139.51,122.75,155.54,152.0,129.02,117.57,134.1,135.71,119.45,152.4,112.9,115.38,126.03,147.32,129.78,202.18,151.6,120.97,136.84,119.1,150.85,140.64,136.47,164.79,138.6,115.72,188.87,124.12,133.12,125.07,141.07,149.12,134.62,110.7,138.06,152.9
2021-05-27,119.41,140.61,110.08,115.47,124.51,143.05,107.26,176.38,139.33,207.04,139.69,123.0,155.4,152.32,129.32,117.62,134.68,135.93,119.68,152.71,113.0,115.46,126.19,147.48,129.83,202.4,151.78,121.22,137.03,119.3,150.97,140.78,136.63,164.88,138.46,115.78,188.96,124.28,133.29,125.55,141.1,149.32,134.42,111.02,138.42,153.02
2021-05-28,119.66,140.84,110.25,115.67,124.6,142.92,107.36,176.68,139.59,207.13,140.64,123.17,155.28,152.53,129.56,117.59,135.25,136.21,119.87,153.19,113.11,115.57,126.39,147.67,130.08,202.64,152.1,121.48,137.24,119.41,151.16,140.96,136.91,165.07,138.13,115.91,189.03,124.46,133.48,126.02,141.18,149.63,134.32,111.31,138.79,153.1
2021-05-29,120.29,141.39,110.73,116.42,125.4,142.66,107.81,176.51,140.05,207.23,141.34,123.93,155.13,152.78,130.13,118.2,135.73,136.7,120.14,154.17,113.62,116.25,127.17,148.14,130.82,203.43,153.21,121.94,137.85,120.13,151.82,141.57,137.42,165.26,137.97,116.33,189.85,125.07,133.92,126.67,141.91,150.11,134.74,111.67,139.33,153.3
2021-05-30,120.49,141.66,110.85,116.77,125.59,142.62,108.0,176.81,140.31,207.13,141.76,124.09,155.11,152.93,130.44,118.28,136.05,136.92,120.34,154.58,113.77,116.43,127.37,148.34,131.12,203.57,153.88,122.17,138.04,120.28,152.05,141.82,137.66,165.42,137.7,116.45,190.01,125.29,134.09,126.98,141.99,150.44,134.68,112.08,139.68,153.37
2021-05-31,120.72,141.9,110.85,117.07,125.82,142.54,108.12,177.01,140.57,206.94,142.27,124.34,155.09,153.05,130.73,118.37,136.51,137.17,120.42,155.09,113.95,116.6,127.57,148.5,131.45,203.71,154.42,122.53,138.32,120.48,152.22,142.05,137.86,165.53,137.34,116.53,190.22,125.54,134.23,127.18,141.97,150.73,134.88,112.44,139.98,153.36
2021-06-01,120.69,141.84,110.74,117.19,125.87,141.85,108.11,176.81,140.5,206.2,142.16,124.21,154.86,152.79,130.69,118.28,136.72,137.1,120.32,155.32,113.98,116.57,127.47,148.33,131.41,203.35,154.66,122.55,138.23,120.43,152.11,142.01,137.82,165.33,136.82,116.46,189.87,125.6,134.15,127.11,141.64,150.69,134.8,112.44,140.0,153.1
2021-06-02,120.61,141.66,110.53,117.17,125.88,141.22,108.06,176.59,140.35,205.36,142.17,124.31,154.6,152.43,130.53,118.38,136.54,136.97,120.22,155.54,114.11,116.74,127.66,148.14,131.31,202.7,155.32,122.59,138.25,120.4,151.9,141.9,137.7,165.12,136.24,116.34,189.28,125.77,134.02,126.85,141.45,150.59,135.04,112.44,140.05,152.94
2021-06-03,120.52,141.57,110.27,117.09,126.15,140.77,107.8,176.53,140.2,205.14,142.13,124.32,154.5,152.12,130.35,118.27,136.44,136.86,120.24,155.82,114.15,116.85,127.56,148.03,131.26,202.13,155.86,122.63,138.32,120.21,151.8,141.86,137.63,164.99,135.69,116.28,188.79,125.81,133.79,126.61,141.27,150.45,135.09,112.47,140.09,152.82
2021-06-04,120.5,141.52,110.13,117.3,126.67,140.64,107.64,176.43,140.04,205.01,142.2,124.4,154.37,151.91,130.26,118.26,136.29,136.79,120.23,155.99,114.23,117.04,127.66,147.99,131.19,201.68,156.5,122.66,138.5,120.3,151.78,141.97,137.55,164.77,135.54,116.3,188.44,125.93,133.63,126.38,141.11,150.25,135.35,112.59,140.2,152.68
2021-06-05,120.43,141.39,109.91,117.55,126.89,140.5,107.41,176.93,139.75,204.98,142.31,124.3,154.32,151.68,130.03,118.12,136.24,136.69,120.15,156.08,114.21,117.04,127.55,147.81,131.23,201.15,156.88,122.67,138.67,120.33,151.63,141.98,137.36,164.39,135.32,116.61,187.95,125.94,133.39,126.01,140.87,150.37,135.53,112.63,140.21,152.42
2021-06-06,120.46,141.32,109.79,117.8,127.38,140.35,107.21,176.75,139.53,205.0,142.44,124.31,154.13,151.49,129.89,118.1,136.2,136.64,120.09,156.31,114.28,117.16,127.63,147.7,131.33,200.78,157.26,122.77,138.94,120.42,151.61,142.09,137.26,164.01,135.22,116.98,187.6,126.01,133.28,125.78,140.73,150.5,135.84,112.63,140.27,152.2
2021-06-07,120.46,141.18,109.75,118.01,127.84,140.04,107.03,176.56,139.24,204.84,142.48,124.29,153.85,151.04,129.66,118.06,136.12,136.55,120.03,156.52,114.31,117.27,127.73,147.57,131.39,200.29,157.55,122.75,139.19,120.5,151.55,142.13,137.15,163.56,135.15,117.38,187.14,126.05,132.92,125.69,140.63,150.62,136.16,112.5,140.31,152.08
2021-06-08,120.7,141.41,109.84,118.23,128.37,140.4,107.0,176.79,139.33,205.29,142.87,124.52,153.91,151.23,129.8,118.27,136.21,136.73,120.11,156.93,114.54,117.48,128.15,147.68,131.73,200.22,157.95,123.0,139.68,120.63,151.76,142.34,137.23,163.49,135.18,117.98,187.26,126.29,133.03,125.77,140.92,151.01,136.56,112.74,140.58,152.06
2021-06-09,121.03,141.8,109.94,117.95,128.99,140.79,107.08,177.13,139.51,205.91,143.32,124.7,153.92,151.7,130.03,118.46,136.49,137.02,119.9,157.41,114.77,117.81,128.46,147.9,132.13,200.61,158.41,123.3,140.17,120.75,152.11,142.57,137.39,163.53,135.27,118.66,187.6,126.57,133.27,126.05,141.15,151.52,136.97,113.19,140.86,152.02
2021-06-10,121.34,142.11,109.95,117.71,129.36,141.09,107.16,177.31,139.61,205.99,143.54,124.92,153.98,152.25,130.18,118.57,136.76,137.24,119.94,157.83,114.9,118.0,128.82,148.04,132.5,200.85,158.72,123.52,140.64,120.99,152.44,142.75,137.57,163.62,135.33,119.31,187.89,126.78,133.44,126.08,141.3,151.95,137.43,113.71,141.18,152.07
2021-06-11,121.64,142.49,110.0,117.22,129.49,141.39,107.2,177.65,139.79,206.11,143.97,125.06,154.22,152.86,130.39,118.65,137.08,137.47,120.05,158.38,115.18,118.23,128.97,148.18,132.84,201.12,158.91,123.76,141.09,121.1,152.72,142.86,137.71,163.82,135.32,120.03,188.2,127.05,133.59,126.05,141.48,152.31,137.77,114.34,141.46,152.27
2021-06-12,121.87,142.87,110.19,116.49,129.55,141.74,107.25,177.88,140.05,206.35,144.36,125.09,154.61,153.31,130.54,118.75,137.44,137.66,120.22,158.76,115.37,118.45,129.15,148.39,132.98,201.27,158.86,123.93,141.37,121.05,152.95,142.94,137.89,164.32,135.21,120.38,188.5,127.27,133.71,125.87,141.42,152.49,138.02,115.12,141.75,152.56
2021-06-13,122.13,143.27,110.39,115.84,129.46,141.98,107.31,178.09,140.29,206.49,144.74,125.25,155.05,153.77,130.69,118.9,137.72,137.84,120.35,159.25,115.62,118.75,129.4,148.58,133.21,201.61,158.86,124.11,141.71,120.95,153.25,143.0,138.03,164.73,135.15,120.74,188.87,127.58,133.78,125.69,141.53,152.61,138.33,115.87,141.97,152.82
2021-06-14,122.48,143.8,110.59,115.35,129.53,142.45,107.46,178.4,140.64,206.9,145.23,125.51,155.57,154.57,130.96,119.25,138.07,138.15,120.57,159.83,116.02,119.17,129.83,148.86,133.55,202.09,159.09,124.43,142.12,120.85,153.63,143.22,138.22,165.28,135.13,121.12,189.41,127.98,134.09,125.64,141.73,152.82,138.75,116.73,142.22,153.12
2021-06-15,122.85,144.27,110.73,114.98,129.69,142.87,107.64,178.75,140.9,207.29,145.75,125.78,156.13,155.03,131.12,119.48,138.4,138.44,120.87,160.52,116.48,119.68,130.07,149.22,133.91,202.53,159.41,124.69,142.54,120.94,153.96,143.52,138.41,165.75,135.2,121.47,189.92,128.41,134.22,125.66,141.87,152.99,139.32,117.6,142.56,153.58
2021-06-16,123.16,144.62,110.94,115.1,129.63,143.26,107.79,178.94,141.1,207.35,146.18,125.86,156.66,155.16,131.2,119.79,138.72,138.63,121.44,161.07,116.83,119.84,130.35,149.48,134.14,202.68,159.48,124.87,142.79,121.0,154.08,143.68,138.52,166.25,135.25,121.9,190.38,128.72,134.17,125.62,141.88,153.1,139.62,118.31,142.94,153.98
2021-06-17,123.46,144.93,111.23,115.2,129.62,143.77,107.96,179.15,141.36,207.46,145.6,125.92,157.01,155.12,131.34,120.15,138.94,138.75,121.75,161.68,117.22,120.07,130.65,149.75,134.49,202.98,159.67,125.04,142.95,121.08,154.0,143.74,138.55,166.72,135.24,122.14,190.73,129.06,133.9,125.59,141.76,153.17,139.92,118.94,143.27,154.24
2021-06-18,123.72,145.16,111.45,115.09,129.53,144.23,108.17,179.23,141.49,207.43,144.75,125.86,157.16,155.06,131.29,120.28,139.08,138.78,122.14,162.2,117.3,120.04,130.58,149.96,134.76,203.14,159.84,125.12,142.92,121.13,153.85,143.71,138.53,167.11,135.21,122.17,190.98,129.23,133.82,125.57,141.55,153.23,139.85,119.32,143.57,154.42
2021-06-19,124.06,145.45,111.67,115.11,129.6,144.68,108.46,179.53,141.75,207.22,144.85,126.04,157.08,155.13,131.36,120.73,139.16,138.97,122.59,162.93,117.67,120.22,130.89,150.25,135.16,203.54,160.24,125.3,143.11,121.26,153.84,143.8,138.58,167.49,135.31,122.31,191.47,129.59,134.02,125.83,141.69,153.21,140.02,119.54,143.94,154.6
2021-06-20,124.37,145.7,111.78,115.05,129.5,145.32,108.78,179.8,141.93,207.15,144.9,125.97,157.12,155.26,131.39,121.04,139.32,139.09,123.02,163.41,117.93,120.21,130.93,150.52,135.42,203.72,160.68,125.42,143.15,121.56,153.66,143.85,138.55,167.91,135.27,122.38,191.8,129.84,134.17,125.98,141.7,153.22,139.9,119.83,144.35,154.85
2021-06-21,124.67,145.97,111.89,114.96,129.08,145.96,109.1,180.08,142.13,207.1,145.02,125.94,157.15,155.35,131.47,121.41,139.49,139.24,123.5,163.97,118.21,120.22,131.01,150.82,135.69,203.88,161.03,125.53,143.17,121.95,153.52,143.87,138.57,168.39,135.23,122.54,192.11,130.11,134.38,126.25,141.77,153.23,139.78,120.2,144.79,155.03
2021-06-22,124.93,146.19,111.89,114.85,128.73,146.34,109.18,180.16,142.26,206.97,145.09,125.92,157.09,155.23,131.53,121.63,139.57,139.31,123.96,164.47,118.33,120.21,131.01,150.98,135.85,203.97,161.33,125.61,143.17,122.18,153.3,143.79,138.59,168.67,135.05,122.56,192.21,130.28,134.49,126.34,141.75,153.18,139.67,120.4,145.17,155.11
2021-06-23,125.25,146.52,111.94,114.79,128.5,146.83,109.32,180.32,142.41,207.06,145.25,126.1,157.19,155.34,131.6,121.85,139.74,139.48,124.47,165.13,118.51,120.43,131.08,151.2,136.22,204.12,161.81,125.78,143.41,122.61,153.22,143.8,138.6,168.89,134.83,122.43,192.38,130.51,134.78,126.68,141.89,153.2,139.71,120.69,145.52,155.23
2021-06-24,125.46,146.77,111.88,114.69,128.26,147.1,109.45,180.35,142.5,206.92,146.34,126.32,157.23,155.4,131.63,122.0,139.85,139.64,124.93,165.62,118.64,120.63,131.07,151.32,136.37,204.07,162.11,125.94,143.62,122.94,153.25,143.86,138.63,168.98,134.67,122.47,192.44,130.71,135.25,126.97,142.09,153.2,139.72,120.85,145.77,155.42
2021-06-25,125.61,146.99,111.78,114.77,128.15,147.36,109.51,180.36,142.57,206.79,147.4,126.62,157.34,155.4,131.75,122.3,139.96,139.8,125.27,165.99,118.91,120.95,131.38,151.39,136.5,203.85,162.32,126.14,143.92,123.25,153.37,143.96,138.67,169.08,134.54,122.56,192.44,130.95,135.49,127.21,142.28,153.24,140.0,121.0,145.98,155.65
2021-06-26,126.03,147.44,111.79,115.22,128.61,147.9,109.69,180.53,142.77,207.04,147.65,127.29,157.56,155.48,132.08,122.62,140.12,140.07,125.67,166.72,119.21,121.46,131.84,151.63,136.96,203.97,162.72,126.42,144.45,124.12,153.81,144.28,138.88,169.12,134.51,122.85,192.7,131.37,135.6,127.56,142.97,153.41,140.52,121.31,146.24,155.99
2021-06-27,126.19,147.78,111.84,115.4,128.6,148.55,109.7,180.75,142.93,207.24,147.83,127.7,157.86,155.49,132.35,122.69,140.26,140.24,126.05,167.25,119.34,121.76,132.02,151.78,137.16,203.77,162.84,126.59,144.76,124.48,154.21,144.46,139.08,169.22,134.45,123.01,192.72,131.62,135.63,127.82,143.01,153.59,140.91,121.59,146.48,156.42
2021-06-28,126.41,148.23,111.98,115.66,128.91,149.41,109.74,181.1,143.18,207.68,147.98,128.15,158.37,155.55,132.68,122.62,140.47,140.46,126.48,167.8,119.47,122.05,132.06,152.03,137.41,203.81,163.04,126.79,145.16,124.93,154.7,144.69,139.31,169.38,134.45,123.13,192.88,131.92,135.68,128.03,143.02,153.89,141.32,121.92,146.81,157.01
2021-06-29,126.67,148.71,112.28,115.98,129.43,150.36,110.03,181.44,143.48,208.04,148.1,128.75,158.81,155.71,133.04,122.77,140.73,140.73,126.88,168.46,119.77,122.41,132.38,152.35,137.77,203.92,163.3,127.02,145.57,125.52,155.29,144.97,139.54,169.67,134.55,123.38,193.13,132.37,135.73,128.32,143.07,154.26,141.85,122.25,147.1,157.65
2021-06-30,126.76,148.99,112.45,116.26,129.83,150.96,110.16,181.55,143.63,208.2,148.09,129.17,158.99,155.65,133.33,122.81,140.85,140.84,127.14,168.85,119.93,122.66,132.54,152.49,137.89,203.96,163.39,127.11,145.72,125.87,155.82,145.18,139.73,169.76,134.65,123.59,193.16,132.71,135.62,128.3,142.98,154.45,142.28,122.34,147.26,158.16
2021-07-01,126.86,149.27,112.62,116.53,130.24,151.57,110.3,181.66,143.78,208.36,148.08,129.59,159.18,155.58,133.62,122.85,140.98,140.96,127.4,169.25,120.09,122.92,132.69,152.63,138.0,204.0,163.48,127.2,145.87,126.23,156.35,145.4,139.92,169.84,134.74,123.81,193.19,133.05,135.51,128.28,142.89,154.63,142.7,122.44,147.42,158.68
2021-07-02,127.02,149.52,112.61,116.85,130.59,152.16,110.41,181.75,143.92,208.46,148.0,130.0,159.3,155.47,133.79,122.94,141.08,141.06,127.61,169.72,120.24,123.16,132.8,152.77,138.15,204.07,163.75,127.25,146.01,126.58,156.99,145.68,140.14,170.03,134.79,124.15,193.28,133.29,135.26,128.28,142.79,154.88,143.02,122.55,147.58,159.17
2021-07-03,126.98,149.6,112.53,116.95,130.32,152.48,110.39,181.7,143.88,208.26,147.81,130.11,159.31,155.45,133.74,122.77,141.19,141.05,127.86,169.96,120.27,123.12,132.56,152.78,137.98,203.92,163.8,127.22,145.88,126.6,157.37,145.78,140.26,170.28,134.8,124.37,193.18,133.33,135.06,128.04,142.31,155.06,143.06,122.47,147.73,159.55
2021-07-04,127.11,149.74,112.55,117.19,130.58,152.74,110.4,181.6,143.95,208.03,147.49,130.49,159.14,155.45,133.67,122.69,141.24,141.12,128.13,170.4,120.4,123.3,132.55,152.82,138.11,204.07,164.01,127.29,146.06,127.0,157.85,146.03,140.45,170.44,134.85,124.67,193.23,133.5,134.92,128.02,142.2,155.15,143.39,122.42,147.86,159.82
2021-07-05,127.14,149.65,112.28,117.32,130.68,152.48,110.36,181.25,143.86,207.36,147.09,130.74,158.69,155.26,133.45,122.65,141.24,141.06,128.29,170.66,120.46,123.43,132.62,152.66,138.04,203.97,164.08,127.29,146.09,127.26,158.11,146.12,140.48,170.38,134.79,124.88,193.06,133.53,134.78,127.77,142.1,155.09,143.6,122.23,147.84,159.87
2021-07-06,127.16,149.53,112.13,117.41,130.85,152.17,110.28,180.98,143.74,206.6,146.68,130.95,158.27,155.08,133.15,122.61,141.3,141.0,128.46,170.92,120.49,123.52,132.65,152.47,137.9,203.7,164.1,127.3,146.1,127.44,158.33,146.19,140.51,170.36,134.76,125.12,192.82,133.51,134.69,127.53,142.03,154.93,143.83,122.05,147.83,159.96
2021-07-07,127.16,149.35,112.08,117.53,130.91,152.01,110.18,180.76,143.7,205.99,146.26,131.08,158.08,154.96,132.7,122.53,141.4,140.95,128.61,171.06,120.55,123.59,132.71,152.32,137.76,203.73,164.05,127.33,146.09,127.52,158.46,146.23,140.52,170.33,134.72,125.27,192.8,133.46,134.66,127.32,141.94,154.75,143.99,121.97,147.85,160.09
2021-07-08,127.31,149.33,112.05,117.77,130.98,152.22,110.28,180.92,143.77,205.57,146.08,131.25,158.03,155.05,132.55,122.51,141.61,141.01,128.79,171.33,120.69,123.67,132.79,152.32,137.76,203.63,164.07,127.44,146.17,127.75,158.74,146.41,140.65,170.44,134.78,125.62,193.04,133.47,134.71,127.18,142.01,154.72,144.1,122.09,148.02,160.27
2021-07-09,127.49,149.52,112.22,118.09,131.12,152.76,110.55,181.16,143.95,205.21,146.03,131.45,158.11,155.3,132.71,122.51,141.94,141.19,129.14,171.64,120.95,123.82,132.9,152.4,137.84,204.18,163.87,127.6,146.37,128.2,158.82,146.53,140.79,170.55,134.97,125.85,193.4,133.63,134.98,127.01,142.15,154.73,144.38,122.32,148.15,160.51
2021-07-10,127.48,149.53,112.35,118.23,131.12,152.75,110.64,180.91,143.81,204.51,145.85,131.44,157.84,154.96,132.66,122.28,142.19,141.13,129.32,171.65,121.09,123.88,132.85,152.22,137.85,204.51,163.69,127.66,146.47,128.55,158.72,146.48,140.61,170.06,134.99,125.97,193.26,133.59,135.07,126.79,142.02,154.53,144.45,122.38,147.94,160.55
2021-07-11,127.58,149.6,112.36,118.51,131.08,152.74,110.8,180.79,143.56,203.78,145.93,131.51,157.62,154.74,132.75,122.37,142.45,141.12,129.59,171.82,121.35,123.99,133.02,152.12,137.86,204.64,163.65,127.74,146.51,128.92,158.71,146.47,140.47,169.59,135.06,126.13,193.3,133.61,135.21,126.49,142.12,154.4,144.45,122.42,147.74,160.61
2021-07-12,127.66,149.67,112.54,118.67,131.11,152.99,110.94,180.74,143.46,203.11,146.02,131.53,157.45,154.65,132.8,122.23,142.67,141.11,129.86,171.96,121.49,124.0,132.87,152.07,137.93,205.2,163.52,127.8,146.57,129.33,158.75,146.48,140.35,169.23,135.15,126.22,193.36,133.61,135.26,126.27,142.12,154.3,144.31,122.46,147.62,160.16
2021-07-13,127.79,149.91,112.61,118.95,131.12,153.58,111.22,180.8,143.55,203.03,146.17,131.68,157.38,154.66,133.09,122.24,142.8,141.21,130.15,172.19,121.72,124.1,132.9,152.11,138.23,206.14,163.71,127.96,146.72,129.72,158.79,146.57,140.35,169.1,135.28,126.51,193.61,133.76,135.4,126.12,142.34,154.29,144.27,122.28,147.58,160.24
2021-07-14,127.97,150.32,112.65,119.24,131.06,154.34,111.58,181.0,143.56,202.4,146.29,131.9,157.27,154.64,133.58,122.26,142.91,141.33,130.57,172.65,121.98,124.23,132.89,152.1,138.56,206.62,163.85,128.12,146.96,130.3,158.99,146.78,140.53,169.23,135.37,126.75,193.73,133.96,135.43,126.07,142.5,154.46,144.39,122.22,147.65,160.39
2021-07-15,128.2,150.77,112.82,119.57,131.11,154.97,111.84,181.02,143.82,201.91,146.42,132.15,157.12,154.53,134.13,122.45,142.97,141.52,131.03,173.06,122.32,124.52,133.0,152.18,138.94,207.48,164.32,128.36,147.28,131.03,159.16,147.0,140.71,169.41,135.5,126.99,193.8,134.27,135.68,126.09,142.74,154.77,144.65,122.22,147.78,160.52
2021-07-16,128.4,151.04,112.98,119.81,131.02,155.31,111.93,181.03,143.95,201.5,146.45,132.35,156.98,154.44,134.18,122.45,142.93,141.62,131.51,173.39,122.5,124.74,133.04,152.15,139.29,207.89,164.83,128.53,147.49,131.51,159.44,147.2,140.86,169.49,135.62,127.07,193.76,134.5,135.82,126.13,142.92,156.31,144.74,122.11,148.0,160.63
2021-07-17,128.69,151.49,113.12,119.85,131.22,156.51,112.05,181.54,144.28,201.68,146.51,132.49,157.39,154.99,134.48,122.53,142.96,141.88,131.92,173.82,122.67,124.94,133.18,152.34,139.59,208.28,165.35,128.78,147.63,132.04,159.7,147.47,141.3,170.24,135.84,127.22,193.97,134.74,135.82,126.25,142.82,158.05,144.89,122.22,148.51,161.1
2021-07-18,129.12,152.05,113.49,120.1,131.83,157.79,112.32,182.03,144.94,202.0,146.71,132.95,157.88,155.42,135.24,122.78,143.08,142.28,132.34,174.45,122.98,125.39,133.54,152.64,140.16,208.76,165.61,129.04,148.05,132.74,160.09,147.85,141.85,171.01,136.17,127.59,194.36,135.14,136.1,126.52,143.19,159.75,145.34,122.45,149.13,161.56
2021-07-19,129.6,152.74,113.94,120.5,132.38,159.14,112.57,182.57,145.39,202.67,146.91,133.43,158.58,155.91,136.07,123.18,143.26,142.75,132.82,175.19,123.37,125.94,134.07,153.0,140.78,209.22,166.33,129.35,148.52,133.46,160.54,148.31,142.45,171.79,136.52,128.07,194.89,135.63,136.45,126.92,143.66,161.53,145.96,122.78,149.75,162.7
2021-07-20,130.06,153.29,114.35,120.82,132.77,160.5,112.72,182.95,145.68,202.84,147.13,133.77,159.27,156.36,136.68,123.34,143.53,143.12,133.36,175.83,123.69,126.33,134.45,153.29,141.22,209.06,166.78,129.58,148.93,134.24,160.96,148.71,142.91,172.25,136.82,128.29,195.3,135.93,136.64,127.27,143.9,163.51,146.4,123.42,150.24,163.22
2021-07-21,131.26,153.56,114.43,120.97,133.4,160.75,112.57,182.28,145.65,202.07,146.97,134.17,159.03,155.98,136.71,123.5,143.41,143.18,132.95,176.09,123.95,126.78,134.78,153.05,141.52,208.97,167.12,129.61,148.92,134.74,161.17,148.95,142.93,171.88,137.01,128.61,195.05,136.05,136.93,127.16,144.42,164.8,146.71,123.69,150.22,163.17
2021-07-22,132.28,153.66,114.45,120.93,134.01,160.89,112.4,181.44,145.34,200.69,146.39,134.65,158.61,155.24,136.65,123.35,143.2,143.03,132.36,176.27,124.11,127.08,135.07,152.49,141.57,208.53,167.17,129.48,148.78,134.86,161.18,148.95,142.74,171.22,137.04,128.58,194.58,135.98,136.72,126.88,144.62,165.77,146.98,123.78,149.92,162.86
2021-07-23,133.24,153.81,114.3,120.91,134.74,160.91,112.33,180.41,145.04,198.85,146.03,135.12,157.86,154.25,137.14,123.37,142.93,142.87,131.6,176.53,124.35,127.44,135.59,151.84,141.49,207.95,167.13,129.4,148.55,134.99,161.32,149.02,142.55,170.45,137.13,128.75,193.97,135.94,136.73,126.4,145.06,165.53,147.55,123.88,149.5,162.41
2021-07-24,134.06,153.76,114.17,121.05,135.07,160.72,112.35,179.21,144.57,196.61,145.66,135.66,156.71,152.89,137.41,123.3,142.61,142.62,130.77,176.73,124.5,127.76,135.86,151.01,141.44,207.25,166.54,129.28,148.38,134.91,161.45,149.07,142.24,169.27,137.12,128.76,193.17,135.9,137.0,125.91,145.67,164.96,148.13,123.8,148.83,161.88
2021-07-25,134.69,153.61,113.94,120.99,135.22,160.1,112.34,177.92,143.9,194.11,144.73,135.92,155.39,151.38,136.97,123.23,142.22,142.2,129.84,176.73,124.59,128.05,136.17,149.99,141.1,206.56,166.46,129.13,147.95,134.72,161.44,149.02,141.83,168.0,136.99,128.62,192.18,135.77,136.85,125.14,145.93,164.52,148.63,123.69,148.0,161.26
2021-07-26,135.19,153.28,113.56,120.86,135.3,159.23,112.24,176.43,143.38,191.1,143.87,136.17,153.76,149.67,136.35,122.98,141.68,141.68,128.94,176.63,124.58,128.24,136.35,148.77,140.67,205.37,165.77,128.91,147.41,134.36,161.39,148.92,141.38,166.56,136.85,128.43,190.93,135.55,136.67,124.27,146.12,163.9,149.01,123.44,147.06,160.93
2021-07-27,135.79,153.09,113.24,120.77,135.5,158.56,112.12,175.27,143.01,188.24,143.15,136.46,152.24,148.05,135.99,122.88,141.33,141.28,128.31,176.63,124.69,128.52,136.46,147.74,140.42,204.67,165.21,128.8,146.93,134.13,161.47,148.92,141.07,165.58,136.76,128.46,189.83,135.43,136.61,123.44,146.43,163.27,149.43,123.28,146.33,160.23
2021-07-28,135.4,153.19,113.26,120.8,135.73,158.77,112.21,175.08,142.84,186.83,142.83,136.73,151.57,147.29,136.04,122.82,141.33,141.15,128.28,176.94,124.8,128.62,136.57,147.22,140.41,203.78,164.91,128.82,146.91,134.16,161.61,148.96,141.01,165.21,136.82,128.45,189.34,135.48,136.66,123.05,146.61,163.13,149.89,123.34,145.9,160.06
2021-07-29,135.23,153.32,113.33,120.96,135.9,159.05,112.34,174.89,142.72,185.83,142.68,137.02,151.19,146.84,135.86,123.05,141.39,141.13,128.19,177.3,124.99,128.9,136.75,146.85,140.57,202.98,164.42,128.87,146.9,134.28,161.87,149.15,141.12,165.06,137.12,128.63,188.98,135.69,136.87,122.76,146.96,163.08,150.4,123.4,145.64,159.88
2021-07-30,134.84,153.23,113.46,121.02,135.94,159.06,112.42,174.6,142.23,185.06,142.22,137.25,150.88,146.61,135.49,123.2,141.38,141.0,127.75,177.32,124.98,129.09,136.78,146.47,140.68,202.3,163.99,128.88,146.91,134.27,161.86,149.33,141.13,164.84,137.19,128.73,188.5,135.81,136.75,122.53,147.08,162.5,150.72,123.31,145.28,159.39
2021-07-31,134.87,153.5,113.72,121.39,136.27,159.37,112.58,174.73,142.38,184.79,141.98,137.75,150.96,146.97,135.31,123.6,141.63,141.16,127.76,177.69,125.26,129.49,137.34,146.5,141.0,202.2,164.25,129.06,147.15,134.62,162.27,149.83,141.37,165.13,137.48,129.02,188.64,136.19,136.91,122.42,147.59,162.23,151.19,123.47,145.34,158.86
2021-08-01,134.74,153.63,113.82,121.66,136.17,159.95,112.56,174.72,142.54,184.53,142.04,138.02,151.05,147.43,135.69,123.55,141.76,141.22,127.68,177.87,125.27,129.53,137.39,146.38,141.22,201.76,164.03,129.14,147.23,134.75,162.5,150.14,141.51,165.4,137.68,129.27,188.46,136.3,136.87,122.37,147.74,161.68,151.32,123.57,145.42,158.37
2021-08-02,134.71,153.83,113.95,121.9,136.11,160.67,112.65,174.82,142.62,184.54,141.99,138.3,151.24,147.88,136.14,123.6,141.9,141.32,127.55,178.06,125.37,129.63,137.48,146.4,141.38,201.66,163.99,129.24,147.4,134.97,162.79,150.55,141.8,165.79,137.92,129.53,188.47,136.46,136.66,122.28,147.86,161.22,151.53,123.68,145.54,157.44
2021-08-03,134.61,153.91,114.08,122.12,136.23,160.99,112.77,174.65,142.61,184.43,141.69,138.53,151.21,148.34,136.28,123.65,141.84,141.32,127.09,178.15,125.35,129.71,137.75,146.28,141.43,201.42,163.98,129.22,147.66,135.08,163.06,150.91,142.03,165.83,138.17,129.68,188.48,136.62,136.47,122.16,147.97,159.26,151.76,123.68,145.55,156.95
2021-08-04,136.24,154.02,114.17,122.48,136.26,161.37,112.93,174.49,142.77,184.37,141.57,138.69,151.13,148.81,136.41,123.75,141.84,141.4,126.63,178.19,125.4,129.96,138.11,146.31,141.5,201.5,164.04,129.24,147.95,135.24,163.41,151.34,142.2,165.88,138.38,129.8,188.62,136.8,136.25,122.07,148.09,157.42,152.06,123.69,145.74,156.64
2021-08-05,137.83,154.31,114.2,122.86,136.28,161.77,113.12,174.55,142.99,184.51,141.61,138.82,151.04,149.29,136.62,123.82,142.03,141.58,126.69,178.39,125.46,130.1,138.42,146.45,141.66,201.82,164.34,129.35,148.2,135.5,163.84,151.92,142.44,166.05,138.51,129.99,188.83,137.0,136.3,122.01,148.2,155.92,152.38,123.85,145.97,156.67
2021-08-06,139.75,154.91,114.38,123.45,136.41,162.58,113.32,174.99,143.66,184.95,141.89,139.03,151.24,149.97,136.85,124.09,142.46,141.97,127.47,178.94,125.76,130.37,138.75,146.8,142.09,202.19,164.81,129.58,148.63,136.02,164.46,152.6,142.94,166.56,138.94,130.31,189.38,137.4,136.54,122.21,148.45,154.92,152.71,124.28,146.5,157.09
2021-08-07,141.25,155.03,114.33,123.52,136.09,162.85,113.34,174.97,143.79,185.04,141.88,138.64,151.26,150.17,136.85,124.16,142.57,141.96,127.74,178.78,125.62,130.13,138.38,146.79,142.04,201.96,164.78,129.47,148.45,135.99,164.55,152.75,143.07,166.83,139.13,130.35,189.24,137.32,136.33,122.11,148.19,153.88,152.33,124.48,146.75,157.51
2021-08-08,143.1,155.48,114.43,123.96,136.44,163.17,113.52,175.13,144.02,185.19,142.14,138.86,151.77,150.48,136.96,124.52,142.79,142.23,128.19,179.19,125.89,130.5,138.54,146.99,142.36,202.14,165.08,129.6,148.81,136.32,165.05,153.22,143.38,167.18,139.48,130.62,189.64,137.7,136.53,122.32,148.57,153.08,152.72,124.72,147.06,157.92
2021-08-09,144.99,155.97,114.61,124.45,136.76,163.58,113.72,175.31,144.26,185.49,142.42,139.12,152.43,150.99,137.13,124.98,143.1,142.55,128.63,179.67,126.17,130.81,138.83,147.19,142.77,202.37,165.45,129.75,149.21,136.71,165.52,153.6,143.6,167.56,139.8,130.92,190.09,138.1,136.92,122.64,149.0,152.33,153.12,125.03,147.41,158.4
2021-08-10,146.83,156.42,114.78,124.89,137.22,164.04,114.08,175.48,144.52,185.77,142.8,139.47,153.13,151.44,137.34,125.45,143.38,142.9,129.06,180.13,126.58,131.18,138.89,147.41,143.21,202.69,165.77,129.95,149.48,137.1,165.95,153.97,143.82,167.97,140.16,131.13,190.44,138.49,137.37,123.01,149.36,152.86,153.69,125.29,147.74,158.86
2021-08-11,145.75,156.85,114.95,125.24,137.71,164.27,114.42,175.63,144.74,185.99,143.16,139.82,153.96,151.82,137.67,125.93,143.66,143.17,129.77,180.71,126.98,131.46,138.98,147.55,143.59,202.9,165.99,130.13,149.7,137.44,166.41,154.38,144.2,168.41,140.7,131.41,190.67,138.82,137.75,123.3,149.7,153.43,154.21,125.45,148.08,159.08
2021-08-12,145.74,157.21,115.09,125.49,138.34,164.32,114.76,175.79,144.97,186.03,143.48,140.13,154.7,152.35,137.9,126.42,143.83,143.45,130.13,181.24,127.34,131.87,139.07,147.78,143.95,202.94,166.24,130.3,150.02,137.85,166.91,154.77,144.62,168.82,141.23,131.71,190.9,139.17,138.1,123.54,150.03,154.02,154.66,125.5,148.4,159.16
2021-08-13,145.66,157.57,115.17,125.56,138.75,164.48,115.16,175.85,145.1,185.93,143.74,140.45,155.44,152.68,137.83,126.79,144.07,143.68,130.18,181.76,127.58,132.16,139.13,147.95,144.18,203.23,166.58,130.43,150.27,138.03,167.57,155.09,144.92,169.12,141.71,132.0,191.12,139.42,138.52,123.73,150.34,154.75,155.14,125.41,148.56,159.29
2021-08-14,145.82,158.11,115.37,125.86,139.66,164.55,115.66,176.04,145.42,186.0,144.13,141.11,156.06,152.98,137.98,127.33,144.39,144.11,130.82,182.67,128.14,132.85,139.59,148.27,144.8,203.73,167.3,130.73,150.95,138.51,168.48,155.68,145.45,169.43,142.4,132.51,191.66,140.06,139.04,124.09,150.91,155.67,156.36,125.46,148.8,159.45
2021-08-15,145.8,158.48,115.47,125.92,140.25,164.5,116.06,176.14,145.58,186.06,144.43,141.41,156.18,153.27,137.96,127.72,144.68,144.39,131.46,183.23,128.43,133.16,139.73,148.52,145.14,204.36,167.82,130.92,151.19,138.8,169.12,156.1,145.84,169.7,143.06,132.71,191.88,140.45,139.36,124.24,151.18,156.5,157.01,125.46,148.98,159.56
2021-08-16,145.64,158.73,115.51,126.01,140.72,164.37,116.33,176.3,145.68,185.98,144.71,141.54,156.23,153.48,137.88,128.01,144.93,144.61,132.06,183.58,128.66,133.42,139.74,148.71,145.38,204.62,168.26,131.06,151.33,139.0,169.76,156.5,146.24,169.99,143.63,132.84,191.97,140.72,139.64,124.33,151.36,157.19,157.59,125.43,149.14,159.64
2021-08-17,145.61,159.09,115.59,126.1,140.96,164.16,116.56,176.4,145.82,185.93,145.15,141.76,156.28,153.52,137.82,128.36,145.22,144.84,132.57,184.06,128.86,133.74,139.92,148.94,145.76,204.81,168.87,131.26,151.53,139.2,170.46,156.94,146.71,170.29,144.29,132.98,192.09,141.08,139.69,124.36,151.6,158.19,158.15,125.36,149.41,159.66
2021-08-18,146.94,159.4,115.77,125.98,140.92,164.13,116.83,176.54,146.04,186.08,145.35,141.84,156.33,153.73,137.83,129.08,145.57,145.08,133.04,184.47,128.8,133.9,139.93,149.21,146.01,205.34,169.77,131.38,151.46,139.3,171.12,157.34,147.17,170.41,145.19,133.15,192.3,141.32,139.97,124.25,151.87,159.3,158.18,125.43,149.61,159.34
2021-08-19,147.23,159.71,115.98,126.09,141.16,164.31,117.14,176.6,146.14,186.21,145.57,142.16,156.27,153.78,137.87,129.79,145.79,145.35,133.45,184.97,128.98,134.15,140.06,149.41,146.32,206.27,170.78,131.55,151.6,139.52,171.85,157.73,147.48,170.55,146.09,133.47,192.59,141.67,140.38,124.48,152.24,160.16,158.69,125.48,149.9,159.4
2021-08-20,147.52,159.94,116.29,126.27,141.7,164.4,117.53,176.76,146.32,186.43,145.68,142.49,156.18,153.88,138.13,130.67,145.91,145.61,133.9,185.45,129.3,134.47,140.24,149.67,146.63,207.04,171.51,131.71,151.82,139.92,172.4,158.03,147.8,170.72,146.97,133.72,192.97,142.09,140.66,124.69,152.53,160.07,159.3,125.5,150.32,159.39
2021-08-21,148.32,160.09,116.58,126.51,142.58,164.38,117.97,176.89,146.36,186.51,145.75,143.51,156.07,153.92,137.93,131.49,145.89,145.89,133.94,186.51,129.88,136.36,140.5,149.8,147.17,207.68,172.66,131.95,152.37,140.27,172.91,158.25,148.13,170.77,147.79,133.94,193.21,142.65,140.94,124.94,152.72,159.91,160.67,125.45,150.67,158.81
2021-08-22,149.2,160.42,116.9,126.85,143.58,164.45,118.47,177.16,146.52,186.66,145.86,144.59,156.12,153.98,137.52,132.42,145.96,146.25,134.11,187.71,130.48,138.29,140.84,150.05,147.78,208.33,174.0,132.22,153.02,140.82,173.63,158.59,148.56,170.91,148.7,134.32,193.6,143.26,141.37,125.23,153.04,159.9,162.11,125.47,151.12,158.91
2021-08-23,150.1,160.78,117.19,127.16,144.5,164.34,118.85,177.32,146.66,186.82,145.95,145.79,156.05,153.92,137.06,133.47,146.0,146.58,133.39,188.97,131.11,140.34,141.4,150.27,148.38,209.03,175.49,132.52,153.7,141.37,174.27,158.85,148.88,170.92,149.68,134.65,193.94,143.94,141.77,125.53,153.4,159.9,163.62,125.46,151.49,158.96
2021-08-24,150.87,161.01,117.33,127.41,144.63,164.28,119.21,177.57,146.75,187.12,145.78,146.72,156.2,154.04,136.6,134.43,146.06,146.84,133.29,190.04,131.59,142.19,141.71,150.51,148.78,209.72,176.41,132.74,154.25,141.92,174.75,158.99,149.02,170.9,150.45,134.93,194.41,144.52,142.19,125.77,153.68,159.32,164.87,125.45,151.87,156.74
2021-08-25,151.83,161.35,117.38,127.9,145.59,164.16,119.64,177.84,146.79,187.13,145.96,148.0,156.17,153.99,136.03,135.01,146.08,147.2,133.46,190.99,132.33,144.4,142.39,150.74,149.44,210.29,177.34,133.11,155.07,142.67,175.46,159.39,149.19,171.05,151.1,135.48,194.87,145.36,142.62,126.15,154.07,158.7,166.89,125.31,152.22,157.13
2021-08-26,152.61,161.58,117.37,128.24,146.51,163.94,119.95,177.93,146.75,187.07,146.05,149.15,156.17,153.96,135.4,135.54,146.15,147.42,133.58,191.76,132.86,146.29,142.9,150.86,149.94,210.53,178.09,133.37,155.68,143.14,176.05,159.69,149.32,171.06,151.73,135.83,195.15,145.94,142.71,126.24,154.34,156.9,168.55,125.02,152.3,157.13
2021-08-27,153.36,161.82,117.34,128.41,147.31,163.41,120.11,177.89,146.76,186.98,146.23,150.42,156.18,153.68,134.79,135.88,145.92,147.57,133.43,192.5,133.26,148.13,143.47,150.88,150.4,210.52,178.95,133.37,156.15,143.5,176.67,160.07,149.59,171.05,152.47,136.21,195.14,146.43,142.9,126.27,154.66,156.83,169.91,124.73,152.46,157.08
2021-08-28,153.47,161.98,117.26,128.44,147.52,163.17,120.11,177.88,146.7,186.74,146.45,151.09,156.25,153.59,134.39,136.39,146.01,147.69,133.09,192.52,133.28,148.39,144.06,150.8,150.2,210.8,179.04,133.54,156.28,143.89,177.19,160.52,149.81,171.18,153.11,136.55,195.33,146.61,143.13,126.29,154.88,156.39,170.38,124.39,152.57,157.47
2021-08-29,153.61,162.12,117.26,128.44,147.69,162.89,120.24,177.91,146.78,186.58,146.63,151.68,156.27,153.4,134.2,136.87,146.05,147.82,132.66,192.47,133.47,148.66,144.66,150.79,150.2,210.86,179.09,133.72,156.45,144.12,177.75,160.96,150.06,171.29,153.79,136.91,195.49,146.84,143.29,126.21,155.2,156.33,170.78,124.12,152.7,157.29
2021-08-30,153.79,162.29,117.36,128.49,148.09,162.73,120.65,177.96,146.88,186.54,146.77,152.3,156.36,153.41,134.09,137.22,146.13,147.98,132.97,192.5,133.67,148.91,145.01,150.82,150.32,211.03,178.95,133.89,156.62,144.4,178.32,161.44,150.36,171.5,154.5,137.39,195.71,147.05,143.55,126.11,155.5,156.3,171.19,123.93,152.88,157.13
2021-08-31,153.84,162.44,117.39,128.61,148.93,162.44,120.85,177.89,146.93,186.31,146.94,152.81,156.24,153.34,133.91,137.55,146.05,148.11,132.52,192.47,133.81,148.96,145.43,150.75,150.26,211.1,178.97,133.99,156.72,144.65,178.97,162.0,150.72,171.71,155.3,137.94,195.71,147.16,143.99,125.98,155.79,156.82,171.4,123.7,152.89,159.2
2021-09-01,153.65,162.32,117.53,128.61,148.93,161.96,120.9,177.56,146.81,185.96,146.78,152.91,156.09,153.14,133.57,137.87,145.76,148.01,131.25,192.24,133.86,148.63,145.57,150.49,149.83,210.87,178.29,134.03,156.64,144.58,179.27,162.18,150.95,171.82,155.86,138.1,195.45,147.06,143.95,125.72,155.74,157.19,171.21,123.34,152.9,157.75
2021-09-02,153.81,162.2,117.66,128.57,148.65,161.29,121.05,177.17,146.72,185.52,146.6,153.07,155.89,152.85,133.55,138.32,145.42,147.97,130.19,192.13,133.9,148.53,145.92,150.27,149.56,210.62,177.73,134.13,156.52,144.45,179.54,162.47,151.3,171.95,156.58,138.3,195.18,147.11,143.9,125.49,155.77,158.77,171.08,122.99,152.88,157.47
2021-09-03,155.06,162.03,117.8,128.65,148.59,160.64,121.34,176.74,146.62,184.98,146.41,153.07,155.52,152.56,133.17,138.9,145.28,147.97,130.12,192.08,134.03,148.5,146.33,150.05,149.28,210.28,177.05,134.46,156.45,144.3,179.76,162.74,151.51,172.02,157.39,138.41,195.09,147.18,143.72,125.26,155.77,159.39,171.21,122.47,152.78,157.12
2021-09-04,156.15,161.82,118.2,128.56,148.22,160.05,121.79,176.23,146.61,184.64,146.11,152.65,155.27,152.19,132.77,139.02,144.95,147.85,130.13,191.86,134.08,148.25,146.32,149.95,149.11,209.83,176.3,134.46,156.01,143.62,179.72,162.87,151.65,172.17,158.78,138.73,194.54,147.14,143.57,124.88,155.43,160.31,171.07,122.0,152.77,156.83
2021-09-05,157.41,161.72,118.66,128.76,148.17,159.49,122.33,175.83,146.47,184.39,145.88,152.6,154.95,151.95,132.67,139.36,144.66,147.86,130.14,192.01,134.2,148.24,146.69,149.92,149.04,210.04,175.8,134.55,155.84,143.41,179.82,163.1,151.83,172.35,160.21,139.21,194.42,147.34,143.59,124.74,155.46,160.95,171.29,121.48,152.71,156.57
2021-09-06,158.74,161.73,119.1,128.94,148.21,158.98,122.81,175.5,146.46,184.15,145.8,152.61,154.67,151.63,132.65,139.85,144.41,147.93,130.2,192.23,134.37,148.28,147.18,149.97,148.99,210.11,175.29,134.69,155.73,143.28,180.02,163.48,152.14,172.57,161.72,139.8,194.45,147.63,143.59,124.63,155.7,161.68,171.5,120.98,152.73,156.39
2021-09-07,160.09,161.58,119.61,129.0,148.34,158.15,123.26,175.02,146.25,183.72,145.67,152.74,154.18,150.33,132.46,140.24,144.15,147.79,130.44,192.41,134.54,148.54,147.72,149.9,148.91,210.1,174.66,134.31,155.57,142.97,180.04,163.69,152.28,172.63,162.86,140.22,194.37,147.87,142.9,124.26,155.81,162.0,171.96,120.41,152.65,156.15
2021-09-08,161.57,161.59,120.05,129.12,148.61,157.65,123.93,174.83,146.23,183.65,145.75,153.14,153.88,150.31,132.2,140.76,144.12,147.96,131.3,192.98,134.75,149.0,148.3,150.05,149.14,210.32,174.31,134.49,155.56,142.94,180.2,164.11,152.63,172.89,164.11,140.73,194.57,148.29,143.02,124.25,156.2,162.58,172.5,120.03,152.6,157.26
2021-09-09,162.73,161.64,120.49,129.27,148.89,157.25,124.6,174.86,146.32,183.82,145.89,153.33,153.77,150.35,131.77,141.14,144.15,148.11,132.04,193.4,135.06,149.25,148.7,150.15,149.27,210.52,173.85,134.63,155.51,142.95,180.25,164.36,152.82,173.21,165.4,141.24,194.86,148.63,143.27,124.17,156.53,163.09,172.86,119.86,152.61,157.29
2021-09-10,162.83,161.81,120.98,129.47,148.84,157.12,125.18,174.88,146.5,184.2,146.02,153.61,153.85,150.12,131.7,141.41,143.3,148.08,131.65,193.84,135.45,149.47,148.98,150.27,149.45,210.53,173.32,134.07,155.62,143.12,180.46,164.77,153.18,173.56,166.91,141.89,195.19,149.06,143.38,123.96,156.93,163.8,173.05,119.96,152.8,157.54
2021-09-11,163.26,162.14,121.31,129.86,149.47,156.81,125.78,175.05,146.78,184.61,146.26,154.25,153.82,149.49,131.74,142.01,142.36,148.14,130.31,194.62,136.0,150.03,149.62,150.47,149.95,210.63,172.89,133.6,156.14,143.77,181.13,165.41,153.74,173.8,167.89,142.58,195.98,149.7,143.42,123.92,157.89,164.63,173.6,120.07,153.03,157.69
2021-09-12,163.42,162.24,121.48,129.78,149.62,156.48,126.09,175.05,147.0,184.83,146.36,154.45,153.78,148.92,131.31,142.16,141.41,148.02,128.89,194.93,136.2,150.11,149.66,150.55,150.01,210.18,172.09,132.97,156.3,143.92,181.53,165.92,154.25,174.03,168.58,143.02,196.22,150.0,143.26,123.7,158.2,165.34,173.74,120.15,153.23,157.78
2021-09-13,163.55,162.3,121.65,129.7,149.72,156.24,126.43,175.0,147.15,185.09,146.44,154.6,153.79,148.37,131.05,142.21,140.45,147.89,127.6,195.2,136.37,150.15,149.72,150.62,150.11,209.85,171.28,132.35,156.44,143.99,181.84,166.33,154.64,174.19,169.55,143.35,196.47,150.26,143.13,123.61,158.39,166.0,173.86,120.17,153.43,157.86
2021-09-14,163.87,162.62,121.96,129.72,149.89,156.18,126.99,175.38,147.55,185.52,146.73,154.9,153.93,149.19,130.77,142.51,140.59,148.26,126.52,195.75,136.79,150.36,149.99,150.93,150.4,210.05,171.27,133.04,156.7,144.76,182.31,166.84,154.98,174.56,170.87,143.81,196.92,150.73,143.85,123.87,158.84,167.05,174.08,120.3,153.69,158.03
2021-09-15,164.28,163.01,122.39,129.81,150.14,156.1,127.53,175.72,147.96,185.98,146.93,155.3,154.08,149.03,130.95,142.78,140.7,148.52,125.37,196.24,137.26,150.59,150.25,151.24,150.74,210.31,171.54,133.23,157.09,145.5,182.84,167.38,155.28,174.89,172.29,144.41,197.3,151.08,143.88,123.99,159.28,168.16,174.4,120.48,153.98,158.2
2021-09-16,164.55,163.27,122.76,129.91,150.33,155.92,127.91,175.63,148.17,185.9,146.99,155.64,154.01,148.7,131.0,143.0,140.74,148.66,124.12,196.64,137.49,150.73,150.39,151.26,151.01,210.39,171.43,133.37,157.49,146.21,183.08,167.84,155.54,175.11,173.64,144.8,197.43,151.34,143.83,124.07,159.58,169.02,174.68,120.67,154.23,157.98
2021-09-17,164.84,163.45,123.1,130.02,150.65,155.47,128.28,175.64,148.27,185.72,147.09,155.98,153.88,148.84,130.91,143.26,141.65,148.96,123.19,197.0,137.62,150.86,150.51,151.28,151.13,210.89,171.6,134.14,157.77,146.87,183.27,168.13,155.66,175.27,174.69,145.1,197.47,151.43,143.69,124.33,159.76,169.68,175.02,120.76,154.24,157.67
2021-09-18,164.8,163.7,123.46,130.09,150.78,155.3,128.64,175.52,148.39,185.48,147.13,156.46,153.87,149.39,131.03,143.5,142.55,149.27,123.3,197.36,137.86,150.97,150.61,151.3,151.18,211.31,171.99,134.91,158.07,147.44,183.38,168.39,155.77,175.38,174.95,145.37,197.43,151.53,143.77,124.51,159.96,170.29,175.33,120.83,154.23,157.3
2021-09-19,164.79,164.0,123.84,130.31,150.99,155.35,129.12,175.52,148.5,185.45,147.27,156.96,153.86,149.92,131.39,143.91,143.52,149.64,123.48,197.86,138.13,151.2,150.87,151.33,151.38,211.98,172.45,135.71,158.39,148.16,183.38,168.69,155.81,175.63,175.48,145.59,197.51,151.73,143.9,124.74,160.2,171.0,175.7,120.95,154.27,157.01
2021-09-20,164.77,164.27,124.14,130.55,151.23,155.27,129.53,175.51,148.64,185.3,147.37,157.54,153.83,150.4,131.29,144.36,144.47,149.97,123.64,198.39,138.49,151.49,151.13,151.28,151.51,212.6,173.07,136.51,158.84,148.92,183.36,168.94,155.83,175.84,175.42,145.73,197.49,151.91,143.93,124.88,160.4,171.71,176.13,121.09,154.23,156.73
2021-09-21,164.72,164.47,124.49,130.77,151.6,155.19,129.82,175.22,148.61,185.21,147.36,158.08,153.83,150.51,130.81,144.63,144.36,150.02,123.59,198.74,138.79,151.66,151.23,151.16,151.65,212.85,173.42,136.56,159.2,149.11,183.41,169.2,156.05,175.95,175.69,145.97,197.48,152.09,143.81,124.84,160.46,172.17,176.52,120.83,154.26,156.25
2021-09-22,164.75,164.75,124.73,130.95,152.11,155.11,130.18,174.91,148.86,184.97,147.44,158.58,153.8,150.6,130.87,144.86,144.29,150.14,123.55,199.29,139.05,151.85,151.52,151.06,151.77,213.04,174.02,136.67,159.49,149.27,183.48,169.57,156.33,176.15,176.02,146.24,197.56,152.46,144.01,124.81,160.6,172.54,176.93,120.72,154.42,155.8
2021-09-23,165.39,165.17,125.09,131.0,152.71,155.3,130.75,174.92,149.27,185.2,147.33,159.24,153.98,150.78,131.09,145.07,144.19,150.34,123.58,199.85,139.48,152.28,151.81,151.22,151.94,213.47,174.92,136.81,159.76,149.48,183.94,170.02,156.7,176.44,176.37,146.67,197.75,152.92,144.1,124.82,160.74,171.18,177.57,120.67,154.77,155.62
2021-09-24,166.05,165.52,125.39,131.02,153.45,155.62,131.4,174.9,149.65,185.38,147.15,159.89,154.08,150.88,131.36,145.37,144.15,150.52,123.65,200.35,139.88,152.89,152.28,151.35,152.14,213.69,175.68,136.97,160.05,149.82,184.19,170.35,156.9,176.69,176.19,147.09,197.9,153.5,144.4,124.78,160.92,169.83,178.14,120.65,155.1,155.55
2021-09-25,166.94,165.84,125.68,131.41,154.26,156.04,131.97,174.88,150.02,185.66,146.05,160.24,154.18,151.02,131.51,145.75,144.09,150.64,123.72,200.81,140.17,153.36,152.6,151.43,152.4,214.02,176.22,137.06,160.22,150.18,184.38,170.64,157.08,177.06,177.12,147.32,198.0,154.01,144.31,124.84,160.9,168.36,178.66,120.69,155.41,155.81
2021-09-26,167.81,166.14,125.94,131.73,155.13,156.1,132.5,174.82,150.37,185.82,145.73,160.7,154.3,151.01,131.36,146.03,143.93,150.74,123.77,201.17,140.45,153.88,152.97,151.45,152.67,214.19,176.81,137.1,160.57,150.53,184.74,170.84,157.19,177.25,177.55,147.66,198.03,154.51,144.39,124.84,160.88,166.62,179.21,120.64,155.73,156.01
2021-09-27,168.71,166.46,126.26,132.02,155.95,156.16,133.11,174.81,150.68,186.02,144.82,161.08,154.38,151.13,131.49,146.35,143.79,150.83,123.83,201.5,140.75,154.4,153.38,151.5,152.95,214.31,177.6,137.12,160.8,150.92,185.11,171.13,157.38,177.51,178.42,148.1,198.08,155.03,144.36,124.86,160.89,164.96,179.72,120.64,156.06,156.23
2021-09-28,169.59,166.82,126.52,132.3,156.66,156.56,133.78,174.84,151.13,186.2,144.47,161.46,154.54,151.4,132.22,146.71,143.78,151.05,123.9,201.99,140.96,154.88,153.8,151.5,153.26,214.58,178.31,137.28,161.23,151.35,185.55,171.48,157.56,177.84,179.01,148.56,198.13,155.49,144.54,125.05,161.0,163.31,180.26,121.07,156.4,156.61
2021-09-29,170.37,167.06,126.77,132.66,157.35,156.78,134.24,174.77,151.34,186.31,143.38,161.8,154.63,151.86,132.43,146.97,143.85,151.13,123.9,202.36,141.28,155.38,154.16,151.42,153.46,214.9,178.72,137.34,161.62,151.84,185.95,171.67,157.64,177.9,179.05,148.82,198.18,155.83,144.31,125.11,161.02,161.42,180.84,121.31,156.6,156.93
2021-09-30,170.53,167.1,127.02,133.0,157.68,156.71,134.58,174.54,151.33,186.17,143.19,161.76,154.59,152.34,132.35,147.17,143.9,151.2,123.83,202.59,141.33,155.52,154.56,151.29,153.49,215.16,179.16,137.34,161.84,152.2,186.35,171.93,157.76,177.92,179.3,148.94,198.1,155.97,144.32,125.15,161.09,161.38,181.02,121.35,156.6,157.27
2021-10-01,170.95,167.12,127.14,133.32,157.84,156.77,134.91,174.17,151.32,185.95,143.08,161.63,154.65,152.82,132.64,147.25,143.92,151.3,123.7,202.78,141.39,155.48,154.79,151.19,153.56,215.5,179.61,137.34,162.3,152.35,186.7,172.17,158.0,177.97,179.52,148.93,197.93,155.98,144.6,125.2,161.14,161.67,181.35,121.37,156.65,157.43
2021-10-02,171.5,167.16,127.23,133.76,157.9,156.68,135.32,174.0,151.37,185.67,143.96,161.71,154.66,153.1,132.67,147.37,144.01,151.47,123.54,203.11,141.44,155.55,155.19,151.18,153.74,215.58,180.27,137.42,162.89,152.82,187.15,172.64,158.32,178.02,179.55,149.18,198.03,156.05,144.72,125.21,161.59,161.67,181.63,121.47,156.77,157.45
2021-10-03,171.94,167.08,127.32,134.01,157.96,156.61,135.68,173.69,151.37,185.28,143.97,161.71,154.54,153.34,132.9,147.53,144.13,151.55,123.38,203.36,141.55,155.52,155.5,151.08,153.82,215.58,180.67,137.52,163.31,152.93,187.4,172.92,158.6,177.87,179.91,149.07,198.0,156.02,144.67,125.18,161.88,161.71,181.88,121.47,156.72,157.35
2021-10-04,172.33,167.0,127.44,134.28,157.99,156.57,135.97,173.4,151.41,184.94,144.56,161.68,154.55,153.5,133.17,147.55,144.27,151.63,123.2,203.54,141.54,155.44,155.72,150.99,153.89,215.48,180.84,137.63,163.69,153.03,187.64,173.11,158.82,177.84,180.52,148.92,197.94,155.96,144.53,125.16,162.15,161.68,182.05,121.52,156.68,157.26
2021-10-05,172.68,166.81,127.51,134.6,157.98,156.28,136.3,173.12,151.27,184.43,144.6,161.56,154.38,153.7,133.44,147.56,144.31,151.65,123.91,203.4,141.44,155.34,155.92,150.89,153.79,215.22,180.95,137.6,163.98,153.12,187.71,173.19,158.99,177.75,180.94,148.41,197.95,155.8,144.53,125.23,162.29,161.44,182.32,121.45,156.62,157.31
2021-10-06,172.97,166.63,127.57,134.87,157.84,156.04,136.86,172.94,151.12,184.08,145.48,161.5,153.79,153.69,133.34,147.76,144.37,151.72,124.81,203.5,141.31,155.2,156.13,150.83,153.73,215.08,181.47,137.52,164.2,153.1,187.75,173.26,159.08,177.7,181.58,148.0,198.09,155.66,145.0,125.41,162.46,161.37,182.51,121.35,156.48,157.16
2021-10-07,173.53,166.65,127.81,135.28,158.14,156.04,137.56,172.97,151.24,183.97,145.81,161.91,153.29,152.99,133.48,148.09,144.51,151.8,125.76,203.82,141.59,155.26,156.65,150.86,153.89,214.86,182.17,137.08,164.71,153.32,187.79,173.47,159.33,177.79,182.24,147.86,198.46,155.9,145.01,125.52,162.87,161.45,183.09,121.33,156.71,157.09
2021-10-08,173.85,166.85,127.86,135.6,158.58,156.09,138.02,173.29,151.42,184.01,146.21,162.31,152.84,152.6,133.43,148.03,144.71,151.94,127.05,204.38,141.82,155.35,157.1,150.97,154.19,215.06,183.14,136.79,164.9,153.66,187.99,173.78,159.62,177.85,183.08,147.78,199.03,156.22,144.96,125.73,163.24,161.48,183.44,121.43,157.04,157.13
2021-10-09,174.18,167.05,128.12,135.75,159.07,156.28,138.45,173.46,151.58,184.05,146.61,162.78,152.37,153.29,133.74,148.38,144.77,152.26,128.28,205.15,142.05,155.52,157.94,151.08,154.4,215.54,184.09,137.0,165.17,153.76,188.17,173.82,159.74,177.86,184.29,147.47,199.6,156.61,145.76,126.22,163.55,161.69,184.24,121.56,157.34,157.18
2021-10-10,174.52,167.25,128.42,136.04,159.44,156.65,138.91,173.71,151.72,184.14,146.41,163.2,152.05,153.73,134.18,148.71,144.85,152.47,129.47,205.79,142.31,155.74,158.7,151.12,154.6,215.53,185.14,137.08,165.39,153.93,188.29,173.93,159.86,178.11,184.63,147.34,200.23,156.98,146.02,126.56,163.9,161.74,184.97,121.76,157.78,156.69
2021-10-11,174.84,167.43,128.69,136.34,159.84,156.93,139.33,173.88,151.81,184.12,146.3,163.63,151.57,154.14,134.51,149.13,144.94,152.75,130.66,206.47,142.56,155.96,159.5,151.2,154.8,216.05,186.17,137.23,165.63,154.07,188.38,174.08,160.1,178.19,185.21,147.2,200.86,157.34,146.76,126.94,164.22,161.95,185.73,121.83,158.21,156.74
2021-10-12,175.2,167.67,129.04,136.6,160.23,157.12,139.63,173.99,151.96,184.13,145.62,164.13,151.16,153.88,134.87,149.57,144.94,152.88,130.9,207.3,142.89,156.16,160.34,151.24,154.97,216.57,187.19,137.0,165.7,154.15,188.56,174.33,160.35,178.18,185.78,147.39,201.46,157.77,147.05,126.97,164.55,162.42,186.39,121.83,158.59,157.48
2021-10-13,175.43,167.78,129.35,136.82,160.47,157.35,139.58,173.93,151.89,183.97,144.75,164.33,150.84,153.48,135.08,149.67,144.83,152.94,131.05,207.84,143.16,156.38,161.0,151.18,155.0,217.01,187.82,136.87,165.89,154.33,188.58,174.51,160.67,178.25,186.2,147.56,201.63,158.11,147.03,127.13,164.83,162.67,186.91,121.87,158.97,158.3
2021-10-14,175.66,168.04,129.5,138.23,160.67,157.51,139.59,173.93,151.85,183.77,143.89,164.4,150.81,154.05,135.35,149.83,144.7,153.15,131.06,208.51,143.27,156.86,161.44,151.17,154.91,217.55,188.47,137.18,166.06,154.52,188.69,174.81,161.07,178.31,186.22,148.04,201.77,158.29,147.53,127.54,164.91,163.09,187.55,121.95,159.24,159.08
2021-10-15,175.75,168.09,129.9,139.59,160.64,157.4,139.62,173.65,151.64,183.05,143.32,164.41,150.57,154.66,135.37,150.32,144.51,153.3,130.82,208.93,143.29,157.27,161.95,151.05,154.7,217.96,188.88,137.46,166.12,154.62,188.63,175.02,161.38,178.29,186.83,148.58,201.89,158.38,148.11,127.82,164.98,163.52,188.31,121.84,159.26,159.8
2021-10-16,175.63,167.98,129.98,140.65,160.14,157.25,139.4,173.54,151.31,182.22,142.27,164.16,150.34,154.25,135.33,150.12,144.35,153.13,130.61,208.65,143.21,157.43,161.96,150.81,154.29,217.91,189.17,136.95,165.85,154.49,188.44,175.28,161.72,178.31,186.33,149.14,201.64,158.24,147.81,127.76,164.55,164.14,188.6,121.68,159.4,160.54
2021-10-17,175.81,168.21,130.32,141.99,160.15,157.24,139.41,173.53,151.19,181.61,142.37,164.35,150.12,154.53,135.42,150.26,144.28,153.32,130.45,208.98,143.3,157.92,162.42,150.89,154.26,218.65,190.1,136.85,165.93,154.81,188.57,175.73,162.24,178.42,187.37,149.82,201.77,158.47,148.18,128.02,164.59,164.89,189.12,121.6,159.63,161.93
2021-10-18,176.0,168.39,130.61,143.28,160.13,157.22,139.45,173.5,151.04,180.95,142.33,164.55,149.87,154.5,135.47,150.36,144.11,153.39,130.26,209.31,143.33,158.37,162.84,150.88,154.2,218.99,191.2,136.55,166.02,155.15,188.68,176.15,162.61,178.42,187.32,150.54,201.84,158.68,148.4,128.2,164.63,164.98,189.64,121.51,159.78,162.73
2021-10-19,176.16,168.53,130.9,144.59,160.17,157.33,139.69,173.65,151.06,180.44,142.83,164.56,149.75,155.2,135.61,150.35,144.18,153.65,130.15,209.69,143.24,158.84,163.07,150.96,154.22,219.47,192.14,136.83,166.14,155.56,188.75,176.53,162.98,178.58,187.73,151.24,201.81,158.81,148.84,128.7,164.66,165.13,190.03,121.53,160.09,162.62
2021-10-20,176.66,168.86,131.21,145.96,160.44,157.58,140.14,173.88,151.28,179.97,142.51,164.89,150.06,155.83,135.87,150.58,144.28,153.91,130.06,210.07,143.19,159.34,163.42,151.1,154.54,219.68,193.07,136.99,166.21,156.04,188.91,176.98,163.38,178.79,188.08,151.8,202.02,159.07,149.35,128.96,164.83,165.28,190.49,121.56,160.49,162.66
2021-10-21,177.03,168.9,131.46,146.09,160.43,157.78,140.53,173.92,151.36,179.37,143.37,165.11,150.02,156.87,136.04,150.84,144.33,154.14,130.02,210.23,143.09,159.71,163.87,151.1,154.85,219.79,193.91,137.41,166.21,156.4,188.88,177.05,163.37,178.78,188.4,151.89,202.19,159.23,149.91,129.1,165.01,165.45,190.68,121.52,160.68,162.6
2021-10-22,177.51,169.12,131.81,146.22,160.54,158.16,141.02,174.11,151.52,179.2,143.83,165.63,150.08,157.73,136.35,151.42,144.16,154.38,129.81,210.5,143.2,160.2,164.48,151.19,155.3,219.99,195.03,137.83,166.4,156.86,189.11,177.28,163.51,178.92,188.68,152.1,202.34,159.47,150.43,129.3,165.27,164.61,190.96,121.6,161.07,162.53
2021-10-23,178.21,169.59,132.31,146.74,161.07,158.69,141.88,174.25,151.86,179.2,144.82,166.34,150.13,158.79,136.81,152.34,144.07,154.84,129.73,211.22,143.44,160.88,165.27,151.43,155.97,220.6,196.55,138.54,166.77,157.91,189.48,177.71,163.65,179.04,189.56,152.48,202.78,159.98,151.47,129.73,166.07,164.04,191.49,121.75,161.32,162.38
2021-10-24,178.61,169.7,132.47,146.86,161.19,158.91,142.45,174.2,151.97,178.86,145.23,166.57,150.05,159.1,137.03,152.87,143.98,155.04,129.5,211.46,143.48,161.13,165.61,151.41,156.21,220.8,197.7,138.98,166.69,158.34,189.47,177.86,163.66,178.95,189.68,152.65,202.74,160.16,152.21,129.92,166.13,163.62,191.74,121.75,161.37,162.14
2021-10-25,179.04,169.88,132.69,146.94,161.35,159.28,143.05,174.21,152.14,178.66,145.71,166.87,150.11,159.89,137.38,153.42,143.95,155.3,129.28,211.72,143.62,161.4,165.84,151.43,156.49,221.09,198.64,139.54,166.66,158.77,189.52,178.03,163.77,179.03,190.21,152.8,202.8,160.42,152.81,130.18,166.25,163.64,192.02,121.91,161.5,161.95
2021-10-26,179.63,170.17,132.95,147.07,161.55,159.78,143.7,174.15,152.25,178.42,146.24,167.28,150.26,160.51,137.76,154.12,143.87,155.52,129.11,212.0,143.93,161.65,166.36,151.54,156.85,221.17,200.03,139.94,166.73,159.13,189.47,178.22,163.9,178.98,189.51,152.9,202.91,160.7,153.13,130.33,166.45,163.67,192.41,122.04,161.63,161.9
2021-10-27,180.01,170.36,133.28,147.18,161.7,160.14,144.16,174.05,152.35,178.11,147.61,167.56,150.18,161.28,138.13,154.62,143.85,155.75,128.51,212.37,144.2,161.9,166.68,151.66,156.97,221.47,201.34,140.46,166.79,159.15,189.47,178.25,163.8,178.89,189.42,153.11,202.86,160.84,153.3,130.49,166.46,163.83,192.8,122.22,161.73,161.58
2021-10-28,180.46,170.62,133.78,147.26,161.62,160.63,144.25,174.03,152.41,177.95,147.76,167.9,150.16,161.43,138.51,155.15,143.96,155.92,128.24,212.79,144.54,162.14,166.98,151.89,157.25,221.84,202.75,140.72,166.87,159.14,189.43,178.34,163.86,178.95,189.63,153.23,203.06,161.07,153.26,130.67,166.43,163.79,193.24,122.39,161.89,161.42
2021-10-29,180.83,170.77,134.19,146.14,161.83,160.98,144.56,173.92,152.46,177.79,147.93,168.24,150.12,161.64,138.83,155.53,144.48,156.1,128.08,213.1,144.81,162.31,167.38,152.01,157.47,222.05,204.15,140.98,166.95,159.02,189.19,178.25,163.79,178.95,189.32,153.15,203.03,161.36,153.21,130.87,166.45,164.48,193.84,122.53,161.9,161.28
2021-10-30,181.21,170.89,134.66,144.96,162.05,161.22,144.9,173.72,152.43,177.66,148.13,168.71,150.15,161.85,139.18,155.82,145.13,156.29,128.14,213.46,145.18,162.45,167.64,152.16,157.71,222.25,205.37,141.32,167.15,158.73,188.84,178.05,163.84,179.04,189.29,153.07,203.05,161.61,153.18,131.08,166.7,164.9,194.36,122.62,161.81,161.29
2021-10-31,181.54,170.85,135.07,143.68,162.21,161.35,145.1,173.44,152.32,177.48,148.2,169.21,150.21,162.27,139.05,156.05,145.56,156.4,128.23,213.68,145.4,162.64,167.83,152.2,157.84,222.51,206.18,141.58,167.33,158.57,188.5,177.86,163.76,179.08,189.28,153.05,202.91,161.69,153.1,131.25,166.94,165.13,194.85,122.56,161.68,161.16
2021-11-01,181.89,171.19,135.55,142.53,162.34,161.64,145.21,173.27,152.32,177.42,148.25,169.73,150.37,162.66,139.16,156.21,146.15,156.59,128.38,213.97,145.63,162.85,168.1,152.34,158.06,222.86,206.74,141.88,167.55,158.47,188.28,177.77,163.79,179.25,189.28,153.12,202.84,161.77,153.14,131.44,167.21,165.59,195.34,122.52,161.68,161.09
2021-11-02,182.07,171.71,135.89,141.29,162.39,161.73,145.02,173.01,152.32,177.34,148.19,170.33,150.36,162.94,139.28,156.12,146.74,156.76,128.5,214.2,145.81,163.08,168.16,152.35,158.21,223.26,206.51,142.16,167.82,158.38,188.15,177.65,163.81,179.47,190.07,153.21,202.65,161.85,153.27,131.64,167.44,166.0,195.72,122.52,161.61,160.98
2021-11-03,182.22,172.22,136.17,140.06,162.52,161.8,144.97,172.68,152.24,177.47,148.09,170.86,150.41,163.1,139.78,156.33,147.18,156.9,129.02,214.32,145.88,163.45,168.36,152.29,158.54,223.51,205.8,142.31,168.04,158.47,188.11,177.55,164.04,179.68,190.11,153.27,202.53,162.06,153.3,131.78,167.71,166.63,196.11,122.44,161.51,160.94
2021-11-04,182.36,172.72,136.4,138.88,163.07,161.77,145.18,172.43,152.25,177.55,147.89,171.46,150.42,163.36,140.3,156.53,147.34,157.01,129.37,214.47,145.9,163.75,168.48,152.19,158.73,223.63,205.11,142.52,168.32,158.61,187.95,177.36,164.18,179.79,190.19,153.36,202.22,162.27,153.34,131.98,168.14,166.9,196.48,122.35,161.3,160.89
2021-11-05,182.52,173.34,136.72,139.17,163.51,161.87,145.35,172.48,152.38,177.72,147.78,171.97,150.67,163.38,140.51,156.68,147.48,157.15,129.84,214.79,145.97,164.05,168.51,152.24,159.04,223.81,204.4,142.64,168.64,158.9,187.89,177.28,164.44,180.05,190.52,153.74,202.19,162.48,153.33,132.12,168.42,167.14,196.68,122.38,161.26,160.9
2021-11-06,182.37,173.73,136.7,139.37,163.53,161.73,145.14,172.23,152.28,177.6,147.37,172.31,150.52,163.61,140.54,156.67,147.35,157.07,129.77,214.89,145.8,164.28,168.29,152.01,159.1,223.53,202.87,142.58,168.79,159.1,187.67,177.1,164.54,180.07,190.56,153.91,201.53,162.41,153.01,132.04,168.59,167.21,196.97,122.23,161.28,160.8
2021-11-07,182.6,174.59,137.08,139.83,163.94,161.9,145.49,172.35,152.63,177.86,147.29,172.92,150.86,163.92,140.91,157.06,147.44,157.27,129.89,215.45,145.98,164.76,168.42,152.17,159.58,223.53,201.84,142.5,169.3,159.46,187.84,177.24,164.94,180.35,190.73,154.3,201.63,162.7,152.9,132.19,169.11,167.67,197.57,122.46,161.61,160.9
2021-11-08,182.72,175.03,137.37,140.35,164.05,161.84,145.86,172.33,152.77,177.89,147.23,173.36,150.93,164.19,141.33,157.43,147.34,157.38,129.96,215.99,146.07,165.13,168.54,152.22,159.92,223.44,201.3,142.48,169.78,159.68,187.89,177.25,165.19,180.49,190.91,154.65,201.62,162.89,152.87,132.25,169.55,167.95,198.08,122.58,161.78,160.91
2021-11-09,182.9,175.23,137.74,140.81,164.42,161.94,146.34,172.32,152.96,177.94,147.18,173.76,151.08,164.66,141.69,158.11,146.94,157.47,130.0,216.47,146.13,165.68,168.8,152.31,160.31,223.3,201.42,142.56,170.29,159.95,187.96,177.23,165.42,180.64,190.22,154.92,201.68,163.18,152.63,132.34,170.14,167.64,198.62,122.8,161.94,160.96
2021-11-10,183.15,175.51,138.02,141.2,164.69,162.08,146.87,172.49,153.27,177.83,147.14,174.24,151.21,165.0,142.53,158.7,146.57,157.63,130.07,217.09,146.27,166.24,169.06,152.39,160.68,223.16,202.04,142.66,170.89,160.26,187.85,177.33,165.62,180.73,189.94,155.29,201.81,163.46,152.7,132.5,170.83,167.54,199.29,123.31,162.14,161.26
2021-11-11,184.38,175.93,138.29,141.61,166.03,162.21,147.35,172.71,153.63,177.81,147.35,175.19,151.46,165.42,143.07,159.16,146.4,157.98,130.11,218.14,146.66,167.49,169.52,152.55,161.64,222.9,203.04,143.02,171.59,161.18,187.97,177.64,166.0,180.95,189.31,155.89,202.03,164.15,152.83,132.77,171.67,167.9,200.66,123.8,162.58,161.56
2021-11-12,185.59,176.15,138.45,141.66,167.17,162.04,147.6,172.66,153.9,177.52,147.38,175.67,151.28,165.84,143.89,159.45,146.07,158.17,130.0,218.85,146.8,168.48,169.72,152.58,162.42,222.26,203.34,143.29,171.9,161.5,187.88,177.86,166.3,181.07,188.58,156.25,202.02,164.58,152.84,132.84,172.53,167.93,201.53,124.33,162.87,161.67
2021-11-13,187.12,176.44,138.87,141.81,168.65,162.3,148.0,172.83,154.38,177.35,146.81,176.29,151.44,166.05,144.78,159.72,145.9,158.43,129.74,219.99,147.33,169.48,170.4,152.83,163.25,222.02,205.09,143.63,172.51,162.13,188.03,178.2,166.57,181.29,187.8,156.72,202.54,165.35,152.5,133.13,173.27,165.71,202.64,125.06,163.21,161.45
2021-11-14,188.45,176.54,139.1,141.91,169.6,162.38,148.18,172.86,154.54,177.04,146.04,176.7,151.3,166.46,145.58,159.98,145.65,158.57,129.32,220.88,147.64,170.37,170.96,152.91,163.9,221.43,206.59,144.06,172.91,162.64,188.05,178.34,166.68,181.45,186.49,157.05,202.64,165.99,152.27,133.28,173.72,163.28,203.65,125.59,163.42,161.25
2021-11-15,189.72,176.6,139.27,141.84,170.36,162.53,148.2,172.91,154.73,176.76,146.0,177.06,151.17,166.87,146.23,160.15,145.39,158.72,128.9,221.61,147.88,171.11,171.19,152.97,164.5,220.84,207.45,144.38,173.09,163.08,188.02,178.48,166.74,181.54,185.53,157.25,202.7,166.45,151.97,133.47,174.19,163.03,204.46,126.02,163.59,161.02
2021-11-16,191.13,176.72,139.61,141.95,170.92,162.7,148.45,173.05,154.99,176.5,146.06,177.55,151.11,167.01,146.97,160.18,145.39,158.94,128.59,222.47,148.27,171.84,171.4,153.07,164.97,220.39,208.33,144.68,173.32,163.7,188.02,178.63,166.78,181.74,185.44,157.55,202.85,166.97,151.82,133.65,174.57,163.57,205.51,126.42,163.88,160.69
2021-11-17,192.4,176.81,139.87,141.95,171.66,162.69,148.5,173.18,155.2,176.18,146.2,178.13,151.05,167.48,147.15,160.16,145.38,159.17,128.21,223.27,148.64,172.36,171.87,153.19,165.47,219.94,209.31,145.12,173.47,164.15,188.2,179.01,167.01,181.87,185.47,157.85,202.82,167.47,151.54,133.89,174.86,163.78,206.55,126.48,164.09,160.22
2021-11-18,192.65,176.74,140.09,141.9,170.81,162.67,148.61,173.19,155.33,175.81,146.06,178.14,150.9,167.72,147.58,160.25,145.35,159.18,127.92,223.67,148.65,172.13,171.97,153.25,165.29,219.79,209.65,145.2,173.38,164.04,188.21,179.24,167.07,181.89,185.47,157.99,202.73,167.46,151.13,133.86,174.86,163.77,206.8,126.54,164.18,159.74
2021-11-19,192.72,177.02,140.37,142.1,170.49,162.71,148.91,173.11,155.46,175.57,145.83,178.8,150.89,167.92,147.72,160.57,145.36,159.39,127.64,224.4,148.93,172.26,172.31,153.38,165.3,219.85,210.74,145.59,173.63,164.39,188.39,179.58,167.2,181.96,186.76,158.17,202.75,167.84,151.38,134.08,174.99,163.87,207.72,126.29,164.3,159.22
2021-11-20,192.16,176.96,140.28,141.52,169.76,162.21,148.73,172.93,155.36,174.92,146.47,178.75,150.66,167.98,147.58,160.55,145.17,159.37,127.29,224.03,148.53,171.99,172.08,153.18,164.94,219.42,210.69,145.8,172.82,163.9,188.1,179.55,167.09,181.74,188.02,158.01,202.16,167.56,152.01,133.94,174.71,166.06,207.77,125.75,164.15,158.99
2021-11-21,192.08,177.25,140.62,141.52,169.75,161.94,148.94,173.01,155.56,174.69,147.41,179.32,150.6,168.03,147.62,160.91,145.12,159.62,127.3,224.32,148.59,172.28,172.33,153.27,165.1,219.37,211.11,146.23,172.75,164.06,188.18,179.8,167.26,181.68,189.49,158.16,202.07,167.84,152.68,134.01,174.87,168.11,208.25,125.45,164.25,158.93
2021-11-22,192.09,177.59,140.74,141.49,170.28,161.55,148.95,173.07,155.79,174.4,147.56,180.06,150.45,168.21,147.79,161.15,145.06,159.85,127.31,224.76,148.7,172.78,172.77,153.31,165.33,219.25,211.88,146.67,172.87,164.33,188.3,180.11,167.54,181.72,190.96,158.38,201.97,168.28,153.26,134.08,175.11,168.14,208.98,125.24,164.39,158.84
2021-11-23,191.93,177.63,140.53,141.28,170.79,161.18,148.65,173.08,155.9,174.1,146.92,180.58,150.2,168.55,147.8,161.3,144.94,159.9,127.15,224.93,148.7,173.07,173.17,153.36,165.59,219.03,212.03,146.91,172.78,164.41,188.3,180.44,167.8,181.41,191.37,158.64,201.74,168.58,153.21,134.08,175.22,167.71,209.33,125.02,164.39,158.81
2021-11-24,191.86,177.6,140.57,141.22,171.12,160.73,148.67,172.98,156.01,173.78,146.18,181.1,150.15,168.78,147.85,161.66,144.8,159.91,127.07,225.06,148.82,173.41,173.47,153.3,165.56,218.72,212.24,147.09,172.72,164.77,188.11,180.55,167.97,181.2,192.54,158.87,201.56,168.93,153.17,133.96,175.44,166.56,209.69,124.79,164.42,158.7
2021-11-25,191.57,177.46,140.5,141.1,171.77,160.11,148.58,172.84,156.09,173.43,145.47,181.45,150.13,168.79,147.88,161.88,144.61,159.84,126.78,224.94,148.84,173.47,173.67,153.23,165.48,218.25,212.25,147.08,172.5,164.83,188.01,180.68,168.14,181.06,193.24,159.07,201.31,169.18,153.06,133.87,175.74,165.77,209.69,124.67,164.61,158.53
2021-11-26,191.62,177.01,140.35,140.85,172.1,159.36,148.23,172.74,156.06,172.99,144.84,181.76,150.03,168.75,147.78,161.87,144.35,159.66,126.55,224.69,148.87,173.68,173.81,153.1,165.38,217.77,212.03,146.93,172.4,165.02,187.92,180.71,168.21,180.8,192.91,159.24,200.95,169.35,152.31,133.69,175.87,165.37,209.82,124.65,164.73,158.39
2021-11-27,192.05,176.85,140.42,141.25,173.02,158.7,148.32,172.72,156.19,172.9,144.23,182.64,150.06,168.65,148.17,162.29,144.2,159.7,126.76,225.16,149.22,174.27,174.24,153.26,165.63,217.71,211.84,146.91,173.08,165.65,188.31,181.13,168.62,180.69,192.44,159.67,201.03,169.97,151.66,133.74,176.5,164.58,210.37,124.81,165.02,158.26
2021-11-28,191.84,176.24,139.94,140.94,173.06,157.86,147.86,172.38,155.98,172.28,143.35,182.69,149.86,168.56,148.25,162.01,143.93,159.42,126.61,224.71,148.98,174.03,174.08,153.04,165.16,217.13,211.01,146.66,172.92,165.47,188.1,181.07,168.58,180.36,192.31,159.7,200.45,169.87,150.93,133.52,176.48,164.49,210.24,124.72,165.0,157.91
2021-11-29,191.6,175.65,139.75,140.66,172.91,157.15,147.76,172.1,155.79,171.72,142.51,182.42,149.79,167.96,148.01,161.98,143.71,159.1,126.51,224.11,148.75,173.57,174.01,152.9,164.61,216.56,210.12,146.32,172.59,165.18,187.94,181.09,168.55,180.01,191.76,159.89,199.94,169.79,150.24,133.28,176.39,164.21,209.97,124.67,165.02,157.65
2021-11-30,191.37,175.26,139.51,140.48,172.84,156.55,147.69,171.89,155.59,171.07,142.49,182.51,149.69,167.35,147.83,161.93,143.57,158.94,126.45,223.73,148.57,173.43,173.91,152.68,164.28,215.9,209.48,146.15,172.45,164.91,187.83,181.06,168.57,180.01,192.34,159.89,199.44,169.64,150.23,133.15,176.43,164.25,210.0,124.6,165.06,157.43
2021-12-01,190.93,174.82,139.08,140.16,172.53,156.1,147.43,171.61,155.22,170.35,142.99,182.39,149.36,166.55,147.55,161.44,143.49,158.7,126.18,223.2,148.15,173.16,173.56,152.42,163.9,215.13,208.43,145.79,172.04,164.29,187.85,181.09,168.53,179.92,192.04,159.79,198.72,169.28,150.2,132.9,176.11,164.83,209.69,124.42,165.08,156.87
2021-12-02,190.95,174.57,138.8,139.84,172.68,156.05,147.13,171.38,154.98,169.64,143.58,182.74,149.08,166.17,147.26,161.0,143.44,158.63,126.12,222.93,148.13,173.41,173.45,152.18,163.94,214.62,207.61,145.72,171.83,163.85,187.93,181.17,168.57,179.89,192.26,159.81,198.12,169.18,150.44,132.72,175.84,165.15,209.96,124.1,165.06,156.34
2021-12-03,190.82,174.4,138.52,139.62,172.85,156.17,147.03,171.13,154.79,169.09,144.16,183.05,148.84,165.83,147.08,160.79,143.39,158.5,126.05,222.65,148.24,173.5,173.34,151.86,164.03,213.83,206.71,145.53,171.37,163.44,187.93,181.12,168.2,179.87,192.24,159.89,197.54,169.03,150.63,132.56,175.65,165.3,209.94,123.94,165.02,156.19
2021-12-04,190.99,174.48,138.39,139.53,173.27,156.6,147.18,171.18,154.79,168.87,144.89,183.5,149.0,166.17,146.89,160.68,143.57,158.68,126.24,222.72,148.55,174.02,173.4,151.77,164.56,213.3,206.12,145.64,171.16,163.23,187.98,181.22,168.22,180.1,192.25,160.09,197.31,169.24,151.84,132.5,175.43,166.09,210.08,123.88,165.53,156.18
2021-12-05,191.45,174.6,138.37,139.6,173.9,156.94,147.29,171.16,154.83,168.61,145.62,184.22,149.02,166.24,146.73,160.69,143.67,158.88,126.78,223.11,149.06,174.94,173.61,151.7,165.45,212.8,205.95,145.73,171.04,163.16,188.17,181.37,168.35,180.29,192.21,160.41,197.27,169.6,152.96,132.48,175.53,166.27,210.42,123.92,166.06,156.11
2021-12-06,192.02,174.75,138.38,139.75,174.93,157.39,147.45,171.15,154.89,168.44,146.3,185.33,149.63,166.56,146.91,160.78,143.78,159.18,126.95,223.65,149.75,176.34,173.95,151.62,166.67,212.32,205.9,145.94,171.07,163.35,188.43,181.5,168.61,180.46,192.13,160.57,197.29,170.05,154.29,132.46,175.59,166.48,211.02,123.96,166.61,156.06
2021-12-07,192.39,174.94,138.64,139.87,174.79,157.65,147.87,171.16,155.0,168.47,146.56,185.82,150.38,166.53,147.05,160.99,143.86,159.36,127.18,224.11,150.23,176.55,174.09,151.62,166.88,211.95,204.74,146.0,170.95,163.22,188.68,181.68,168.87,180.61,192.04,161.03,197.36,170.45,155.19,132.46,175.73,166.64,211.18,124.07,167.18,155.99
2021-12-08,193.01,175.22,139.01,140.81,175.48,158.0,148.26,171.24,155.24,168.62,146.55,186.68,151.12,166.7,147.2,161.3,143.91,159.65,127.45,224.86,150.94,177.17,174.51,151.95,167.58,211.78,204.04,146.25,171.12,163.34,189.01,181.82,169.1,180.89,191.66,161.6,197.68,170.98,156.19,132.6,176.08,166.96,211.62,124.31,167.71,156.33
2021-12-09,193.5,175.43,139.31,141.92,176.11,158.21,148.81,171.36,155.41,168.78,146.6,187.33,151.7,166.49,147.08,161.8,143.92,159.88,128.27,225.75,151.44,178.02,175.15,152.2,168.49,211.56,203.45,146.53,171.48,163.57,189.2,181.87,169.13,181.09,190.88,162.18,197.96,171.56,156.81,132.73,176.45,167.21,212.04,124.69,168.21,156.7
2021-12-10,193.98,175.61,139.53,143.0,176.61,158.47,149.23,171.51,155.61,168.8,146.73,187.74,152.0,166.29,147.57,162.07,143.96,160.18,129.01,226.66,151.8,178.89,175.73,152.49,169.41,211.61,202.92,146.84,171.88,163.63,189.47,182.03,169.55,181.26,190.54,162.64,198.31,171.99,157.91,132.89,176.68,167.52,212.34,124.96,168.81,156.77
2021-12-11,193.91,175.4,139.5,143.45,176.43,158.73,149.31,171.42,155.59,168.58,146.41,187.58,151.7,165.56,147.74,161.83,143.58,160.04,129.53,226.9,151.93,179.18,175.7,152.52,169.88,210.56,201.91,146.59,171.76,163.42,189.38,181.93,169.44,181.24,189.85,162.59,197.89,171.83,157.86,132.82,176.24,167.78,212.28,125.32,169.01,156.73
2021-12-12,194.17,175.53,139.76,144.29,177.0,159.03,149.79,171.58,155.72,168.57,146.04,188.07,151.58,165.01,148.1,162.11,143.29,160.12,129.78,227.42,152.39,179.87,176.17,152.77,170.87,209.89,201.13,146.62,172.14,163.4,189.63,182.12,169.51,181.28,189.51,162.84,197.91,172.14,157.97,132.97,176.4,168.18,212.62,125.63,169.26,156.79
2021-12-13,194.36,175.65,140.01,145.09,177.41,159.01,150.26,171.69,155.86,168.46,145.82,188.41,150.98,164.52,147.88,162.51,142.99,160.14,130.14,227.82,152.81,180.51,176.56,153.04,171.84,209.18,200.1,146.59,172.45,163.33,189.77,182.5,169.42,181.32,188.97,163.19,197.91,172.41,157.78,133.15,176.64,168.56,212.95,125.94,169.38,156.81
2021-12-14,193.63,175.73,140.04,145.81,178.96,158.98,150.44,171.72,156.04,168.26,146.0,189.25,150.08,164.16,147.93,162.67,142.84,160.27,130.75,228.26,153.38,182.25,177.19,153.27,173.85,208.33,200.13,146.87,172.69,163.39,189.96,183.04,169.37,181.37,188.04,163.36,197.98,172.85,157.8,133.22,176.7,168.88,213.49,126.2,169.57,156.67
2021-12-15,192.79,175.59,140.09,145.92,180.28,158.77,150.84,171.42,155.95,167.82,145.39,189.95,148.99,163.29,147.87,162.81,142.52,160.24,131.11,228.5,153.86,183.9,177.52,153.06,175.88,207.64,200.04,147.01,173.1,163.34,189.91,183.24,169.69,180.96,188.19,163.67,197.71,173.17,157.67,133.2,176.83,169.11,214.18,126.3,169.71,156.44
2021-12-16,191.96,175.42,140.13,146.11,181.43,158.39,151.12,171.05,155.87,167.21,144.54,190.55,148.15,162.46,148.07,162.86,142.21,160.13,130.8,228.48,154.17,185.35,177.75,152.81,177.54,206.43,199.79,147.11,173.4,163.19,189.93,183.48,170.21,180.59,188.54,164.03,197.25,173.35,156.92,133.09,176.87,169.2,214.69,126.28,169.7,156.16
2021-12-17,191.19,175.5,140.39,146.48,182.86,158.09,151.61,170.99,156.1,167.07,144.3,191.5,147.7,161.95,148.08,163.06,141.96,160.19,130.87,228.56,154.69,186.99,178.11,152.86,179.21,205.17,199.77,147.36,173.94,163.15,190.09,183.99,171.13,180.76,187.9,164.54,197.1,173.82,155.87,133.12,177.12,169.47,215.42,126.64,169.94,155.97
2021-12-18,190.25,175.73,140.72,147.1,184.45,157.67,152.19,170.92,156.43,166.91,143.92,192.86,147.55,161.23,148.23,163.58,141.93,160.35,130.97,228.92,155.28,188.95,178.82,152.91,181.14,204.67,200.27,147.97,174.77,163.18,190.3,184.51,172.13,180.99,187.89,165.47,197.36,174.59,154.33,133.26,177.97,170.03,216.37,126.87,170.09,155.81
2021-12-19,188.89,175.65,140.86,147.27,185.47,157.19,152.42,170.67,156.61,166.57,143.55,193.65,147.27,160.3,148.26,163.49,141.89,160.32,131.03,228.93,155.61,190.43,178.92,152.81,182.5,203.82,200.18,148.37,175.12,162.96,190.15,184.97,173.16,181.18,187.99,166.16,197.16,174.82,152.78,133.15,178.12,170.55,216.91,127.07,169.94,155.55
2021-12-20,187.58,175.48,140.95,147.39,186.46,156.75,152.59,170.4,156.74,166.24,143.17,194.26,146.95,159.36,148.39,163.31,141.79,160.26,131.22,228.89,155.88,191.82,179.05,152.69,183.89,202.98,200.11,148.75,175.38,162.51,190.08,185.24,174.21,181.35,187.76,166.76,196.85,174.95,151.2,133.04,178.22,170.95,217.26,127.26,169.88,155.26
2021-12-21,186.66,175.28,141.08,147.38,184.8,156.2,152.88,170.17,156.72,165.82,142.78,193.59,146.8,158.24,148.26,162.88,141.47,159.96,131.21,228.31,155.04,190.12,178.35,152.54,181.99,202.44,200.4,148.45,175.27,162.12,189.98,185.41,175.22,181.46,188.44,167.49,196.43,174.59,149.87,132.81,178.49,170.8,216.8,127.39,169.84,154.98
2021-12-22,185.71,175.2,141.12,147.45,183.04,155.58,152.95,170.18,156.91,165.52,142.71,192.77,146.83,157.37,148.24,162.6,141.25,159.63,131.58,227.74,154.23,188.19,177.72,152.51,179.72,201.68,200.52,148.21,174.86,161.88,189.67,185.66,175.06,181.88,187.93,167.76,196.31,174.3,148.34,132.6,178.62,170.5,216.17,127.65,169.89,154.71
2021-12-23,184.6,175.1,141.2,147.26,181.28,155.0,153.04,170.29,157.06,165.37,142.62,191.94,146.71,156.59,148.2,162.28,140.99,159.35,132.04,227.31,153.43,186.0,176.86,152.68,177.28,201.27,200.71,147.91,174.32,161.48,189.29,186.0,174.87,182.21,186.83,167.88,196.25,173.99,147.61,132.43,178.73,170.34,215.5,127.73,169.93,154.5
2021-12-24,183.37,174.72,141.04,146.94,179.13,154.23,153.01,170.13,156.89,164.7,142.05,190.69,146.51,155.45,148.03,161.8,140.68,158.86,131.36,226.71,152.42,183.51,175.85,152.56,174.54,200.61,200.52,147.44,173.49,160.96,188.86,186.59,174.53,182.02,186.78,168.09,195.78,173.47,146.6,132.07,178.8,169.81,214.57,127.41,169.55,154.23
2021-12-25,182.6,174.32,140.86,146.65,177.19,153.19,153.01,169.99,156.63,164.05,141.53,189.44,146.19,154.47,147.78,161.46,140.38,158.44,130.6,226.19,151.4,180.91,174.99,152.48,171.61,200.06,200.15,146.95,172.63,160.42,188.86,187.32,174.36,181.65,187.06,168.2,195.28,172.81,146.12,131.72,178.99,168.9,213.73,126.93,169.33,153.92
2021-12-26,181.76,173.91,140.65,146.25,174.97,152.17,153.0,169.86,156.4,163.45,140.92,187.94,145.91,153.61,147.53,161.13,140.08,157.95,130.58,225.48,150.21,178.07,174.07,152.33,168.45,199.55,199.87,146.37,171.68,159.88,188.85,187.88,173.94,181.39,186.43,168.27,194.84,172.18,145.49,131.35,179.04,166.51,212.76,126.39,169.37,153.65
2021-12-27,180.82,173.63,140.57,145.95,172.53,151.53,153.12,169.81,156.24,162.98,140.83,186.34,145.74,152.89,147.45,160.78,139.88,157.57,130.59,224.86,148.91,174.91,173.09,152.25,165.11,199.23,199.89,145.82,170.71,159.37,188.76,188.42,173.79,181.27,186.16,168.34,194.57,171.55,145.03,130.99,179.16,165.51,211.75,125.98,169.84,153.51
2021-12-28,180.8,173.45,140.45,145.87,172.96,150.76,153.12,169.69,156.14,162.61,140.84,186.18,145.53,152.71,147.18,160.88,139.71,157.46,130.65,224.99,148.93,175.04,172.96,152.17,164.94,198.75,199.71,145.83,170.99,159.15,188.65,188.83,173.46,180.81,185.57,168.32,194.37,171.53,144.36,131.02,179.37,165.19,212.14,125.68,170.14,153.64
2021-12-29,180.64,173.21,140.36,145.52,173.01,150.39,153.05,169.64,156.01,162.38,140.87,185.89,145.45,152.75,146.96,160.2,139.57,157.36,129.89,224.79,148.78,175.04,172.87,152.06,164.64,198.21,199.51,145.77,170.75,158.83,188.78,189.36,173.83,180.48,185.31,168.53,193.98,171.36,143.87,130.89,179.32,165.06,211.97,125.29,169.88,153.82
2021-12-30,180.4,172.91,140.18,144.57,172.88,149.87,152.95,169.55,155.89,162.14,141.07,185.53,145.19,152.63,146.69,159.36,139.56,157.22,130.18,224.45,148.65,174.98,172.71,151.85,164.38,197.89,199.29,145.69,170.51,158.7,188.93,189.61,174.09,180.07,185.33,168.52,193.71,171.14,143.38,130.74,179.18,164.79,211.67,125.18,169.65,152.79
2021-12-31,180.13,172.56,140.03,143.48,172.48,149.68,152.7,169.42,155.78,161.89,141.13,185.17,144.89,152.48,146.32,158.48,139.59,157.04,130.74,223.95,148.43,174.68,172.4,151.55,163.98,197.56,198.95,145.54,170.19,158.37,189.06,189.68,174.49,179.87,184.52,168.87,193.32,170.75,142.8,130.52,178.89,164.44,211.31,124.86,169.48,151.86
2022-01-01,180.02,172.32,139.9,142.52,172.52,149.47,152.49,169.2,155.75,161.67,141.46,185.07,144.63,152.3,146.06,157.7,139.58,156.88,131.12,223.67,148.27,174.48,172.29,151.26,163.75,197.37,198.54,145.43,170.13,158.39,189.1,189.49,174.61,179.8,183.29,169.1,193.15,170.5,142.3,130.35,178.69,163.86,210.98,124.7,169.29,150.88
2022-01-02,179.41,171.71,139.33,141.11,172.02,149.1,151.94,168.68,155.36,161.22,141.59,184.48,144.33,152.04,145.52,156.54,139.41,156.45,130.33,222.91,147.75,173.85,171.72,150.68,163.09,196.77,197.37,145.11,169.79,157.97,188.76,188.8,174.45,179.59,182.31,168.79,192.26,169.77,141.56,129.99,177.99,164.17,210.19,124.49,169.1,149.79
2022-01-03,178.82,171.03,138.66,139.54,171.51,148.65,151.17,168.14,154.91,160.7,141.12,184.12,144.19,151.69,144.98,155.24,139.25,155.96,130.42,222.13,147.27,173.32,171.11,150.08,162.42,196.05,196.11,144.81,169.53,157.69,188.42,188.06,174.09,179.36,181.8,168.49,191.31,169.09,140.92,129.61,177.24,163.39,209.48,124.2,168.07,148.62
2022-01-04,178.22,170.55,138.2,138.14,170.95,148.39,150.66,167.85,154.64,160.34,140.61,183.69,144.07,151.32,144.62,154.0,139.19,155.52,130.43,221.34,146.7,172.64,170.56,149.68,161.93,195.61,195.35,144.41,168.74,157.23,188.23,187.49,173.97,179.54,180.78,168.16,190.54,168.39,140.44,129.15,176.31,162.86,208.32,123.82,167.05,147.42
2022-01-05,177.9,170.25,137.93,136.71,170.7,148.28,150.08,167.58,154.48,160.04,139.76,183.34,144.15,150.99,144.15,153.55,139.18,155.23,131.3,221.06,146.29,172.2,169.98,149.46,161.69,195.3,194.75,144.09,168.7,156.55,188.18,187.09,173.96,179.59,179.64,167.78,190.23,167.88,139.92,128.91,175.77,164.2,207.78,123.7,166.53,146.34
2022-01-06,177.67,170.16,137.67,136.09,170.47,148.65,149.48,167.19,154.35,159.78,139.18,182.87,144.16,150.82,144.1,153.21,139.09,155.02,130.36,220.54,145.99,171.81,169.41,149.31,161.46,194.79,194.0,143.86,168.63,155.71,188.7,187.02,174.02,179.9,179.39,167.75,189.7,167.4,139.5,128.77,175.09,165.55,207.38,123.61,166.07,146.42
2022-01-07,177.71,170.3,137.57,135.57,170.77,148.95,149.08,166.91,154.26,159.83,139.02,182.63,144.2,150.82,144.22,153.09,138.96,154.96,130.69,220.42,145.78,171.6,169.2,149.34,161.61,194.55,193.51,143.81,168.96,155.26,189.18,186.6,173.7,180.0,179.63,167.16,189.74,167.13,139.5,128.83,174.69,167.02,207.27,123.82,165.66,146.48
2022-01-08,177.31,170.23,137.48,134.83,170.02,149.58,148.52,166.75,154.15,159.96,138.67,181.73,144.51,150.83,144.13,152.57,139.01,154.77,130.5,219.69,145.42,170.89,168.48,149.28,161.1,193.88,193.13,143.62,168.8,154.14,189.28,186.28,173.43,180.16,179.68,166.48,189.35,166.64,139.4,128.68,173.6,168.88,206.84,124.06,165.1,146.69
2022-01-09,177.83,170.79,137.98,135.02,170.41,150.44,148.6,167.03,154.52,160.52,138.36,181.99,144.91,151.01,144.53,152.89,139.24,155.09,131.48,220.04,145.74,171.12,168.84,149.75,161.52,194.23,194.19,143.85,169.29,153.96,190.12,186.62,173.58,180.37,180.03,166.64,190.09,166.96,139.62,129.04,173.73,171.4,207.6,124.49,164.6,147.06
2022-01-10,178.39,171.4,138.51,135.3,171.25,151.09,148.77,167.31,154.94,161.11,138.35,182.25,145.08,151.28,144.88,153.29,139.43,155.43,131.65,220.51,146.06,171.54,169.24,150.24,161.9,194.61,195.36,144.09,169.93,153.81,190.96,187.06,173.74,180.57,180.06,166.76,190.76,167.31,139.65,129.4,173.82,173.74,208.51,124.86,164.63,147.43
2022-01-11,178.79,171.85,138.99,135.45,171.86,151.99,148.8,167.46,155.28,161.56,138.38,182.31,144.92,151.37,145.27,153.69,139.57,155.65,131.76,220.89,146.38,171.71,169.67,150.56,162.09,194.8,196.15,144.33,170.3,153.65,191.54,187.03,173.51,180.69,180.19,166.8,191.36,167.54,139.71,129.61,173.94,175.89,209.34,125.29,164.54,147.74
2022-01-12,179.35,172.35,139.28,135.77,172.44,152.51,149.04,167.66,155.66,162.06,138.78,182.72,144.11,151.23,145.74,154.11,139.65,155.91,131.92,221.4,146.73,172.03,170.14,150.94,162.32,195.16,196.8,144.5,170.6,153.75,192.26,187.34,173.51,180.92,180.6,167.04,191.84,167.89,139.84,129.86,174.16,176.24,210.2,125.63,164.68,147.95
2022-01-13,179.99,172.81,139.73,136.08,173.22,152.76,149.38,167.92,156.0,162.63,139.01,183.38,144.33,151.26,145.93,154.68,139.54,156.13,132.07,222.41,147.17,172.28,170.84,151.33,162.59,195.57,197.8,144.6,171.08,154.09,192.19,187.59,173.57,181.03,179.76,166.95,192.45,168.32,139.61,130.15,174.62,176.83,211.26,125.89,165.46,148.28
2022-01-14,180.39,172.98,140.22,136.38,173.62,152.79,149.57,167.99,155.94,163.0,138.74,183.51,144.55,151.3,145.7,155.01,138.94,155.92,131.3,222.96,147.47,172.34,170.97,151.53,162.55,195.56,198.58,144.09,171.02,154.17,191.24,186.86,172.84,180.8,178.46,166.61,192.6,168.43,138.8,130.09,174.41,177.51,211.9,126.1,166.07,148.65
2022-01-15,181.45,173.7,140.95,137.15,174.73,152.85,150.16,168.22,156.45,163.58,138.78,184.68,144.59,151.52,145.78,155.84,138.65,156.28,131.49,224.39,148.16,173.21,171.9,152.14,163.53,196.35,199.74,144.26,171.67,155.04,191.38,187.29,173.11,181.04,176.47,166.92,193.45,169.22,138.36,130.58,175.32,178.45,213.35,126.4,168.18,149.1
2022-01-16,182.04,174.15,141.5,137.33,175.42,152.9,150.44,168.28,156.67,163.85,139.12,185.34,144.53,151.63,145.62,156.17,138.27,156.4,131.64,225.37,148.41,173.69,172.44,152.45,164.04,196.52,200.27,144.23,171.94,155.43,191.21,187.56,173.33,181.21,174.42,166.87,193.94,169.67,137.94,130.83,175.62,176.92,214.07,126.53,170.22,149.44
2022-01-17,182.61,174.53,141.96,137.53,175.84,152.97,150.72,168.26,156.88,164.13,138.95,185.83,143.6,151.73,145.77,156.58,137.9,156.48,131.79,226.23,148.52,174.04,173.05,152.77,164.51,196.71,200.54,144.14,172.08,155.66,191.02,187.69,174.01,181.32,172.41,166.86,194.37,170.09,137.43,131.07,175.92,175.44,214.62,126.66,171.41,149.8
2022-01-18,183.16,174.88,142.55,137.94,176.47,152.79,151.04,168.27,156.98,164.24,138.8,186.66,143.06,151.76,145.88,157.03,137.45,156.62,131.96,227.15,148.74,174.56,173.69,153.09,164.94,196.62,200.79,144.15,172.41,156.01,190.96,188.2,174.68,181.44,170.49,167.07,194.69,170.64,137.02,131.38,176.22,176.02,215.44,126.77,172.04,150.14
2022-01-19,183.56,175.11,143.15,138.29,176.84,152.51,151.37,168.25,157.05,164.45,138.77,187.3,142.99,151.94,146.01,157.42,136.98,156.73,132.06,227.74,149.03,174.77,174.43,153.35,165.36,196.49,201.1,144.23,172.7,156.44,190.62,188.5,175.45,181.53,168.48,167.23,194.9,171.12,136.64,131.67,176.22,176.37,216.19,126.77,172.42,150.53
2022-01-20,183.99,175.3,143.61,138.58,177.0,152.39,151.64,168.15,157.17,164.62,138.54,188.02,142.15,152.15,146.24,157.7,136.67,156.84,132.85,228.2,149.26,175.24,175.06,153.43,165.77,196.25,201.24,144.35,173.15,156.93,190.68,188.76,176.08,181.53,167.3,167.62,195.15,171.43,136.3,131.87,176.48,176.3,216.86,126.78,172.21,150.93
2022-01-21,184.67,175.68,144.11,139.01,177.04,152.44,152.19,168.23,157.64,164.93,138.45,189.23,141.42,152.27,146.58,158.18,136.77,157.29,132.96,229.15,149.61,176.04,176.42,153.8,166.53,196.78,201.83,144.98,174.06,157.69,191.46,189.91,177.4,181.89,166.27,168.35,195.58,172.17,136.38,132.41,177.32,174.3,217.86,126.94,172.54,151.26
2022-01-22,184.68,175.62,144.44,139.16,176.7,152.47,152.3,168.23,157.7,164.99,138.25,189.53,140.75,152.31,146.85,158.26,136.49,157.23,132.83,229.58,149.68,176.1,177.05,153.78,166.65,196.73,201.43,144.99,174.58,157.84,191.37,189.91,177.53,181.77,166.07,168.65,195.46,172.31,136.11,132.53,177.44,172.0,218.05,127.35,171.28,151.54
2022-01-23,185.1,175.78,144.81,139.61,176.54,152.64,152.68,168.25,157.85,165.3,138.13,190.01,140.24,152.36,147.18,158.6,136.29,157.31,132.08,230.02,149.98,176.44,177.68,153.94,167.13,196.8,201.55,145.12,175.14,158.22,191.43,189.94,177.7,181.81,165.66,169.03,195.41,172.66,135.86,132.76,177.76,172.13,218.6,127.9,170.09,151.96
2022-01-24,185.71,175.99,145.26,140.11,176.41,152.87,153.07,168.32,158.01,165.6,138.19,190.66,140.57,152.39,147.58,158.9,136.1,157.43,132.2,230.59,150.52,176.95,178.19,154.1,167.71,196.83,201.75,145.31,175.87,158.78,191.5,189.97,177.38,181.84,165.61,169.37,195.49,173.06,135.75,133.05,177.97,172.26,219.29,128.54,169.65,152.23
2022-01-25,186.32,176.22,145.69,140.41,176.1,153.32,153.59,168.31,158.3,166.17,138.26,191.29,140.98,152.48,148.05,159.31,135.95,157.6,131.41,231.25,150.96,177.58,178.71,154.3,168.38,197.23,202.14,145.48,176.6,159.29,191.56,190.01,177.42,181.86,165.75,169.71,195.75,173.48,135.55,133.3,178.29,170.25,219.95,129.26,169.98,152.72
2022-01-26,186.98,176.59,146.33,140.67,176.04,153.9,154.02,168.39,158.56,166.6,138.57,192.03,141.41,152.69,148.54,159.9,135.88,157.83,130.67,232.0,151.39,178.37,179.31,154.5,169.22,197.64,202.46,145.71,177.48,159.86,191.87,190.01,177.25,181.89,166.12,170.01,196.2,173.92,135.66,133.5,178.86,168.39,220.69,130.13,170.56,153.21
2022-01-27,187.55,176.88,147.1,140.9,175.86,154.35,154.45,168.45,158.78,167.07,138.98,192.45,141.74,152.84,148.79,160.41,135.87,158.03,129.95,232.63,151.75,179.04,179.88,154.83,170.07,198.18,202.87,145.9,178.11,160.32,191.82,189.75,176.87,181.91,166.34,170.12,196.61,174.4,135.91,133.72,179.04,166.71,221.34,130.96,170.74,153.62
2022-01-28,187.98,177.2,147.84,141.13,175.86,154.9,154.68,168.47,159.08,167.62,139.34,192.64,142.02,153.17,149.25,160.83,135.94,158.22,130.14,233.04,152.13,179.67,180.11,155.03,170.87,198.21,203.21,146.09,178.54,160.7,191.63,189.52,176.4,181.97,166.59,170.12,197.02,174.73,136.03,133.9,179.04,166.96,222.01,131.72,170.28,154.05
2022-01-29,189.17,177.91,148.92,141.82,176.58,155.64,155.37,168.57,159.55,168.56,139.89,193.43,142.37,153.63,149.82,161.74,136.07,158.66,130.47,233.95,152.81,181.03,180.99,155.59,172.3,198.78,204.76,146.51,179.31,161.83,191.6,189.43,176.06,182.09,166.91,170.25,198.08,175.49,136.29,134.35,179.51,167.36,223.35,132.28,169.8,154.52
2022-01-30,190.11,178.57,150.09,142.52,177.18,156.3,155.98,168.76,160.04,169.42,140.44,194.16,142.67,154.1,150.33,162.55,136.19,159.09,130.76,235.02,153.46,182.18,181.85,156.07,173.53,199.25,205.58,146.89,180.29,162.87,191.49,189.5,175.85,182.24,167.45,170.58,199.12,176.14,136.77,134.77,180.01,167.72,224.4,132.83,169.33,155.0
2022-01-31,190.75,179.16,151.21,143.05,177.7,156.9,156.53,168.9,160.43,170.17,140.97,194.52,142.95,154.42,150.41,163.36,136.29,159.39,130.1,235.89,153.97,182.91,182.7,156.5,174.29,199.56,206.69,147.16,180.84,163.64,191.4,189.61,175.56,182.38,167.66,170.79,200.02,176.65,136.98,135.06,180.62,167.96,225.08,132.97,168.85,155.56
2022-02-01,191.46,179.64,152.14,143.65,178.26,157.32,156.92,168.99,160.79,170.77,141.25,194.91,142.94,154.34,150.42,163.92,136.57,159.63,131.13,236.54,154.36,183.57,183.37,156.84,175.33,199.6,207.44,147.38,181.6,164.38,191.16,189.57,175.21,182.42,167.71,170.74,200.75,177.11,137.2,135.25,180.95,168.03,225.91,133.32,168.32,155.9
2022-02-02,192.2,180.08,152.99,144.45,178.76,157.89,157.39,169.01,161.19,171.54,141.32,195.17,142.86,154.46,150.79,164.38,136.84,159.82,131.25,237.04,154.64,184.08,183.98,157.22,176.23,199.5,208.91,147.57,182.31,165.24,190.84,189.54,174.79,182.45,167.56,170.81,201.32,177.61,136.99,135.53,181.29,168.06,226.71,133.54,167.67,156.19
2022-02-03,192.74,180.61,153.86,145.35,179.37,158.51,157.97,169.06,161.63,172.31,141.41,195.55,142.91,154.57,151.35,164.99,137.17,160.09,132.25,237.61,154.99,184.82,184.7,157.61,176.93,199.4,209.92,147.83,183.08,166.25,190.92,189.67,174.64,182.66,167.47,170.95,202.09,178.23,136.84,135.85,181.86,168.31,227.52,133.86,167.33,156.53
2022-02-04,193.24,181.16,154.74,146.09,179.93,159.04,158.64,169.07,162.07,173.06,141.53,195.97,143.24,154.79,151.67,165.64,137.52,160.39,132.48,238.22,155.32,185.38,185.41,158.04,177.57,199.29,211.12,148.1,183.76,167.5,191.06,189.84,174.72,182.88,167.41,171.24,202.91,179.06,136.79,136.14,182.59,168.67,228.19,134.16,167.08,156.87
2022-02-05,193.61,181.46,155.55,146.58,179.89,159.01,159.13,168.9,162.39,173.36,141.47,196.2,143.39,154.96,151.93,165.94,137.85,160.54,132.59,238.52,155.4,185.81,185.92,157.94,177.95,198.98,212.15,148.27,184.22,168.38,191.05,189.91,174.87,183.04,167.24,171.54,203.37,179.68,136.7,136.26,183.18,168.91,228.59,134.26,166.97,157.11
2022-02-06,193.78,181.61,156.13,146.91,179.33,158.95,159.46,168.66,162.64,173.79,141.32,196.26,143.56,155.17,152.13,166.08,138.15,160.6,133.5,238.56,155.38,186.08,186.17,157.81,178.22,198.67,213.4,148.39,184.5,169.0,190.89,189.8,174.79,183.13,167.0,171.53,203.77,180.18,136.27,136.28,183.5,169.16,228.94,134.31,166.84,157.29
2022-02-07,194.05,181.83,156.79,147.38,179.39,158.94,159.99,168.49,162.97,174.29,141.23,196.77,143.8,155.47,152.43,166.27,138.45,160.75,134.49,238.63,155.51,186.74,186.56,157.7,178.83,198.49,214.48,148.6,185.13,169.95,190.75,189.73,174.79,183.26,166.72,171.71,204.19,180.81,135.98,136.4,183.86,169.49,229.72,134.7,166.67,157.48
2022-02-08,194.23,182.14,157.46,147.71,179.34,159.0,160.56,168.38,163.27,174.78,141.22,196.45,144.15,156.28,153.03,166.45,138.5,160.85,134.57,238.64,155.54,186.59,187.0,157.55,178.62,198.44,215.64,148.75,185.08,170.57,190.64,189.75,174.84,183.49,166.55,171.94,204.61,181.26,135.57,136.65,184.26,169.87,229.47,134.7,166.55,157.71
2022-02-09,194.47,182.54,158.14,148.17,179.5,159.12,161.02,168.47,163.59,175.35,141.36,196.8,144.75,156.59,153.4,166.64,138.62,161.06,135.58,239.07,155.84,187.11,187.37,157.46,178.87,198.6,216.37,149.06,185.41,171.17,190.72,189.75,174.86,183.78,166.47,172.28,205.24,181.95,135.39,136.84,184.84,170.43,229.91,134.78,166.48,157.97
2022-02-10,195.08,182.96,158.8,148.53,179.85,159.36,161.53,168.6,163.96,175.96,141.58,196.97,145.17,157.07,153.8,166.94,138.74,161.26,135.63,239.67,156.11,187.48,187.52,157.43,179.38,198.93,217.5,149.34,185.8,171.66,190.61,189.72,174.87,184.0,166.18,172.6,205.84,182.51,135.33,136.87,185.34,170.92,230.26,134.79,166.28,158.16
2022-02-11,195.77,183.44,159.44,149.12,180.48,159.65,162.15,168.89,164.26,176.53,141.7,197.35,145.49,157.35,154.54,167.34,138.69,161.48,136.59,240.22,156.39,187.9,187.72,157.36,180.08,199.49,218.71,149.64,186.33,171.83,190.57,189.76,174.91,184.15,165.93,172.88,206.4,182.89,135.24,136.89,186.05,171.36,230.73,134.85,166.46,158.42
2022-02-12,196.2,183.85,159.74,149.49,181.28,160.27,162.62,169.18,164.5,177.3,141.83,197.56,145.84,157.48,155.23,167.65,138.69,161.67,136.74,240.57,156.64,187.9,187.59,157.57,180.6,199.81,219.21,149.87,186.75,172.03,190.18,189.72,174.96,184.29,166.4,172.85,206.76,183.21,135.39,136.81,186.53,171.92,231.03,134.97,166.64,158.37
2022-02-13,196.53,184.14,160.1,149.79,182.37,160.76,163.0,169.42,164.6,177.76,141.85,197.67,146.1,157.41,155.61,167.92,138.65,161.8,136.83,240.78,156.69,187.91,187.53,157.69,180.96,199.96,219.75,150.02,187.0,172.22,189.68,189.66,175.01,184.34,166.8,172.83,207.0,183.5,135.62,136.69,186.95,172.31,231.23,134.96,166.72,158.26
2022-02-14,196.82,184.34,160.35,150.1,182.86,161.16,163.26,169.61,164.62,178.17,141.85,197.64,146.21,157.26,156.07,168.15,138.57,161.88,136.92,241.03,156.6,187.83,187.4,157.77,181.24,200.1,220.11,150.15,187.16,172.27,189.16,189.59,175.06,184.31,167.24,172.74,207.17,183.74,135.87,136.52,187.15,172.69,231.35,134.95,166.8,158.16
2022-02-15,197.05,184.45,160.71,150.42,183.29,161.66,163.54,169.78,164.63,178.75,142.63,197.6,146.42,157.08,156.34,168.56,138.62,162.02,137.05,241.21,156.5,187.89,187.19,157.93,181.73,200.39,220.47,150.3,187.38,172.42,189.02,189.45,175.07,184.08,167.57,172.72,207.47,183.95,136.33,136.27,187.43,173.07,231.54,135.05,166.84,158.07
2022-02-16,197.25,184.52,161.16,150.7,183.68,162.06,164.02,169.88,164.72,179.16,143.42,197.47,146.57,157.28,156.55,168.94,138.73,162.15,137.32,241.64,156.29,187.91,187.0,158.04,182.22,200.54,220.73,150.36,187.52,172.4,188.59,189.37,175.13,184.1,168.19,172.51,207.71,184.01,136.67,136.02,187.84,173.3,231.71,135.12,166.91,157.92
2022-02-17,197.32,184.49,161.52,150.89,184.02,162.34,164.41,169.98,164.82,179.5,143.35,197.66,146.87,157.21,156.68,169.11,138.79,162.19,137.1,241.66,156.2,187.92,186.98,158.11,182.54,200.5,220.77,150.4,187.67,172.34,188.11,189.24,175.07,184.04,168.87,172.47,207.87,184.18,136.56,135.82,188.45,173.44,231.95,135.19,167.08,157.7
2022-02-18,197.4,184.43,161.8,151.13,184.4,162.56,164.73,170.05,165.03,179.9,143.46,198.05,147.04,157.12,156.74,169.42,139.07,162.32,137.41,241.75,156.1,188.16,186.97,158.23,182.77,200.49,220.45,150.51,187.89,172.3,187.78,189.19,175.17,184.19,169.52,172.57,208.06,184.53,136.76,135.75,188.86,173.69,232.33,135.14,167.17,157.42
2022-02-19,197.11,184.11,161.89,150.9,184.34,162.9,164.85,170.07,165.28,180.16,143.26,197.93,147.25,157.02,156.94,169.24,139.15,162.26,138.39,241.48,155.61,188.05,186.71,158.17,182.5,200.22,220.15,150.43,187.66,171.9,187.67,189.05,175.22,184.36,169.41,172.99,207.9,184.47,136.58,135.52,188.43,173.64,232.27,135.15,167.41,157.59
2022-02-20,197.42,184.26,162.33,151.31,185.14,163.13,165.4,170.32,165.76,180.69,143.39,198.64,147.5,157.12,157.43,169.8,139.36,162.51,138.58,242.07,155.7,188.51,187.08,158.43,182.85,200.51,220.36,150.61,188.02,172.3,188.06,189.14,175.41,184.61,169.42,173.62,208.3,184.85,136.51,135.64,188.61,173.84,232.8,135.34,167.81,157.8
2022-02-21,197.8,184.49,162.91,151.75,186.0,163.39,165.95,170.66,166.37,181.39,143.55,199.54,147.89,157.34,157.82,170.4,139.61,162.81,138.63,242.78,155.95,189.04,187.53,158.83,183.44,200.91,220.78,150.82,188.45,172.82,188.54,189.3,175.64,184.96,169.33,174.32,208.71,185.27,136.27,135.84,189.37,174.09,233.43,135.63,168.26,158.04
2022-02-22,197.97,184.51,163.25,152.06,186.59,163.22,166.35,170.81,166.75,181.81,142.82,200.5,148.11,157.41,158.26,170.89,139.77,162.91,138.84,243.21,156.16,189.41,188.05,159.05,183.98,200.97,221.13,150.88,188.92,173.23,187.89,188.74,175.25,185.25,168.95,174.75,208.89,185.65,135.9,136.0,190.0,174.16,234.37,135.77,168.58,158.17
2022-02-23,198.15,184.54,163.38,152.24,187.06,163.19,166.73,171.04,166.96,182.24,142.03,201.21,148.3,157.46,158.72,171.27,140.01,163.01,138.88,243.43,156.38,189.87,188.46,159.29,184.18,200.85,221.41,150.92,189.24,173.91,187.95,188.73,175.32,185.41,167.94,175.32,208.92,185.96,135.35,136.11,190.35,174.26,234.97,136.04,169.01,158.39
2022-02-24,198.47,184.71,163.65,152.49,187.46,163.21,166.97,171.48,167.15,182.74,142.15,202.06,148.54,157.4,158.97,171.7,140.34,163.28,139.13,243.95,156.58,190.43,189.04,159.61,184.51,200.92,222.0,151.05,189.5,174.29,188.12,188.86,175.59,185.71,168.35,175.76,209.04,186.32,135.35,136.47,190.57,174.59,235.56,136.29,169.57,158.75
2022-02-25,198.64,184.8,163.94,152.67,187.78,163.27,167.24,171.99,167.24,183.15,142.19,202.62,148.73,157.25,159.34,171.92,140.77,163.44,138.63,244.44,156.7,190.76,189.59,159.8,184.82,200.96,221.89,151.11,189.69,174.73,188.19,188.89,175.59,185.84,167.76,176.07,209.0,186.5,135.12,136.68,190.73,174.77,235.9,136.66,170.09,159.04
2022-02-26,199.4,185.27,164.88,153.47,188.65,163.28,168.05,172.67,167.42,183.83,142.61,203.76,149.0,157.18,159.76,172.92,141.25,163.85,139.28,245.58,157.34,191.82,191.01,160.33,185.8,201.48,222.35,151.31,190.48,175.58,188.58,189.21,175.86,186.05,167.25,176.31,209.64,187.18,134.97,137.07,192.11,175.19,236.76,136.95,170.57,159.37
2022-02-27,199.57,185.27,165.48,153.65,188.52,163.31,168.5,173.03,167.29,184.17,142.74,203.98,149.23,157.0,160.03,173.26,141.66,163.96,139.61,245.91,157.48,192.12,191.46,160.48,186.1,201.43,222.29,151.28,190.68,175.67,188.58,189.33,176.03,186.15,166.68,176.3,209.49,187.33,134.62,137.1,192.86,175.21,237.08,136.82,170.8,159.66
2022-02-28,199.7,185.21,166.04,153.87,188.36,163.31,168.98,173.4,167.14,184.42,142.84,204.14,148.35,156.79,160.26,173.57,142.08,164.05,139.43,246.2,157.56,192.57,192.16,160.53,186.27,201.29,222.29,151.24,190.91,175.68,188.38,189.34,176.12,186.18,166.19,176.24,209.38,187.52,134.52,137.1,193.3,175.23,237.49,136.87,171.07,159.82
2022-03-01,199.78,185.28,166.56,154.04,188.17,163.76,169.48,174.07,167.15,184.76,142.95,204.04,147.58,156.71,160.37,173.74,142.67,164.21,140.23,246.39,157.72,192.42,192.31,160.63,186.0,201.26,222.08,151.23,190.68,175.55,188.91,189.98,176.81,186.38,165.9,176.26,209.32,187.58,134.41,137.14,193.5,175.29,237.27,137.05,171.45,160.14
2022-03-02,199.76,185.28,167.37,154.15,188.22,163.87,169.74,174.57,167.16,185.02,143.03,203.92,146.55,156.57,160.55,173.95,142.94,164.25,140.97,246.35,157.8,192.76,192.6,160.63,186.11,201.31,221.98,151.17,190.67,175.25,188.77,189.94,176.66,186.4,165.71,176.15,209.36,187.68,134.39,137.19,193.76,175.25,237.12,137.16,171.6,160.34
2022-03-03,199.64,185.16,168.08,154.26,188.2,163.95,170.14,175.07,167.15,185.34,143.07,203.52,145.57,156.57,160.95,173.93,143.24,164.23,142.23,246.23,157.72,192.76,192.56,160.54,186.15,201.36,222.09,151.0,190.61,175.29,188.6,189.88,176.5,186.37,164.16,176.03,209.32,187.75,134.33,137.04,193.92,175.11,236.75,137.26,171.68,160.64
2022-03-04,199.58,185.12,168.78,154.24,188.07,163.97,170.33,175.51,167.1,185.66,143.12,203.21,144.51,156.61,161.23,174.16,143.43,164.21,143.36,246.0,157.69,192.89,192.56,160.57,186.02,201.32,222.62,150.87,190.51,175.02,188.3,189.64,176.26,186.36,163.69,175.78,209.33,187.67,134.31,136.96,193.88,174.95,236.49,137.29,171.72,160.95
2022-03-05,199.19,184.96,168.52,153.88,187.46,164.3,169.97,175.96,167.03,185.91,143.01,202.63,144.53,156.78,161.4,173.85,143.66,164.1,143.55,245.46,157.45,192.53,191.69,160.44,185.69,201.07,223.07,150.73,190.14,174.43,188.02,189.32,175.97,186.46,163.29,175.55,208.87,187.22,134.39,136.83,193.01,174.9,235.89,137.51,171.84,161.06
2022-03-06,199.2,185.04,168.45,153.88,187.42,164.71,169.77,176.62,167.15,186.41,143.1,202.59,144.53,157.13,161.84,173.85,143.93,164.15,144.3,245.2,157.4,192.69,191.48,160.51,185.73,201.11,223.49,150.7,190.12,174.11,187.94,189.11,175.71,186.64,162.86,175.52,208.97,187.07,134.38,136.85,192.53,175.08,235.55,138.11,172.04,161.23
2022-03-07,199.21,185.12,168.44,153.82,187.36,165.13,169.52,177.19,167.25,186.86,143.25,202.48,145.52,157.38,162.24,173.83,144.19,164.18,145.64,245.08,157.32,192.63,190.97,160.62,185.64,201.24,223.98,150.66,190.01,173.79,187.98,188.9,175.42,186.75,162.43,175.62,209.12,186.9,134.31,136.88,191.83,175.28,234.92,138.4,172.21,161.49
2022-03-08,199.6,185.3,168.54,153.9,187.64,165.58,169.3,177.74,167.47,187.55,143.53,203.06,146.63,157.74,162.78,174.01,144.38,164.36,146.01,245.39,157.36,193.76,191.1,160.9,186.43,201.47,224.97,150.72,190.45,173.75,188.16,188.88,175.18,187.03,161.29,175.8,209.45,187.05,134.48,136.7,191.49,175.6,235.27,138.91,172.56,161.74
2022-03-09,199.94,185.56,168.6,154.09,187.53,166.26,169.4,178.52,167.78,188.41,143.85,203.53,148.08,158.1,163.32,174.32,144.8,164.63,146.54,245.5,157.42,193.9,191.4,161.32,186.63,201.96,225.21,150.86,190.58,173.81,188.32,188.87,175.22,187.22,160.28,175.97,209.76,187.28,134.88,136.71,191.1,176.34,235.41,139.58,173.0,162.19
2022-03-10,200.15,185.73,168.6,154.27,187.42,166.93,169.33,179.12,168.12,189.15,144.07,203.89,149.37,158.47,163.93,174.62,145.12,164.78,146.95,245.58,157.55,194.07,191.73,161.65,186.72,202.45,225.53,150.98,190.64,173.61,188.21,188.34,174.77,187.22,159.02,175.72,210.02,187.38,135.16,136.63,190.61,176.83,235.61,140.18,173.22,162.34
2022-03-11,200.42,185.83,168.69,154.5,187.49,167.54,169.41,179.66,168.55,189.92,144.25,204.29,150.8,158.93,164.52,174.81,145.41,164.97,147.63,245.73,157.72,194.18,192.05,161.92,186.96,202.73,226.35,151.13,190.61,173.69,188.35,188.14,174.62,187.34,157.93,175.61,210.35,187.75,135.39,136.47,190.25,177.36,235.82,140.78,173.07,162.54
2022-03-12,200.85,185.98,169.31,154.84,187.5,167.87,169.75,180.3,168.97,190.75,144.51,204.76,151.14,159.29,164.81,175.38,145.76,165.2,147.56,245.83,158.03,194.47,192.84,162.31,187.29,203.16,226.74,151.34,190.74,173.91,188.35,188.0,174.4,187.36,157.99,175.72,210.97,188.47,135.57,136.42,190.23,177.73,236.21,141.21,172.89,162.83
2022-03-13,200.96,185.9,169.69,155.02,187.28,168.15,169.87,180.8,169.3,191.33,144.62,204.85,151.46,159.52,165.05,175.58,146.06,165.32,147.95,245.68,158.1,194.43,193.28,162.56,187.22,203.42,226.57,151.43,190.54,173.9,188.24,187.79,174.17,187.32,158.17,175.65,211.31,188.88,135.89,136.28,189.93,178.06,236.27,141.57,172.72,163.07
2022-03-14,200.89,185.84,169.79,155.1,186.67,168.43,170.09,181.3,169.61,191.96,144.65,204.79,151.8,159.75,165.57,175.7,146.34,165.42,147.57,245.33,158.1,194.33,193.5,162.79,187.18,203.59,226.04,151.5,190.38,173.85,188.07,187.63,173.97,187.31,158.39,175.57,211.65,189.2,136.19,136.07,189.86,178.37,236.34,141.86,172.55,163.46
2022-03-15,200.96,185.81,169.85,155.13,186.35,168.66,170.42,181.83,169.89,192.59,144.64,204.14,152.11,159.87,166.04,175.97,146.64,165.45,147.33,244.7,158.01,193.5,193.39,162.94,186.87,203.79,225.58,151.51,190.16,173.69,187.74,187.35,173.72,187.4,159.37,175.56,211.93,189.42,136.43,136.09,189.47,178.75,235.31,142.08,172.38,163.75
2022-03-16,201.11,185.76,169.9,155.15,186.27,168.94,170.31,182.23,170.17,193.22,144.79,203.88,152.28,159.95,166.29,176.09,146.89,165.47,147.03,244.55,157.97,193.38,193.0,163.11,186.92,203.68,225.55,151.55,189.92,173.45,187.54,187.2,173.59,187.57,160.34,175.76,212.28,189.54,136.46,136.04,188.66,178.91,234.07,142.13,172.34,163.67
2022-03-17,201.35,185.87,169.98,155.23,186.26,169.07,170.44,182.67,170.4,193.97,145.0,203.95,152.53,160.12,166.42,176.74,147.2,165.63,146.94,244.45,157.88,193.49,192.73,163.48,187.08,203.68,225.53,151.7,189.78,173.5,187.69,187.59,173.96,187.85,161.84,176.45,212.7,189.87,136.59,136.03,188.17,179.12,232.77,142.26,172.79,164.01
2022-03-18,201.56,185.96,169.92,155.19,186.11,169.23,170.65,183.05,170.55,194.55,145.17,203.8,152.69,160.08,166.63,176.86,147.3,165.69,146.6,244.36,157.84,193.68,192.33,163.81,186.89,203.66,225.28,151.63,189.64,173.65,187.74,187.8,174.14,187.99,163.07,176.97,212.95,190.1,136.65,136.1,187.8,179.33,231.24,142.48,173.55,163.63
2022-03-19,201.66,185.89,170.01,155.14,186.27,169.31,170.87,183.3,170.62,194.88,145.27,203.8,152.76,160.12,167.2,177.19,147.41,165.69,146.97,243.97,157.6,193.93,191.77,164.02,186.59,203.44,225.18,151.53,189.59,173.57,187.66,187.76,174.15,188.08,162.98,177.15,213.12,190.18,136.76,136.13,187.5,179.49,229.71,142.62,174.1,163.28
2022-03-20,201.81,185.96,169.89,155.06,186.34,169.45,170.97,183.56,170.76,195.35,145.41,203.99,152.81,160.22,167.33,177.62,147.55,165.73,147.28,243.83,157.56,194.24,191.36,164.3,186.48,203.56,225.46,151.49,189.5,173.77,187.47,187.67,174.17,188.31,162.84,177.33,213.18,190.44,136.82,136.2,187.29,179.73,228.38,142.86,174.72,163.03
2022-03-21,202.1,186.05,169.99,154.98,186.53,169.65,171.07,183.96,170.98,195.78,145.62,203.96,153.04,160.4,167.29,178.07,147.74,165.76,148.52,243.34,157.49,193.86,191.07,164.58,186.49,203.67,225.94,151.39,189.25,173.78,187.39,187.64,174.23,188.59,162.66,177.44,213.28,190.58,136.91,136.31,187.1,179.96,226.56,143.22,175.31,162.64
2022-03-22,202.4,186.19,170.23,155.05,186.61,170.08,171.37,184.29,171.2,196.31,145.89,204.56,153.31,160.62,167.65,178.49,147.89,165.9,148.75,243.22,157.68,194.29,191.14,165.03,186.59,203.85,226.28,151.4,189.18,174.19,187.47,187.77,174.39,188.82,162.49,177.63,213.38,190.84,136.9,136.43,187.32,180.27,225.8,143.59,175.91,162.42
2022-03-23,202.52,186.05,170.32,155.04,186.44,170.31,171.89,184.45,171.25,196.54,145.88,205.05,153.45,160.79,167.56,178.86,147.97,165.92,148.82,242.83,157.73,194.68,191.17,165.2,186.37,203.99,226.69,151.36,189.0,174.7,187.34,187.68,174.37,188.87,162.27,177.62,213.12,190.92,136.84,136.5,187.75,180.35,225.57,143.83,176.1,162.4
2022-03-24,202.84,186.14,170.71,155.01,186.57,170.91,172.54,184.82,171.51,196.99,146.03,205.38,153.8,160.92,167.83,178.92,148.14,166.05,148.89,242.74,157.99,194.97,191.46,165.45,186.53,204.11,226.73,151.31,189.05,175.36,187.26,187.52,174.35,189.11,161.91,177.65,213.18,191.19,136.88,136.79,188.11,180.65,225.65,144.22,176.23,162.08
2022-03-25,203.21,186.34,171.27,155.32,186.85,171.75,173.24,185.36,171.81,197.67,146.21,205.97,154.3,161.2,168.17,179.71,148.48,166.3,149.16,242.55,158.2,195.32,191.96,165.82,186.99,204.55,226.68,151.5,189.19,176.02,187.12,187.34,174.39,189.44,161.54,177.6,213.45,191.45,137.02,137.07,188.56,181.02,226.07,144.56,176.43,162.61
2022-03-26,203.64,186.63,171.85,155.8,187.22,172.63,173.81,185.91,172.07,198.64,146.34,206.63,154.57,161.38,168.41,180.22,148.78,166.58,149.36,242.92,158.55,195.79,192.43,166.25,187.43,205.04,226.87,151.75,189.3,176.91,186.89,187.21,174.51,189.6,161.27,177.58,213.76,191.77,137.09,137.35,188.77,181.31,226.7,144.84,176.81,162.98
2022-03-27,204.11,186.9,172.6,156.26,187.42,173.37,174.62,186.44,172.32,199.51,146.5,206.96,154.92,161.72,169.06,180.75,149.05,166.88,148.94,242.85,158.91,196.19,192.94,166.68,187.97,205.39,227.14,152.0,189.57,177.6,186.84,187.25,174.69,189.71,160.96,177.83,214.13,192.02,137.27,137.6,189.07,181.65,227.24,145.21,177.08,163.25
2022-03-28,204.43,187.06,172.92,156.48,187.64,173.95,175.07,186.79,172.46,200.29,146.61,206.92,155.12,161.95,169.6,181.27,149.23,167.09,148.4,242.82,159.18,196.31,193.22,167.01,188.09,205.63,227.26,152.16,189.66,178.1,186.68,187.14,174.82,189.79,160.69,177.85,214.33,192.17,137.45,137.82,189.19,181.9,227.81,145.52,177.4,163.52
2022-03-29,204.45,187.12,173.11,156.91,187.74,174.39,175.3,187.1,172.5,200.85,146.66,207.01,155.31,162.18,169.67,181.51,149.38,167.21,148.77,242.47,159.31,196.19,193.25,167.19,188.34,205.77,227.19,152.3,189.77,178.19,186.37,186.85,174.78,189.76,160.38,177.74,214.45,192.22,137.58,138.07,189.2,181.87,228.03,145.7,177.63,163.52
2022-03-30,204.79,187.47,173.68,157.5,189.08,174.87,175.65,187.42,172.67,201.57,146.84,207.33,155.98,162.22,170.39,181.97,149.63,167.54,149.2,242.84,159.67,196.37,193.76,167.65,188.98,206.12,227.46,152.64,190.11,178.29,186.2,186.67,174.75,189.85,160.33,177.64,214.87,192.78,138.18,138.44,189.42,182.01,228.47,146.03,178.07,163.58
2022-03-31,204.88,187.46,173.95,157.8,190.23,175.01,175.8,187.43,172.5,201.87,146.78,207.45,156.42,162.18,171.2,182.35,149.67,167.66,149.35,242.67,159.62,196.48,193.87,167.85,189.11,206.34,227.61,152.84,190.09,178.03,185.73,186.6,174.73,189.69,160.1,177.39,214.8,192.79,138.54,138.54,189.44,181.86,228.69,146.13,178.14,163.67
2022-04-01,204.86,187.35,174.17,157.84,190.75,174.78,175.68,187.2,172.26,201.96,146.69,207.17,156.67,161.65,171.47,182.31,149.67,167.5,149.51,242.37,159.59,196.49,193.61,167.88,189.05,206.31,227.58,152.92,189.96,177.59,185.45,186.76,174.71,189.46,159.73,177.33,214.49,192.67,138.81,138.47,189.29,181.54,228.69,146.19,178.26,163.57
2022-04-02,204.86,187.23,174.26,157.65,191.48,174.45,175.89,186.92,172.07,201.93,146.82,206.56,157.19,160.97,171.82,182.24,149.71,167.33,149.8,242.3,159.57,196.39,193.41,168.02,189.13,206.38,227.52,153.05,189.69,177.24,185.23,186.82,174.57,189.32,159.25,177.26,214.33,192.49,139.09,138.42,189.56,181.38,228.3,146.15,178.3,163.46
2022-04-03,204.78,187.06,174.24,157.34,192.35,174.37,176.02,186.71,171.87,201.9,146.75,206.07,157.67,160.24,172.21,181.78,149.72,167.11,150.16,242.5,159.59,196.3,193.02,168.02,189.08,206.4,227.31,153.01,189.41,176.87,184.87,186.72,174.32,189.09,158.94,176.97,214.03,192.29,139.28,138.36,189.67,181.08,227.97,146.13,178.43,163.23
2022-04-04,204.73,186.92,174.58,157.29,193.07,174.2,176.42,186.48,171.68,201.91,146.77,205.68,158.17,159.56,172.58,181.59,149.75,166.91,150.46,242.69,159.68,196.52,192.82,168.2,189.15,206.46,227.06,153.14,189.25,176.69,184.52,186.69,174.09,188.81,158.5,176.74,213.72,192.13,139.47,138.24,189.65,180.71,227.59,146.07,178.47,162.99
2022-04-05,204.51,186.77,174.91,157.0,193.48,174.09,176.54,186.31,171.63,201.84,146.73,205.53,158.56,158.77,173.99,181.32,149.64,166.74,150.4,243.09,159.91,197.59,192.92,168.32,189.41,206.31,227.21,153.24,189.28,176.93,184.07,186.59,173.83,188.54,157.99,176.34,213.36,192.15,139.41,138.11,189.73,180.48,228.05,146.06,178.5,162.89
2022-04-06,203.92,186.6,174.57,156.46,192.71,174.04,176.67,186.25,171.62,201.94,146.53,204.74,158.81,158.29,175.38,181.21,149.49,166.44,150.27,242.81,159.97,197.62,192.69,168.19,189.32,206.22,227.2,152.98,188.95,177.0,183.69,186.65,173.59,188.29,157.5,175.8,213.01,191.74,139.08,137.89,189.5,180.27,227.78,146.08,178.61,162.92
2022-04-07,203.46,186.39,174.05,156.0,192.06,173.99,176.66,186.21,171.63,201.9,146.3,204.26,158.88,157.77,176.32,181.14,149.46,166.18,150.02,242.37,160.18,197.6,192.57,168.03,189.29,205.91,227.2,152.71,188.58,177.11,183.62,186.65,173.45,187.98,157.02,175.15,212.71,191.54,138.76,137.72,189.26,183.03,227.49,146.1,178.78,163.04
2022-04-08,203.05,186.23,173.49,155.61,191.97,174.15,176.96,186.32,171.74,202.01,146.07,204.11,159.14,157.74,177.02,181.15,149.42,166.13,149.68,242.4,160.43,197.54,192.63,167.86,189.39,205.89,227.31,152.44,188.24,177.33,183.34,186.47,173.22,187.72,156.78,174.8,212.62,191.51,138.63,137.65,189.23,184.14,227.33,146.08,178.83,163.19
2022-04-09,200.99,185.72,172.57,155.13,190.94,174.35,176.59,186.19,171.63,201.89,145.84,203.49,159.49,157.76,177.32,180.65,149.33,165.8,149.08,241.28,160.37,196.85,192.17,167.69,188.9,205.15,226.77,152.16,187.56,177.25,182.77,186.22,172.94,187.41,156.5,174.27,211.83,191.08,138.06,137.3,188.64,185.05,227.08,146.18,178.79,163.41
2022-04-10,198.75,184.99,171.87,154.42,189.5,174.53,176.2,185.9,171.45,201.78,145.62,202.87,159.8,157.62,177.34,180.34,149.22,165.33,148.32,239.81,160.04,196.1,191.61,167.52,188.24,204.27,226.13,151.89,186.66,176.41,182.05,185.72,172.53,187.11,156.1,173.29,210.96,190.52,137.29,136.81,187.7,185.92,226.54,146.15,178.71,163.78
2022-04-11,196.36,184.26,171.13,153.71,188.08,175.12,175.8,185.72,171.33,201.74,145.39,202.3,160.14,157.57,178.22,179.52,149.15,164.93,147.67,238.42,159.66,195.55,191.07,167.36,187.68,203.5,225.51,151.62,185.86,175.76,181.42,185.32,172.12,186.8,155.82,172.53,210.24,190.05,136.61,136.36,186.94,186.94,226.06,146.14,178.65,164.12
2022-04-12,193.65,183.19,170.75,153.08,187.43,175.48,175.84,185.33,171.15,201.61,145.16,201.81,160.55,157.51,178.11,179.25,149.08,164.57,147.17,237.41,159.29,194.95,190.56,167.19,187.06,202.92,224.23,151.34,184.97,175.05,181.17,185.15,172.08,186.4,155.94,172.22,209.4,189.76,136.16,135.99,186.16,188.04,225.64,146.1,178.63,164.42
2022-04-13,191.07,182.19,170.62,152.72,187.01,175.91,175.68,185.08,170.99,201.21,144.93,201.34,159.73,157.41,177.97,178.66,149.23,164.24,147.02,236.11,158.92,194.39,189.98,167.02,186.37,202.45,222.18,151.07,184.27,174.09,180.67,184.86,171.89,186.08,155.9,172.02,208.55,189.47,135.78,135.69,185.63,189.18,225.31,146.17,178.39,164.64
2022-04-14,188.39,181.37,170.74,152.63,186.6,176.07,175.89,184.88,170.96,201.15,144.7,200.77,159.18,157.31,177.22,178.25,149.32,164.02,147.08,235.32,158.51,193.95,189.55,166.85,185.84,202.45,220.23,150.8,183.77,173.26,179.89,184.42,171.46,185.98,156.12,172.02,207.82,189.3,135.48,135.38,185.34,187.51,225.17,146.33,178.39,164.87
2022-04-15,185.76,180.48,170.82,152.44,186.15,176.14,175.83,184.65,170.91,201.08,144.59,200.22,158.53,157.28,177.17,177.86,149.37,163.83,147.21,234.25,158.1,193.52,189.25,166.74,185.57,202.52,218.59,150.58,183.17,172.31,179.26,184.02,171.14,185.65,156.29,171.75,207.09,189.01,135.04,135.1,185.0,187.62,224.86,146.49,178.42,165.22
2022-04-16,184.87,180.07,171.16,152.61,186.62,176.06,176.19,184.63,171.09,201.14,144.38,200.37,158.79,157.6,177.45,177.72,149.52,163.99,147.51,234.07,158.09,193.74,189.32,166.63,185.91,203.28,217.6,150.28,183.19,171.63,179.23,184.0,171.01,185.33,156.56,171.94,206.97,189.26,135.15,135.16,185.03,187.76,224.93,146.74,178.56,165.55
2022-04-17,184.08,179.8,171.39,153.02,187.38,175.96,176.61,184.68,171.32,201.28,144.25,200.56,159.11,158.02,177.76,178.12,149.74,164.27,147.91,234.13,158.26,193.93,189.65,166.57,186.33,204.14,216.85,150.1,183.25,171.69,179.29,184.19,171.02,185.07,156.6,172.39,206.95,189.6,135.42,135.33,185.45,188.01,225.37,147.02,178.79,165.89
2022-04-18,183.5,179.59,171.68,153.53,188.24,175.64,177.09,184.71,171.52,201.34,144.08,201.2,159.36,158.39,177.24,178.77,149.94,164.53,148.25,234.3,158.43,194.3,189.99,166.39,186.8,204.91,216.16,149.85,183.32,171.66,179.34,184.31,171.03,184.83,156.65,172.78,206.84,190.03,135.62,135.52,185.84,188.24,226.04,147.35,179.04,166.27
2022-04-19,183.65,179.73,171.73,153.86,188.92,174.6,177.36,184.91,171.74,201.61,143.96,201.35,159.56,158.94,177.37,179.1,150.29,164.83,148.7,234.29,158.58,194.35,190.2,166.27,187.12,205.68,215.92,149.71,183.42,171.6,179.37,184.43,170.92,184.72,156.39,172.98,206.95,190.27,135.84,135.69,186.17,188.34,226.29,147.7,179.19,166.64
2022-04-20,183.74,179.76,171.9,154.0,189.37,173.53,177.77,184.94,171.86,202.12,143.84,201.37,161.86,159.59,177.45,179.23,150.52,165.07,148.83,234.48,158.69,194.42,190.44,166.23,187.38,206.09,216.47,149.67,183.44,171.56,179.57,184.54,171.08,184.65,156.23,173.3,207.14,190.39,135.91,135.68,186.34,187.73,226.54,147.93,179.83,166.99
2022-04-21,184.0,179.91,171.87,154.12,189.78,172.6,178.06,185.17,172.05,202.55,144.02,201.58,164.12,160.14,177.43,179.6,150.93,165.34,149.1,234.61,158.94,194.52,190.71,166.45,187.56,206.58,217.07,149.96,183.21,171.6,180.15,184.93,171.54,184.48,155.97,173.77,207.3,190.45,136.38,135.83,186.47,187.52,226.74,148.28,180.46,167.3
2022-04-22,185.37,180.53,171.92,154.18,191.19,171.68,178.43,185.64,172.23,203.03,144.65,202.03,166.32,161.09,177.44,180.1,151.64,165.84,149.63,235.24,159.3,194.88,191.14,166.93,187.69,207.38,217.78,150.32,183.27,171.89,181.05,185.63,172.02,184.44,155.89,174.24,207.77,190.8,136.98,136.38,186.27,187.62,227.08,148.67,181.17,167.49
2022-04-23,186.83,181.12,171.96,154.46,192.43,171.04,178.89,186.07,172.41,203.68,145.32,202.43,167.48,161.89,177.64,180.91,152.25,166.31,150.19,235.89,159.63,195.3,191.76,167.34,187.97,208.05,218.63,150.67,183.17,172.06,181.76,186.15,172.33,184.46,155.94,174.6,208.41,191.13,137.58,136.92,186.28,187.79,227.43,149.14,181.72,167.73
2022-04-24,187.16,181.31,171.89,154.57,192.66,170.29,179.13,186.38,172.54,204.16,145.48,202.52,168.51,162.08,177.9,181.15,152.72,166.53,150.36,236.16,159.63,195.44,191.99,167.56,188.01,208.2,218.97,150.88,182.88,172.04,182.15,186.59,172.55,184.47,155.98,174.89,208.86,191.24,137.91,137.1,185.87,187.59,227.4,149.6,182.14,167.91
2022-04-25,187.57,181.52,171.87,154.64,193.19,169.51,179.36,186.64,172.65,204.6,145.66,202.79,169.6,162.18,178.19,181.43,153.18,166.77,150.57,236.61,159.81,195.94,192.23,167.79,188.13,208.41,219.37,151.15,182.71,172.14,182.36,186.95,172.7,184.47,156.03,175.16,209.38,191.46,138.23,137.3,185.58,187.42,227.7,150.07,182.46,168.09
2022-04-26,187.9,181.81,171.69,155.04,193.78,169.54,179.58,187.0,172.83,205.08,145.89,203.09,170.53,162.16,177.8,181.66,153.8,167.04,151.52,236.94,159.89,196.25,192.45,168.04,188.13,208.98,219.62,151.48,182.43,172.34,182.61,187.35,172.82,184.47,156.24,175.57,209.89,191.58,138.63,137.46,185.38,187.28,227.79,150.54,182.89,168.29
2022-04-27,187.61,181.77,170.96,154.14,193.5,169.46,179.43,187.29,172.6,205.44,145.83,202.06,170.25,161.86,176.99,181.63,154.08,166.81,151.79,235.64,159.38,195.19,191.47,168.19,187.36,209.49,219.56,151.28,180.46,171.31,182.48,187.36,172.49,184.37,156.1,175.25,210.12,191.09,138.95,137.07,184.43,187.56,225.72,150.92,182.03,168.23
2022-04-28,187.76,181.95,170.7,154.28,193.67,169.74,179.47,187.53,172.75,205.82,145.87,202.25,169.96,161.68,177.54,181.76,154.19,166.9,152.01,235.6,159.39,195.35,191.66,168.33,187.61,209.79,219.91,151.23,180.34,171.19,182.49,187.53,172.45,184.48,156.48,175.47,210.57,191.25,138.99,137.13,184.29,187.63,225.75,151.39,182.14,168.31
2022-04-29,186.72,181.7,170.39,154.61,192.81,170.11,179.5,187.53,172.94,206.14,145.43,201.93,169.68,160.99,178.06,181.44,154.13,166.75,151.98,234.97,159.26,195.09,191.39,168.19,187.61,209.62,219.77,151.08,180.06,170.89,182.1,187.35,172.34,184.72,156.67,175.59,210.67,191.08,138.95,136.76,184.31,187.42,225.55,151.9,182.11,168.21
2022-04-30,185.37,181.36,170.11,154.44,191.7,170.21,179.29,187.44,173.06,206.19,144.82,201.67,168.73,160.13,178.32,181.25,154.05,166.5,151.91,234.05,159.03,194.69,191.29,167.92,187.29,209.3,219.42,150.9,179.62,170.54,181.55,187.24,172.24,184.89,156.81,175.53,210.45,190.76,138.84,136.28,184.07,187.22,225.37,152.24,181.87,168.12
2022-05-01,185.32,181.55,169.94,154.48,191.98,170.3,179.3,187.6,173.18,206.29,144.89,201.73,168.1,160.4,178.5,181.17,155.54,166.91,153.0,233.6,159.08,194.67,191.53,167.87,187.21,209.84,219.49,152.06,179.52,170.32,181.59,187.3,172.23,185.06,157.1,175.76,210.46,190.65,139.45,136.36,184.3,187.3,225.4,152.5,181.93,168.13
2022-05-02,185.1,181.58,169.67,154.68,191.61,170.57,179.26,187.52,173.29,206.35,144.71,201.26,167.36,160.54,178.58,181.06,155.48,166.84,153.06,232.9,158.85,194.16,191.71,167.65,187.21,209.94,219.18,151.9,179.2,170.08,181.7,187.27,172.1,185.24,157.31,175.95,210.41,190.3,139.53,136.33,184.39,187.23,225.06,152.57,181.92,168.06
2022-05-03,184.94,181.65,169.52,154.6,191.15,170.4,179.3,187.45,173.34,206.37,144.51,201.26,166.44,160.64,178.71,180.89,155.05,166.71,152.37,232.39,158.83,194.08,191.95,167.46,187.28,209.85,219.14,151.63,179.13,169.8,181.73,187.1,171.93,185.18,157.44,176.06,210.29,190.14,139.58,136.31,184.46,187.35,225.06,152.65,181.61,168.05
2022-05-04,185.44,181.99,169.93,155.98,191.64,170.41,179.67,187.48,173.81,206.57,144.75,202.51,165.86,160.7,179.27,181.23,154.9,167.08,152.42,233.44,159.43,195.32,193.35,167.4,188.29,210.08,219.47,151.86,180.69,170.88,182.22,187.45,172.14,185.29,157.84,176.87,210.51,190.69,139.8,136.9,185.16,187.63,227.27,152.82,182.27,168.27
2022-05-05,185.25,181.96,169.97,156.27,190.81,170.2,179.76,187.4,173.8,206.72,144.64,202.21,165.12,160.77,179.36,181.12,154.7,166.98,152.34,233.02,159.4,195.12,193.45,167.23,188.21,209.91,219.15,151.73,180.55,170.95,182.22,187.38,171.75,185.18,157.69,176.98,210.59,190.57,139.87,137.02,185.02,187.69,227.32,152.51,181.59,168.39
2022-05-06,185.17,181.98,170.03,156.71,190.62,169.94,179.75,187.45,173.77,206.83,144.57,202.22,164.52,160.88,179.42,181.4,154.43,166.96,152.19,232.77,159.34,195.19,193.88,167.16,188.36,209.71,218.97,151.67,180.43,171.19,182.25,187.42,171.36,184.92,157.65,177.16,210.71,190.51,139.93,137.24,185.02,187.74,227.78,152.44,181.24,168.52
2022-05-07,185.08,181.86,169.94,156.95,190.35,169.7,179.67,187.68,173.72,206.8,144.61,202.08,164.4,160.85,179.37,181.33,154.18,166.89,151.82,232.41,159.19,195.07,193.81,167.09,188.52,209.54,218.52,151.56,180.32,171.28,182.23,187.26,170.97,184.62,157.69,177.24,210.66,190.46,139.97,137.38,184.92,187.72,228.04,152.2,181.32,168.59
2022-05-08,185.02,181.81,170.0,157.27,190.21,169.64,179.75,187.81,173.8,207.01,144.56,202.1,164.12,160.85,179.61,181.06,152.47,166.51,150.85,232.19,159.16,195.04,193.83,167.13,188.95,209.21,218.07,150.37,180.32,171.62,182.15,187.13,170.63,184.39,157.71,177.37,210.92,190.56,139.5,137.44,184.86,187.8,228.43,152.06,181.2,168.68
2022-05-09,185.27,181.98,170.17,157.54,190.69,169.5,179.86,188.25,173.95,207.45,144.77,202.68,163.97,161.05,179.89,181.1,152.31,166.68,150.74,232.22,159.47,195.58,194.13,167.42,189.53,209.48,218.11,150.5,180.56,172.06,182.1,187.14,170.47,184.2,157.97,177.48,211.32,190.91,139.74,137.69,184.82,188.1,229.28,152.1,181.22,168.89
2022-05-10,185.45,182.1,170.34,157.86,191.03,169.78,179.99,188.63,174.06,207.87,144.92,202.71,164.14,161.03,180.09,181.45,152.36,166.84,150.75,232.13,159.61,195.6,194.43,167.66,190.12,209.49,217.9,150.61,180.56,172.39,182.14,187.29,170.42,184.25,158.18,177.51,211.83,191.15,139.94,137.91,184.79,188.26,229.88,152.0,181.48,168.98
2022-05-11,185.58,182.19,170.21,157.87,191.17,169.96,180.03,188.79,174.13,208.14,145.02,202.45,164.14,161.25,180.25,181.75,152.39,166.9,150.63,231.84,159.56,195.38,194.55,167.85,190.66,209.33,217.37,150.65,180.38,172.25,181.86,187.11,170.19,184.12,158.42,177.34,212.13,191.24,140.0,138.04,184.87,188.34,230.16,151.89,181.66,169.17
2022-05-12,185.94,182.36,170.24,157.67,192.06,170.16,180.13,189.06,174.27,208.51,145.18,202.47,164.0,161.53,180.31,182.21,152.44,167.05,150.52,231.91,159.59,195.42,194.7,168.07,191.29,209.57,217.2,150.77,180.44,172.31,181.77,187.11,170.07,184.11,158.75,177.26,212.36,191.35,140.24,138.3,184.81,188.49,230.49,152.04,182.11,169.41
2022-05-13,186.1,182.43,170.33,157.2,192.24,170.31,180.31,189.08,174.3,208.98,145.24,202.14,163.79,161.64,180.27,182.46,152.45,167.07,150.35,231.69,159.67,195.28,194.65,168.16,191.65,209.65,216.65,150.77,180.34,172.11,181.51,186.87,169.87,184.19,158.86,177.03,212.51,191.34,140.38,138.43,184.48,188.64,230.5,151.84,182.31,169.73
2022-05-14,186.41,182.76,170.67,157.26,192.68,170.62,180.22,189.13,174.48,209.68,145.25,202.0,163.74,161.88,180.44,182.72,152.45,167.23,150.36,231.95,160.04,195.36,195.01,168.34,192.2,210.13,216.45,150.87,180.53,172.43,181.8,187.05,170.02,184.42,158.89,177.17,213.13,191.47,140.44,138.69,184.41,188.92,230.66,151.93,182.58,170.12
2022-05-15,186.48,182.93,170.78,157.25,192.61,170.85,180.0,189.17,174.57,210.28,145.26,201.68,163.69,161.6,180.48,183.63,152.51,167.32,150.15,231.96,160.29,195.32,195.25,168.44,192.37,210.37,216.26,150.87,180.52,172.58,181.93,187.16,170.15,184.57,159.07,177.27,213.39,191.45,140.73,138.85,184.28,189.17,230.75,151.99,182.81,170.49
2022-05-16,186.45,183.04,170.83,157.22,192.52,171.05,179.72,189.21,174.64,210.76,145.22,201.3,163.6,161.44,180.56,184.21,152.59,167.37,150.1,231.96,160.47,195.29,195.27,168.45,192.38,210.33,215.92,150.85,180.49,172.63,182.1,187.27,170.3,184.72,159.18,177.45,213.49,191.38,140.9,138.96,184.16,189.31,230.74,151.99,182.98,170.82
2022-05-17,186.24,183.02,170.81,157.08,192.06,171.11,179.29,189.14,174.7,210.96,145.19,200.42,163.63,161.56,180.61,184.55,152.69,167.32,149.97,231.45,160.23,194.65,195.14,168.44,192.13,210.52,215.3,150.73,180.26,172.48,182.02,187.18,170.23,184.7,159.31,177.51,213.47,190.93,141.05,139.0,183.89,189.3,230.13,152.07,183.14,171.15
2022-05-18,186.3,183.1,171.03,157.1,192.03,171.17,179.05,189.28,174.83,211.21,145.23,200.25,163.83,161.77,180.7,184.8,152.76,167.45,150.02,231.48,160.45,194.61,195.16,168.6,191.96,210.87,215.08,150.81,180.47,173.11,182.31,187.28,170.37,184.86,159.46,177.66,213.53,190.97,141.5,139.23,183.67,189.46,229.95,152.17,183.21,171.54
2022-05-19,186.14,183.08,171.09,157.27,191.88,171.17,178.55,189.12,174.84,211.21,145.23,199.98,164.34,161.82,180.66,184.94,152.71,167.44,150.2,231.13,160.54,194.37,195.23,168.69,191.69,210.93,214.48,150.69,180.36,173.54,182.45,187.31,170.53,184.73,159.66,177.92,213.51,190.93,141.74,139.17,183.53,189.47,229.66,152.11,183.13,171.57
2022-05-20,186.13,183.04,170.87,157.58,191.72,171.17,177.96,189.12,174.87,211.13,145.27,200.0,164.67,162.2,180.75,185.24,152.96,167.53,150.41,231.05,160.62,194.15,195.46,168.85,191.66,210.88,214.18,150.72,180.35,174.03,182.82,187.38,170.76,184.58,159.99,178.18,213.55,191.04,142.0,139.14,183.46,189.46,229.45,152.23,183.06,171.82
2022-05-21,185.65,182.62,170.34,157.39,191.19,171.05,177.46,188.92,174.58,210.86,145.11,199.51,164.86,162.67,180.49,185.16,153.09,167.37,150.46,230.41,160.14,193.47,194.99,168.74,191.04,210.14,213.44,150.58,179.78,173.79,182.41,187.07,170.74,184.36,160.28,177.79,212.8,190.76,142.33,138.89,182.83,189.24,228.84,152.21,182.75,172.06
2022-05-22,185.72,182.55,170.26,157.58,191.31,170.94,177.29,188.95,174.54,210.74,145.19,199.52,165.0,163.16,180.52,185.34,153.27,167.44,150.73,230.33,160.03,193.24,195.08,168.9,191.11,209.91,213.17,150.67,179.66,174.08,182.37,187.03,170.86,184.21,160.59,177.81,212.79,191.02,142.66,138.9,182.71,189.26,228.59,152.25,182.59,172.34
2022-05-23,185.81,182.48,170.2,157.7,191.44,170.88,177.14,188.98,174.45,210.58,145.25,199.41,165.19,163.64,180.61,185.58,153.42,167.47,150.97,230.18,159.82,192.88,195.23,169.07,191.05,209.77,212.67,150.72,179.47,174.34,182.28,186.97,170.97,184.03,160.01,177.66,212.87,191.25,142.77,138.83,182.48,189.21,228.31,152.39,182.48,172.57
2022-05-24,186.08,182.45,170.2,157.83,191.62,170.78,177.1,189.03,174.38,210.74,145.29,199.86,165.4,163.96,180.68,185.8,153.57,167.61,151.14,230.33,159.94,193.07,195.61,169.28,191.29,209.62,212.32,150.91,179.43,174.76,182.29,187.02,171.22,183.96,160.26,177.63,212.95,191.8,143.07,138.87,182.28,189.27,228.53,152.53,182.37,172.56
2022-05-25,186.17,182.34,170.05,157.75,191.72,170.55,176.93,188.95,174.31,210.76,145.25,200.04,165.34,164.18,180.74,186.0,153.52,167.59,151.21,230.18,159.9,192.77,195.88,169.33,191.34,209.24,211.07,150.93,178.92,174.68,182.23,187.07,171.4,183.71,160.44,177.69,212.92,191.82,143.11,138.68,182.03,189.18,228.42,152.64,182.41,172.42
2022-05-26,186.08,182.11,169.73,157.58,191.75,170.04,176.81,188.85,174.11,210.73,145.12,199.98,165.17,164.52,180.66,186.07,153.54,167.52,150.99,229.99,159.81,192.62,195.95,169.31,191.23,208.66,210.25,151.02,178.39,174.47,182.03,186.87,171.36,183.54,160.49,177.52,212.88,191.79,143.06,138.48,181.62,189.09,228.27,152.79,182.32,172.43
2022-05-27,185.93,182.03,169.56,156.97,191.69,169.67,176.7,188.77,174.06,210.74,145.05,199.84,165.77,164.72,180.72,186.1,153.31,167.5,150.74,229.58,159.71,192.46,195.96,169.36,190.96,208.81,209.27,151.02,177.83,174.19,183.48,187.03,171.61,183.52,160.65,177.64,212.81,191.63,142.99,138.36,181.4,188.92,228.01,153.02,182.36,172.31
2022-05-28,186.24,182.21,169.58,156.8,192.02,168.97,177.15,188.72,174.14,210.57,145.2,200.13,166.41,164.67,180.99,186.74,153.13,167.63,150.6,229.62,159.98,192.75,196.57,169.55,190.94,209.31,208.6,151.14,177.54,174.3,185.52,187.37,171.91,183.57,161.02,178.24,213.3,191.78,143.04,138.44,181.67,188.86,228.11,153.26,182.4,172.09
2022-05-29,186.07,182.0,169.2,156.17,191.7,168.34,177.21,188.45,174.0,210.28,145.1,199.72,166.83,164.59,180.95,186.74,152.87,167.49,150.28,229.07,159.92,192.54,196.57,169.43,190.35,209.32,207.44,151.0,176.83,173.81,187.13,187.41,172.02,183.57,161.21,178.38,213.06,191.34,142.89,138.22,181.31,188.52,227.72,153.44,182.31,171.93
2022-05-30,185.89,181.77,168.75,155.5,191.39,167.27,177.29,188.14,173.88,210.05,144.98,199.32,167.24,163.97,180.9,186.71,152.55,167.36,149.93,228.53,159.91,192.36,196.57,169.27,189.88,209.36,206.77,150.92,176.12,173.26,188.78,187.48,172.15,183.59,162.19,178.65,212.82,190.93,142.88,138.0,181.06,188.28,227.36,153.61,182.22,171.62
2022-05-31,185.36,181.41,168.21,154.82,190.84,166.01,177.09,187.64,173.54,209.46,144.71,198.57,167.31,163.26,180.61,186.62,152.08,167.01,149.51,227.48,159.65,190.98,196.22,168.92,189.2,209.06,205.85,150.64,175.12,172.55,190.26,187.43,172.16,183.51,162.13,178.86,212.36,190.17,142.51,137.65,180.77,187.84,226.78,153.63,182.03,171.41
2022-06-01,184.78,180.93,167.56,154.13,190.35,164.72,176.83,187.07,173.01,208.79,144.37,197.75,167.46,162.3,180.15,186.43,151.8,166.67,148.98,226.46,159.27,190.71,195.85,168.43,188.36,210.02,205.38,150.42,174.4,171.8,191.6,187.34,172.17,183.33,162.33,178.99,212.17,189.48,142.13,137.35,180.45,187.13,226.11,153.45,181.8,171.26
2022-06-02,184.38,180.58,167.18,153.47,189.68,163.81,176.63,186.72,172.68,208.26,144.15,196.94,168.14,161.68,180.0,186.19,151.61,166.39,148.53,225.4,159.0,190.06,195.44,168.07,187.54,209.89,204.56,150.18,173.82,171.02,193.16,187.4,172.27,183.25,162.49,179.14,211.55,188.77,141.83,137.09,180.13,186.51,225.18,153.35,181.84,171.12
2022-06-03,183.89,180.07,166.77,153.2,188.8,162.72,176.51,186.27,172.22,207.72,143.87,196.03,168.02,160.68,179.59,185.84,151.34,165.97,148.12,224.36,158.73,189.33,194.64,167.53,186.68,209.47,203.83,149.91,173.23,170.28,192.91,187.18,171.75,182.89,162.48,179.05,210.94,188.07,141.63,136.88,179.73,185.9,224.23,153.13,181.69,170.85
2022-06-04,183.48,179.66,166.33,152.86,188.42,161.81,176.27,185.89,171.86,207.38,143.63,195.27,167.97,159.79,179.21,185.52,151.1,165.63,147.83,223.3,158.65,188.77,193.91,167.13,186.04,209.07,203.39,149.7,172.73,169.45,192.67,187.03,171.62,182.6,162.46,179.17,210.48,187.5,141.35,136.77,179.28,185.15,223.38,152.9,181.69,170.96
2022-06-05,183.13,179.27,165.96,152.48,188.12,160.84,176.1,185.43,171.36,207.13,143.36,194.71,168.16,158.84,178.9,185.2,150.87,165.28,147.48,222.21,158.68,188.28,193.15,166.74,185.33,208.66,202.74,149.41,172.28,168.6,192.47,186.86,171.52,182.16,161.44,179.23,210.0,186.93,141.03,136.61,178.89,184.51,222.5,152.68,181.64,171.26
2022-06-06,182.78,178.91,165.58,152.16,187.82,160.19,175.86,185.0,171.02,206.82,143.09,194.2,168.42,158.35,178.47,184.82,150.57,164.97,147.14,221.18,158.62,187.79,192.33,166.4,184.66,208.24,202.02,149.22,171.84,167.79,192.28,186.7,171.42,181.82,161.34,179.38,209.45,186.34,140.83,136.54,178.48,183.91,221.62,152.35,181.63,171.02
2022-06-07,182.83,178.77,165.38,151.91,187.98,159.9,175.89,184.82,170.88,206.79,142.99,194.03,169.0,157.85,178.37,184.57,150.5,164.84,146.91,220.66,159.0,188.58,191.83,166.26,184.21,208.09,201.71,149.16,171.66,167.11,192.2,186.63,171.37,181.33,161.41,179.59,209.18,186.17,140.72,136.6,178.21,183.51,220.91,152.24,181.75,170.93
2022-06-08,182.89,178.8,165.25,151.7,187.92,159.72,176.05,184.75,170.88,206.9,142.98,193.88,169.73,157.62,178.41,184.47,150.46,164.76,146.65,220.08,159.41,188.21,191.32,166.3,184.0,206.85,201.79,149.1,171.42,166.48,192.29,186.48,171.39,181.36,161.33,180.17,208.68,185.98,140.64,136.63,177.93,183.4,220.33,152.31,181.96,170.77
2022-06-09,182.95,178.71,165.05,151.3,188.23,159.3,176.18,184.5,170.75,206.95,142.87,193.9,169.75,157.35,178.44,184.48,150.35,164.66,146.5,219.52,159.84,188.18,190.94,166.33,183.95,206.85,201.69,149.04,171.12,165.89,192.15,186.16,171.17,181.13,161.33,180.8,208.56,185.84,140.71,136.61,177.7,183.1,220.12,152.4,181.9,170.65
2022-06-10,183.08,178.61,164.83,150.7,188.76,159.07,176.19,184.24,170.59,207.01,142.59,194.04,170.0,157.43,178.59,184.32,150.09,164.56,146.22,218.97,160.1,188.12,190.77,166.43,183.98,206.65,201.67,148.9,170.79,165.2,192.04,185.8,171.07,181.0,161.21,181.41,208.41,185.73,140.55,136.58,177.42,182.94,219.8,152.48,181.72,170.67
2022-06-11,183.42,178.64,164.83,150.38,189.42,159.01,176.41,184.09,170.47,207.2,142.42,194.36,170.29,157.69,178.86,184.41,149.94,164.54,146.01,218.81,160.4,188.17,190.92,166.59,184.19,206.69,201.63,148.89,170.71,164.99,192.01,185.54,170.74,180.65,161.08,181.97,208.47,185.79,140.49,136.64,177.56,182.96,219.7,152.73,181.54,170.32
2022-06-12,183.53,178.53,164.6,149.93,189.64,158.95,176.4,183.96,170.39,207.08,142.14,194.2,170.64,157.91,178.99,184.22,149.79,164.46,145.74,218.49,160.43,187.94,190.76,166.66,184.25,206.31,201.58,148.9,170.39,164.54,191.81,185.24,170.32,180.38,161.88,182.46,208.28,185.68,140.46,136.69,177.32,182.74,219.41,152.83,181.37,169.6
2022-06-13,183.74,178.49,164.49,149.56,190.0,159.0,176.53,183.9,170.24,207.06,141.95,194.09,170.98,158.27,179.29,184.2,149.83,164.43,145.55,218.35,160.64,187.84,190.76,166.79,184.33,205.91,201.46,148.9,170.13,164.21,191.65,185.0,169.98,180.03,161.82,182.94,208.23,185.69,140.4,136.78,177.14,182.48,219.24,153.05,181.27,169.62
2022-06-14,183.93,178.51,164.32,149.29,190.6,159.11,176.62,183.91,170.13,207.12,141.86,194.1,171.32,158.88,179.53,183.98,149.81,164.46,145.34,218.51,160.75,187.75,190.69,166.99,184.19,205.96,201.29,148.99,170.03,163.82,191.47,184.74,169.55,179.98,162.04,183.38,208.2,185.78,140.59,136.89,176.9,182.23,219.23,153.22,181.14,169.84
2022-06-15,183.92,178.34,164.23,148.81,190.5,159.29,176.7,183.9,170.0,207.06,141.62,193.78,171.51,159.42,179.69,183.72,149.56,164.38,145.15,218.54,160.72,187.53,190.53,167.08,183.93,205.74,200.87,148.84,169.7,163.39,190.99,184.62,169.17,179.48,162.12,183.5,207.94,185.7,140.6,137.09,176.6,182.05,219.14,153.36,180.92,170.28
2022-06-16,183.82,178.27,164.07,148.5,190.0,159.52,176.73,184.12,169.97,207.02,141.46,193.49,171.92,159.49,179.74,183.42,149.36,164.33,145.04,218.53,160.65,187.18,190.25,167.16,183.77,205.33,200.49,148.68,169.39,163.1,190.85,185.0,169.21,179.17,162.36,183.65,207.91,185.63,140.42,137.36,176.28,181.96,218.9,153.51,181.03,170.7
2022-06-17,183.84,178.25,163.97,148.45,189.8,159.74,176.73,184.44,169.99,207.06,141.5,192.96,172.32,159.76,179.67,183.39,149.31,164.36,144.91,218.64,160.67,186.91,190.05,167.28,183.54,205.17,200.22,148.53,169.14,162.91,190.85,185.6,169.52,178.85,162.81,184.35,207.84,185.47,140.38,137.53,176.02,181.65,218.86,153.6,181.38,171.02
2022-06-18,183.52,178.02,163.89,147.92,188.93,160.09,176.21,184.76,169.95,207.07,141.43,191.96,172.7,160.11,179.57,183.17,149.23,164.26,144.7,218.23,160.38,186.18,189.53,167.28,183.03,204.99,199.67,148.23,168.59,161.97,190.64,185.95,169.72,178.69,163.14,184.78,207.45,184.98,140.35,137.53,175.31,181.29,218.43,153.63,181.73,172.36
2022-06-19,183.42,178.0,164.05,147.8,188.67,160.34,175.91,185.12,170.06,207.29,141.49,191.54,172.96,160.38,179.62,183.33,149.18,164.33,144.7,218.19,160.25,185.88,189.52,167.42,182.83,205.34,199.38,148.13,168.39,161.69,190.65,186.49,170.04,178.61,163.64,185.59,207.45,184.76,140.35,137.61,175.27,181.15,218.4,153.82,182.11,173.78
2022-06-20,183.3,177.88,164.18,147.57,188.27,160.45,175.54,185.35,170.09,207.39,141.46,191.09,173.13,160.52,179.55,183.4,149.0,164.31,144.59,217.9,160.04,185.55,189.4,167.48,182.57,205.69,199.0,147.94,168.15,161.31,190.68,187.0,170.31,178.51,164.21,186.39,207.36,184.47,140.33,137.6,175.21,181.03,218.28,153.9,182.4,174.02
2022-06-21,183.06,177.61,164.25,147.17,187.54,160.41,175.1,185.37,169.94,207.18,141.3,190.41,173.08,160.53,179.34,183.56,148.79,164.19,144.39,217.27,159.79,185.09,189.14,167.39,182.18,205.35,198.47,147.64,167.69,161.03,190.72,187.52,170.63,178.53,164.62,187.24,207.09,183.9,140.09,137.51,175.08,180.84,218.12,153.96,182.64,174.14
2022-06-22,183.02,177.46,164.38,147.03,187.52,160.38,174.69,185.37,169.87,207.15,141.23,190.14,172.92,160.63,179.35,183.85,148.68,164.19,144.24,216.68,159.69,184.79,189.06,167.4,182.01,205.25,197.93,147.57,167.35,160.95,190.91,188.01,170.88,178.53,165.1,188.12,207.1,183.7,140.26,137.39,175.13,180.61,218.03,154.1,183.0,174.05
2022-06-23,183.1,177.32,164.45,147.0,187.64,160.56,174.51,185.25,169.77,207.06,141.1,189.88,173.46,160.94,179.34,184.05,148.57,164.19,144.06,216.25,159.59,184.43,188.94,167.48,181.75,205.35,197.62,147.56,166.97,160.77,190.82,188.04,171.03,178.57,165.32,188.77,206.91,183.54,140.43,137.15,175.26,180.53,218.06,154.26,183.24,173.93
2022-06-24,183.09,176.97,164.35,146.73,187.52,160.53,174.32,185.0,169.6,206.73,140.83,189.63,173.45,161.0,179.33,184.24,148.46,164.06,143.98,215.81,159.28,184.07,188.74,167.44,181.48,205.26,197.07,147.64,166.59,160.44,188.81,187.66,170.9,178.56,165.52,188.81,206.75,183.27,140.61,136.79,175.34,180.44,217.88,154.31,183.24,173.78
2022-06-25,182.79,176.42,164.03,146.47,187.03,160.13,174.39,184.37,169.24,206.26,140.42,189.41,173.41,160.74,179.17,184.22,148.24,163.78,143.62,215.15,158.91,183.67,188.44,167.25,180.93,204.75,196.29,147.62,166.07,160.34,186.61,187.14,170.61,178.33,165.59,188.61,206.29,182.93,140.64,136.28,175.28,180.2,217.48,154.12,183.05,172.64
2022-06-26,182.71,176.02,163.72,146.29,186.37,159.92,174.53,183.9,168.98,205.91,140.16,189.26,173.46,160.63,179.11,184.3,148.02,163.56,143.23,214.65,158.75,182.78,188.26,167.16,180.5,204.42,195.82,147.55,165.6,160.19,184.68,186.79,170.41,178.1,165.76,188.44,206.08,182.69,140.75,135.91,175.18,180.05,217.15,154.02,182.93,171.93
2022-06-27,182.28,175.61,163.47,146.06,185.06,159.82,174.55,183.45,168.77,205.62,139.81,188.57,173.63,160.59,179.01,184.41,147.82,163.29,142.93,213.61,158.39,181.26,188.07,167.12,180.11,204.16,194.98,147.37,164.76,159.77,182.67,186.36,170.19,177.95,165.63,188.24,205.86,182.39,140.69,135.53,175.05,179.89,216.47,153.99,182.88,171.96
2022-06-28,182.01,175.38,163.26,145.89,184.43,159.84,174.72,183.36,168.85,205.51,139.68,187.91,174.27,160.58,179.03,184.47,147.8,163.13,142.67,212.77,158.04,179.84,187.92,167.17,180.01,204.1,194.4,147.28,164.06,159.47,182.36,185.99,170.01,177.74,165.63,187.85,205.88,182.12,140.84,135.19,174.95,179.85,215.6,153.99,182.89,171.98
2022-06-29,182.15,175.27,163.07,145.78,184.23,159.91,174.93,183.23,168.79,205.49,139.59,188.06,176.57,160.7,178.95,184.36,147.65,163.04,142.43,212.7,157.9,179.18,187.79,167.31,179.99,204.26,194.4,147.35,163.75,159.14,182.12,185.64,169.84,177.61,165.63,187.54,205.9,182.04,140.79,134.93,174.94,179.76,214.66,153.89,182.95,171.99
2022-06-30,182.21,174.98,162.94,145.59,184.18,159.92,174.97,182.98,168.69,205.55,139.48,188.16,174.94,160.36,178.75,184.43,147.52,162.87,142.06,212.51,157.73,178.68,188.0,167.31,180.09,204.29,194.16,147.37,163.43,158.75,180.58,185.49,169.66,177.38,165.78,187.31,205.83,181.95,140.62,134.82,174.75,179.43,213.71,153.62,182.96,171.9
2022-07-01,182.05,174.75,162.69,145.4,183.99,160.01,174.98,182.38,168.2,205.46,139.19,188.26,176.87,159.81,178.43,184.54,147.26,162.66,141.57,212.04,157.66,178.1,188.21,167.18,180.0,204.15,193.64,147.31,163.14,158.36,182.12,185.31,169.4,177.14,165.81,187.25,205.54,181.93,140.42,134.76,174.49,178.54,212.92,153.26,182.87,171.91
2022-07-02,182.31,174.77,162.46,145.43,184.26,160.5,174.99,182.18,168.0,205.68,139.04,188.44,178.73,159.79,178.15,184.74,147.26,162.67,141.46,212.07,157.79,177.71,188.34,167.29,180.22,204.36,193.65,147.42,163.23,158.43,183.88,185.38,169.44,177.22,165.82,187.62,205.57,182.06,140.07,134.9,174.36,177.96,212.35,153.15,182.95,171.95
2022-07-03,182.26,174.56,162.05,145.03,184.53,160.83,174.85,181.81,167.65,205.63,138.7,188.39,180.5,159.7,177.65,184.69,147.18,162.5,141.26,211.74,157.69,177.58,188.14,167.26,180.27,204.33,193.36,147.44,163.13,158.1,185.23,185.11,169.22,177.3,165.61,187.45,205.22,182.04,139.62,134.88,173.96,177.17,211.5,152.83,182.91,171.5
2022-07-04,182.16,174.29,161.53,144.56,184.54,161.02,174.67,181.47,167.25,205.5,138.37,188.27,182.07,159.5,177.22,184.42,147.06,162.3,140.95,211.29,157.56,177.4,187.88,167.11,180.1,204.24,193.13,147.35,162.87,157.89,186.59,184.87,169.03,177.34,165.58,187.26,204.82,181.91,139.28,134.82,173.51,176.32,210.61,152.34,182.79,171.39
2022-07-05,182.21,173.87,160.93,144.15,184.81,160.9,174.51,180.73,166.58,205.28,137.82,188.76,183.01,159.2,176.65,184.31,146.77,162.03,140.66,211.48,157.56,177.8,187.73,166.8,179.92,204.08,193.04,147.34,163.05,157.69,186.21,184.51,168.72,177.15,165.4,187.16,204.21,181.99,138.8,134.78,173.17,175.34,210.22,151.74,182.53,171.28
2022-07-06,181.6,173.19,160.0,143.74,184.26,160.93,174.12,180.02,165.92,204.71,137.21,188.05,182.32,158.77,175.99,184.18,146.65,161.59,140.33,210.6,157.02,177.23,187.24,166.32,179.33,202.83,192.11,147.08,162.56,157.25,185.79,184.11,168.49,176.96,165.01,186.9,203.47,181.53,138.21,134.54,172.55,174.24,209.43,151.17,182.21,171.12
2022-07-07,181.01,172.7,158.91,143.27,183.63,161.08,173.77,179.28,165.3,204.23,136.69,187.18,184.81,158.82,175.54,183.92,146.44,161.23,140.06,209.75,156.44,176.52,186.81,165.96,178.53,202.46,191.42,146.82,162.02,156.74,186.84,183.72,168.24,176.96,164.75,186.65,202.89,181.01,137.77,134.36,171.99,173.12,208.6,150.72,181.9,171.2
2022-07-08,180.62,172.4,158.06,142.9,183.2,161.49,173.49,179.01,165.2,203.95,136.45,186.6,184.08,159.19,175.46,183.61,146.45,161.05,139.87,209.29,155.98,175.87,186.27,165.8,178.3,202.32,191.39,146.72,161.43,156.38,186.27,183.67,168.38,177.1,164.66,186.38,202.45,180.6,137.36,134.23,171.48,172.84,207.7,150.63,181.94,171.25
2022-07-09,179.99,171.96,157.25,142.39,182.43,161.57,173.14,178.64,164.76,203.31,136.17,186.12,183.33,159.1,175.3,183.01,146.31,160.73,139.44,208.43,155.26,175.05,185.48,165.41,178.06,202.03,191.03,146.42,160.53,155.62,185.58,183.54,168.42,177.0,164.86,186.01,201.74,179.98,137.21,134.0,170.8,172.31,206.68,150.47,181.86,171.4
2022-07-10,179.61,171.75,156.65,142.08,181.79,162.13,172.92,178.36,164.6,202.92,135.98,185.56,182.83,159.17,175.36,182.59,146.28,160.56,139.15,207.83,154.72,174.34,184.83,165.22,177.96,201.91,190.74,146.23,159.71,155.0,185.13,183.57,168.6,176.91,165.09,186.06,201.36,179.53,137.16,133.89,170.38,171.99,205.74,150.46,181.91,171.66
2022-07-11,179.54,171.61,156.11,142.0,181.42,162.83,172.85,178.15,164.52,202.68,135.94,185.63,182.31,159.19,175.47,182.37,146.37,160.51,138.99,207.98,154.4,174.27,184.31,165.17,178.08,201.86,190.84,146.27,159.39,154.58,184.72,183.62,168.79,176.87,165.33,186.09,201.09,179.26,137.17,133.8,170.05,171.78,205.17,150.58,182.05,172.0
2022-07-12,179.29,171.55,155.62,141.78,181.01,163.93,172.69,178.03,164.58,202.55,135.94,185.07,182.08,159.35,175.81,182.4,146.45,160.44,138.84,207.3,153.92,173.63,183.83,165.24,178.22,201.81,190.78,146.21,158.61,154.24,184.27,183.69,168.97,176.87,165.57,186.32,201.03,178.99,137.1,133.69,169.65,171.51,204.23,150.89,182.32,172.39
2022-07-13,179.27,171.71,155.36,141.43,180.76,164.9,172.64,177.92,164.69,202.7,135.97,184.67,182.03,159.45,176.18,182.39,146.46,160.43,138.76,206.95,153.75,173.19,183.66,165.42,178.49,202.52,191.02,146.23,158.04,153.95,183.93,183.75,169.04,176.93,165.97,186.56,201.05,178.86,137.01,133.68,169.26,171.44,203.54,151.19,182.55,172.82
2022-07-14,179.27,171.87,155.2,141.25,180.54,165.75,172.56,177.97,164.81,202.78,135.96,184.3,182.07,159.4,176.54,182.53,146.51,160.41,138.68,206.72,153.69,172.79,183.27,165.55,179.01,202.46,191.02,146.26,157.5,153.72,183.82,183.81,169.13,176.93,166.33,186.88,201.1,178.78,136.89,133.5,168.96,171.39,202.87,151.49,182.78,173.28
2022-07-15,179.34,171.97,155.08,141.12,180.25,166.61,172.54,177.98,164.89,203.09,135.99,183.73,182.29,159.38,176.86,182.64,146.64,160.4,138.76,206.4,153.63,172.54,183.08,165.78,179.11,202.25,190.78,146.3,157.1,153.57,184.05,183.67,169.09,176.8,166.71,187.31,201.34,178.73,136.75,133.41,168.91,171.3,202.29,151.69,183.08,173.88
2022-07-16,179.51,172.13,154.87,141.0,180.24,167.67,172.54,178.01,165.16,203.44,136.05,183.07,182.68,159.35,177.17,182.77,146.71,160.45,139.0,206.24,153.8,172.43,183.27,166.13,179.21,201.55,190.71,146.39,156.76,153.56,184.3,183.66,169.08,176.68,166.85,187.73,201.81,178.88,136.62,133.38,168.91,171.27,201.85,152.73,183.46,174.41
2022-07-17,179.55,172.14,154.77,141.15,180.35,168.26,172.64,178.05,165.19,203.61,136.11,182.53,182.96,159.26,177.36,182.87,146.7,160.43,139.18,205.95,153.88,172.32,183.42,166.31,179.25,200.69,190.61,146.44,156.41,153.54,184.62,183.67,169.11,176.54,167.02,188.16,202.03,178.97,136.44,133.28,168.84,171.04,201.46,153.79,183.7,174.91
2022-07-18,181.44,172.08,154.59,140.94,180.38,168.81,172.74,177.99,165.17,203.74,136.09,181.42,183.41,159.24,177.59,182.88,146.67,160.38,139.25,205.04,153.81,171.55,183.49,166.46,179.0,199.76,190.34,146.32,155.61,153.32,184.87,183.65,169.18,176.36,167.16,188.51,202.18,178.91,136.29,133.18,168.88,170.84,200.78,154.92,183.94,175.38
2022-07-19,183.35,172.05,154.63,140.77,179.51,169.49,172.82,178.05,165.22,203.93,136.1,180.31,183.98,159.17,177.81,182.67,146.63,160.37,139.28,204.31,153.89,170.69,183.33,166.65,178.75,199.12,190.09,146.19,154.88,152.82,185.28,183.75,169.39,176.26,167.4,188.84,202.33,178.8,136.29,133.14,168.94,170.75,199.99,155.96,184.24,175.93
2022-07-20,185.31,171.87,154.63,140.87,179.4,170.12,172.94,177.9,165.19,203.8,135.95,179.98,184.0,159.0,178.08,182.58,146.52,160.32,139.13,203.82,153.95,170.57,183.08,166.6,178.73,198.12,189.78,146.18,154.69,152.46,185.36,183.7,169.43,175.94,167.6,189.09,202.33,178.8,136.17,132.97,169.14,170.15,199.61,156.9,184.32,176.2
2022-07-21,187.25,171.62,154.68,140.91,179.19,170.68,173.04,177.59,165.06,203.62,135.83,179.71,183.99,158.9,178.28,182.31,146.3,160.2,138.93,203.22,153.87,170.18,182.81,166.49,178.44,197.03,189.56,146.11,154.42,152.2,185.13,183.53,169.33,175.49,167.6,189.07,202.27,178.7,136.14,132.86,169.14,169.66,198.87,157.81,184.46,176.47
2022-07-22,189.18,171.52,154.87,140.93,179.31,171.33,173.21,177.52,165.09,203.39,135.93,179.66,183.72,158.71,178.49,182.22,146.11,160.21,138.9,202.5,153.98,170.02,182.77,166.52,178.4,197.02,189.37,146.08,154.16,152.11,185.09,183.71,169.43,175.37,167.72,189.2,202.23,178.65,136.27,132.8,169.1,169.64,198.35,158.83,184.66,176.57
2022-07-23,190.72,171.2,154.91,140.7,178.53,172.08,173.22,177.36,165.01,203.15,135.87,179.29,184.1,158.52,178.55,182.01,145.91,160.05,138.8,201.37,153.82,169.39,182.5,166.32,177.94,196.73,188.46,145.95,153.76,151.57,184.8,183.57,169.42,175.33,167.9,188.99,201.71,178.17,136.39,132.52,168.73,169.69,197.47,159.01,184.88,176.73
2022-07-24,192.63,171.11,155.0,140.37,178.52,172.8,173.18,177.19,165.07,203.02,135.89,179.41,184.41,158.33,178.83,182.03,145.58,160.04,138.66,200.59,153.85,169.09,182.57,166.29,177.89,197.07,187.93,145.91,153.57,151.43,184.71,183.64,169.51,175.26,168.17,188.97,201.48,177.95,136.63,132.38,168.69,169.92,196.88,159.26,185.18,176.81
2022-07-25,192.56,170.99,155.09,140.14,178.93,173.37,173.12,177.06,165.07,202.79,135.95,179.77,184.43,158.11,178.94,182.1,145.38,160.0,138.45,200.38,153.99,169.0,182.55,166.23,177.75,197.4,187.41,145.96,153.66,151.32,184.62,183.68,169.51,175.19,168.44,188.96,201.25,177.82,136.78,132.32,168.49,170.04,196.4,159.38,185.45,176.81
2022-07-26,192.55,170.87,155.0,140.04,179.55,173.92,173.24,176.89,165.05,202.47,135.99,180.43,184.39,158.01,179.05,181.96,145.23,159.97,138.51,200.06,153.93,169.23,182.66,166.14,177.74,197.3,186.75,146.06,153.85,151.3,184.52,183.64,169.51,175.2,168.38,188.79,200.9,177.55,136.88,132.21,168.23,170.21,196.04,159.7,185.7,176.73
2022-07-27,192.59,170.88,154.97,139.69,179.57,174.57,173.3,176.97,165.17,202.44,136.27,180.35,184.71,158.04,179.14,181.77,145.17,160.05,138.84,199.56,153.69,168.82,182.82,166.35,177.56,197.76,186.23,146.04,153.62,151.38,184.67,183.83,169.79,175.37,168.37,188.9,200.88,177.3,137.25,132.33,168.01,170.96,195.39,160.28,186.21,177.08
2022-07-28,192.6,170.88,154.84,139.37,179.72,175.18,173.43,177.11,165.33,202.44,136.54,180.02,184.95,157.72,179.12,181.75,145.3,160.17,139.2,199.2,153.48,168.74,183.16,166.56,177.31,198.2,185.71,146.06,153.37,151.77,184.97,184.03,170.21,175.57,168.48,189.24,200.89,177.13,137.55,132.48,167.94,171.65,195.19,160.77,186.64,177.39
2022-07-29,192.51,170.7,154.49,139.12,179.52,175.34,173.43,176.93,165.34,202.18,136.5,179.27,185.29,157.44,179.0,181.34,145.22,160.09,139.23,198.65,152.98,168.35,182.93,166.46,176.82,197.95,185.17,145.95,153.06,152.13,185.06,184.0,170.53,175.55,168.51,189.37,200.64,176.85,137.63,132.46,167.69,171.72,194.88,161.23,186.69,177.52
2022-07-30,192.95,170.86,154.51,139.45,180.31,175.57,173.72,176.95,165.54,202.3,136.75,179.04,184.99,157.17,179.21,181.47,145.25,160.28,139.45,198.89,152.76,168.41,183.23,166.72,176.9,198.89,185.5,146.05,153.07,153.62,185.55,184.27,170.89,175.52,168.64,189.67,201.07,177.11,137.83,132.8,168.01,171.78,195.1,161.69,186.77,177.57
2022-07-31,192.95,170.77,154.11,139.56,179.98,175.94,173.81,176.89,165.58,202.18,136.76,178.25,184.82,156.79,179.17,181.18,145.41,160.26,139.6,198.61,152.12,167.99,182.94,166.79,176.51,198.85,185.24,145.98,152.76,154.77,185.6,184.21,171.08,175.6,168.71,189.77,201.05,176.89,137.72,132.93,167.83,171.65,194.91,162.05,186.77,177.69
2022-08-01,193.06,170.82,153.77,139.95,179.73,176.62,174.06,176.86,165.69,202.23,136.81,177.7,185.0,156.41,179.25,180.91,145.48,160.28,139.86,198.3,151.49,167.9,182.67,166.94,176.52,198.95,185.12,145.99,152.54,156.22,185.7,184.2,171.28,175.71,168.81,189.92,201.1,176.72,137.69,132.99,167.65,171.54,194.79,162.35,186.86,177.95
2022-08-02,192.94,170.71,153.28,140.26,179.11,176.85,174.15,176.63,165.6,202.11,136.76,176.71,184.91,155.78,179.06,180.66,145.49,160.16,139.82,197.85,150.8,167.33,182.14,166.92,176.23,199.17,184.94,145.86,151.98,157.82,185.67,184.12,171.36,175.6,169.11,190.02,201.04,176.44,137.59,132.95,167.47,171.21,194.44,162.16,186.8,178.11
2022-08-03,192.85,170.63,152.79,140.91,178.79,176.95,174.29,176.46,165.5,202.01,136.68,176.08,184.76,155.23,178.85,180.47,145.58,160.06,139.79,197.41,150.29,166.86,181.78,166.85,175.96,199.35,184.9,145.78,151.59,159.46,185.66,183.99,171.34,175.59,170.26,189.89,200.81,176.07,137.54,132.9,167.23,170.83,194.21,161.82,186.65,178.15
2022-08-04,192.78,170.59,152.39,141.42,178.39,177.22,174.32,176.31,165.42,201.94,136.59,175.57,184.82,154.55,178.59,180.13,145.57,159.93,139.7,196.79,149.81,166.23,181.13,166.89,175.79,199.86,184.78,145.51,151.17,160.71,185.52,183.9,171.24,175.56,171.42,189.92,200.62,175.6,137.61,132.91,167.0,170.49,193.85,161.48,186.63,178.12
2022-08-05,193.01,170.72,152.27,142.13,178.08,177.86,174.56,176.42,165.45,202.32,136.68,175.44,185.18,153.88,178.48,179.95,145.73,160.0,139.94,196.61,149.59,165.62,181.01,167.18,175.69,200.3,184.87,145.62,150.78,162.11,185.47,183.98,171.22,175.72,173.29,189.79,200.78,175.34,137.86,133.02,166.99,170.34,193.54,161.28,186.87,178.42
2022-08-06,193.2,170.84,152.11,141.63,177.74,178.42,174.78,176.54,165.48,202.58,136.69,175.16,185.6,153.46,178.25,179.54,145.96,160.01,140.08,196.04,149.41,165.15,180.41,167.46,175.68,200.63,184.73,145.67,150.18,160.61,185.41,183.97,171.23,175.9,175.46,189.75,200.86,175.04,138.13,132.92,166.88,170.24,193.01,161.01,187.17,178.72
2022-08-07,193.5,170.96,152.05,141.12,177.51,178.86,175.17,176.58,165.49,202.99,136.72,174.82,185.87,153.06,178.0,179.27,146.14,160.03,140.2,195.59,149.4,164.75,179.98,167.72,175.73,201.17,184.68,145.74,149.6,159.01,185.37,183.94,171.18,175.93,177.42,189.58,201.07,174.75,138.43,132.92,166.8,170.11,192.54,160.63,187.38,178.83
2022-08-08,193.83,171.02,152.06,140.52,177.52,179.13,175.38,176.58,165.42,203.36,136.74,174.64,186.05,152.83,177.73,178.98,146.27,160.06,140.35,195.22,149.36,164.48,179.65,167.94,175.71,201.58,184.52,145.83,149.17,157.21,185.29,183.88,171.08,175.97,179.35,189.41,201.22,174.51,138.8,132.96,166.75,170.03,192.24,160.4,187.49,179.0
2022-08-09,194.26,171.23,152.32,140.04,177.86,179.64,175.64,176.71,165.55,203.93,136.74,174.67,186.29,152.86,177.63,178.81,146.44,160.16,140.61,194.98,149.55,164.51,179.57,168.31,175.97,201.21,184.45,145.86,148.93,155.38,185.28,183.9,171.07,176.1,181.16,189.22,201.58,174.44,139.06,133.12,166.76,170.19,192.12,160.5,187.6,179.18
2022-08-10,194.43,171.31,152.46,139.09,177.74,180.01,175.89,176.72,165.56,204.4,136.77,174.39,186.76,152.82,177.4,178.85,146.58,160.16,140.63,194.59,149.61,163.91,179.29,168.64,176.11,200.81,183.8,145.7,148.42,153.22,185.36,183.86,170.94,176.01,182.08,189.07,201.94,174.2,139.29,133.17,166.81,170.13,191.8,160.55,187.69,179.14
2022-08-11,194.59,171.43,152.65,138.4,177.81,180.24,176.31,176.75,165.64,204.88,136.82,174.27,187.01,153.35,177.18,178.94,146.72,160.21,140.73,194.18,149.62,163.48,179.15,168.94,176.27,200.51,183.26,145.76,148.14,151.38,185.58,183.93,170.91,176.07,183.01,188.89,202.23,174.04,139.45,133.14,166.95,170.21,191.43,160.69,187.69,178.95
2022-08-12,194.55,171.41,152.53,137.36,177.81,180.41,176.6,176.69,165.59,205.12,136.73,174.06,187.26,153.77,176.86,179.05,146.82,160.15,140.63,193.53,149.52,163.06,178.85,169.09,176.45,200.16,182.55,145.51,147.76,149.13,185.89,183.9,170.87,176.21,183.12,188.82,202.42,173.66,139.6,133.05,166.96,170.24,190.79,160.67,187.71,178.78
2022-08-13,194.22,171.1,152.25,137.15,177.32,180.39,176.65,176.49,165.28,205.05,136.49,173.52,187.28,153.99,176.32,178.77,146.83,159.92,140.48,192.75,149.28,162.16,178.29,169.01,176.04,199.76,181.73,145.16,147.34,148.9,185.79,183.64,170.68,176.13,182.86,188.44,202.09,172.96,139.65,132.92,166.65,170.09,189.93,160.59,187.51,178.59
2022-08-14,194.22,171.05,152.27,137.24,177.08,180.56,176.89,176.56,165.19,205.25,136.47,173.4,187.39,154.26,176.02,178.88,146.85,159.89,140.36,192.33,149.36,161.59,178.13,169.16,175.97,199.49,181.37,144.92,147.27,148.93,186.12,183.68,170.7,176.21,182.83,188.53,202.3,172.65,139.83,132.88,166.6,170.24,189.37,160.65,187.55,178.59
2022-08-15,194.2,171.02,152.23,137.27,176.95,180.66,177.19,176.61,165.11,205.46,136.45,173.18,187.48,154.46,175.67,179.04,146.88,159.84,140.27,191.91,149.49,161.02,178.07,169.31,175.91,199.18,181.25,144.67,147.17,148.95,186.45,183.71,170.73,176.24,182.8,188.72,202.49,172.34,139.88,132.8,166.57,170.32,188.77,160.67,187.6,178.48
2022-08-16,194.15,170.95,152.01,137.17,176.61,180.64,177.31,176.63,164.87,205.6,136.44,172.95,187.64,154.68,175.12,179.12,146.96,159.77,140.16,191.37,149.46,160.26,177.91,169.39,175.57,199.6,181.28,144.52,146.95,148.84,186.74,183.71,170.72,176.0,182.86,188.61,202.58,171.84,139.99,132.7,166.52,170.27,188.16,160.54,187.73,178.46
2022-08-17,194.17,170.98,151.91,137.16,176.39,180.67,177.53,176.57,164.68,205.75,136.32,172.68,187.6,154.85,174.65,178.99,146.97,159.72,140.05,191.0,149.45,159.96,177.83,169.42,175.31,200.04,181.64,144.46,146.76,148.76,186.62,183.77,170.67,176.03,182.92,188.52,202.55,171.45,140.17,132.66,166.32,170.38,187.53,160.37,187.81,178.47
2022-08-18,194.23,170.87,151.75,136.94,176.12,180.75,177.56,176.56,164.43,205.65,136.13,172.28,187.24,154.53,174.25,178.78,147.05,159.62,139.94,190.79,149.56,159.58,177.61,169.33,175.13,200.09,181.81,144.37,146.48,148.35,186.19,183.68,170.59,176.12,182.99,188.23,202.56,171.06,140.34,132.6,166.07,170.42,186.84,160.29,187.9,178.65
2022-08-19,194.21,170.8,151.8,136.85,175.74,180.75,177.71,176.59,164.25,205.45,136.05,171.87,186.92,154.48,173.7,178.77,147.04,159.53,139.83,190.64,149.7,159.2,177.43,169.25,174.93,200.08,181.9,144.3,146.34,148.06,185.66,183.6,170.47,176.0,183.14,187.99,202.55,170.79,140.4,132.52,165.79,170.38,186.37,160.14,188.05,178.75
2022-08-20,194.42,170.89,151.98,137.01,175.79,180.83,178.02,176.58,164.19,205.28,136.1,171.75,186.57,154.46,173.31,179.18,147.06,159.55,139.54,190.67,149.99,159.15,177.7,169.26,175.16,200.27,182.11,144.31,146.42,147.93,185.5,183.7,170.41,176.12,183.4,188.19,203.01,170.85,140.36,132.62,165.51,170.37,186.16,159.95,188.24,178.78
2022-08-21,194.27,170.82,152.04,136.82,175.55,180.77,178.16,176.38,164.01,205.12,136.02,171.33,186.14,154.41,172.83,179.19,146.97,159.44,139.43,190.31,149.98,158.86,177.56,169.14,175.11,200.28,182.01,144.26,146.2,147.7,184.92,183.61,170.3,176.1,183.56,188.02,202.8,170.73,140.33,132.6,165.19,170.17,185.74,159.73,188.35,178.79
2022-08-22,194.17,170.79,152.09,136.71,175.18,180.81,178.33,176.37,163.86,204.94,135.94,170.95,185.7,154.37,172.43,179.12,147.05,159.37,139.23,189.99,150.02,158.59,177.34,169.09,175.14,200.33,181.76,144.23,146.02,147.51,184.4,183.54,170.19,176.08,183.71,187.78,202.79,170.65,140.34,132.63,164.83,170.08,185.28,159.52,188.47,178.8
2022-08-23,194.19,170.73,152.14,136.33,174.55,180.78,178.63,176.33,163.76,204.69,135.88,170.31,185.08,154.2,172.07,179.17,147.06,159.27,138.68,189.42,149.91,158.0,177.1,169.03,175.12,200.45,181.39,144.11,145.63,147.23,183.91,183.44,170.13,176.31,183.9,187.93,202.73,170.4,140.5,132.57,164.49,169.91,184.49,159.44,188.53,178.72
2022-08-24,194.52,170.66,152.45,136.38,174.36,180.89,179.04,176.43,163.69,204.57,135.99,170.1,185.07,154.07,171.77,179.22,147.13,159.3,138.54,189.05,150.1,158.01,177.04,169.1,175.28,200.53,181.5,144.16,145.53,147.22,183.67,183.31,170.21,176.33,184.05,188.06,202.8,170.6,140.57,132.59,164.29,169.77,184.3,159.57,188.54,178.58
2022-08-25,194.91,170.64,152.87,136.48,174.02,180.96,179.54,176.42,163.55,204.58,136.15,169.97,185.18,154.44,171.49,179.49,147.11,159.35,138.4,188.67,150.28,158.12,177.39,169.21,175.36,200.58,182.01,144.27,145.51,147.06,183.55,183.16,170.23,176.28,184.1,188.08,202.82,170.87,140.7,132.63,163.86,169.54,184.36,159.68,188.47,178.52
2022-08-26,195.41,170.59,153.26,136.56,173.75,180.86,179.95,176.29,163.41,204.61,136.2,169.85,185.44,154.98,171.28,179.46,147.08,159.39,138.15,188.37,150.27,158.12,177.51,169.3,175.5,201.02,182.72,144.34,145.36,146.84,183.39,183.09,170.32,176.17,184.1,188.25,202.86,171.04,140.85,132.69,163.62,169.21,184.18,159.82,188.3,177.94
2022-08-27,196.0,170.59,153.61,136.61,173.61,180.75,180.54,176.24,163.3,204.82,136.29,169.75,185.89,155.54,170.98,179.58,147.0,159.46,138.12,188.1,150.21,158.15,177.81,169.5,175.52,201.62,183.49,144.51,145.06,146.56,183.17,183.02,170.38,175.87,183.96,188.36,202.97,171.22,141.09,132.7,163.68,169.04,184.04,160.08,188.14,177.33
2022-08-28,196.46,170.43,153.84,136.44,173.46,180.6,181.01,176.04,163.05,204.8,136.31,169.53,186.27,156.1,170.54,179.59,146.81,159.44,137.8,187.68,150.08,158.07,177.98,169.56,175.4,202.0,184.05,144.63,144.73,146.0,182.87,182.88,170.34,175.4,183.76,188.42,202.95,171.27,141.25,132.66,163.51,168.73,183.79,160.31,187.97,176.67
2022-08-29,196.81,170.18,154.02,136.29,173.15,180.41,181.26,175.77,162.71,204.7,136.28,169.21,186.63,156.54,170.01,179.53,146.58,159.33,137.53,187.23,149.8,157.82,177.96,169.56,175.11,202.27,184.59,144.64,144.26,145.33,182.46,182.64,170.26,175.18,183.48,188.27,202.82,171.19,141.34,132.5,163.23,168.31,183.35,160.5,187.77,175.88
2022-08-30,196.94,170.02,154.25,136.42,173.03,180.26,181.76,175.68,162.59,204.73,136.38,169.11,187.26,156.99,169.66,179.39,146.47,159.32,137.71,186.86,149.71,157.73,177.93,169.64,174.95,202.55,184.98,144.73,143.94,144.94,183.13,182.58,170.24,175.16,183.32,188.26,202.87,171.36,141.52,132.43,163.16,168.02,183.16,160.74,187.49,175.28
2022-08-31,196.96,169.85,154.29,136.45,172.9,179.94,181.98,175.54,162.43,204.47,136.25,168.81,187.37,157.48,169.22,179.33,146.6,159.25,137.64,186.48,149.32,157.42,177.83,169.63,174.64,202.53,185.22,144.79,143.67,144.51,183.82,182.57,170.26,175.25,183.14,188.43,202.78,171.26,141.73,131.82,163.01,167.66,182.64,160.72,187.45,174.79
2022-09-01,196.79,169.61,154.14,136.29,172.78,179.56,182.09,175.1,162.22,204.14,136.03,168.42,187.66,157.23,168.6,178.84,146.61,159.08,137.41,185.93,148.92,157.02,177.41,169.57,174.21,202.72,185.26,144.85,143.25,144.42,184.51,182.6,170.22,175.17,182.99,188.63,202.55,170.97,141.79,131.16,163.14,167.27,181.92,160.5,187.38,174.09
2022-09-02,196.44,169.29,153.93,136.04,172.64,178.87,182.3,174.56,161.91,203.71,135.78,167.9,187.32,156.93,167.83,178.47,146.49,158.82,137.16,185.5,148.55,156.7,177.29,169.46,173.49,202.41,185.29,144.77,142.77,144.16,185.13,182.46,170.03,175.15,182.68,188.36,202.12,170.75,141.73,130.46,162.94,166.92,181.31,160.12,187.19,173.61
2022-09-03,196.12,169.03,153.82,135.92,172.29,178.24,182.46,173.99,161.7,203.36,135.51,167.52,186.95,156.9,167.21,178.1,146.41,158.59,136.86,185.08,148.27,156.55,177.16,169.36,172.9,202.2,185.42,144.67,142.37,144.09,185.71,182.3,169.91,175.37,182.46,187.91,201.57,170.53,141.67,129.82,162.75,166.51,180.75,159.82,187.06,173.12
2022-09-04,195.88,168.92,153.75,136.12,172.1,177.64,182.65,173.66,161.6,203.04,135.29,167.25,186.54,156.84,166.64,177.93,146.59,158.46,136.71,184.75,148.06,156.46,177.2,169.33,172.26,202.18,185.78,144.61,142.03,144.22,186.42,182.29,169.9,175.79,182.24,187.48,201.38,170.24,141.69,129.25,162.65,166.19,180.21,159.54,186.96,172.64
2022-09-05,195.49,168.85,153.75,136.04,171.77,177.04,183.02,173.27,161.61,202.8,135.09,166.85,186.12,156.92,166.17,177.88,146.64,158.34,136.47,184.17,147.83,156.28,177.36,169.32,171.68,202.27,186.1,144.54,141.62,144.27,187.15,182.38,169.95,176.02,182.15,187.24,201.14,169.91,141.77,128.71,162.66,165.9,179.68,159.29,186.89,172.29
2022-09-06,195.14,168.55,153.66,135.82,171.6,176.13,183.07,172.65,161.3,202.3,134.79,166.32,185.39,156.9,165.5,177.81,146.47,158.09,136.1,183.84,147.5,156.27,177.56,169.13,170.94,202.17,186.5,144.47,141.4,144.1,186.83,182.27,169.9,175.98,181.92,186.81,200.62,169.56,141.61,128.09,162.45,165.51,179.24,158.84,186.83,171.73
2022-09-07,194.72,168.18,153.36,135.63,171.27,175.2,183.11,171.98,160.98,201.72,134.59,165.56,184.59,156.95,164.88,177.66,146.12,157.81,135.64,183.26,147.18,155.94,177.54,168.87,170.15,201.94,186.84,144.39,140.95,143.71,186.15,182.07,169.68,175.92,181.68,186.14,200.13,169.09,141.4,127.92,162.18,165.08,178.6,158.47,186.59,171.05
2022-09-08,194.47,167.95,153.28,135.58,170.77,174.55,183.23,171.71,160.81,201.27,134.54,164.88,183.98,157.9,164.44,177.78,145.94,157.65,135.35,182.87,146.83,155.62,177.45,168.76,169.34,201.46,187.06,144.32,140.64,143.37,185.65,181.96,169.56,176.04,181.48,185.64,199.88,168.72,141.34,127.88,161.84,164.64,178.02,158.32,186.41,170.54
2022-09-09,194.34,167.85,153.37,135.55,170.33,174.31,183.42,171.51,160.75,201.01,134.59,164.39,183.13,158.55,164.34,178.12,145.91,157.59,135.13,182.15,146.61,155.29,177.43,168.69,168.73,201.16,187.16,144.32,140.53,143.08,185.29,182.02,169.53,176.08,181.28,185.4,199.74,168.4,141.45,127.83,161.62,164.39,177.54,158.34,186.2,170.27
2022-09-10,194.2,167.77,153.49,135.4,170.02,174.04,183.61,171.45,160.69,200.71,134.66,163.94,181.58,159.04,164.19,178.41,145.81,157.53,135.04,181.47,146.41,155.01,177.73,168.67,168.26,200.86,187.01,144.32,140.42,142.76,185.13,182.14,169.48,176.23,181.03,185.4,199.8,168.07,141.58,127.78,161.36,164.11,177.01,158.32,186.01,170.11
2022-09-11,193.94,167.57,153.42,135.13,169.42,173.59,183.65,171.28,160.56,200.23,134.65,163.45,180.06,159.53,163.99,178.48,145.64,157.36,134.8,180.68,146.06,154.6,177.82,168.53,167.84,200.38,186.69,144.22,140.15,142.26,184.86,182.1,169.33,176.32,180.87,185.27,199.59,167.65,141.59,127.57,160.91,163.74,176.41,158.2,185.71,169.9
2022-09-12,193.89,167.44,153.35,135.05,169.16,173.16,183.74,171.1,160.43,199.82,134.67,163.21,178.7,160.1,163.83,178.59,145.47,157.26,134.71,180.18,145.85,154.4,178.01,168.44,167.51,199.78,186.45,144.22,140.02,141.95,184.68,182.07,169.19,176.42,180.67,185.17,199.42,167.42,141.62,127.4,160.56,163.35,175.96,158.16,185.47,169.69
2022-09-13,193.99,167.54,153.55,135.39,169.04,173.07,184.07,171.08,160.51,199.75,134.81,163.19,177.53,161.05,163.82,178.93,145.48,157.3,134.65,179.81,145.75,154.33,178.45,168.5,167.37,199.5,186.42,144.32,139.94,141.7,184.51,182.16,169.07,176.57,180.56,185.16,199.48,167.33,141.89,127.37,160.3,163.08,175.61,158.25,185.26,169.72
2022-09-14,193.94,167.67,153.95,135.43,168.74,172.95,184.57,171.1,160.6,199.66,134.99,163.33,176.39,161.28,163.81,179.54,145.39,157.31,134.66,179.36,145.59,154.25,179.04,168.4,167.11,199.59,185.98,144.34,139.75,141.54,184.71,182.29,169.09,176.66,180.51,185.23,199.58,167.22,142.06,127.33,159.93,162.92,175.39,158.39,185.11,169.85
2022-09-15,193.79,167.77,154.24,135.51,168.67,172.59,185.23,171.06,160.67,199.56,135.14,163.52,175.1,161.33,163.88,180.29,145.29,157.29,134.7,178.77,145.64,154.2,179.74,168.21,167.16,199.72,185.63,144.33,139.59,141.26,184.73,182.34,169.16,176.61,180.5,185.14,199.64,167.2,142.11,127.18,159.5,162.91,175.21,158.44,185.07,169.82
2022-09-16,193.88,167.87,154.61,135.69,168.69,172.04,185.59,171.1,160.69,199.47,135.27,163.67,174.37,161.48,163.78,180.93,145.2,157.27,134.68,178.56,145.67,154.23,180.17,168.07,167.43,199.55,185.37,144.19,139.35,141.08,184.7,182.37,169.3,176.67,180.64,185.18,199.8,167.33,142.26,127.07,159.28,162.76,175.0,158.44,185.11,169.32
2022-09-17,193.85,167.9,154.8,135.88,168.37,171.43,185.86,171.03,160.73,199.18,135.33,163.23,174.3,161.48,163.74,181.06,145.12,157.16,134.46,178.41,145.49,153.94,180.05,167.83,167.39,199.53,185.2,143.88,139.19,140.82,184.73,182.41,169.39,176.32,180.78,185.22,199.89,167.25,142.33,126.78,159.18,162.55,174.57,158.56,185.13,168.79
2022-09-18,193.96,167.99,155.05,136.18,168.58,170.85,186.29,170.97,160.77,199.08,135.47,163.24,174.2,161.53,163.76,181.58,145.09,157.15,134.39,178.38,145.44,153.87,180.2,167.67,167.43,199.67,185.14,143.68,139.07,140.77,184.82,182.48,169.52,176.26,180.89,185.35,200.14,167.42,142.49,126.64,159.42,162.47,174.32,158.62,185.18,168.3
2022-09-19,193.87,167.91,155.18,136.3,168.41,170.27,186.62,170.85,160.8,198.89,135.55,162.9,173.11,161.42,163.74,181.99,144.95,157.02,134.19,178.13,145.23,153.66,180.15,167.41,167.38,199.79,184.87,143.35,138.74,140.57,184.2,182.47,169.62,176.1,180.97,185.44,200.27,167.47,142.56,126.43,159.51,162.46,173.88,158.64,185.2,167.89
2022-09-20,193.71,167.73,155.13,136.0,168.05,169.71,186.8,170.64,160.72,198.55,135.54,162.39,171.92,161.2,163.69,182.11,144.74,156.79,134.01,177.75,145.04,153.38,179.92,167.06,167.14,199.62,184.44,142.9,138.36,140.37,183.59,182.5,169.71,175.91,181.05,185.34,200.19,167.36,142.46,126.02,159.39,162.46,173.29,158.62,185.21,167.36
2022-09-21,193.74,167.73,155.18,136.06,167.71,169.44,187.16,170.53,160.72,198.57,135.52,162.2,171.13,161.6,163.69,182.2,144.56,156.64,133.29,177.66,145.1,153.26,179.91,167.05,167.11,199.15,184.59,142.52,138.28,140.42,183.0,182.59,169.83,175.9,181.18,185.22,200.31,167.46,142.16,125.77,159.59,162.62,172.9,158.52,185.32,163.29
2022-09-22,193.91,167.68,155.19,136.09,167.34,169.35,187.44,170.45,160.66,198.61,135.36,162.06,170.96,161.83,163.73,182.14,144.47,156.53,133.07,177.66,144.93,153.12,179.76,167.06,167.01,198.91,184.73,142.12,137.95,140.28,183.01,182.74,170.0,175.99,181.15,184.86,200.36,167.41,142.19,125.63,159.72,162.75,172.59,158.3,185.29,159.31
2022-09-23,193.87,167.67,155.09,136.07,166.95,169.54,188.1,170.39,160.67,198.64,135.24,161.75,170.29,161.96,163.82,182.18,144.38,156.49,132.94,177.47,144.73,153.01,179.83,167.11,166.88,199.25,184.7,141.98,137.59,140.49,183.08,182.83,170.0,176.16,181.16,184.61,200.41,167.19,142.27,125.56,160.06,162.94,172.23,158.15,185.33,159.38
2022-09-24,194.01,167.75,155.15,135.98,166.9,169.83,188.75,170.36,160.62,198.84,135.16,161.63,169.66,162.25,163.9,182.57,144.36,156.54,132.9,177.16,144.52,153.0,179.79,167.18,166.88,199.18,184.93,141.99,137.24,140.36,183.07,182.89,170.24,176.57,181.36,184.3,200.42,167.2,142.49,125.65,160.16,163.3,172.04,158.02,185.43,159.5
2022-09-25,194.05,167.85,155.28,135.85,166.48,170.29,189.39,170.44,160.6,199.0,135.11,161.1,169.18,162.54,164.02,182.75,144.32,156.59,132.81,176.92,144.34,152.9,179.68,167.27,166.85,199.22,185.03,141.99,136.89,140.58,183.18,183.11,170.51,176.82,181.54,184.04,200.47,167.13,142.67,125.72,160.04,163.59,171.72,157.96,185.57,159.66
2022-09-26,194.39,168.03,155.47,135.99,166.4,170.81,190.12,170.56,160.59,199.14,135.05,160.87,169.64,162.82,164.13,182.98,144.37,156.7,132.8,176.9,144.28,152.88,179.77,167.45,166.92,199.26,185.37,142.09,136.77,140.88,183.89,183.25,170.62,177.13,181.66,183.73,200.66,167.09,143.02,125.87,159.89,163.82,171.62,157.97,185.68,159.71
2022-09-27,194.86,168.28,155.8,136.32,166.36,171.33,190.89,170.73,160.67,199.36,135.07,160.82,170.27,163.05,164.27,183.47,144.46,156.9,132.83,176.78,144.3,152.95,179.86,167.64,167.26,199.56,185.72,142.32,136.75,141.46,184.59,183.33,170.69,177.57,181.86,183.52,201.02,167.23,143.4,126.1,159.8,164.09,171.73,158.08,185.85,160.2
2022-09-28,195.06,168.31,155.77,136.45,166.05,171.57,191.4,170.78,160.68,199.33,134.95,160.36,170.41,163.2,164.3,183.71,144.51,156.99,133.35,176.39,144.13,152.74,179.69,167.68,167.4,199.86,185.77,142.43,136.37,141.64,185.16,183.07,170.58,177.86,181.9,183.22,201.11,167.22,144.0,126.24,159.57,164.16,171.44,158.25,185.91,164.23
2022-09-29,195.08,168.23,155.73,136.64,165.67,171.49,191.85,170.65,160.64,198.99,134.95,159.97,169.47,163.03,164.18,183.84,144.41,156.94,133.17,175.83,144.01,152.53,179.42,167.54,167.32,199.83,185.48,142.47,136.17,141.93,185.19,182.81,170.12,178.01,182.01,183.03,200.93,167.26,144.42,126.29,159.47,164.17,171.05,158.48,185.73,168.17
2022-09-30,195.01,168.02,155.5,136.68,165.12,171.29,192.09,170.42,160.48,198.52,134.82,159.6,169.02,162.87,163.87,183.73,144.25,156.75,132.88,175.21,143.87,152.14,178.89,167.26,167.2,199.33,185.37,142.32,135.9,141.8,185.04,182.57,169.73,178.01,181.91,182.67,200.56,167.18,144.44,126.09,158.81,163.99,170.59,158.63,185.48,168.58
2022-10-01,194.79,167.82,155.27,136.57,164.64,171.14,192.28,170.31,160.3,198.15,134.71,159.46,168.8,161.94,163.6,183.71,144.12,156.54,132.51,174.78,143.81,151.75,178.53,167.01,167.14,199.57,184.92,142.13,135.62,141.96,184.91,182.63,169.29,178.12,181.6,182.37,200.32,167.06,144.21,125.91,158.47,163.85,170.23,158.65,185.28,169.03
2022-10-02,194.57,167.6,154.99,136.69,164.02,171.03,192.38,170.16,160.1,197.87,134.6,159.3,168.58,160.85,163.31,183.68,144.08,156.32,132.17,174.19,143.61,151.4,178.06,166.78,167.03,199.04,184.12,141.97,135.41,141.64,184.68,182.57,168.77,178.12,181.46,181.95,200.02,166.86,144.18,125.69,158.18,163.61,169.77,158.63,185.26,169.41
2022-10-03,194.26,167.37,154.78,136.76,163.4,170.92,192.51,170.04,159.92,197.65,134.55,159.09,168.26,159.83,163.01,183.57,144.04,156.11,131.78,173.5,143.45,151.0,177.5,166.54,166.93,198.6,183.7,141.82,135.17,141.34,184.49,182.5,168.37,178.12,181.35,181.43,199.68,166.71,144.03,125.56,157.87,163.37,169.28,158.51,185.23,169.73
2022-10-04,193.37,167.02,154.47,136.64,162.62,170.75,192.51,169.93,159.69,197.4,134.39,158.66,167.69,158.76,162.7,183.21,143.82,155.77,131.31,172.99,143.09,150.34,176.84,166.29,166.6,197.98,183.01,141.48,134.68,140.69,184.09,182.2,167.85,178.02,181.03,181.13,199.28,166.38,143.81,125.41,157.54,163.13,168.42,158.38,185.19,169.67
2022-10-05,192.94,166.82,154.28,136.47,162.2,170.73,192.56,169.89,159.55,197.38,134.35,158.36,167.31,157.81,162.55,183.04,143.68,155.59,131.01,172.7,142.87,149.95,176.19,166.15,166.41,197.72,182.43,141.25,134.45,140.35,183.95,182.12,167.67,178.03,180.93,181.02,199.01,166.04,143.81,125.35,157.23,163.03,167.82,158.28,185.31,169.72
2022-10-06,192.55,166.74,154.15,136.07,161.78,170.97,192.6,170.02,159.48,197.57,134.21,157.76,167.42,157.39,162.46,182.91,143.65,155.47,130.9,172.5,142.55,149.43,175.76,166.16,166.39,197.64,182.17,141.07,134.1,139.99,183.88,182.08,167.7,177.69,180.54,180.92,198.91,165.64,143.67,125.28,156.87,162.93,167.12,158.23,185.75,169.77
2022-10-07,192.25,166.73,154.08,135.76,161.53,171.3,192.62,170.1,159.56,197.82,134.22,157.16,167.56,156.99,162.57,182.7,143.5,155.41,130.92,172.37,142.07,148.86,175.34,166.15,166.27,197.47,181.8,140.97,133.82,139.69,184.02,182.16,167.84,178.14,180.64,180.87,198.78,165.32,143.73,125.33,156.74,162.86,166.34,158.33,186.18,169.72
2022-10-08,192.12,166.77,154.11,135.78,161.37,171.64,192.83,170.16,159.75,198.0,134.25,156.65,167.69,157.38,162.77,182.6,143.49,155.43,131.1,172.18,141.64,148.44,175.08,166.22,166.2,197.09,181.7,140.88,133.59,139.78,184.21,182.05,167.93,178.52,180.88,180.85,198.75,165.1,144.08,125.42,156.56,162.95,165.59,158.51,186.62,169.6
2022-10-09,192.0,166.75,154.2,135.31,161.1,172.0,193.12,170.26,159.95,198.15,134.28,156.05,167.81,157.95,162.96,182.38,143.46,155.44,131.26,172.07,141.21,147.9,174.78,166.23,166.13,197.27,181.92,140.76,133.28,139.88,184.25,181.85,167.94,178.97,180.92,180.79,198.65,164.93,144.25,125.62,156.25,163.1,164.87,158.77,186.85,169.45
2022-10-10,192.24,166.91,154.32,134.81,160.95,172.33,193.38,170.34,160.19,198.3,134.26,155.57,167.96,158.52,163.19,182.23,143.42,155.48,131.44,172.11,140.81,147.44,174.6,166.26,165.99,197.45,181.89,140.67,133.03,140.02,184.38,181.83,168.1,179.49,180.94,180.86,198.54,164.79,144.4,125.72,156.07,163.33,164.25,159.13,187.17,169.28
2022-10-11,192.88,167.15,154.43,134.54,160.95,172.7,193.75,170.41,160.46,198.46,134.34,155.28,167.93,159.25,163.48,182.21,143.54,155.61,131.7,172.16,140.51,147.23,174.55,166.29,165.91,197.74,182.02,140.72,132.91,140.35,183.62,182.07,168.45,179.9,181.16,180.93,198.5,164.75,144.55,125.9,156.22,163.49,163.9,159.51,187.64,169.11
2022-10-12,193.14,167.3,154.69,134.14,160.78,173.05,194.13,170.46,160.67,198.62,134.44,154.81,167.8,159.84,163.75,182.06,143.74,155.64,131.78,172.02,140.07,146.79,174.44,166.34,165.81,197.65,181.9,140.7,132.52,140.57,182.62,182.26,168.53,180.32,181.12,180.98,198.38,164.73,144.53,125.76,156.39,163.83,163.36,159.91,187.95,169.03
2022-10-13,193.44,167.48,154.86,133.96,160.62,173.31,194.6,170.5,160.95,198.75,134.74,154.6,167.75,160.67,164.06,182.05,143.94,155.79,131.81,171.96,139.85,146.54,174.47,166.39,165.69,197.74,181.83,140.75,132.32,140.9,181.65,182.55,168.87,181.23,181.56,181.43,198.39,164.79,144.86,125.77,156.64,164.3,162.94,160.26,188.41,169.14
2022-10-14,193.65,167.62,154.95,133.83,160.77,173.52,195.14,170.59,161.1,198.83,135.0,154.46,167.64,161.74,164.31,182.27,144.34,155.93,131.82,171.87,139.92,146.43,174.59,166.46,165.52,197.88,181.98,140.87,132.18,141.22,180.6,182.67,169.03,181.33,181.59,181.81,198.49,164.89,145.07,125.58,156.89,164.59,162.66,160.48,188.92,169.31
2022-10-15,193.56,167.5,154.8,133.39,160.59,173.71,195.51,170.61,161.1,198.75,135.16,154.1,167.3,162.6,164.41,182.1,144.4,155.86,131.75,171.59,139.86,146.1,174.29,166.39,165.19,197.34,181.73,140.75,131.87,141.27,179.3,182.52,168.95,181.53,181.4,181.96,198.1,164.84,145.12,125.24,156.79,164.66,162.15,160.56,189.39,169.54
2022-10-16,193.71,167.6,154.87,133.42,160.84,173.81,196.04,170.68,161.21,198.75,135.41,153.98,166.96,163.47,164.61,182.25,144.48,155.93,131.79,171.47,140.05,146.09,174.35,166.47,165.04,197.02,181.96,140.75,131.73,141.46,178.3,182.6,169.09,181.71,181.36,182.4,198.04,164.96,145.32,124.9,157.01,164.91,161.89,160.68,189.89,169.72
2022-10-17,193.49,167.55,154.76,133.44,160.72,173.85,196.57,170.69,161.33,198.64,135.64,153.74,166.65,164.22,164.83,182.34,144.59,155.95,131.77,171.23,140.06,145.92,174.28,166.49,164.91,196.68,181.91,140.67,131.53,141.57,177.24,182.64,169.16,181.84,181.4,182.9,197.91,164.99,145.65,124.59,157.25,165.09,161.46,160.75,190.38,170.08
2022-10-18,193.38,167.52,154.78,133.46,160.94,173.94,197.03,170.78,161.43,198.54,135.88,153.55,166.73,164.68,165.1,182.42,144.83,156.0,131.71,171.0,140.11,145.77,174.3,166.59,164.87,196.21,181.92,140.76,131.31,141.48,177.22,182.59,169.12,182.22,181.32,183.28,197.72,165.08,146.02,124.17,157.31,165.35,161.04,160.85,190.71,170.32
2022-10-19,193.08,167.4,154.56,133.52,161.05,173.91,197.38,170.71,161.4,198.19,135.92,153.22,166.84,164.94,165.19,182.36,144.92,155.95,131.52,170.65,140.06,145.42,174.21,166.46,164.8,195.74,181.93,140.79,131.19,141.37,177.07,182.38,168.95,182.37,181.26,183.44,197.44,165.01,146.26,123.85,157.25,164.91,160.55,160.84,191.14,170.01
2022-10-20,192.75,167.26,154.42,133.62,161.22,173.8,197.58,170.68,161.38,197.81,135.91,152.82,166.77,164.83,165.23,182.2,144.96,155.82,131.36,170.34,139.9,144.98,174.0,166.4,164.53,195.32,181.99,140.72,131.04,141.13,177.15,182.17,168.68,182.59,181.12,183.34,196.95,164.97,146.31,123.42,157.18,164.74,160.0,160.79,190.86,170.25
2022-10-21,192.52,167.14,154.42,133.72,161.08,173.87,197.76,170.74,161.4,197.43,135.9,152.63,166.89,164.57,165.36,181.91,145.06,155.73,131.12,170.02,139.69,144.56,173.73,166.36,164.34,194.89,181.8,140.63,130.87,141.02,177.23,181.96,168.51,182.87,181.1,183.31,196.49,164.85,146.49,123.24,157.06,164.85,159.49,160.7,190.65,170.45
2022-10-22,191.95,166.78,154.15,133.64,160.3,173.95,197.43,170.53,161.29,196.9,135.64,151.89,167.41,164.08,165.27,181.24,145.23,155.44,130.58,169.15,139.11,143.64,172.88,166.03,163.86,194.28,180.83,140.51,130.35,140.5,176.9,181.58,168.14,182.96,181.07,183.04,195.6,164.3,146.37,122.76,156.54,164.77,158.65,160.59,190.31,170.76
2022-10-23,191.75,166.7,154.15,133.79,159.83,174.11,197.58,170.4,161.37,196.63,135.53,151.42,167.9,163.54,165.45,181.1,145.43,155.34,130.13,168.78,138.78,142.99,172.48,165.98,163.75,194.14,179.73,140.48,130.11,140.38,176.93,181.55,168.01,183.13,180.99,183.03,195.16,164.05,146.23,122.52,156.5,164.87,158.08,160.59,190.07,171.23
2022-10-24,191.61,166.66,154.23,134.0,159.84,174.29,197.68,170.49,161.43,196.41,135.51,151.1,168.38,163.07,165.59,181.03,145.56,155.28,129.19,168.52,138.6,142.56,172.27,165.99,163.65,193.89,179.08,140.56,129.94,140.36,176.94,181.54,167.91,183.28,181.14,183.05,194.81,163.86,146.14,122.33,156.47,164.98,157.66,160.6,189.88,171.73
2022-10-25,191.43,166.58,154.27,134.19,159.54,174.31,197.95,170.44,161.47,196.14,135.48,150.83,168.78,162.63,165.64,180.9,145.62,155.17,128.97,168.21,138.35,142.09,171.89,165.91,163.66,193.65,178.66,140.47,129.79,140.43,176.94,181.63,167.74,181.69,181.33,183.0,194.44,163.64,146.08,122.18,156.36,165.06,157.25,160.55,189.75,172.32
2022-10-26,191.49,166.61,154.42,134.41,159.25,174.44,198.2,170.5,161.61,196.14,135.48,150.71,169.07,162.64,165.83,180.96,145.71,155.17,128.99,168.0,138.13,141.79,171.64,165.96,163.46,193.58,178.68,140.43,129.74,140.32,177.17,181.94,167.79,180.21,181.62,183.02,194.12,163.58,146.03,122.18,156.44,165.42,156.95,160.49,189.52,173.38
2022-10-27,191.6,166.69,154.57,134.48,158.91,174.75,198.59,170.37,161.7,196.21,135.49,150.53,169.49,162.59,166.09,180.93,145.77,155.18,128.91,167.75,137.91,141.43,171.48,165.95,163.53,193.34,178.21,140.4,129.6,140.15,176.95,182.06,167.72,180.25,181.77,183.24,193.98,163.55,146.09,122.25,156.36,165.27,156.85,160.59,189.83,173.77
2022-10-28,191.56,166.77,154.67,134.48,158.08,175.04,198.93,170.25,161.78,196.27,135.39,150.09,169.78,162.25,166.26,180.79,145.76,155.13,128.98,167.54,137.64,141.1,171.29,165.97,163.51,193.05,177.81,140.33,129.36,139.92,176.74,182.27,167.58,180.27,181.64,183.48,193.75,163.51,146.08,122.24,156.33,165.43,156.61,160.68,190.02,174.36
2022-10-29,192.05,167.25,155.11,134.81,158.08,175.25,199.78,170.36,162.11,196.53,135.61,150.43,169.79,162.31,166.74,181.39,145.82,155.44,129.68,167.93,137.86,141.55,171.99,166.31,163.95,193.25,178.49,140.5,129.5,140.07,177.03,182.81,167.88,180.42,181.73,184.08,194.23,163.94,146.67,122.56,156.99,165.62,156.92,160.87,190.36,174.74
2022-10-30,192.02,167.25,155.1,134.48,157.47,175.35,200.07,170.3,162.14,196.56,135.58,150.38,169.77,162.42,166.84,181.2,145.81,155.47,130.19,167.7,137.68,141.5,171.97,166.3,163.97,192.99,178.96,140.5,129.26,139.69,176.75,182.85,167.81,180.48,181.8,184.24,194.04,163.9,147.17,122.66,156.94,165.77,156.76,160.92,190.51,175.09
2022-10-31,191.98,167.19,155.12,134.09,156.56,175.51,200.35,170.0,162.12,196.57,135.45,150.21,169.29,162.54,166.88,181.09,145.74,155.45,131.25,167.49,137.45,141.39,171.93,166.2,163.98,192.83,178.87,140.43,128.95,139.18,176.47,182.9,167.72,180.52,181.6,184.42,193.83,163.87,147.5,122.7,156.83,165.98,156.64,160.95,190.58,175.35
2022-11-01,191.76,167.6,154.93,133.46,155.47,175.69,200.36,169.6,162.04,196.39,135.25,149.65,169.13,162.09,166.85,180.84,145.45,155.32,131.47,167.09,137.15,141.08,171.82,166.03,163.54,192.53,178.26,140.25,128.5,138.39,176.08,182.79,167.79,182.23,181.04,184.66,193.53,163.65,147.55,122.68,156.62,165.89,156.25,160.89,190.54,175.51
2022-11-02,191.39,167.89,154.65,132.71,154.14,175.86,200.4,169.21,161.93,196.06,135.02,149.08,168.71,161.7,166.74,180.56,145.11,155.12,131.57,166.61,136.83,140.67,171.5,165.85,163.34,192.19,177.06,140.08,127.88,137.52,175.57,182.54,167.78,183.87,180.23,184.84,193.18,163.28,147.54,122.59,156.2,165.93,155.58,160.77,190.39,175.33
2022-11-03,191.11,168.11,154.29,132.02,153.31,175.86,200.19,169.01,161.78,195.7,134.72,148.71,169.28,161.58,166.6,180.4,144.95,154.93,131.77,166.21,136.49,140.33,170.98,165.63,163.04,191.88,176.34,139.9,127.26,136.75,175.22,182.51,167.82,183.88,179.65,184.95,192.73,162.73,147.47,122.38,156.01,166.02,154.68,160.44,190.24,175.16
2022-11-04,190.9,168.34,153.98,131.54,152.9,175.74,200.23,168.89,161.76,195.35,134.52,148.37,169.87,161.73,166.53,180.5,144.89,154.86,132.12,165.8,136.22,140.12,170.52,165.45,162.83,191.44,175.97,139.82,126.73,135.99,174.85,182.53,168.03,184.05,179.78,185.12,192.49,162.31,147.71,122.37,155.82,165.69,153.94,160.1,190.21,174.74
2022-11-05,190.64,168.57,153.68,131.06,152.15,175.72,200.39,168.74,161.67,195.06,134.27,148.05,170.66,161.86,166.42,180.47,144.7,154.7,132.14,165.34,135.99,139.8,170.03,165.27,162.49,190.79,175.63,139.6,126.3,135.27,174.5,182.58,168.1,184.15,179.8,185.34,192.21,161.95,147.57,122.3,155.64,165.5,153.1,159.76,190.15,174.47
2022-11-06,190.42,168.92,153.45,130.74,151.97,175.8,200.55,168.62,161.65,194.7,134.03,147.66,171.59,162.12,166.38,180.58,144.51,154.57,132.21,164.82,135.72,139.53,169.47,165.09,162.13,190.23,175.31,139.39,125.93,134.54,174.2,182.68,168.26,184.26,179.87,185.65,192.0,161.64,147.49,122.16,155.48,165.07,152.34,159.4,190.16,174.19
2022-11-07,190.26,169.33,153.32,130.52,151.84,175.93,200.76,168.59,161.69,194.41,133.83,147.35,173.04,162.38,166.4,180.61,144.44,154.48,132.3,164.33,135.53,139.31,168.99,165.0,161.79,189.74,175.2,139.18,125.61,133.91,173.94,182.78,168.45,184.38,179.92,185.96,191.83,161.35,147.38,122.0,155.38,164.69,151.54,159.05,190.22,173.94
2022-11-08,190.23,169.16,153.27,130.46,152.01,176.1,201.03,168.71,161.77,194.39,133.63,147.32,174.2,163.25,166.51,180.83,144.64,154.55,132.56,163.94,135.45,139.23,168.63,165.05,161.71,189.43,175.48,139.24,125.5,133.52,173.86,183.0,168.66,184.49,180.38,186.2,191.78,161.24,147.58,122.06,155.35,164.55,150.91,159.19,190.33,173.81
2022-11-09,190.34,169.1,153.35,130.46,152.51,176.32,201.27,168.85,161.84,194.3,133.53,147.32,175.76,163.85,166.67,181.01,144.85,154.65,132.84,163.56,135.46,139.31,168.34,165.08,161.54,189.36,175.78,139.23,125.43,133.24,173.75,183.29,168.94,184.61,181.11,186.39,191.69,161.18,147.98,122.09,155.41,164.32,150.52,159.45,190.54,173.74
2022-11-10,190.35,169.06,153.51,130.51,152.56,176.58,201.74,168.86,161.98,194.21,133.33,146.96,176.35,164.4,166.82,181.14,144.89,154.72,133.01,163.08,135.35,139.31,168.12,165.12,161.41,189.29,175.86,139.23,125.41,132.89,173.71,183.46,169.24,184.88,181.71,186.57,191.66,161.12,148.29,122.12,155.31,164.18,150.05,159.86,190.8,173.76
2022-11-11,190.31,168.96,153.54,130.39,152.55,176.77,201.88,168.67,162.02,194.08,133.08,146.51,176.85,164.82,166.83,180.99,144.8,154.65,132.91,162.49,135.19,139.07,167.8,165.03,161.18,189.25,175.49,139.15,125.24,132.58,173.73,183.5,169.44,184.99,181.84,186.64,191.33,160.96,148.22,121.97,155.16,164.11,149.52,160.31,191.04,173.8
2022-11-12,190.29,168.83,153.49,130.26,152.99,176.9,202.27,168.47,162.07,193.98,132.88,146.22,176.04,165.29,166.9,181.02,144.85,154.67,132.71,162.13,135.01,138.85,167.59,165.05,160.87,189.15,175.09,139.22,125.13,132.28,173.82,183.6,169.73,185.08,182.09,186.78,191.17,160.92,148.25,121.91,155.07,164.05,149.16,160.81,191.31,173.76
2022-11-13,190.18,168.61,153.33,130.17,152.77,176.96,202.52,168.28,162.07,193.77,132.65,145.83,175.22,165.61,166.95,180.89,144.9,154.63,132.54,161.71,134.87,138.55,167.43,164.97,160.46,188.83,174.62,139.24,124.97,132.07,173.87,183.65,169.96,185.18,182.32,186.74,190.9,160.75,148.24,121.76,154.88,163.94,148.68,161.26,191.55,173.58
2022-11-14,189.99,168.32,153.1,130.04,152.13,176.98,202.62,168.02,162.04,193.51,132.37,145.37,174.32,165.89,166.93,180.67,144.94,154.55,132.09,161.19,134.7,138.15,167.13,164.82,159.98,188.39,174.15,139.26,124.75,131.76,173.84,183.66,170.15,185.31,182.52,186.66,190.53,160.51,148.26,121.69,154.68,163.74,148.14,161.71,191.71,173.38
2022-11-15,189.74,168.15,152.85,129.88,151.95,176.99,203.08,167.7,162.03,193.18,132.14,144.78,173.1,166.18,166.95,180.48,144.79,154.4,131.56,160.66,134.53,137.73,166.87,164.6,159.51,187.83,173.47,139.07,124.49,131.41,173.74,183.67,170.35,185.3,182.62,186.82,190.14,160.27,148.11,121.49,154.35,163.5,147.68,161.7,191.93,173.05
2022-11-16,189.43,167.99,152.68,129.64,151.77,176.83,203.56,167.34,161.98,192.85,131.91,143.96,171.85,166.35,166.9,180.37,144.67,154.27,131.0,160.26,134.3,137.31,166.67,164.35,159.11,187.06,172.86,138.95,124.26,131.05,173.7,183.76,170.57,185.78,182.81,187.11,189.78,160.05,147.94,121.3,154.06,163.27,147.24,161.6,192.2,172.9
2022-11-17,189.08,167.8,152.44,129.28,151.51,176.55,204.0,167.14,161.9,192.43,131.68,143.43,170.82,166.53,166.89,180.3,144.57,154.15,130.57,159.79,134.2,136.99,166.4,164.19,158.85,186.22,172.19,138.87,123.97,130.76,173.6,183.86,170.75,186.13,182.97,187.52,189.4,159.9,147.76,121.14,153.89,163.0,146.95,161.42,192.34,172.49
2022-11-18,188.71,167.55,152.27,128.77,151.16,176.11,204.46,166.89,161.67,192.0,131.41,142.86,169.75,166.25,166.73,180.42,144.45,153.97,130.22,159.3,134.06,136.66,166.26,164.05,158.56,185.31,171.56,138.81,123.78,130.36,173.36,183.91,170.88,186.44,182.86,187.82,189.16,159.62,147.53,120.86,153.76,162.57,146.63,161.12,192.2,172.14
2022-11-19,188.04,167.16,152.01,128.08,150.45,175.68,204.47,166.6,161.36,191.44,131.06,141.89,169.69,165.9,166.51,180.28,144.24,153.67,129.65,158.41,133.78,136.07,165.83,163.68,158.25,184.07,170.78,138.71,123.32,129.34,172.84,183.71,170.91,186.8,182.6,187.88,188.45,158.96,147.18,120.52,153.33,162.07,146.07,160.84,192.0,171.72
2022-11-20,187.72,166.96,151.95,127.65,150.26,175.26,204.67,166.41,161.18,190.94,130.8,141.18,169.54,165.37,166.48,180.44,144.06,153.49,129.32,157.82,133.67,135.71,165.63,163.47,158.2,182.97,170.37,138.71,123.05,128.89,172.55,183.77,171.06,187.17,182.24,188.24,188.03,158.54,146.86,120.37,153.17,161.68,145.68,160.65,191.84,171.47
2022-11-21,187.36,166.77,151.91,127.23,150.33,174.84,204.95,166.25,161.03,190.34,130.57,140.55,169.49,164.53,166.45,180.53,143.89,153.29,129.21,157.28,133.52,135.31,165.28,163.22,158.17,181.9,169.9,138.68,122.75,128.47,172.31,183.82,171.21,187.5,181.99,188.47,187.5,158.11,146.54,120.1,152.88,161.29,145.28,160.41,191.73,170.49
2022-11-22,187.13,166.54,151.87,126.94,149.94,174.26,204.97,166.01,160.86,189.73,130.23,140.17,169.74,163.72,166.41,180.68,143.7,153.1,128.95,156.81,133.31,134.99,165.0,163.02,158.17,180.96,169.48,138.66,122.42,128.18,172.07,183.94,171.39,187.9,181.68,188.66,187.05,157.77,146.18,119.8,152.97,160.89,144.85,160.15,191.6,169.68
2022-11-23,186.8,166.18,151.58,126.72,149.33,173.47,204.75,165.7,160.76,189.0,129.9,140.01,169.91,162.81,166.4,180.6,143.33,152.86,128.73,156.21,133.11,134.61,164.62,162.82,158.08,179.92,169.09,138.63,122.02,127.8,171.76,184.01,171.5,187.91,181.38,188.88,186.47,157.37,145.82,119.49,152.86,160.51,144.48,159.67,191.43,168.68
2022-11-24,186.52,165.78,151.24,126.57,148.85,172.56,204.32,165.22,160.6,188.19,129.58,139.71,169.84,161.93,166.26,180.26,142.95,152.58,128.48,155.56,132.94,134.17,164.22,162.49,157.82,179.01,168.79,138.51,121.68,127.43,171.42,183.98,171.57,187.82,180.91,188.98,185.94,157.0,145.43,119.14,152.8,160.16,144.04,159.02,191.31,167.61
2022-11-25,186.26,165.38,150.86,126.52,148.45,171.61,203.91,164.83,160.5,187.37,129.31,139.63,169.67,161.48,166.21,180.01,142.57,152.33,128.18,154.96,132.78,133.85,163.94,162.16,157.56,178.11,168.52,138.38,121.3,126.99,171.09,183.95,171.59,187.67,180.66,189.1,185.34,156.73,145.16,118.9,152.64,159.89,143.73,158.42,191.29,166.56
2022-11-26,186.33,165.05,150.61,126.63,148.38,170.55,203.63,164.39,160.46,186.57,129.1,139.69,169.44,160.95,166.09,179.91,142.15,152.15,128.11,154.69,132.59,133.77,163.9,161.91,157.44,177.38,168.34,138.28,121.08,127.09,171.01,184.07,171.62,187.45,180.42,189.33,185.06,156.7,144.88,118.69,152.73,159.59,143.62,157.77,191.16,165.45
2022-11-27,186.08,164.59,150.21,126.47,147.85,169.57,203.13,163.89,160.3,185.75,128.75,139.5,169.26,160.5,165.8,179.5,141.76,151.85,127.74,154.1,132.3,133.4,163.55,161.56,157.08,176.51,167.78,138.06,120.66,126.59,170.67,183.95,171.54,187.27,180.2,189.25,184.51,156.45,144.54,118.37,152.48,159.17,143.32,157.02,191.0,164.25
2022-11-28,185.86,164.14,149.79,126.29,147.4,168.63,202.72,163.44,160.12,185.1,128.39,139.23,169.06,160.34,165.55,179.22,141.38,151.59,127.43,153.56,132.04,133.14,163.3,161.28,156.76,175.78,167.31,137.89,120.31,126.16,170.35,183.86,171.48,187.14,179.89,189.31,184.12,156.23,144.17,118.11,152.31,158.8,143.02,156.36,190.88,163.92
2022-11-29,185.39,163.63,149.37,125.86,146.78,167.83,202.31,162.98,159.92,184.48,128.12,138.84,168.88,160.16,165.27,178.71,141.01,151.29,127.38,152.97,131.82,132.69,162.85,160.91,156.62,175.09,166.76,137.68,119.95,125.73,170.09,183.69,171.28,186.96,179.21,188.93,183.61,155.86,143.9,117.86,151.94,158.37,142.74,155.65,190.66,163.49
2022-11-30,185.11,163.25,149.08,125.51,146.34,167.28,201.88,162.62,159.68,183.81,127.92,138.39,168.7,160.28,165.02,178.26,140.79,151.05,127.26,152.45,131.55,132.34,162.52,160.57,156.11,174.48,166.38,137.47,119.65,125.52,169.86,183.52,171.14,186.61,178.92,188.79,183.07,155.46,143.71,117.6,151.71,157.94,142.41,155.18,190.4,163.26
2022-12-01,184.69,162.75,148.86,125.04,145.67,166.81,201.52,162.13,159.33,183.05,127.68,137.91,168.39,160.0,164.68,178.05,140.43,150.71,126.99,151.87,131.16,131.87,162.25,160.11,155.36,173.73,165.75,137.25,119.21,125.03,169.59,183.29,170.79,186.22,178.7,188.71,182.29,154.91,143.43,117.29,151.28,157.49,142.07,154.79,190.07,163.18
2022-12-02,184.26,162.26,148.62,124.48,144.88,166.41,200.73,161.53,159.04,182.34,127.22,137.32,168.18,159.42,164.47,177.57,139.9,150.25,126.68,151.26,130.64,131.32,161.69,159.66,154.69,173.01,164.92,136.51,118.78,124.4,169.26,183.05,170.44,185.91,178.49,188.56,181.59,154.33,143.16,116.95,150.77,157.15,141.43,154.49,189.81,163.13
2022-12-03,183.86,161.94,148.46,124.0,144.26,166.36,200.36,161.02,158.82,181.76,126.56,136.93,168.08,158.91,164.44,177.12,139.55,149.85,126.2,150.85,130.27,130.85,161.17,159.37,154.16,172.4,164.26,135.78,118.42,123.93,169.02,183.05,170.36,185.56,178.03,188.39,180.99,153.85,142.66,116.67,150.42,156.92,140.77,154.25,189.71,163.14
2022-12-04,183.42,161.6,148.26,123.54,143.68,166.31,199.85,160.49,158.6,181.09,126.05,136.48,168.02,158.45,164.38,176.59,139.17,149.44,125.85,150.41,129.78,130.32,160.63,159.0,153.7,171.77,163.59,135.04,118.01,123.48,168.75,182.88,170.12,185.22,177.85,188.18,180.38,153.36,142.4,116.4,150.01,156.81,140.02,154.05,189.58,163.29
2022-12-05,183.05,161.33,148.12,123.18,143.18,166.12,199.47,159.94,158.41,180.57,125.62,136.2,168.0,158.09,164.36,176.3,138.83,149.09,125.39,150.02,129.41,129.92,160.16,158.77,153.29,171.44,162.96,134.33,117.61,123.04,168.51,182.71,169.86,184.84,177.79,187.99,179.91,152.98,142.24,116.17,149.72,156.69,139.46,153.77,189.43,163.37
2022-12-06,182.83,161.12,147.95,122.91,142.7,165.94,199.0,159.48,158.26,179.97,125.17,135.85,167.96,157.65,164.28,176.1,138.51,148.74,125.11,149.62,129.06,129.5,159.69,158.59,152.73,170.99,162.65,133.62,117.15,122.31,168.27,182.5,169.65,184.5,178.16,188.05,179.48,152.65,141.99,115.92,149.35,156.7,138.79,153.53,189.44,163.45
2022-12-07,182.48,160.83,147.66,122.52,142.17,165.76,198.75,159.05,158.12,179.56,124.61,135.43,167.89,156.84,164.08,175.9,138.26,148.32,124.87,149.13,128.67,128.97,159.19,158.41,152.61,170.78,162.01,132.98,116.69,121.47,167.93,182.27,169.34,184.29,177.92,187.81,179.19,152.37,141.26,115.69,148.95,156.73,138.03,153.26,189.47,163.47
2022-12-08,182.24,160.6,147.39,122.22,141.86,165.72,198.6,158.77,158.12,179.36,123.98,134.97,167.86,156.31,164.08,175.59,137.94,147.96,124.74,148.69,128.29,128.53,158.79,158.37,152.66,170.55,161.63,132.32,116.34,120.82,167.62,182.1,169.19,184.09,177.28,187.38,179.1,152.24,140.42,115.48,148.64,156.76,137.33,153.17,189.61,163.4
2022-12-09,182.2,160.71,147.33,122.04,141.82,166.0,198.83,158.74,158.26,179.42,123.86,134.58,168.09,156.41,164.09,175.52,137.98,147.88,124.83,148.45,128.15,128.05,158.64,158.48,152.9,170.43,162.01,132.22,116.16,120.42,167.73,182.35,169.43,184.15,177.16,187.24,179.04,152.19,139.99,115.21,148.55,156.92,136.82,153.17,189.87,163.42
2022-12-10,181.96,160.58,147.15,121.75,141.42,166.06,198.72,158.61,158.33,179.37,123.86,133.99,168.31,156.53,163.82,175.17,137.84,147.65,125.08,148.03,127.91,127.37,158.22,158.45,152.93,170.09,162.01,132.09,115.81,119.68,167.61,182.24,169.41,184.32,177.01,187.08,178.75,151.99,139.37,114.77,148.11,157.01,136.19,153.16,190.03,163.5
2022-12-11,181.96,160.64,147.04,121.59,141.19,166.19,198.81,158.55,158.49,179.5,123.88,133.67,168.51,156.43,163.69,175.14,137.69,147.52,125.25,147.82,127.82,126.96,158.08,158.54,153.03,170.08,162.25,132.01,115.6,119.33,167.73,182.43,169.6,184.48,176.49,187.19,178.66,151.97,138.75,114.45,147.94,157.18,135.76,153.21,190.27,163.6
2022-12-12,181.91,160.63,146.87,121.39,140.93,166.51,198.75,158.47,158.63,179.54,123.78,133.24,168.74,156.19,163.54,174.93,137.5,147.34,125.49,147.54,127.6,126.44,157.92,158.48,153.09,169.75,162.41,131.9,115.37,118.95,167.82,182.64,169.82,184.71,175.93,187.27,178.49,151.84,138.08,114.08,147.69,157.36,135.19,153.32,190.53,163.59
2022-12-13,181.93,160.67,146.82,121.19,140.75,166.79,198.73,158.4,158.79,179.63,123.8,132.96,168.97,155.8,163.49,174.8,137.33,147.2,125.48,147.19,127.47,125.99,157.86,158.45,153.08,169.55,162.55,131.85,115.23,118.96,167.95,183.0,170.1,185.0,175.34,187.43,178.38,151.66,137.56,113.58,147.59,157.6,134.72,153.54,190.77,163.64
2022-12-14,181.93,160.77,146.87,121.1,140.45,167.08,198.85,158.32,159.01,179.71,123.83,132.82,169.21,155.71,163.6,174.82,137.28,147.18,125.48,147.0,127.49,125.7,157.82,158.5,153.15,169.21,162.85,131.81,115.11,119.0,168.16,183.36,170.49,185.35,174.75,187.74,178.26,151.7,137.38,113.33,147.62,157.79,134.57,153.97,191.07,163.73
2022-12-15,181.88,160.94,146.97,121.01,140.02,167.24,198.84,158.25,159.04,179.73,124.29,132.64,169.46,155.39,163.54,174.89,137.23,147.16,125.43,146.93,127.48,125.35,157.59,158.45,153.22,168.74,163.11,131.85,114.94,119.1,168.41,183.71,170.86,185.78,174.64,188.16,178.0,151.64,137.47,113.05,147.64,157.95,134.25,154.35,191.32,163.82
2022-12-16,181.69,160.84,146.82,120.78,139.61,167.25,198.72,158.03,159.09,179.45,124.34,132.27,169.4,154.77,163.46,174.79,136.96,146.97,125.2,146.7,127.35,125.19,157.17,158.25,153.05,167.91,162.64,131.86,114.57,119.14,168.26,183.76,170.95,186.07,174.01,188.4,177.67,151.55,137.01,112.88,147.5,157.76,134.01,154.62,191.47,163.88
2022-12-17,181.7,160.94,146.73,120.53,139.45,167.27,198.55,157.86,159.17,179.25,124.84,131.97,169.43,153.96,163.52,174.74,136.77,146.93,124.97,146.45,127.18,125.07,156.71,158.04,152.99,167.48,162.64,131.99,114.27,119.29,168.19,183.95,171.04,186.43,173.73,188.77,177.43,151.45,137.19,112.82,147.38,157.76,133.79,154.95,191.68,163.9
2022-12-18,181.55,160.89,146.57,120.18,139.05,167.19,198.31,157.66,159.19,178.97,125.29,131.49,169.41,153.44,163.5,174.47,136.56,146.81,124.84,146.04,126.97,124.85,156.06,157.79,152.6,166.73,162.49,132.15,113.96,119.18,167.96,183.99,171.07,186.75,173.57,188.89,177.06,151.23,137.12,112.69,147.14,157.62,133.51,155.19,191.84,163.86
2022-12-19,181.34,160.85,146.32,119.85,138.52,167.03,198.05,157.46,159.08,178.59,125.73,130.92,169.23,153.02,163.42,174.12,136.33,146.68,124.59,145.56,126.71,124.49,155.34,157.52,152.18,166.1,162.4,132.29,113.63,119.0,167.76,184.0,171.07,187.01,173.45,189.03,176.65,150.94,137.04,112.55,146.86,157.27,133.15,155.43,191.98,163.84
2022-12-20,181.04,160.74,146.06,119.5,138.05,166.74,197.74,157.19,158.99,178.12,126.03,130.3,168.85,152.57,163.31,173.74,135.97,146.49,124.47,145.33,126.32,124.2,154.56,157.16,151.75,165.25,162.06,132.36,113.16,118.48,167.44,183.92,171.17,187.25,173.33,189.22,176.05,150.73,136.73,112.47,146.64,156.83,132.83,155.45,192.45,163.64
2022-12-21,180.83,160.66,145.91,119.15,137.86,166.53,197.42,156.91,158.98,177.73,126.34,129.67,168.53,152.14,163.19,173.61,135.43,146.26,124.27,145.07,125.94,123.9,154.02,156.74,151.29,164.42,161.9,132.34,112.81,118.05,167.23,183.82,171.27,187.34,173.4,189.25,175.52,150.41,136.39,112.17,146.33,156.77,132.33,155.38,192.95,163.47
2022-12-22,180.63,160.55,145.52,118.85,137.77,166.32,197.22,156.5,159.03,177.34,126.33,129.24,168.19,151.9,163.09,173.41,135.04,146.07,124.12,144.78,125.71,123.68,153.63,156.44,150.87,163.65,161.88,132.3,112.54,117.69,167.02,183.75,171.44,187.45,173.47,189.25,175.03,150.08,136.09,112.03,145.99,156.74,131.9,155.29,193.21,163.37
2022-12-23,180.24,160.07,145.1,118.57,137.35,165.99,197.06,156.03,158.79,176.88,125.39,128.88,167.86,151.62,162.89,173.19,134.72,145.71,123.98,144.46,125.41,123.27,153.27,156.09,150.55,163.12,162.01,131.89,112.3,117.34,166.75,183.45,171.39,187.15,173.54,189.06,174.47,149.76,135.24,111.87,145.68,156.83,131.34,155.13,192.81,163.18
2022-12-24,179.9,159.61,144.65,118.45,136.99,165.5,196.88,155.59,158.54,176.4,124.15,128.66,167.48,151.46,162.77,173.18,134.4,145.37,123.89,144.23,125.26,122.95,153.24,155.8,150.21,163.01,161.88,131.45,112.14,117.16,166.55,183.23,171.37,186.83,173.58,188.91,174.04,149.57,134.23,111.77,145.7,156.78,130.98,154.92,192.36,162.98
2022-12-25,179.39,159.06,144.19,118.29,136.66,165.05,196.71,155.05,158.27,175.88,122.85,128.4,167.05,151.21,162.56,173.12,134.06,145.0,123.85,143.92,125.01,122.55,153.12,155.47,150.03,162.87,161.67,130.89,111.89,116.78,166.28,182.99,171.35,186.46,173.61,188.75,173.52,149.31,133.42,111.66,145.57,156.76,130.55,154.67,191.89,162.77
2022-12-26,178.98,158.56,143.84,118.08,136.49,164.66,196.49,154.55,158.13,175.43,121.55,128.26,166.71,150.97,162.42,173.18,133.73,144.65,123.77,143.71,124.84,122.31,153.06,155.19,149.99,162.66,161.5,130.36,111.68,116.44,166.05,182.8,171.34,186.19,173.57,188.61,173.0,149.17,132.43,111.51,145.46,156.97,130.24,154.45,191.43,162.62
2022-12-27,178.58,158.04,143.43,117.88,136.27,164.28,196.28,154.11,157.88,174.99,120.3,128.08,166.41,150.89,162.2,173.13,133.48,144.3,123.53,143.39,124.69,122.07,153.09,154.93,149.89,162.59,161.21,129.86,111.57,116.34,165.86,182.48,171.08,185.87,173.52,188.28,172.58,148.99,131.6,111.41,145.22,157.08,129.93,154.33,190.47,162.55
2022-12-28,178.09,157.37,142.71,117.52,135.84,163.76,195.66,153.65,157.5,174.42,119.07,127.81,166.04,150.79,161.83,172.64,133.25,143.88,123.35,142.96,124.38,121.74,152.79,154.6,149.67,162.43,160.62,129.36,111.3,115.96,165.63,182.26,170.81,185.37,173.39,188.01,172.08,148.65,130.64,111.24,144.91,156.75,129.5,154.11,189.38,162.65
2022-12-29,177.58,156.71,142.17,117.13,135.35,163.28,194.99,153.39,157.19,173.92,117.87,127.43,165.81,150.62,161.52,172.15,133.08,143.48,123.2,142.5,123.96,121.44,152.46,154.28,149.39,162.15,159.87,128.84,111.0,115.47,165.4,182.1,170.61,184.88,173.23,187.93,171.68,148.34,129.56,110.97,144.61,156.41,129.13,153.87,188.52,162.6
2022-12-30,177.16,156.33,141.67,116.87,135.0,162.82,194.44,153.22,156.98,173.53,117.67,127.1,165.57,150.46,161.21,171.69,132.89,143.22,123.09,142.0,123.54,121.23,152.08,154.0,148.96,161.74,159.13,128.62,110.69,115.0,165.36,182.05,170.47,184.75,173.09,188.16,171.34,147.99,129.12,110.73,144.24,156.02,128.84,153.64,188.21,162.61
2022-12-31,176.57,155.83,141.14,116.51,134.52,162.42,193.81,152.92,156.69,173.02,117.38,126.68,165.23,150.3,160.8,171.01,132.66,142.86,122.97,141.46,123.06,120.97,151.55,153.54,148.53,160.77,158.23,128.35,110.34,114.46,165.31,181.91,170.28,184.49,172.42,187.97,170.83,147.57,128.49,110.4,143.81,155.54,128.44,153.32,187.77,162.7
2023-01-01,175.88,155.22,140.43,116.04,133.91,161.92,193.02,152.53,156.27,172.34,117.08,126.16,164.87,149.61,160.18,170.19,132.37,142.4,122.93,140.85,122.53,120.59,150.92,153.03,147.92,159.79,157.22,128.02,109.93,113.86,165.28,181.7,170.02,184.2,172.13,187.91,170.16,147.04,127.69,109.91,143.2,154.86,127.96,152.84,187.13,162.69
2023-01-02,175.14,154.6,139.73,115.59,133.24,161.43,192.29,152.13,155.84,171.66,116.73,125.51,164.56,148.78,159.6,169.31,132.05,141.9,123.05,140.18,121.97,120.12,150.3,152.49,147.26,158.76,156.0,127.65,109.5,113.26,165.18,181.45,169.67,183.82,171.81,187.73,169.51,146.45,126.89,109.44,142.63,154.15,127.39,152.26,186.49,162.69
2023-01-03,174.39,153.95,139.13,115.2,132.49,161.05,191.59,151.8,155.41,171.08,116.42,124.84,164.45,148.05,158.98,168.4,131.8,141.43,123.13,139.57,121.42,119.61,149.59,151.95,146.63,157.86,154.95,127.28,109.09,112.71,165.08,181.26,169.39,183.52,171.49,187.54,168.92,145.83,126.15,109.01,142.05,153.44,126.78,151.67,185.91,162.76
2023-01-04,173.26,153.31,138.57,114.77,131.69,160.68,191.18,151.34,155.04,170.68,115.9,123.96,164.56,147.43,158.56,167.54,131.6,140.88,123.06,138.76,120.69,118.82,148.94,151.5,146.18,157.06,154.07,126.8,108.65,112.01,164.77,180.5,168.8,183.17,171.09,186.97,168.37,145.15,125.44,108.44,141.38,152.82,126.02,151.27,185.31,161.57
2023-01-05,172.22,152.84,138.09,114.38,131.07,160.63,190.83,151.07,154.74,170.46,115.44,123.22,164.66,146.77,158.16,166.89,131.48,140.41,123.23,138.15,120.17,118.11,148.3,151.13,145.56,156.48,153.51,126.34,108.35,111.5,164.52,179.77,168.23,182.83,170.77,186.26,167.94,144.58,124.79,107.95,140.79,152.33,125.53,151.0,184.81,160.49
2023-01-06,171.38,152.52,137.75,113.97,130.56,160.87,190.49,150.84,154.6,170.38,115.12,122.6,165.0,146.32,157.97,166.24,131.44,140.04,123.27,137.63,119.7,117.41,147.82,150.9,145.19,156.16,153.03,125.96,108.14,111.04,164.31,179.16,167.75,182.41,170.38,185.39,167.69,144.06,124.24,107.35,140.37,152.12,125.08,150.81,184.38,159.52
2023-01-07,170.64,152.44,137.45,113.62,130.15,161.22,190.27,151.05,154.61,170.49,115.08,122.18,165.56,145.93,157.77,165.67,131.5,139.85,123.7,137.2,119.24,116.73,147.43,150.97,144.87,156.08,152.67,125.64,108.05,110.65,164.32,179.05,167.55,181.87,170.64,185.19,167.59,143.57,124.01,106.85,139.83,152.14,124.64,150.74,184.23,159.48
2023-01-08,170.33,152.64,137.45,113.3,130.11,161.7,190.34,151.44,154.83,170.87,115.17,122.16,166.21,146.16,157.96,165.49,131.69,139.87,124.03,137.15,119.0,116.44,147.41,151.21,144.99,156.22,152.87,125.5,108.15,110.47,164.56,179.15,167.54,181.36,170.61,185.22,167.93,143.41,123.85,106.6,139.89,152.45,124.44,150.94,184.35,159.6
2023-01-09,170.06,152.86,137.45,112.99,130.11,162.16,190.4,151.85,155.05,171.29,115.27,122.2,166.89,146.56,158.13,165.27,131.94,139.95,124.26,137.15,118.76,116.19,147.3,151.47,145.06,156.4,153.22,125.37,108.26,110.28,164.82,179.27,167.61,180.87,170.65,185.38,168.26,143.27,123.91,106.39,139.86,152.72,124.31,151.26,184.49,159.66
2023-01-10,170.43,153.34,137.58,112.74,130.52,162.83,190.47,152.26,155.4,171.85,115.44,122.36,167.88,146.97,158.52,165.26,132.11,140.12,124.61,137.38,118.78,116.19,147.3,151.86,145.38,156.69,153.92,125.27,108.46,110.25,165.19,179.43,167.71,180.27,170.74,185.68,168.73,143.29,124.12,106.25,140.01,153.22,124.37,151.71,184.62,159.68
2023-01-11,171.37,154.01,137.97,112.78,131.13,163.66,190.57,152.84,155.8,172.37,115.89,122.88,168.98,147.34,158.93,165.37,132.2,140.48,125.22,137.94,119.15,116.56,147.45,152.31,145.68,157.02,154.5,125.39,108.76,110.7,165.84,180.21,168.16,179.96,170.93,186.41,169.33,143.61,124.41,106.43,140.37,153.82,124.68,152.12,184.9,160.63
2023-01-12,172.31,154.6,138.4,112.85,131.73,164.33,190.73,153.23,156.23,172.79,116.3,123.27,170.08,147.86,159.4,165.41,132.27,140.81,125.71,138.39,119.38,116.89,147.67,152.7,146.21,157.33,155.15,125.52,109.06,111.05,166.43,180.93,168.54,179.55,171.08,187.2,169.96,143.88,124.68,106.61,140.79,154.4,124.78,152.52,185.16,161.76
2023-01-13,173.2,155.15,138.87,112.93,132.3,164.79,191.02,153.52,156.58,173.17,116.6,123.68,171.02,148.22,159.76,165.54,132.18,141.08,126.29,138.97,119.65,117.36,147.87,152.98,146.56,157.58,155.84,125.62,109.35,111.35,166.77,181.47,168.8,179.11,171.2,187.85,170.47,144.24,124.89,106.93,141.16,154.62,124.84,153.02,185.31,162.52
2023-01-14,173.85,155.42,139.21,112.82,132.5,165.23,191.16,153.46,156.82,173.44,116.53,123.69,171.8,148.49,160.06,165.51,131.96,141.15,126.4,139.2,119.88,117.67,147.87,153.1,146.77,157.45,156.48,125.59,109.46,111.32,166.59,181.42,168.8,178.8,171.07,188.08,170.64,144.43,124.9,107.08,141.28,154.65,124.76,153.53,185.44,162.27
2023-01-15,174.59,155.66,139.66,113.0,132.91,165.56,191.41,153.32,156.83,173.67,116.46,123.77,172.51,148.65,160.31,165.66,131.64,141.18,126.45,139.34,120.13,118.03,147.97,153.21,147.04,157.48,156.94,125.56,109.6,111.64,166.4,181.35,168.73,178.45,170.84,188.24,170.82,144.7,124.86,107.15,141.47,154.61,124.81,153.8,185.4,161.9
2023-01-16,175.4,155.96,140.15,113.19,133.29,165.96,191.73,153.3,157.13,173.93,116.55,123.88,173.25,148.87,160.63,165.86,131.39,141.3,126.66,139.57,120.45,118.43,148.2,153.42,147.27,157.62,157.44,125.59,109.76,112.0,166.29,181.39,168.75,178.16,170.63,188.4,171.15,144.95,124.89,107.28,141.71,154.74,124.87,154.28,185.5,161.69
2023-01-17,175.56,156.05,140.44,113.35,133.38,166.04,192.01,153.26,157.27,174.09,116.48,123.9,173.67,149.06,160.76,165.98,131.18,141.3,126.82,139.53,120.44,118.64,148.38,153.47,147.3,157.41,157.68,125.62,109.85,112.24,166.05,181.31,168.66,177.88,170.39,188.46,171.39,145.22,124.63,107.3,141.8,154.41,124.81,154.64,185.6,161.37
2023-01-18,175.65,156.05,140.73,113.3,133.36,166.06,192.32,153.11,157.36,174.21,116.38,123.82,173.79,149.22,160.83,166.19,130.98,141.28,126.99,139.41,120.34,118.7,148.54,153.5,147.34,157.36,158.2,125.59,110.01,112.33,165.71,181.24,168.59,177.53,170.12,188.33,171.54,145.41,124.57,107.25,141.81,154.33,124.67,154.87,185.67,160.91
2023-01-19,175.6,156.1,140.94,113.28,133.32,165.96,192.62,152.98,157.4,174.33,116.34,123.97,173.81,149.31,160.88,166.46,130.76,141.27,127.02,139.26,120.31,118.86,148.76,153.59,147.42,157.37,158.56,125.62,110.11,112.42,165.36,181.13,168.52,177.29,169.84,188.29,171.58,145.55,124.59,107.17,141.77,154.24,124.67,155.08,185.73,161.21
2023-01-20,175.54,156.05,141.11,113.27,133.09,165.93,192.68,152.93,157.44,174.43,116.34,123.85,173.79,149.6,160.86,166.76,130.61,141.28,127.1,139.11,120.24,118.81,148.94,153.71,147.63,157.24,158.96,125.64,110.16,112.5,165.15,181.14,168.6,177.13,169.66,188.46,171.57,145.56,124.56,107.11,141.65,154.35,124.45,155.08,186.04,161.82
2023-01-21,175.53,155.93,141.31,113.24,132.93,165.83,192.88,152.94,157.46,174.56,116.35,123.75,173.83,149.99,160.79,167.17,130.44,141.28,127.05,139.07,120.11,118.79,149.18,153.81,147.8,157.04,159.41,125.67,110.25,112.53,164.89,181.02,168.63,176.91,169.47,188.51,171.64,145.68,124.48,107.09,141.64,154.49,124.29,155.03,186.13,162.37
2023-01-22,175.46,155.91,141.48,113.27,132.57,165.9,193.08,153.05,157.76,174.77,116.36,123.56,173.97,150.5,160.8,167.48,130.39,141.34,127.2,139.14,119.97,118.67,149.33,153.96,147.9,156.77,159.81,125.74,110.33,112.55,164.76,181.06,168.76,176.83,169.37,188.51,171.71,145.74,124.42,107.17,141.46,154.73,124.04,155.24,186.48,163.0
2023-01-23,175.28,155.82,141.62,113.27,132.21,165.9,193.17,153.07,157.8,174.96,116.29,123.32,174.06,150.95,160.74,167.77,130.24,141.32,127.33,139.05,119.87,118.54,149.46,153.99,148.05,156.41,160.13,125.74,110.4,112.51,164.54,180.99,168.8,176.72,169.27,188.5,171.59,145.84,124.29,107.18,141.26,154.85,123.79,155.27,186.69,163.52
2023-01-24,175.16,155.78,141.86,113.26,131.96,166.14,193.4,153.04,157.99,175.19,116.34,123.13,174.11,151.27,160.9,168.07,130.12,141.36,127.48,139.05,119.8,118.38,149.63,154.14,148.17,156.14,160.46,125.79,110.5,112.37,164.32,180.97,168.93,176.72,169.14,188.55,171.5,145.86,124.24,107.24,141.09,155.25,123.53,155.4,187.05,164.27
2023-01-25,175.01,155.77,142.03,113.29,131.73,166.44,193.5,153.16,158.18,175.46,116.32,122.89,174.27,151.62,161.05,168.34,130.04,141.39,127.53,139.08,119.69,118.33,149.67,154.24,148.19,155.76,160.48,125.86,110.63,112.44,164.24,180.93,168.94,176.79,169.12,188.78,171.43,145.87,124.09,107.33,141.06,155.3,123.23,155.71,187.45,165.26
2023-01-26,174.93,155.74,142.29,113.3,131.53,166.74,193.54,153.31,158.48,175.65,116.24,122.54,174.36,152.03,161.35,168.54,129.95,141.47,127.64,139.17,119.55,118.15,149.64,154.34,148.25,155.56,160.52,125.87,110.74,112.45,164.23,181.46,169.34,177.01,169.28,189.25,171.37,145.93,123.89,107.47,141.13,155.29,122.82,156.04,188.0,165.62
2023-01-27,174.83,155.76,142.62,113.31,131.57,167.01,193.69,153.39,158.79,175.91,116.15,122.39,174.48,152.28,161.67,168.79,129.86,141.52,127.99,139.21,119.48,118.11,149.63,154.4,148.2,155.33,160.37,125.88,110.88,112.5,164.21,181.44,169.31,177.2,169.01,189.33,171.37,146.03,123.91,107.75,141.19,155.24,122.69,156.56,188.33,166.58
2023-01-28,174.93,156.01,143.14,113.5,131.86,167.36,194.04,153.5,159.19,176.28,116.19,122.47,174.55,152.42,162.22,169.18,129.88,141.68,128.52,139.45,119.53,118.22,149.8,154.55,148.35,155.29,160.23,126.0,111.0,112.75,164.51,181.58,169.35,177.51,168.77,189.66,171.54,146.26,123.99,108.05,141.53,155.21,122.66,157.16,188.53,167.71
2023-01-29,174.81,156.06,143.54,113.49,131.95,167.71,194.11,153.5,159.45,176.56,116.16,122.45,174.66,152.49,162.57,169.33,129.82,141.72,128.8,139.41,119.43,118.14,149.71,154.59,148.25,155.06,159.76,126.03,111.06,112.89,164.49,181.48,169.21,177.79,168.39,189.92,171.55,146.29,124.04,108.26,141.65,155.05,122.49,157.63,188.57,168.79
2023-01-30,174.68,156.14,143.91,113.47,132.03,168.07,194.02,153.45,159.75,176.79,116.18,122.46,174.76,152.42,162.95,169.44,129.77,141.76,129.07,139.41,119.25,118.05,149.56,154.68,148.18,154.83,159.31,126.08,111.13,113.08,164.49,181.43,169.12,178.1,168.03,190.29,171.61,146.3,124.09,108.49,141.79,154.93,122.32,158.07,188.66,169.82
2023-01-31,174.49,156.19,144.19,113.44,132.01,168.31,193.96,153.51,159.95,176.93,116.08,122.42,174.82,152.47,163.15,169.71,129.72,141.78,129.35,139.3,119.14,117.98,149.45,154.72,148.11,154.72,158.84,126.05,111.08,113.2,164.51,181.39,169.08,178.42,167.65,190.64,171.5,146.32,124.13,108.67,141.92,154.82,122.13,158.4,188.61,170.54
2023-02-01,174.37,156.16,144.43,113.49,131.94,168.25,194.02,153.34,160.02,177.03,115.9,122.44,174.81,152.53,163.08,169.98,129.61,141.76,129.49,139.18,119.01,117.95,149.42,154.74,148.07,154.48,158.57,125.99,110.93,113.23,164.48,181.44,169.2,178.7,167.24,191.09,171.34,146.34,124.06,108.79,141.9,154.63,121.99,158.49,188.71,170.41
2023-02-02,174.14,155.97,144.51,113.28,131.75,167.75,193.96,153.06,159.98,176.94,115.64,122.28,174.73,151.72,162.9,170.11,129.47,141.53,129.62,138.86,118.79,117.92,149.23,154.47,147.87,153.97,158.02,125.89,110.64,113.31,164.29,180.65,168.61,179.01,166.53,190.92,171.05,146.21,123.96,108.76,141.7,154.44,121.69,158.45,188.5,170.12
2023-02-03,173.96,155.84,144.36,113.1,131.56,167.33,193.87,152.9,159.97,176.78,115.42,122.27,174.66,150.87,162.79,170.08,129.39,141.34,129.27,138.55,118.52,117.78,149.02,154.39,147.57,153.59,157.57,125.82,110.47,113.33,164.18,180.48,168.46,180.06,166.27,190.96,170.78,146.07,123.45,108.56,141.52,154.34,121.3,158.4,188.46,168.13
2023-02-04,173.83,155.75,144.23,112.94,131.44,166.94,193.88,152.76,160.03,176.69,115.19,122.26,174.56,150.15,162.85,170.02,129.32,141.21,128.97,138.25,118.27,117.72,148.82,154.33,147.39,153.28,157.31,125.75,110.39,113.6,164.12,180.39,168.34,181.22,166.11,190.97,170.63,145.98,123.0,108.49,141.4,154.31,120.9,158.36,188.68,166.39
2023-02-05,173.7,155.69,144.06,112.75,131.25,166.55,193.9,152.68,160.13,176.56,114.99,122.13,174.43,149.44,162.93,169.98,129.29,141.08,128.73,137.96,118.03,117.6,148.65,154.3,147.18,152.92,157.16,125.66,110.29,113.58,164.04,180.31,168.32,182.48,165.99,190.91,170.4,145.9,122.49,108.32,141.23,154.27,120.44,158.34,189.01,164.61
2023-02-06,173.57,155.62,143.88,112.57,131.05,166.12,194.14,152.58,160.05,176.39,114.74,122.02,174.34,148.82,163.01,170.02,129.21,140.9,128.47,137.64,117.85,117.55,148.57,154.22,146.96,152.53,157.13,125.57,110.16,113.54,163.94,180.11,168.13,183.05,165.83,190.69,170.15,145.85,121.94,108.06,141.04,154.19,120.0,158.22,189.37,162.89
2023-02-07,173.38,155.43,143.75,112.34,130.82,165.85,193.99,152.41,160.07,176.25,114.55,121.92,174.3,148.42,163.01,169.8,129.14,140.74,128.25,137.38,117.61,117.39,148.27,154.15,146.75,152.16,157.16,125.47,110.07,113.57,163.74,179.87,167.87,183.72,165.65,190.24,170.01,145.68,121.48,107.87,140.8,154.24,119.51,158.1,189.84,162.35
2023-02-08,172.98,155.33,143.72,112.09,130.54,165.93,194.1,152.36,160.16,176.21,114.41,121.73,174.41,148.05,163.36,169.7,129.03,140.54,128.11,137.07,117.36,117.22,148.07,154.05,146.59,151.85,157.09,125.32,109.92,113.65,163.33,179.23,167.3,184.37,164.74,189.65,169.85,145.44,120.81,107.7,140.69,154.33,119.01,158.15,189.93,163.16
2023-02-09,172.82,155.34,143.76,112.09,130.32,166.36,194.28,152.38,160.21,176.34,114.34,121.87,174.61,148.34,163.49,169.69,128.9,140.45,128.04,137.01,117.13,117.08,147.93,154.17,146.76,151.57,157.26,125.22,109.94,113.76,163.01,178.92,167.01,184.75,163.98,189.24,169.6,145.41,120.26,107.66,140.67,154.45,118.67,158.11,190.05,163.45
2023-02-10,172.79,155.38,143.99,111.88,129.59,166.72,194.43,152.42,160.29,176.54,114.27,121.57,174.83,148.8,163.81,169.69,127.97,140.22,127.42,136.86,116.95,116.92,147.75,154.47,146.95,151.04,157.33,124.65,109.86,113.89,162.78,178.52,166.71,184.73,163.0,189.19,169.33,145.38,119.54,107.83,140.7,154.54,118.37,158.23,190.13,164.5
2023-02-11,172.62,155.24,144.23,111.83,128.75,166.98,194.41,152.32,160.33,176.59,114.04,121.09,174.96,149.28,163.98,169.77,126.97,139.92,126.65,136.66,116.77,116.75,147.53,154.39,147.0,150.43,157.32,124.01,109.72,113.98,162.67,178.32,166.54,184.18,162.05,189.18,168.97,145.28,118.86,107.79,140.78,154.6,118.04,158.34,190.21,165.24
2023-02-12,172.42,155.08,144.38,111.66,128.01,167.12,194.41,152.19,160.33,176.58,113.73,120.59,174.99,149.74,164.13,169.79,125.97,139.6,125.83,136.5,116.58,116.58,147.3,154.24,147.08,149.81,157.2,123.43,109.55,114.04,162.53,178.11,166.25,183.44,161.09,189.06,168.57,145.11,118.19,107.76,140.92,154.74,117.74,158.46,190.19,165.96
2023-02-13,172.24,154.91,144.59,111.46,127.33,167.19,194.4,152.08,160.44,176.6,113.44,120.07,174.96,150.28,164.28,169.85,125.02,139.34,125.05,136.38,116.3,116.4,147.04,154.12,147.16,149.27,157.06,122.9,109.41,114.14,162.36,177.97,166.12,183.38,160.2,189.09,168.2,144.95,117.59,107.83,141.03,154.84,117.43,158.63,190.12,166.65
2023-02-14,172.09,154.74,144.75,111.36,126.37,167.15,194.63,151.99,160.45,176.64,113.21,119.42,174.85,150.75,164.51,169.9,124.09,139.08,124.42,136.23,116.06,115.99,146.79,154.0,147.16,148.7,156.75,122.44,109.16,114.03,162.28,177.91,166.02,183.19,159.44,189.3,167.83,144.76,117.14,107.91,141.18,154.88,117.05,158.93,189.96,166.31
2023-02-15,172.18,154.62,144.79,111.27,125.87,167.01,194.65,151.92,160.5,176.59,113.24,118.92,174.46,151.09,164.74,169.71,123.38,138.94,123.77,136.16,115.94,115.75,146.49,153.93,147.29,148.14,156.73,122.12,109.1,113.83,162.33,178.01,165.98,183.16,159.7,189.28,167.5,144.65,117.26,107.92,141.26,154.94,116.61,159.25,189.94,165.44
2023-02-16,172.11,154.48,144.8,111.16,125.36,167.05,194.77,151.79,160.64,176.66,113.26,118.24,174.18,151.53,165.21,169.52,122.66,138.78,122.89,136.07,115.85,115.53,146.21,153.9,147.19,147.72,156.69,121.65,108.92,113.57,162.89,178.18,166.09,183.23,159.88,189.57,167.46,144.53,117.07,107.83,141.3,155.13,116.13,159.19,190.1,165.09
2023-02-17,171.93,154.24,144.71,111.19,125.3,167.01,194.91,151.58,160.7,176.72,113.24,117.74,173.94,151.81,165.42,169.36,122.72,138.72,122.9,135.93,115.65,115.21,146.03,153.49,147.17,147.44,156.62,121.49,108.76,113.13,163.19,178.33,166.12,183.1,160.19,189.59,167.39,144.35,117.44,107.56,141.36,155.27,115.51,158.85,190.17,165.02
2023-02-18,169.71,153.39,144.18,110.61,124.42,167.04,194.07,151.21,160.46,176.48,113.09,116.75,173.77,151.91,165.19,168.31,122.67,138.31,122.55,135.2,115.11,114.21,145.08,153.03,146.61,146.72,156.1,121.1,108.2,112.13,162.74,177.77,165.74,183.35,160.32,189.01,166.61,143.66,117.51,107.14,140.24,155.06,114.48,158.32,190.15,164.85
2023-02-19,167.74,152.72,144.05,110.58,124.16,167.14,193.86,151.09,160.55,176.65,113.22,116.45,173.69,152.13,165.41,168.0,122.68,138.22,122.7,135.08,114.9,113.76,144.82,153.01,146.71,146.57,155.94,120.84,107.97,111.66,162.91,177.71,165.73,183.73,160.66,188.98,166.58,143.55,117.81,107.08,139.94,155.09,113.89,157.91,190.32,164.8
2023-02-20,167.61,152.6,143.97,110.62,124.08,167.2,193.95,150.98,160.68,176.88,113.38,116.28,173.57,152.3,165.68,167.84,122.79,138.24,122.88,135.04,114.74,113.44,144.75,153.04,146.87,146.53,155.99,120.7,107.77,111.24,163.16,177.71,165.81,184.08,160.98,188.94,166.58,143.54,118.24,107.03,140.0,155.25,113.35,157.51,190.51,164.75
2023-02-21,167.46,152.49,143.84,110.69,124.21,167.11,194.04,150.83,160.74,177.08,113.49,116.15,173.51,152.22,165.91,167.72,122.87,138.22,122.73,134.98,114.56,113.34,144.7,153.02,147.0,146.46,156.06,120.55,107.63,110.99,163.4,177.67,165.8,184.13,161.33,188.82,166.55,143.53,118.5,106.92,139.95,155.2,112.88,156.99,190.59,164.87
2023-02-22,167.17,152.37,143.76,110.68,123.96,167.14,194.03,150.78,160.84,177.36,113.4,115.94,173.78,152.2,166.15,167.64,122.97,138.19,122.77,134.93,114.29,113.07,144.62,153.05,146.99,146.49,155.95,120.34,107.4,110.69,163.82,177.72,165.99,184.17,161.27,188.97,166.7,143.46,118.5,106.92,139.98,155.24,112.39,156.46,190.82,165.13
2023-02-23,167.14,152.56,143.9,110.73,123.74,167.65,194.18,151.12,161.22,177.95,113.54,115.79,174.42,152.41,166.47,167.66,123.25,138.35,123.08,134.99,114.15,112.75,144.49,153.27,147.4,146.62,156.04,120.34,107.34,110.48,163.75,177.68,166.21,184.44,161.26,188.88,167.02,143.47,118.85,107.13,139.98,155.95,111.88,156.58,191.67,165.58
2023-02-24,166.82,152.39,143.76,110.65,123.5,167.33,194.08,151.19,161.4,178.11,113.43,115.57,174.45,152.31,166.61,167.4,123.41,138.34,123.18,134.82,113.86,112.44,144.16,153.28,147.49,146.69,156.01,120.38,107.09,110.27,163.65,177.51,166.22,183.4,161.26,188.7,167.17,143.3,119.0,107.08,139.95,156.44,111.4,156.33,192.36,165.61
2023-02-25,167.52,152.86,144.02,111.05,124.18,166.83,195.01,151.5,161.66,178.59,113.57,116.07,174.51,152.25,166.62,168.12,123.79,138.66,123.82,135.17,113.91,112.8,144.61,153.67,148.03,147.37,156.4,120.69,107.24,110.23,164.02,177.75,166.48,182.4,161.4,188.94,168.1,143.64,119.45,107.29,140.78,157.14,111.37,155.75,193.13,165.69
2023-02-26,167.96,153.26,143.88,110.89,124.22,166.42,195.22,151.62,161.74,178.75,113.51,115.85,174.53,152.09,166.63,168.13,124.11,138.72,124.03,134.95,113.68,112.62,144.35,153.68,147.94,147.51,156.66,120.83,106.97,110.1,163.95,177.62,166.46,181.34,161.42,188.91,168.31,143.46,119.72,107.21,140.87,157.62,110.88,155.29,193.75,165.68
2023-02-27,166.58,153.11,143.62,110.68,124.03,166.07,195.11,151.76,161.8,178.74,113.48,115.59,174.59,151.9,166.57,167.87,124.3,138.63,124.24,134.68,113.41,112.32,143.88,153.61,147.79,147.51,156.62,120.8,106.65,109.87,163.78,177.42,166.33,180.28,161.42,188.61,168.41,143.15,119.84,107.08,140.61,158.01,110.31,154.81,194.27,165.6
2023-02-28,165.2,152.93,143.45,110.4,123.79,165.88,195.09,151.91,161.94,178.86,113.28,115.42,174.6,151.83,166.66,167.59,124.41,138.54,124.38,134.24,113.12,112.09,143.61,153.58,147.74,147.55,156.55,120.69,106.32,109.75,163.57,177.11,166.08,179.41,161.35,188.55,168.51,142.89,119.98,106.91,140.43,158.55,109.74,154.39,194.91,165.28
2023-03-01,163.35,152.25,142.5,109.57,123.38,165.03,194.38,151.71,161.49,178.28,112.81,114.84,173.84,150.6,166.31,166.82,124.28,138.02,124.17,133.29,112.55,111.67,142.9,153.04,147.18,147.23,155.45,120.34,105.54,109.42,162.76,176.23,165.28,177.88,161.05,187.7,167.95,142.09,119.85,106.4,139.79,158.71,108.97,153.54,194.77,164.55
2023-03-02,161.54,151.59,141.94,109.1,123.08,163.87,193.92,151.48,161.16,177.76,112.49,114.42,173.16,149.59,166.24,166.45,124.14,137.72,124.19,132.51,112.25,111.47,142.63,152.71,146.64,147.11,154.59,120.54,104.99,109.46,162.24,175.7,164.61,176.97,160.7,187.43,167.55,141.61,119.74,106.08,139.45,158.49,108.43,152.84,194.42,164.3
2023-03-03,159.94,151.27,141.5,108.74,122.77,163.6,193.49,151.54,161.0,177.65,112.44,114.06,173.03,148.94,166.44,166.36,124.19,137.54,124.24,132.01,112.16,111.35,142.59,152.6,146.29,147.3,154.11,120.36,104.61,109.54,161.85,175.3,164.18,177.3,160.41,187.19,167.29,141.18,119.73,106.07,139.04,158.46,108.03,152.65,194.32,164.54
2023-03-04,159.32,150.92,141.11,108.28,122.23,163.3,192.95,151.52,160.79,177.58,112.44,113.45,172.93,148.47,166.25,165.96,124.22,137.36,124.37,131.49,112.07,111.1,142.28,152.46,146.0,147.4,153.68,120.2,104.24,109.65,161.47,174.9,163.66,177.65,160.12,186.93,166.93,140.69,119.72,106.07,138.79,158.35,107.59,152.35,194.13,164.94
2023-03-05,158.88,150.68,140.9,108.06,121.92,163.1,192.72,151.63,160.79,177.63,112.46,113.05,172.86,148.07,166.63,165.86,124.24,137.28,124.65,131.14,112.04,111.04,142.24,152.44,145.95,147.63,153.27,120.09,104.09,109.75,161.2,174.55,163.26,178.02,159.8,186.71,166.83,140.33,119.76,106.17,138.58,158.45,107.3,152.46,194.07,165.35
2023-03-06,158.45,150.44,140.64,107.91,121.62,162.9,192.39,151.72,160.83,177.7,112.5,112.56,172.73,147.7,167.02,165.7,124.3,137.23,124.92,130.75,112.08,110.95,142.12,152.44,145.83,147.92,152.93,120.0,103.89,109.92,161.06,174.35,162.97,178.41,159.46,186.56,166.74,139.99,119.8,106.29,138.42,158.51,107.01,152.52,194.1,165.78
2023-03-07,158.03,150.2,140.47,107.72,121.3,162.73,192.12,151.93,160.88,177.72,112.59,111.99,172.62,147.31,167.33,165.57,124.46,137.15,124.99,130.54,112.15,110.81,141.88,152.4,145.66,148.04,152.57,119.9,103.63,109.89,160.88,174.09,162.69,178.82,159.2,186.18,166.61,139.58,119.58,106.29,138.11,158.74,106.69,152.58,194.03,166.41
2023-03-08,157.92,150.28,140.83,107.86,121.05,163.14,192.22,152.31,161.39,178.36,112.21,111.63,173.09,148.05,168.02,165.58,124.72,137.28,125.23,130.54,112.49,110.73,141.77,152.7,145.88,148.32,153.13,119.81,103.7,110.04,161.02,174.26,162.71,179.76,156.6,186.53,166.77,139.54,119.49,106.4,137.91,159.25,106.52,152.88,194.58,167.41
2023-03-09,157.89,150.23,140.73,107.82,120.96,163.41,192.1,152.52,161.67,178.54,111.63,111.12,173.03,148.41,168.52,165.46,124.85,137.18,125.25,130.54,112.53,110.63,141.53,152.83,145.97,148.58,153.29,119.22,103.61,109.86,161.09,174.22,162.55,179.95,154.08,186.53,166.84,139.25,119.31,106.37,137.86,159.59,106.25,153.04,194.74,167.72
2023-03-10,158.36,150.88,141.24,108.4,121.19,164.72,192.83,153.51,162.43,179.62,111.59,110.87,173.87,150.22,169.47,165.63,126.19,137.87,126.05,131.04,112.9,110.76,141.4,153.71,146.78,149.1,153.69,120.24,103.91,110.21,161.54,174.47,162.95,181.04,151.89,186.92,167.66,139.51,119.59,106.65,138.15,160.64,106.16,153.94,195.64,168.55
2023-03-11,157.98,151.68,141.68,109.16,121.62,166.21,193.48,154.68,163.38,180.71,111.59,110.68,174.91,152.13,171.23,166.07,127.54,138.64,126.77,131.71,113.26,110.96,141.71,154.69,147.98,149.85,154.46,121.31,104.28,110.97,162.02,174.73,163.41,181.83,149.78,187.52,168.65,139.85,119.96,107.02,138.52,161.85,106.09,155.49,196.63,169.18
2023-03-12,157.38,152.25,141.97,109.68,121.77,167.37,193.88,155.58,163.92,181.6,111.53,110.28,175.83,153.92,171.7,166.14,128.85,139.21,127.29,132.14,113.44,110.9,141.71,155.5,148.9,150.36,155.0,122.29,104.47,111.22,162.19,174.81,163.69,182.53,147.65,187.93,169.32,140.06,120.2,107.22,138.71,162.69,105.88,156.21,197.47,169.75
2023-03-13,156.53,152.77,142.3,109.94,121.81,168.6,194.36,156.29,164.46,182.51,111.36,109.85,176.81,155.72,172.44,166.37,130.14,139.71,127.68,132.5,113.46,110.75,141.75,156.28,149.82,150.81,155.46,123.2,104.89,111.4,162.05,174.49,163.65,183.2,145.43,188.24,170.0,140.23,120.31,107.41,138.75,163.55,105.57,157.15,198.19,169.92
2023-03-14,155.64,152.59,142.57,110.4,122.03,169.78,194.71,156.97,164.98,183.41,111.24,109.48,177.64,157.56,173.24,166.58,131.47,140.25,128.4,132.9,113.59,110.67,141.88,157.15,150.82,151.36,155.97,124.17,105.43,111.83,161.92,174.29,163.67,183.78,143.15,188.44,170.74,140.45,120.63,107.77,138.97,163.77,105.37,158.02,198.97,170.45
2023-03-15,155.35,153.32,142.93,111.11,122.41,170.85,195.34,158.06,165.68,184.33,111.94,109.32,178.57,159.43,174.03,167.2,132.83,141.07,129.35,133.57,113.81,110.79,142.32,158.18,151.98,152.08,156.61,125.41,106.1,112.4,162.32,174.48,164.14,184.7,143.58,189.12,171.66,140.94,121.25,108.33,139.6,164.16,105.38,158.98,199.89,170.93
2023-03-16,154.34,153.75,143.15,111.42,122.35,171.86,195.77,159.01,166.15,185.37,112.45,109.06,179.59,160.92,174.6,167.29,134.26,141.72,130.17,133.84,113.86,110.66,142.48,158.95,152.66,152.28,157.22,126.49,106.43,112.81,162.45,174.59,164.57,185.52,144.06,189.51,172.24,141.13,121.8,108.71,139.74,164.21,105.32,159.83,200.83,171.41
2023-03-17,152.86,153.57,142.87,111.32,122.1,171.82,195.61,159.21,166.21,185.56,112.47,108.64,179.62,161.06,174.74,167.18,134.4,141.72,130.28,133.72,113.74,110.35,142.52,159.08,152.68,152.36,157.54,126.44,106.63,112.65,162.28,174.52,164.5,185.41,144.09,189.64,172.33,141.06,121.85,108.75,139.65,163.8,105.09,159.8,201.05,171.29
2023-03-18,152.29,153.35,142.55,111.26,121.83,171.78,195.49,159.35,166.3,185.7,112.42,108.36,179.47,161.02,175.01,166.91,134.49,141.69,130.41,133.47,113.63,110.11,142.3,159.14,152.34,152.09,157.47,126.32,106.71,112.56,162.16,174.54,164.56,185.68,144.07,189.64,172.3,140.92,121.83,108.74,139.43,163.35,104.9,159.66,201.35,171.27
2023-03-19,151.77,153.06,142.26,111.32,121.53,171.79,195.47,159.35,166.42,185.82,112.34,108.18,179.28,160.99,175.5,166.64,134.47,141.64,130.48,133.26,113.58,109.93,142.16,159.2,152.01,152.14,157.19,126.17,106.84,112.5,161.93,174.35,164.47,185.87,143.99,189.45,172.3,140.76,121.84,108.79,139.34,162.97,104.69,159.71,201.51,171.28
2023-03-20,151.5,152.87,142.01,111.6,121.39,171.78,195.64,159.72,166.49,186.02,112.33,108.07,179.11,161.03,175.74,166.36,134.64,141.71,130.72,133.17,113.68,109.89,142.12,159.34,151.75,152.19,157.28,126.12,106.82,112.55,162.02,174.52,164.63,186.14,144.05,189.7,172.43,140.66,122.04,108.9,139.34,162.59,104.59,159.59,201.78,171.74
2023-03-21,151.31,153.48,141.73,111.55,121.41,171.85,195.95,160.0,166.58,186.27,112.41,107.95,179.21,161.03,175.98,166.18,134.58,141.79,130.82,132.98,113.66,109.82,142.11,159.42,151.36,152.26,157.25,125.96,106.78,112.52,162.19,174.81,164.92,186.62,144.15,190.1,172.53,140.57,122.26,109.02,139.36,162.74,104.44,159.53,202.11,171.76
2023-03-22,150.7,153.31,141.55,111.42,121.39,171.97,196.19,160.07,166.56,186.54,112.44,107.8,179.38,161.01,176.17,165.94,134.61,141.77,130.75,132.82,113.63,109.62,142.04,159.45,150.76,152.26,157.28,125.77,106.63,112.4,161.99,174.84,164.98,186.76,144.22,190.22,172.62,140.36,122.3,109.06,139.3,162.87,104.2,159.36,202.36,171.79
2023-03-23,150.47,153.25,141.47,111.52,121.37,172.22,196.24,160.16,166.53,186.68,112.5,107.6,179.64,161.07,176.39,165.89,134.58,141.74,130.58,132.57,113.56,109.5,141.97,159.44,150.4,152.36,157.17,125.62,106.63,112.34,161.7,174.75,164.81,186.65,144.24,190.12,172.74,140.19,122.41,109.16,139.19,162.84,103.92,159.27,202.53,171.91
2023-03-24,150.28,153.23,141.47,111.49,121.43,172.61,196.49,160.31,166.56,186.9,112.55,107.43,180.06,161.19,176.64,165.93,134.62,141.76,130.57,132.37,113.43,109.33,141.96,159.49,150.09,152.35,156.94,125.58,106.37,112.44,161.5,174.74,164.83,186.81,144.36,190.18,172.84,140.0,122.46,109.22,139.06,162.78,103.66,159.26,202.61,171.97
2023-03-25,149.94,153.15,141.49,111.3,121.39,172.96,196.71,160.37,166.57,187.1,112.58,107.14,180.53,161.36,176.93,165.94,134.66,141.73,130.54,132.09,113.28,109.11,141.96,159.49,149.89,152.44,156.38,125.54,106.08,112.32,161.18,174.6,164.69,186.74,144.45,190.21,172.79,139.78,122.44,109.12,138.92,162.71,103.35,159.18,202.67,172.03
2023-03-26,149.68,153.22,141.55,111.11,121.42,173.37,196.93,160.72,166.7,187.46,112.67,106.97,181.04,161.61,177.29,166.09,134.96,141.84,130.66,131.95,113.16,108.91,141.97,159.63,149.8,152.36,156.53,125.57,105.87,112.32,161.14,174.76,164.79,186.79,144.59,190.46,172.97,139.67,122.49,109.21,138.83,162.76,103.1,159.19,202.9,172.06
2023-03-27,149.46,153.22,141.51,110.86,121.36,173.7,196.7,160.88,166.82,187.72,112.74,106.72,181.49,161.78,177.63,166.2,135.01,141.86,130.74,131.78,113.0,108.74,142.02,159.68,149.67,152.2,156.27,125.54,105.61,112.18,160.98,174.77,164.82,186.73,144.66,190.54,173.03,139.52,122.48,109.24,138.8,162.81,102.84,159.2,202.96,172.09
2023-03-28,149.16,153.21,141.46,110.69,121.05,173.91,196.41,161.09,166.88,188.01,112.76,106.53,181.94,162.0,177.85,166.34,135.25,141.91,130.92,131.66,112.85,108.55,141.95,159.75,149.73,152.1,156.19,125.64,105.35,112.06,160.79,174.71,164.86,186.97,144.74,190.56,173.09,139.34,122.5,109.3,138.61,162.81,102.58,158.79,202.94,171.11
2023-03-29,148.79,153.04,141.42,110.64,120.6,173.91,196.36,160.9,166.92,188.28,112.71,106.31,182.32,163.95,178.11,166.5,135.33,141.89,130.98,131.48,112.7,108.36,141.97,159.8,149.92,151.84,155.91,125.69,105.09,112.03,160.36,174.23,164.43,186.78,144.49,190.1,173.15,139.2,122.29,109.35,138.31,162.66,102.35,158.49,202.95,169.68
2023-03-30,148.48,152.95,141.28,110.48,120.25,173.85,196.51,160.94,167.07,188.6,112.72,106.18,182.53,166.38,178.39,166.62,135.47,142.01,131.22,131.49,112.69,108.23,142.09,159.95,149.95,151.8,155.87,125.75,104.9,111.79,160.29,174.1,164.43,186.9,144.41,190.26,173.28,139.13,122.39,109.55,138.27,162.86,102.17,158.18,202.99,168.28
2023-03-31,148.12,152.69,141.03,110.24,119.79,173.63,196.31,160.79,166.97,188.72,112.68,106.08,183.03,166.59,178.6,166.41,135.59,141.92,131.24,131.38,112.54,107.99,142.01,159.92,149.93,151.79,155.84,125.72,104.65,111.57,159.86,173.38,163.88,186.66,144.22,190.17,173.17,138.94,122.69,109.67,138.06,162.84,101.94,157.75,202.6,166.9
2023-04-01,147.81,152.36,140.8,110.02,119.36,173.44,196.05,160.49,166.77,188.9,113.04,106.01,183.4,165.68,178.65,166.29,135.67,141.79,131.08,131.23,112.41,107.8,142.03,159.8,149.73,151.72,155.91,125.65,104.5,111.35,159.5,172.72,163.45,186.48,146.32,189.72,173.01,138.77,122.82,109.89,137.64,162.78,101.77,157.28,202.01,165.56
2023-04-02,147.42,152.03,140.48,109.64,119.01,173.2,195.62,160.35,166.57,189.03,113.41,105.78,183.72,164.66,178.66,166.13,135.63,141.66,130.82,130.98,112.27,107.63,141.96,159.65,149.53,151.68,155.6,125.56,104.41,111.11,159.34,172.36,163.26,186.35,148.46,189.59,172.74,138.53,123.04,109.94,137.23,162.63,101.53,156.77,201.47,164.23
2023-04-03,146.93,151.62,140.24,109.25,118.6,172.98,195.45,159.92,166.3,189.17,113.64,105.36,184.0,163.74,178.65,165.9,135.66,141.46,130.48,130.69,112.1,107.3,141.79,159.47,149.25,151.67,155.27,125.46,104.28,110.82,158.91,171.74,162.86,186.35,150.56,188.99,172.39,138.26,123.16,109.97,136.62,162.5,101.24,156.18,200.97,162.86
2023-04-04,146.55,151.33,140.06,108.94,118.48,172.78,195.19,159.66,166.21,189.27,114.06,105.02,184.28,163.25,178.77,165.58,135.74,141.38,130.22,130.41,111.97,107.1,141.62,159.31,148.98,151.62,154.99,125.39,104.3,110.52,158.62,171.23,162.54,185.96,152.73,188.98,172.17,138.11,123.42,110.15,136.32,162.43,100.98,156.1,200.65,162.53
2023-04-05,146.33,151.15,139.92,108.54,118.31,172.82,194.87,159.76,166.15,189.37,114.55,104.68,184.13,161.16,178.95,165.27,136.03,141.36,130.16,130.24,111.92,106.91,141.39,159.2,148.7,151.82,155.05,125.34,104.34,110.18,158.4,171.05,162.51,186.01,155.02,189.13,171.94,137.99,123.93,110.36,136.03,162.52,100.74,156.06,200.27,162.61
2023-04-06,146.05,151.01,139.72,108.21,118.2,172.76,194.43,159.6,166.0,189.46,114.96,104.43,184.15,158.87,179.09,164.94,136.46,141.29,130.01,130.02,111.93,106.65,141.03,159.06,148.57,151.77,155.02,125.36,104.44,110.09,158.0,170.88,162.34,185.69,157.12,189.17,171.65,137.85,124.11,110.42,135.62,162.5,100.56,155.97,200.02,162.7
2023-04-07,145.78,151.0,139.55,108.06,118.05,172.73,194.17,159.61,166.06,189.63,115.45,104.14,183.95,158.57,179.26,164.82,136.88,141.37,130.13,129.84,112.0,106.55,140.82,159.02,148.44,151.8,155.22,125.35,104.61,110.11,157.82,171.18,162.57,185.76,159.08,189.04,171.55,137.85,124.12,110.59,135.41,162.77,100.34,155.88,200.25,162.85
2023-04-08,145.68,151.03,139.38,107.9,117.97,172.5,194.0,159.84,166.16,189.76,115.51,103.91,183.81,159.37,179.42,164.7,137.4,141.51,130.37,129.7,112.1,106.35,140.56,159.09,148.45,151.81,155.77,125.42,104.69,110.16,157.59,171.34,162.63,185.73,158.78,188.99,171.68,137.93,124.36,110.78,135.44,163.11,100.1,155.93,200.4,162.91
2023-04-09,145.57,151.0,139.28,107.83,117.72,172.26,193.89,159.83,166.27,189.85,115.51,103.71,183.74,160.23,179.59,164.56,137.88,141.6,130.56,129.6,112.21,106.14,140.28,159.13,148.37,152.0,156.26,125.47,104.68,110.13,157.25,171.38,162.59,185.65,158.44,188.76,171.73,138.01,124.43,110.95,135.38,163.54,99.91,155.98,200.56,163.03
2023-04-10,145.56,151.13,139.21,107.81,117.58,172.05,193.78,160.15,166.46,189.97,115.6,103.78,183.8,161.0,179.82,164.47,138.38,141.79,130.85,129.52,112.36,106.05,140.1,159.26,148.34,152.22,156.84,125.58,104.74,110.22,157.3,171.79,162.8,185.48,158.23,188.93,171.85,138.17,124.64,111.15,135.59,163.93,99.81,156.09,200.84,163.19
2023-04-11,145.47,151.21,138.99,107.75,117.43,171.92,193.53,160.3,166.56,190.14,115.56,103.62,183.79,161.43,180.02,164.41,138.83,141.9,131.07,129.44,112.53,105.89,139.96,159.39,148.24,152.37,157.3,125.63,104.58,110.25,157.35,172.16,162.99,185.54,157.9,188.8,171.9,138.2,124.71,111.23,135.6,164.27,99.68,156.14,200.97,163.33
2023-04-12,145.38,151.33,138.68,107.72,117.25,171.65,193.19,160.4,166.67,190.3,115.54,103.53,184.1,161.75,180.22,164.31,139.06,142.01,131.28,129.29,112.6,105.75,139.74,159.54,148.21,152.49,157.58,125.7,104.56,110.23,157.58,172.61,163.29,185.55,157.71,188.89,172.04,138.29,124.74,111.36,135.67,164.56,99.52,156.21,200.99,163.52
2023-04-13,145.3,151.33,138.43,107.57,117.02,171.41,192.74,160.32,166.87,190.58,115.55,103.23,184.32,162.16,180.44,164.29,139.17,142.06,131.48,129.09,112.59,105.63,139.53,159.64,148.1,152.75,157.72,125.67,104.5,110.23,157.74,172.75,163.5,185.87,157.44,188.54,172.24,138.36,124.83,111.42,135.63,164.8,99.27,156.29,200.92,163.63
2023-04-14,145.12,151.32,138.21,107.3,116.87,171.17,192.24,160.09,166.97,190.83,115.47,102.81,184.27,162.73,180.68,164.23,139.05,142.05,131.49,128.8,112.61,105.48,139.3,159.58,148.03,152.82,157.72,125.65,104.41,110.06,157.85,172.82,163.6,185.78,157.46,188.33,172.25,138.35,124.82,111.49,135.71,164.88,99.12,156.4,200.82,163.76
2023-04-15,144.06,150.43,137.77,106.72,116.03,171.2,191.48,159.99,167.0,190.86,115.29,101.97,184.24,162.99,180.73,163.46,139.04,141.85,131.72,128.23,112.33,104.98,138.46,159.38,147.39,152.28,157.23,125.46,104.12,109.46,157.42,172.68,163.61,185.87,157.42,187.85,171.74,137.88,124.74,111.33,135.1,164.77,98.63,156.4,200.96,163.9
2023-04-16,143.56,149.86,137.67,106.62,115.95,171.28,191.07,159.99,167.19,191.18,115.45,101.58,184.26,163.47,181.14,163.4,139.1,141.91,131.83,128.07,112.33,104.95,138.28,159.51,147.33,152.22,157.12,125.51,103.85,109.51,157.34,172.81,163.78,186.08,157.49,187.8,171.85,137.79,124.94,111.45,135.25,164.82,98.5,156.54,201.1,163.84
2023-04-17,143.01,149.18,137.56,106.43,115.86,171.28,190.71,159.87,167.33,191.43,115.59,101.14,184.19,163.97,181.48,163.38,139.14,141.93,131.8,127.9,112.32,104.85,138.09,159.52,147.26,152.18,157.05,125.52,103.82,109.42,157.04,172.74,163.81,186.27,157.49,187.64,171.9,137.64,125.1,111.59,135.27,164.82,98.33,156.63,201.17,163.9
2023-04-18,142.58,148.52,137.58,106.19,115.6,171.23,190.46,159.78,167.47,191.76,115.63,101.0,184.17,164.38,181.78,163.42,139.17,141.93,131.94,127.74,112.27,104.72,137.87,159.56,147.32,152.16,157.14,125.48,103.9,109.15,156.66,172.72,163.82,186.32,157.63,187.42,172.01,137.62,125.25,111.63,135.3,164.56,98.16,156.8,201.32,163.93
2023-04-19,142.12,147.78,137.56,105.92,115.35,171.15,190.18,159.4,167.26,192.21,115.65,100.83,184.12,164.85,182.03,163.36,139.08,141.78,132.03,127.51,112.25,104.58,137.67,159.56,147.37,152.21,157.07,125.41,103.63,108.91,156.25,172.53,162.65,184.68,157.77,187.3,172.09,137.5,125.47,111.67,135.28,164.58,98.0,156.99,200.45,163.94
2023-04-20,141.62,147.17,137.67,105.78,115.21,171.27,190.31,158.95,167.35,192.62,115.67,100.73,184.0,165.24,182.34,163.45,138.98,141.77,132.11,127.44,112.26,104.29,137.51,159.66,147.47,152.18,157.04,125.37,103.34,108.67,155.83,172.45,162.55,184.75,157.93,187.27,172.17,137.49,125.68,111.76,135.37,164.61,97.87,157.24,200.52,163.96
2023-04-21,141.07,146.57,137.82,105.61,115.05,171.43,190.43,159.21,167.5,193.13,115.75,100.61,184.15,165.39,182.69,163.49,139.19,141.84,132.26,127.64,112.18,103.93,137.17,159.9,147.55,152.18,156.66,125.36,103.18,108.47,155.68,172.6,162.61,184.93,158.18,187.47,172.3,137.46,125.99,111.83,135.23,164.7,97.65,157.62,200.69,163.89
2023-04-22,141.5,147.0,138.24,106.02,115.55,171.57,190.89,159.46,167.86,193.95,116.01,100.98,184.32,165.74,183.42,164.42,139.29,142.19,132.19,128.27,112.4,104.03,137.62,160.39,148.18,153.07,157.03,125.54,103.39,108.77,156.29,173.16,162.96,185.28,158.36,188.33,173.11,137.9,126.34,112.15,135.95,165.0,97.89,158.25,200.82,163.89
2023-04-23,141.3,147.02,138.29,105.91,115.33,171.67,191.04,159.57,167.94,194.5,115.91,100.85,184.5,165.88,183.73,164.6,139.33,142.21,132.19,128.42,112.31,103.6,137.4,160.51,148.23,153.19,156.93,125.44,103.53,108.45,156.28,173.17,162.87,185.5,158.42,188.36,173.24,137.9,126.44,112.21,135.81,165.02,97.74,158.71,200.87,164.08
2023-04-24,141.21,147.15,138.34,105.9,115.1,171.94,191.13,159.8,168.13,195.22,115.93,100.73,184.75,166.02,184.14,164.83,139.36,142.29,132.31,128.61,112.28,103.23,137.17,160.78,148.39,153.3,157.02,125.37,103.45,108.27,156.49,173.4,162.96,185.77,158.56,188.69,173.49,137.98,126.5,112.29,135.73,165.16,97.61,159.25,201.05,163.91
2023-04-25,141.09,147.23,138.39,105.97,114.85,172.21,191.38,160.0,168.25,195.8,116.01,100.25,184.92,166.14,184.49,164.76,139.39,142.35,132.3,128.76,112.21,102.8,136.8,160.98,148.32,153.46,156.92,125.35,103.32,108.24,156.67,173.58,162.99,185.75,158.66,188.92,173.65,137.92,126.53,112.41,135.6,165.49,97.46,159.76,201.16,163.85
2023-04-26,141.0,147.38,138.45,106.2,115.36,172.63,191.86,160.44,168.67,196.26,116.06,99.88,185.19,165.86,184.76,164.95,139.6,142.59,133.05,129.0,112.25,102.59,136.5,161.15,148.31,153.69,157.0,125.5,103.43,108.28,156.89,173.89,164.09,187.46,158.76,188.94,173.78,137.91,126.56,112.55,135.57,165.48,97.89,160.28,202.35,163.72
2023-04-27,141.03,147.47,138.39,106.43,115.81,172.86,192.03,161.18,168.7,196.76,116.11,99.52,185.65,165.71,184.91,164.92,139.77,142.71,133.92,129.08,112.28,102.51,136.26,161.3,148.22,154.07,157.1,125.59,103.5,108.44,157.06,174.14,164.1,187.5,158.81,189.02,173.92,137.85,126.59,112.67,135.45,165.49,98.37,160.75,202.57,163.54
2023-04-28,141.23,147.59,138.31,106.87,116.25,173.07,192.46,161.3,168.7,197.17,116.02,99.5,185.9,165.57,184.97,164.95,139.71,142.8,134.72,129.11,112.46,102.88,136.3,161.39,148.29,154.32,157.17,125.61,103.52,108.61,157.09,174.17,163.95,187.53,158.87,188.93,174.08,137.94,126.53,112.81,135.37,165.4,99.68,161.15,202.73,163.36
2023-04-29,141.19,147.48,138.13,106.76,116.53,173.18,192.72,161.34,168.6,197.47,115.97,99.18,185.9,165.46,184.91,164.83,139.79,142.78,135.48,129.0,112.48,102.64,136.2,161.35,148.01,154.37,156.9,125.69,103.35,108.76,157.0,174.11,163.7,187.36,158.95,188.68,174.03,137.85,126.63,112.87,135.14,165.32,99.49,161.22,202.78,163.03
2023-04-30,141.14,147.37,137.94,106.66,116.81,173.26,192.99,161.37,168.47,197.7,115.88,98.85,185.78,165.19,184.87,164.64,139.86,142.74,136.27,128.83,112.45,102.31,136.06,161.29,147.74,154.43,156.55,125.78,103.1,108.86,156.95,174.03,163.45,187.06,159.02,188.56,174.02,137.78,126.65,112.91,134.92,165.25,99.29,161.3,202.77,162.65
2023-05-01,140.93,147.15,137.74,106.47,117.08,173.25,193.26,161.13,168.24,197.77,115.6,98.5,185.62,163.65,184.73,164.31,139.87,142.57,136.96,128.58,112.37,101.92,135.88,161.12,147.43,154.37,155.42,125.83,102.8,108.93,156.72,173.74,163.07,186.78,159.02,188.2,173.9,137.6,126.62,112.87,134.63,165.02,99.08,161.26,202.6,162.48
2023-05-02,140.6,147.03,137.47,106.25,118.2,173.1,193.4,160.89,168.02,197.77,115.48,98.43,185.45,162.31,184.6,164.23,139.84,142.46,137.6,128.29,112.31,101.66,135.8,160.95,147.3,154.35,154.18,125.9,102.52,108.76,156.66,173.56,162.8,186.59,159.01,187.97,173.79,137.58,126.64,112.88,134.49,164.92,98.96,161.17,202.48,162.24
2023-05-03,140.22,146.7,137.01,105.75,118.01,172.56,193.08,160.47,167.65,197.67,115.18,98.3,185.34,161.2,184.4,163.86,139.74,142.17,137.39,127.85,112.19,101.4,135.54,160.59,147.29,153.92,152.84,125.81,102.18,108.5,156.32,173.06,162.35,186.37,158.98,187.53,173.52,137.41,126.18,112.83,134.04,164.63,99.11,160.91,202.2,162.06
2023-05-04,139.25,146.18,136.37,104.9,117.17,172.13,192.65,159.95,167.19,197.43,114.8,97.72,185.32,159.97,184.2,163.18,139.64,141.74,136.73,127.16,111.82,100.83,134.89,160.1,146.94,153.14,151.25,125.62,101.66,107.59,154.88,172.37,161.78,186.22,158.96,186.81,172.92,137.04,125.67,112.57,133.26,164.19,98.92,160.7,201.85,161.84
2023-05-05,138.78,145.88,135.95,104.28,117.0,172.14,191.96,159.81,167.04,197.37,115.18,97.44,185.41,159.14,184.35,162.93,139.76,141.59,136.64,126.72,111.6,100.24,134.61,159.91,146.84,152.86,150.25,125.62,101.39,107.3,153.81,172.14,161.42,186.09,159.0,186.8,172.75,136.88,125.66,112.56,133.06,164.1,98.29,160.72,201.81,161.75
2023-05-06,138.41,145.7,135.55,103.92,116.98,172.31,191.27,159.67,166.86,197.26,115.46,97.39,185.69,158.35,184.38,162.68,139.71,141.49,136.6,126.24,111.44,100.26,134.4,159.72,146.92,152.57,149.37,125.5,101.15,106.91,152.75,172.06,161.21,185.74,159.35,186.76,172.65,136.79,125.57,112.59,132.82,163.89,99.01,160.87,201.83,161.65
2023-05-07,138.11,145.6,135.17,103.63,117.07,172.56,190.62,159.57,166.8,197.25,115.79,97.38,186.03,157.83,184.46,162.51,139.69,141.45,136.61,125.83,111.34,100.42,134.23,159.61,147.08,152.36,148.7,125.41,101.0,106.6,151.8,172.1,161.1,185.57,159.67,186.94,172.59,136.78,125.51,112.64,132.71,163.71,99.73,161.08,201.95,161.57
2023-05-08,137.78,145.53,134.78,103.42,117.04,172.81,190.02,159.69,166.75,197.28,116.21,97.36,186.33,158.59,184.59,162.39,139.73,141.49,136.63,125.45,111.2,100.39,134.1,159.55,147.14,152.26,148.62,125.33,100.84,106.24,150.92,172.22,160.96,185.45,160.0,187.13,172.59,136.76,125.59,112.69,132.6,163.6,100.34,161.36,202.05,161.51
2023-05-09,137.48,145.36,134.38,103.19,116.15,173.1,189.45,159.79,166.68,197.32,116.52,97.12,186.57,159.25,184.69,162.24,139.76,141.45,136.71,125.13,110.74,100.24,134.01,159.44,147.07,152.15,148.41,125.21,100.69,106.12,149.91,172.2,160.75,185.45,160.28,187.11,172.62,136.61,125.57,112.57,132.42,163.43,100.82,161.67,202.11,161.39
2023-05-10,137.22,145.4,134.25,103.18,115.99,173.59,189.22,160.12,166.78,197.66,117.03,96.77,186.7,159.83,184.96,162.6,139.8,141.55,136.86,124.91,110.21,99.8,134.27,159.64,146.83,152.26,148.26,125.14,100.56,106.07,149.16,172.56,160.83,185.44,160.54,187.29,172.83,136.65,125.98,112.57,132.43,163.47,100.54,162.1,202.39,161.32
2023-05-11,137.45,145.6,134.3,103.63,116.47,173.95,189.13,160.55,166.97,198.07,117.67,96.92,186.42,160.44,185.3,163.27,139.73,141.76,137.36,124.87,109.85,99.54,134.85,159.97,147.06,152.63,148.29,124.92,100.68,106.5,149.49,173.02,160.94,185.36,160.93,187.82,173.29,136.88,126.5,112.81,132.74,163.69,100.49,162.44,202.69,161.28
2023-05-12,136.41,144.88,133.23,103.08,115.64,173.41,187.6,160.07,165.54,197.43,117.13,96.14,185.33,160.49,184.71,162.71,139.23,141.15,136.64,123.66,108.61,98.6,134.14,159.2,146.13,151.79,147.44,124.16,100.1,105.82,148.93,172.56,160.57,184.83,160.99,186.97,172.16,135.88,126.21,112.28,132.09,162.92,99.85,162.02,202.16,160.99
2023-05-13,136.16,144.78,133.14,103.2,115.34,173.16,187.53,160.08,165.42,197.7,117.13,95.73,185.18,160.63,184.74,162.87,138.96,141.04,136.49,123.3,107.97,98.06,134.01,159.27,145.96,151.82,147.21,123.84,100.06,105.59,148.89,172.43,160.41,184.9,161.11,186.86,172.17,135.73,126.18,112.22,131.67,162.77,99.56,162.17,202.23,161.05
2023-05-14,135.88,144.69,133.08,103.37,115.0,172.84,187.51,160.1,165.31,197.97,117.16,95.36,185.06,160.82,184.69,163.12,138.72,140.94,136.31,122.84,107.37,97.49,133.96,159.34,145.78,151.91,146.96,123.53,99.85,105.33,148.81,172.28,160.24,184.94,161.27,186.77,172.22,135.58,126.19,112.17,131.38,162.68,99.32,162.32,202.26,161.15
2023-05-15,135.67,144.56,133.04,103.52,114.79,172.25,187.5,160.0,165.05,198.21,117.14,95.02,184.83,160.94,183.85,163.38,138.44,140.8,136.16,122.36,106.8,97.14,133.9,159.39,145.69,152.01,146.75,123.23,99.65,105.18,148.72,172.11,160.09,184.82,161.42,186.72,172.25,135.51,126.16,112.12,131.18,162.45,99.17,162.16,202.27,161.2
2023-05-16,135.28,144.35,132.89,103.63,114.39,171.36,187.26,159.73,164.27,198.44,117.09,94.73,184.41,160.8,181.16,163.4,138.16,140.54,135.95,121.74,106.41,96.65,133.7,159.4,145.44,151.98,146.84,122.95,99.3,104.95,148.5,171.77,159.81,184.59,161.42,186.61,172.13,135.43,126.36,112.08,130.77,162.17,99.06,161.0,202.05,161.21
2023-05-17,135.08,144.28,132.72,103.65,114.19,170.6,187.19,159.55,163.63,198.72,117.12,94.55,184.11,160.76,178.27,163.24,138.3,140.39,135.95,121.26,106.15,96.39,133.13,159.44,145.3,152.03,147.07,123.03,99.05,104.75,148.43,171.62,159.69,184.59,161.61,186.68,172.1,135.36,126.59,111.96,130.6,162.08,98.69,159.6,201.74,161.29
2023-05-18,134.9,144.21,132.5,103.49,114.0,169.81,187.22,159.28,162.93,198.89,117.1,94.33,184.09,160.71,175.14,162.98,138.48,140.25,135.8,120.92,105.92,96.2,132.6,159.46,145.49,151.99,147.42,123.32,98.76,104.63,148.35,171.53,159.64,184.42,161.73,186.77,172.09,135.25,126.74,111.82,130.5,161.8,98.39,158.07,201.44,161.39
2023-05-19,135.34,144.74,133.09,103.8,114.35,169.95,188.49,159.49,164.01,199.93,117.46,94.47,184.7,161.1,175.4,163.37,138.97,140.66,136.05,121.31,106.23,96.42,132.73,160.18,146.47,152.61,148.38,124.01,98.76,105.01,148.48,171.69,159.71,184.57,161.87,187.28,173.01,135.94,127.14,112.08,130.55,162.42,98.31,158.56,201.79,161.63
2023-05-20,135.04,144.75,132.68,103.57,114.24,169.77,188.36,159.4,163.89,200.17,117.37,94.27,184.55,161.33,175.13,162.97,139.22,140.62,135.78,121.02,106.09,96.12,132.16,160.18,146.87,152.44,148.6,124.34,98.3,105.0,148.08,171.52,159.6,184.38,161.88,187.22,172.78,135.84,127.3,111.97,130.41,162.5,97.9,158.52,201.65,161.63
2023-05-21,134.88,144.8,132.37,103.41,114.23,169.61,188.42,159.31,163.82,200.4,117.34,94.19,184.43,161.43,175.01,162.71,139.47,140.64,135.71,120.96,106.01,95.97,131.75,160.23,147.34,152.31,148.91,124.72,98.07,105.12,147.78,171.48,159.6,184.22,161.86,187.24,172.66,135.8,127.48,111.82,130.24,162.6,97.56,158.52,201.59,161.6
2023-05-22,134.86,144.94,132.05,103.27,114.27,169.65,188.37,159.33,163.91,200.67,117.36,94.13,184.38,161.55,175.66,162.44,139.72,140.71,135.65,120.95,105.95,95.83,131.32,160.33,147.8,152.17,149.23,125.09,97.85,105.16,147.52,171.46,159.65,184.14,161.85,187.28,172.55,135.73,127.72,111.73,130.06,162.87,97.18,158.81,201.67,161.61
2023-05-23,134.82,144.99,131.84,103.08,114.36,169.92,188.51,159.28,164.33,200.86,117.21,94.04,184.56,161.76,178.04,162.26,139.98,140.82,135.57,120.94,105.89,95.77,130.97,160.44,148.31,152.0,149.29,125.44,97.67,105.15,147.08,171.22,159.56,184.11,161.91,187.16,172.45,135.63,127.59,111.76,129.91,163.03,96.85,159.99,201.81,161.68
2023-05-24,134.86,144.97,131.64,103.07,114.34,170.14,188.46,159.4,164.79,200.92,117.08,93.83,184.68,161.99,180.72,162.03,139.89,140.89,135.59,121.01,105.68,95.64,130.8,160.49,148.94,151.88,149.35,125.49,97.55,105.38,146.69,170.95,159.38,183.45,161.83,187.08,172.32,135.49,127.61,111.84,129.6,163.08,96.77,161.52,202.11,161.53
2023-05-25,134.89,144.95,131.4,103.08,114.28,170.27,188.4,159.64,165.26,201.11,116.97,93.71,184.67,162.07,183.46,161.91,139.79,140.95,135.59,121.0,105.48,95.62,130.61,160.57,149.1,151.66,149.05,125.54,97.38,105.32,146.42,170.76,159.26,182.6,161.84,187.14,172.12,135.33,127.56,111.85,129.21,163.27,96.67,163.18,202.41,161.35
2023-05-26,134.98,144.94,131.16,103.24,114.26,169.27,188.51,159.91,165.21,201.21,116.99,93.56,184.8,162.03,183.34,161.9,139.66,140.97,135.84,121.03,105.38,95.52,130.51,160.67,149.23,151.66,148.98,125.62,97.34,105.22,146.61,170.86,159.41,181.81,161.91,187.62,172.06,135.28,127.74,111.91,129.21,163.21,96.59,163.33,202.6,161.2
2023-05-27,135.1,144.83,131.02,103.46,114.25,168.08,188.71,159.98,165.2,201.18,116.96,93.55,184.71,161.73,183.24,162.12,139.53,140.94,135.99,121.04,105.22,95.4,130.5,160.69,149.48,151.59,148.66,125.7,97.3,105.11,146.76,170.8,159.39,180.93,161.89,188.15,172.01,135.26,127.88,111.92,129.36,163.06,96.41,163.5,202.76,160.94
2023-05-28,135.04,144.52,130.66,103.42,113.91,166.87,188.53,159.96,165.01,201.03,116.84,93.28,184.56,161.39,183.0,162.02,139.32,140.78,135.92,120.85,104.89,95.07,130.2,160.55,149.51,151.26,148.12,125.66,97.1,104.72,146.77,170.58,159.24,179.95,161.75,188.34,171.67,135.06,127.91,111.91,129.28,162.9,96.08,163.56,202.75,160.64
2023-05-29,134.87,144.16,130.35,103.33,113.54,165.65,188.38,159.94,164.83,200.94,116.71,92.97,184.44,161.05,182.77,161.94,139.15,140.63,135.83,120.68,104.58,94.76,129.9,160.4,149.57,151.0,147.59,125.66,96.91,104.38,146.77,170.41,159.13,178.97,161.65,188.57,171.32,134.89,127.91,111.85,129.13,162.72,95.82,163.66,202.75,160.36
2023-05-30,134.79,143.78,130.0,103.29,113.2,164.21,188.12,159.87,164.67,200.68,116.63,92.7,184.12,160.69,182.4,161.82,138.95,140.46,135.73,120.61,104.29,94.51,129.57,160.18,149.57,150.76,147.15,125.58,96.77,104.08,146.87,170.35,159.06,177.95,161.51,188.73,170.91,134.71,127.97,111.71,128.95,162.5,95.47,163.65,202.74,159.93
2023-05-31,134.31,143.15,129.59,103.07,112.73,162.83,187.66,159.36,164.17,200.25,116.36,92.28,183.9,160.22,181.81,161.51,138.66,140.11,135.23,120.24,103.91,94.04,129.18,159.81,149.18,150.15,146.36,125.42,96.45,103.4,146.6,169.96,158.81,177.37,161.29,188.58,170.3,134.37,127.81,111.44,128.66,161.94,94.96,163.42,202.48,159.61
2023-06-01,133.64,142.37,129.17,102.73,112.12,161.46,187.13,158.61,163.56,199.62,115.98,91.78,183.72,159.05,181.33,161.05,138.38,139.67,134.72,119.7,103.44,93.56,128.71,159.32,148.76,149.67,145.25,125.25,96.09,102.94,146.15,169.34,158.38,176.92,160.95,188.14,169.68,134.02,127.56,111.05,128.34,161.41,94.33,163.22,202.06,159.16
2023-06-02,133.08,141.65,128.7,102.3,111.49,160.6,186.58,158.13,163.03,198.91,115.7,91.34,183.39,158.07,180.87,160.45,138.01,139.27,134.23,119.18,103.04,93.14,128.27,158.89,148.38,149.17,144.02,125.07,95.72,102.57,145.78,169.02,158.21,176.5,160.77,187.67,169.08,133.64,127.29,110.76,127.91,161.03,93.75,162.98,201.69,157.82
2023-06-03,132.49,140.91,128.23,101.83,111.0,159.95,185.97,157.46,162.41,197.7,115.29,90.88,183.11,157.37,180.46,159.66,137.55,138.81,133.75,118.62,102.64,92.91,127.84,158.35,147.97,148.78,143.18,124.81,95.26,102.25,145.07,168.48,157.83,176.08,160.5,186.69,168.43,133.12,126.94,110.41,127.26,160.75,93.4,162.73,201.18,156.6
2023-06-04,131.96,140.25,127.79,101.4,110.58,159.26,185.47,156.91,161.85,196.51,114.96,90.52,182.8,156.72,179.97,158.93,137.06,138.4,133.27,118.1,102.35,92.72,127.52,157.87,147.77,148.55,142.46,124.56,94.83,102.04,144.63,168.15,157.58,175.66,160.35,186.09,167.81,132.66,126.64,110.1,126.68,160.34,93.1,162.47,200.74,155.4
2023-06-05,131.43,139.68,127.38,101.06,110.23,158.65,185.08,156.49,161.33,195.37,114.67,90.27,182.52,156.14,179.5,158.24,136.73,138.06,132.87,117.61,102.07,92.56,127.26,157.47,147.64,148.3,141.78,124.34,94.45,101.85,144.3,167.89,157.36,175.28,160.19,185.82,167.3,132.25,126.37,109.83,126.29,159.91,92.83,162.26,200.34,154.24
2023-06-06,131.05,139.33,127.01,100.76,110.08,158.48,184.72,156.39,161.0,194.6,114.37,90.12,182.41,155.73,179.35,157.78,136.43,137.82,132.58,117.19,101.89,92.42,127.09,157.23,147.65,148.33,141.34,124.15,94.15,101.78,144.23,167.88,157.27,174.95,160.27,185.66,167.05,131.97,126.06,109.59,126.02,159.67,92.56,162.4,200.13,153.23
2023-06-07,130.81,139.06,126.64,100.5,110.0,158.16,184.46,156.44,160.8,193.81,114.08,90.1,182.34,155.43,179.26,157.43,136.12,137.68,132.44,116.88,101.78,92.42,126.92,157.04,147.81,148.55,141.09,123.98,93.88,101.74,144.34,168.1,157.5,174.69,160.38,186.01,166.96,131.71,125.86,109.46,125.89,159.67,92.34,162.71,200.12,152.21
2023-06-08,130.81,138.95,126.39,100.33,110.08,158.0,184.19,156.62,160.77,193.52,113.91,89.88,182.33,155.93,179.12,157.3,135.87,137.64,132.42,116.79,101.69,92.35,126.82,157.02,148.33,148.74,141.45,123.84,93.67,101.69,144.54,168.45,157.82,174.62,160.52,186.43,167.06,131.41,125.77,109.46,125.89,159.58,91.56,163.03,200.29,151.34
2023-06-09,130.74,138.83,126.28,100.12,110.26,157.95,183.93,156.52,160.72,193.28,113.64,89.7,182.45,156.16,179.01,157.22,135.78,137.55,132.22,116.79,101.55,92.2,126.64,156.97,148.66,148.99,141.77,123.74,93.45,101.56,144.49,168.48,157.9,174.57,160.59,186.75,167.2,131.09,125.59,109.36,125.81,159.39,90.72,163.23,200.45,151.5
2023-06-10,130.59,138.67,126.16,99.88,110.21,157.9,183.65,156.41,160.63,193.64,113.34,89.27,182.63,156.02,178.88,157.13,135.63,137.44,132.03,116.77,101.34,91.88,126.4,156.99,148.72,149.18,141.96,123.64,93.26,101.52,144.69,168.63,158.14,174.45,160.7,187.31,167.17,130.86,125.31,109.24,125.8,159.13,89.6,163.35,200.69,151.6
2023-06-11,130.53,138.57,126.15,99.67,110.34,157.96,183.48,156.28,160.58,194.11,113.12,88.87,182.77,155.93,178.91,157.25,135.63,137.4,131.9,116.99,101.2,91.67,126.26,157.11,148.82,149.36,142.27,123.65,93.18,101.49,144.74,168.66,158.33,174.39,160.82,187.76,167.33,130.74,125.12,109.24,125.88,159.03,88.59,163.55,200.9,151.73
2023-06-12,130.51,138.44,126.08,99.45,110.38,157.96,183.3,156.08,160.48,194.57,112.86,88.36,182.88,155.74,178.91,157.28,135.43,137.3,131.68,117.17,101.02,91.37,126.06,157.2,148.82,149.51,142.34,123.56,93.03,101.41,144.73,168.6,158.49,174.3,160.93,187.88,167.48,130.58,124.89,109.21,125.79,159.0,87.56,163.67,201.01,151.78
2023-06-13,130.51,138.3,125.98,99.55,110.35,157.96,183.1,155.95,160.37,194.89,112.84,87.85,183.06,155.54,178.81,157.22,135.46,137.25,131.44,117.32,100.88,91.09,125.8,157.18,148.77,149.44,142.32,123.59,92.88,101.3,144.67,168.56,158.73,174.5,160.98,188.25,167.48,130.32,124.89,109.2,125.78,158.9,86.54,163.85,201.08,151.91
2023-06-14,130.48,138.28,125.94,99.74,110.3,158.03,182.93,155.86,160.28,195.22,112.89,87.48,183.03,155.4,178.8,157.22,135.73,137.26,131.17,117.3,100.8,90.85,125.71,157.23,148.71,149.45,142.28,123.93,92.75,101.36,144.62,168.42,158.79,174.61,161.08,188.32,167.61,130.15,124.79,109.12,125.66,158.91,85.67,164.0,201.07,152.05
2023-06-15,130.36,138.18,125.84,99.94,110.25,158.13,182.67,155.65,160.06,195.11,112.82,87.42,183.0,155.07,178.8,157.12,135.57,137.15,130.81,117.24,100.79,90.57,125.63,157.12,148.37,149.44,142.3,123.89,92.55,101.46,144.52,168.23,158.72,174.26,161.14,188.38,167.53,130.03,124.64,109.06,125.42,158.77,85.47,164.47,200.97,152.15
2023-06-16,130.29,138.1,125.81,100.21,110.17,158.21,182.54,155.45,159.88,195.04,112.77,87.27,182.97,154.75,178.66,157.06,135.39,137.05,130.68,117.12,100.79,90.34,125.7,157.06,148.13,149.36,142.18,123.82,92.37,101.64,144.5,168.06,158.67,174.05,160.76,188.23,167.52,129.96,124.57,108.99,125.2,158.78,85.26,165.19,200.79,152.14
2023-06-17,130.25,138.06,125.82,100.32,110.09,158.08,182.46,155.39,159.74,194.83,112.82,87.29,182.98,154.89,178.47,157.07,135.31,137.02,130.55,117.07,100.77,90.18,125.84,157.0,148.06,149.17,142.06,123.79,92.3,101.66,144.59,167.93,158.66,174.1,160.36,188.28,167.66,129.94,124.56,108.99,124.89,158.68,85.29,166.02,200.63,152.24
2023-06-18,130.19,138.01,125.79,100.53,110.02,157.97,182.23,155.38,159.58,194.59,112.82,87.31,183.19,155.03,178.21,156.89,135.31,137.0,130.41,116.82,100.7,89.99,125.92,156.9,147.73,149.1,141.83,123.81,92.21,101.69,144.65,167.84,158.68,174.17,159.97,188.34,167.82,129.84,124.65,108.92,124.61,158.57,85.27,166.88,200.53,152.33
2023-06-19,130.12,137.98,125.8,100.73,109.97,157.85,182.05,155.31,159.43,194.27,112.77,87.33,183.34,155.2,177.99,156.86,135.26,136.95,130.28,116.56,100.65,89.85,126.02,156.75,147.46,148.97,141.74,123.79,92.14,101.75,144.68,167.77,158.7,174.21,159.55,188.33,167.91,129.76,124.66,108.84,124.34,158.46,85.24,167.74,200.51,152.46
2023-06-20,130.02,137.88,125.88,100.62,109.85,157.68,181.92,155.11,159.23,193.95,112.64,87.33,183.41,155.27,177.66,156.81,134.98,136.84,130.12,116.33,100.53,89.69,126.16,156.68,147.22,148.8,141.69,123.68,92.08,101.65,144.67,167.72,158.7,174.0,158.98,188.39,168.05,129.75,124.52,108.73,124.08,158.33,85.2,168.47,200.41,152.5
2023-06-21,129.89,137.79,125.94,100.44,109.64,157.52,181.78,154.73,158.99,193.72,112.51,87.17,183.62,155.31,177.3,156.62,134.36,136.6,129.9,116.19,100.36,89.44,126.14,156.5,146.87,148.12,141.61,123.15,91.98,101.3,144.61,167.71,158.72,173.69,158.31,188.46,167.93,129.68,124.25,108.68,123.83,158.12,85.11,169.26,200.41,149.83
2023-06-22,129.92,137.81,126.18,100.39,109.41,157.4,181.72,154.69,158.93,193.72,112.5,86.95,183.86,155.72,177.02,156.57,134.32,136.57,129.89,116.17,100.39,89.37,126.14,156.53,146.57,147.64,141.89,123.06,92.16,101.07,144.54,167.74,158.87,174.0,157.65,188.49,168.04,129.77,124.06,108.69,123.55,158.12,85.12,169.85,200.54,147.34
2023-06-23,129.89,137.75,126.11,100.2,109.15,157.22,181.5,154.5,158.71,193.71,112.39,86.66,184.04,156.08,176.76,156.49,134.24,136.49,129.75,116.09,100.28,89.22,126.0,156.5,146.28,147.09,142.25,122.97,92.12,100.64,144.4,167.75,158.94,174.01,157.41,188.75,167.9,129.73,123.86,108.62,123.31,159.19,84.97,170.31,200.56,144.72
2023-06-24,129.72,137.62,126.0,100.14,108.98,156.91,181.24,154.09,158.11,193.68,112.34,86.41,184.12,156.14,175.31,156.49,134.41,136.38,129.63,115.94,100.19,89.08,125.82,156.44,145.93,146.64,142.59,122.99,92.05,100.26,143.94,167.49,158.7,173.84,157.15,188.65,167.91,129.64,124.19,108.53,123.04,158.95,84.82,170.01,200.28,145.56
2023-06-25,129.59,137.43,125.83,99.97,108.79,156.32,180.93,153.67,157.24,193.48,112.29,86.1,184.05,156.1,172.85,156.43,134.34,136.18,129.45,115.73,100.09,88.89,125.52,156.33,145.66,146.15,142.87,122.87,91.99,99.77,143.65,167.39,158.6,173.61,156.91,188.8,167.73,129.49,124.48,108.4,122.8,158.58,84.59,169.16,199.87,146.4
2023-06-26,129.42,137.22,125.58,99.78,108.58,155.7,180.59,153.43,156.3,193.29,112.26,85.8,184.1,156.03,169.96,156.22,134.39,135.98,129.32,115.54,99.97,88.68,125.18,156.21,145.4,145.76,143.12,122.82,91.92,99.26,143.39,167.31,158.53,173.4,156.7,188.96,167.56,129.33,124.82,108.19,122.56,158.17,84.34,168.12,199.34,147.29
2023-06-27,129.23,137.04,125.3,99.61,108.49,155.12,180.07,153.24,155.34,193.08,112.22,85.47,184.16,156.06,166.91,156.02,134.45,135.8,129.09,115.24,99.87,88.54,124.86,156.14,145.19,145.52,143.25,122.76,91.83,98.89,143.14,167.16,158.43,173.2,156.57,189.06,167.4,129.16,125.27,108.04,122.36,157.83,84.16,167.01,198.86,148.29
2023-06-28,129.08,136.77,124.95,99.37,108.42,154.53,179.71,153.21,154.38,192.75,112.13,85.18,184.17,156.04,163.72,155.92,134.76,135.67,128.93,114.99,99.78,88.47,124.68,156.12,144.98,145.6,143.28,122.85,91.76,98.51,142.87,167.1,158.35,173.03,156.48,189.07,167.37,129.05,125.84,107.81,122.22,157.14,83.96,165.71,198.22,151.98
2023-06-29,128.8,136.45,124.48,99.12,108.33,153.84,179.43,152.98,153.34,192.24,112.01,84.87,184.1,155.77,160.45,155.71,134.88,135.48,128.63,114.62,99.45,88.34,124.5,156.01,144.75,145.77,142.97,122.86,91.43,97.78,142.68,167.1,158.31,172.66,156.32,189.2,167.2,128.83,126.46,107.55,122.2,156.48,83.65,164.31,197.5,155.52
2023-06-30,128.55,136.16,124.2,99.02,108.15,153.26,179.21,152.74,152.42,191.67,111.83,84.67,183.98,155.6,157.48,155.58,134.96,135.25,128.33,114.2,99.19,88.25,124.4,155.9,144.51,145.79,142.43,122.83,91.25,97.06,142.36,167.0,158.17,172.26,156.17,189.24,167.13,128.72,126.69,107.25,122.14,154.43,83.49,163.04,197.23,159.18
2023-07-01,128.38,135.89,123.79,98.9,107.93,152.61,178.87,152.65,151.71,191.05,111.57,84.37,183.65,154.85,155.51,155.29,134.77,134.96,127.9,113.77,98.93,88.27,124.31,155.7,144.24,145.42,141.43,122.66,90.96,96.31,142.29,167.25,158.29,171.77,155.69,189.48,166.73,128.66,126.22,106.93,122.2,153.64,83.28,162.04,197.15,159.28
2023-07-02,128.11,135.6,123.44,98.73,107.58,152.25,178.35,152.47,151.29,190.34,111.2,84.12,183.27,154.14,154.58,154.96,134.58,134.65,127.49,113.35,98.56,88.23,124.16,155.46,143.83,145.04,140.35,122.43,90.66,95.64,142.01,167.2,158.2,171.29,154.99,189.33,166.27,128.56,125.59,106.72,121.96,152.88,83.08,161.62,197.19,159.29
2023-07-03,127.85,135.32,123.17,98.56,107.34,151.9,177.93,152.11,150.87,189.67,110.87,83.88,182.8,153.48,153.77,154.71,134.46,134.37,127.01,112.96,98.2,88.21,124.02,155.24,143.41,144.7,139.27,122.31,90.37,94.97,141.71,167.12,158.03,170.75,154.29,189.21,165.83,128.47,125.13,106.56,121.74,152.11,82.9,161.15,197.22,159.27
2023-07-04,127.53,134.98,122.91,98.36,106.9,151.41,177.74,151.57,150.5,189.06,110.5,83.67,182.28,152.91,153.13,154.48,134.29,134.05,126.61,112.66,97.77,88.16,123.86,154.95,142.93,144.36,138.25,122.17,90.05,94.42,141.25,166.85,157.76,170.25,153.45,188.89,165.34,128.39,124.48,106.37,121.45,151.27,82.69,160.58,197.15,159.11
2023-07-05,127.25,134.6,122.68,98.25,106.58,150.79,177.65,151.19,150.06,188.25,110.29,83.53,181.5,152.4,152.47,154.2,134.35,133.84,126.22,112.4,97.39,88.16,123.69,154.67,142.51,144.12,137.31,122.34,89.8,93.94,140.87,166.6,157.54,169.8,152.65,188.75,164.72,128.28,124.08,106.24,121.22,150.64,82.56,159.88,197.1,158.91
2023-07-06,126.86,134.19,122.23,98.02,106.31,150.28,177.37,150.77,149.54,187.47,109.91,83.33,180.7,152.0,151.81,153.84,134.04,133.46,125.78,112.04,97.05,88.04,123.43,154.26,142.05,143.53,136.31,122.12,89.53,93.61,140.35,166.2,157.13,169.01,151.91,188.36,164.05,127.98,123.5,106.03,120.92,149.77,82.36,159.12,196.99,158.46
2023-07-07,126.5,133.89,121.8,97.73,106.12,149.87,177.04,150.59,149.15,186.88,109.71,83.17,180.25,151.56,151.05,153.52,133.82,133.21,125.5,111.83,96.74,87.95,123.19,153.95,141.95,143.28,135.76,121.94,89.3,93.28,140.01,165.99,156.96,168.71,151.17,188.01,163.6,127.71,123.36,105.98,120.62,149.23,82.2,158.27,196.71,158.05
2023-07-08,126.36,133.81,121.64,97.63,105.99,150.07,176.97,150.62,149.18,186.53,109.62,83.14,180.17,151.81,151.32,153.39,133.71,133.17,125.42,111.72,96.52,87.83,123.05,153.88,142.05,143.34,135.94,121.83,89.17,93.13,139.82,165.88,156.89,168.61,151.31,187.96,163.5,127.54,123.49,106.03,120.46,149.02,82.14,158.27,196.71,157.86
2023-07-09,126.7,133.7,121.44,97.56,105.81,150.27,177.03,150.67,149.04,186.39,109.57,83.01,180.21,152.06,151.08,153.33,133.64,133.13,125.34,111.59,96.34,87.75,123.01,153.85,142.03,143.36,136.15,121.76,89.01,92.93,139.56,165.72,156.74,168.52,151.75,187.92,163.46,127.37,123.67,105.93,120.4,148.7,82.08,157.9,196.63,157.73
2023-07-10,129.22,133.58,121.22,97.56,105.57,150.51,177.04,150.67,148.92,186.23,109.53,82.91,180.28,152.31,151.06,153.29,133.51,133.11,125.3,111.41,96.17,87.67,122.99,153.81,142.02,143.34,136.59,121.64,88.86,92.77,139.28,165.58,156.64,168.45,152.17,187.87,163.42,127.22,123.77,105.87,120.32,148.46,82.03,157.74,196.59,157.62
2023-07-11,131.8,133.59,120.99,97.55,105.69,151.03,176.96,150.79,148.84,185.97,109.58,82.83,180.56,152.42,151.08,153.38,133.48,133.18,125.38,111.23,96.04,87.58,122.92,153.86,141.91,143.38,137.21,121.6,88.73,92.69,139.18,165.69,156.62,168.42,152.76,188.08,163.46,127.03,124.05,105.89,120.28,148.32,81.93,157.92,196.31,157.68
2023-07-12,134.36,133.74,120.86,97.56,105.84,152.14,176.7,150.9,149.09,186.04,109.54,82.8,181.13,152.72,152.11,153.45,133.19,133.24,125.66,111.08,96.01,87.56,122.86,153.94,141.8,143.6,137.84,121.28,88.64,92.76,139.06,165.79,156.62,168.5,153.26,188.17,163.69,126.91,124.16,105.91,120.19,148.4,81.84,158.9,196.33,157.91
2023-07-13,137.09,133.91,121.08,97.72,106.08,153.32,176.83,151.0,149.37,186.28,109.71,82.96,181.84,152.93,152.9,153.76,133.29,133.47,125.97,110.99,96.08,87.66,122.87,154.23,141.69,143.91,138.59,121.38,88.7,92.99,139.04,165.69,156.5,169.02,153.72,188.46,164.13,127.02,124.32,106.05,120.11,148.78,82.28,159.81,196.38,158.47
2023-07-14,139.86,134.08,121.41,98.05,106.44,154.75,177.05,151.15,149.74,186.55,109.91,83.22,182.42,153.34,154.29,154.06,133.49,133.78,126.21,110.94,96.21,87.81,122.89,154.55,141.35,144.27,139.48,121.57,88.79,93.43,139.12,165.88,156.63,169.23,154.35,188.83,164.57,127.16,124.65,106.12,120.1,149.18,82.74,161.15,196.5,159.03
2023-07-15,141.92,134.11,121.59,98.25,106.75,155.96,177.19,151.1,149.8,186.74,110.03,83.49,182.91,153.92,154.6,154.26,133.54,133.94,126.19,110.91,96.34,87.79,122.83,154.81,140.91,144.5,140.13,121.64,88.87,93.77,139.11,165.89,156.65,169.35,154.54,189.17,164.83,127.23,124.84,106.15,119.93,149.36,83.16,161.81,196.39,159.46
2023-07-16,143.69,134.2,121.77,98.49,107.19,157.15,177.39,151.03,149.9,186.97,110.17,83.78,183.33,154.48,155.02,154.49,133.65,134.14,126.42,110.88,96.49,87.78,122.79,155.09,140.66,144.73,140.75,121.78,88.96,94.17,139.17,166.04,156.78,169.46,154.46,189.47,165.14,127.34,124.99,106.22,119.83,149.69,83.6,162.55,196.24,159.91
2023-07-17,143.33,134.31,122.01,98.7,107.68,158.41,177.57,151.06,150.02,187.18,110.27,84.02,183.84,154.28,155.34,154.61,133.83,134.26,126.64,110.87,96.66,87.73,122.76,155.37,140.46,144.77,141.25,121.92,89.04,94.54,139.28,166.21,156.93,169.59,154.4,189.85,165.33,127.44,125.05,106.25,119.79,149.73,84.04,163.25,196.17,160.33
2023-07-18,143.03,134.34,122.16,98.98,107.91,159.63,177.78,151.03,150.16,187.5,110.27,84.24,184.06,154.85,155.9,154.72,133.93,134.36,126.82,110.93,96.88,87.59,122.82,155.59,140.3,144.87,141.59,122.03,89.11,94.73,139.38,166.29,156.97,168.09,154.13,190.06,165.4,127.58,125.02,106.24,119.78,149.78,84.49,163.79,196.42,160.63
2023-07-19,142.69,134.36,122.25,99.28,107.99,160.61,178.14,150.91,150.12,187.82,110.27,84.4,184.3,155.41,155.7,154.89,134.02,134.39,126.8,111.03,96.96,87.35,122.94,155.87,140.11,145.02,142.05,122.1,89.18,94.53,139.41,166.19,156.82,166.46,154.13,189.96,165.44,127.68,124.96,106.24,119.77,149.99,84.92,163.73,196.46,160.88
2023-07-20,142.29,134.37,122.2,99.48,107.92,161.63,178.3,150.85,150.08,187.94,110.22,84.34,184.52,155.9,155.78,154.91,134.08,134.35,126.79,111.15,96.94,87.05,123.0,156.03,139.78,145.09,142.53,122.11,89.2,94.24,139.37,166.14,156.72,164.72,153.85,189.29,165.26,127.72,124.85,106.06,119.69,150.14,84.86,163.91,196.42,161.05
2023-07-21,141.88,134.41,122.12,99.64,107.85,162.3,178.64,150.68,149.94,188.01,110.14,84.24,184.69,156.37,155.33,155.17,134.02,134.28,126.58,111.35,96.93,86.87,123.03,156.16,139.52,145.06,142.63,122.09,89.19,93.99,139.34,166.03,156.6,164.66,153.64,189.08,165.07,127.82,124.58,106.04,119.9,150.07,84.74,163.77,196.32,161.03
2023-07-22,141.67,134.17,121.86,100.11,107.35,163.04,178.72,150.46,149.7,187.88,109.81,83.74,184.82,156.55,155.23,154.75,134.02,134.02,126.36,111.05,96.57,86.47,122.32,155.98,138.9,144.78,142.46,121.87,88.95,93.34,138.83,165.59,156.22,164.58,153.28,188.15,164.35,127.57,124.15,105.71,119.72,149.9,84.3,163.96,196.13,161.03
2023-07-23,141.67,134.23,121.88,100.99,107.3,163.8,179.14,150.43,149.72,187.99,109.7,83.55,184.99,156.81,155.49,154.95,134.09,134.0,126.11,111.18,96.46,86.38,122.27,156.1,138.76,144.89,142.59,121.85,88.92,93.22,138.76,165.5,156.14,164.61,153.16,187.87,164.21,127.66,123.92,105.62,119.98,149.95,84.14,164.35,196.15,161.08
2023-07-24,141.52,134.27,121.8,101.82,107.08,164.53,179.58,150.34,149.76,188.12,109.62,83.33,185.21,157.64,155.78,155.19,134.1,133.99,125.81,111.3,96.32,86.27,122.22,156.26,138.58,145.19,142.62,121.75,88.88,92.93,138.63,165.36,156.04,164.65,153.04,187.46,164.19,127.71,123.64,105.56,120.14,150.2,83.94,164.76,196.14,161.14
2023-07-25,141.41,134.34,121.88,102.65,107.02,165.32,180.06,150.3,149.75,188.33,109.58,83.02,185.69,157.92,155.78,155.49,134.16,134.01,125.78,111.44,96.19,86.23,122.23,156.39,138.53,145.31,142.8,121.72,88.88,92.74,138.45,165.11,155.93,166.0,153.11,187.13,164.3,127.8,123.69,105.51,120.34,150.45,83.81,165.04,196.18,161.18
2023-07-26,141.36,134.41,121.97,102.77,106.96,166.0,180.35,150.27,149.72,188.57,109.53,82.86,186.16,157.99,155.62,155.84,134.18,134.05,125.85,111.58,96.05,86.19,122.19,156.45,138.61,145.29,142.86,121.69,88.88,92.83,138.35,165.11,156.01,167.78,153.12,187.08,164.38,127.91,123.8,105.43,120.53,150.58,83.65,165.31,196.23,161.23
2023-07-27,141.26,134.48,122.08,102.97,107.03,166.51,180.65,150.17,149.7,188.83,109.57,82.82,186.61,158.17,155.25,156.15,134.28,134.15,125.91,111.73,95.87,86.08,122.15,156.53,139.08,145.28,142.9,121.69,88.9,92.9,138.38,165.46,156.26,169.69,153.54,187.65,164.57,127.99,124.09,105.57,120.87,150.64,83.15,165.37,196.42,161.32
2023-07-28,141.16,134.48,122.11,102.72,106.98,167.16,180.78,150.09,149.61,188.98,109.59,82.75,187.06,158.18,154.92,156.21,134.42,134.16,126.18,111.72,95.69,85.84,122.13,156.53,139.44,145.48,142.97,121.68,88.96,92.88,138.36,165.5,156.26,169.81,153.7,188.25,164.57,127.96,124.39,105.59,120.85,150.68,82.69,163.67,196.55,161.5
2023-07-29,141.57,134.81,122.4,102.17,107.55,167.63,181.4,150.19,149.76,189.52,109.88,83.08,187.41,158.55,154.57,156.96,134.58,134.45,126.68,112.23,95.87,86.05,122.93,156.86,140.26,146.0,143.04,121.93,89.23,93.37,138.8,165.94,156.55,170.02,154.19,189.46,165.14,128.3,124.85,105.93,121.41,151.0,82.52,161.95,196.81,161.68
2023-07-30,141.55,134.86,122.43,101.14,107.65,168.13,181.71,150.16,149.75,189.79,109.94,83.15,187.79,158.68,154.28,157.11,134.66,134.49,127.02,112.32,95.79,85.93,123.07,156.91,140.57,146.12,142.98,121.94,89.27,93.34,138.82,165.98,156.56,170.14,154.64,190.07,165.17,128.29,125.16,106.01,121.44,151.11,82.1,160.23,197.06,161.82
2023-07-31,141.6,134.88,122.5,100.12,107.78,168.52,181.89,150.16,149.67,189.93,109.97,83.21,188.06,158.88,153.96,157.2,134.74,134.5,127.42,112.4,95.71,85.83,123.11,156.86,140.84,146.17,143.0,121.94,89.27,93.44,138.83,165.96,156.5,170.23,155.06,190.66,165.09,128.25,125.33,105.97,121.47,151.19,81.67,158.52,197.24,161.97
2023-08-01,141.48,134.85,122.47,99.97,107.77,168.71,182.02,150.12,149.56,190.04,110.02,83.35,188.2,158.22,153.7,156.89,134.71,134.44,127.58,112.34,95.58,85.68,122.95,156.78,141.04,146.29,142.59,121.81,89.26,93.5,138.94,166.28,156.66,170.76,155.52,191.21,164.87,128.11,125.42,105.94,121.48,151.15,81.1,156.76,197.42,162.13
2023-08-02,141.5,134.77,122.21,99.79,107.75,168.9,182.07,150.04,149.43,189.83,110.04,83.34,188.14,157.72,153.43,156.44,134.68,134.33,127.57,112.15,95.49,85.51,122.74,156.6,141.07,146.35,142.13,121.74,89.15,93.46,138.98,166.3,156.65,170.87,155.72,191.85,164.45,127.79,125.42,105.84,121.4,150.91,80.54,154.87,197.44,162.11
2023-08-03,141.59,134.66,121.87,99.47,107.66,169.08,181.91,150.03,149.23,189.71,110.05,83.2,188.01,157.45,153.35,156.02,134.65,134.22,127.71,112.0,95.41,85.39,122.54,156.45,140.91,146.37,141.61,121.63,88.99,93.47,139.01,166.24,156.61,170.94,155.94,192.57,164.05,127.49,125.4,105.64,121.27,150.75,80.32,152.97,197.32,161.96
2023-08-04,141.81,134.53,121.67,99.69,107.65,169.28,181.93,150.01,149.13,189.85,110.2,83.14,188.0,157.37,153.16,155.86,134.59,134.16,127.97,111.92,95.41,85.32,122.48,156.43,140.62,146.32,141.17,121.55,88.85,93.48,139.01,166.17,156.45,171.15,156.07,192.67,163.79,127.33,125.36,105.56,121.21,150.67,80.12,152.83,197.35,162.15
2023-08-05,142.07,134.46,121.44,99.92,107.67,169.49,181.82,150.02,148.93,189.9,110.35,83.07,188.18,157.16,152.84,155.84,134.58,134.16,128.21,111.94,95.32,85.19,122.44,156.42,140.37,146.49,141.1,121.54,88.82,93.47,139.11,166.2,156.4,171.4,156.06,192.91,163.65,127.24,125.59,105.56,121.16,150.59,80.05,152.62,197.33,162.37
2023-08-06,142.29,134.35,121.21,100.18,107.54,169.75,181.71,150.03,148.72,189.96,110.48,82.9,188.41,157.12,152.53,155.76,134.58,134.12,128.39,111.92,95.24,85.05,122.33,156.37,140.2,146.56,140.6,121.51,88.72,93.35,139.16,166.2,156.28,171.63,155.98,193.15,163.46,127.09,125.75,105.54,121.12,150.47,79.91,152.44,197.18,162.61
2023-08-07,142.56,134.27,121.01,100.47,107.48,170.01,181.68,150.01,148.62,190.08,110.65,82.78,188.63,157.08,152.38,155.71,134.58,134.15,128.57,111.91,95.2,84.93,122.32,156.4,140.0,146.6,140.1,121.49,88.65,93.25,139.24,166.28,156.21,171.86,155.88,193.32,163.33,126.96,126.15,105.67,121.08,150.35,79.81,152.3,197.11,162.85
2023-08-08,142.94,134.3,121.03,99.87,107.47,170.46,181.58,150.12,148.6,190.28,110.9,82.66,189.0,157.87,152.31,155.89,134.74,134.27,128.73,111.97,95.21,84.9,122.45,156.55,139.9,146.78,139.97,121.65,88.64,93.21,139.35,166.2,156.06,172.07,155.76,193.64,163.38,126.94,126.43,105.81,120.91,150.5,79.81,152.27,197.11,163.16
2023-08-09,143.16,134.32,121.32,99.96,107.41,170.95,181.79,150.24,148.53,190.83,111.18,82.55,189.6,158.5,152.22,156.18,134.85,134.41,128.84,112.13,95.18,84.91,122.6,156.82,139.91,146.92,140.14,121.68,88.66,93.47,139.49,166.25,156.05,172.24,155.79,193.92,163.57,127.07,126.82,106.08,120.74,150.64,79.78,152.33,197.32,163.66
2023-08-10,143.33,134.39,121.57,100.07,107.3,171.38,182.18,150.35,148.55,191.23,111.47,82.46,190.16,158.91,151.95,156.52,134.84,134.56,128.93,112.32,95.22,84.95,122.77,156.99,140.03,147.12,140.44,121.8,88.68,93.79,139.63,166.34,156.09,172.47,155.85,194.03,163.63,127.22,127.22,106.35,120.6,150.83,79.75,152.34,197.55,164.27
2023-08-11,143.39,134.48,121.73,99.7,107.09,171.64,182.32,150.39,148.44,191.44,111.67,82.43,190.45,160.91,151.61,156.66,134.89,134.68,128.84,112.48,95.22,85.05,122.79,157.06,140.18,147.2,140.64,121.81,88.72,94.04,139.67,166.38,156.09,172.55,156.0,194.07,163.64,127.23,127.47,106.52,120.44,151.0,79.7,152.24,197.55,164.6
2023-08-12,143.3,134.34,121.85,99.07,106.49,171.93,182.22,150.35,148.23,191.47,111.81,82.17,190.69,162.85,151.28,156.41,134.87,134.65,128.65,112.31,95.11,85.04,122.48,156.99,140.04,146.87,140.67,121.69,88.59,93.86,139.28,166.24,155.95,172.59,156.03,193.48,163.3,127.04,127.57,106.54,119.95,150.96,79.47,152.08,197.5,164.85
2023-08-13,143.42,134.36,122.08,98.75,106.24,172.14,182.31,150.33,148.15,191.54,112.04,82.1,190.85,164.96,150.97,156.44,134.83,134.75,128.58,112.31,95.12,85.22,122.55,157.04,140.06,146.75,140.89,121.64,88.66,94.12,139.19,166.3,155.98,172.68,156.13,193.19,163.22,127.06,127.78,106.74,119.72,150.99,79.4,151.97,197.63,165.1
2023-08-14,143.55,134.39,122.33,98.46,106.09,172.49,182.38,150.36,148.05,191.65,112.24,82.08,191.08,167.22,150.69,156.55,134.82,134.85,128.47,112.31,95.1,85.44,122.61,157.09,140.1,146.77,141.18,121.67,88.76,94.43,138.98,166.17,155.9,172.79,156.21,193.0,163.18,127.12,127.85,106.89,119.54,151.11,79.35,151.94,197.68,165.32
2023-08-15,143.68,134.37,122.39,98.48,105.85,172.81,182.58,150.29,147.93,191.67,112.4,82.08,191.2,169.51,150.32,156.58,134.67,134.91,128.34,112.36,95.09,85.65,122.59,157.08,140.13,146.67,141.52,121.68,88.86,94.48,138.79,166.11,155.87,172.78,156.29,192.76,163.07,127.15,127.96,107.03,119.46,151.06,79.26,151.96,197.66,165.57
2023-08-16,143.77,134.3,122.38,98.56,105.65,173.08,182.66,150.26,147.85,191.55,112.56,82.05,191.24,171.67,150.02,156.56,134.61,134.97,128.35,112.4,95.11,85.85,122.61,157.07,140.16,146.67,141.67,121.69,88.94,94.39,138.5,166.05,155.8,172.85,156.34,192.61,163.03,127.23,127.98,107.03,119.45,151.09,79.26,151.65,197.63,165.76
2023-08-17,143.95,134.18,122.33,98.75,105.52,173.24,182.43,150.13,147.73,191.47,112.65,81.96,191.34,173.68,149.83,156.62,134.64,135.01,128.26,112.38,95.1,86.01,122.53,157.09,140.17,146.71,141.54,121.63,89.0,94.34,138.01,165.74,155.63,172.8,156.18,192.41,163.05,127.22,128.12,107.02,119.45,151.09,79.29,151.42,197.62,165.99
2023-08-18,144.08,134.16,122.43,99.18,105.43,173.33,182.51,150.11,147.68,191.49,112.71,81.82,191.53,174.11,149.62,156.71,134.61,135.05,128.24,112.21,95.08,86.14,122.52,157.15,140.29,146.71,141.4,121.69,89.01,94.25,137.57,165.52,155.61,172.82,156.07,192.5,163.08,127.31,128.46,107.03,119.4,150.9,79.38,151.21,197.94,166.15
2023-08-19,144.29,134.25,122.6,99.94,105.71,173.37,182.8,150.16,147.84,191.54,112.84,81.85,191.72,174.61,149.6,156.99,134.54,135.17,128.13,112.26,95.18,86.32,122.73,157.33,140.54,147.05,141.41,121.82,89.14,94.62,137.48,165.43,155.7,172.83,156.25,193.01,163.41,127.56,128.5,107.09,119.52,150.78,79.51,151.21,198.36,166.35
2023-08-20,144.34,134.2,122.65,100.33,105.8,173.39,182.99,150.14,147.84,191.63,112.92,81.71,191.91,174.79,149.4,157.11,134.57,135.19,128.04,112.21,95.16,86.3,122.65,157.41,140.63,147.25,141.57,121.91,89.13,94.55,137.11,165.17,155.66,172.76,156.37,193.27,163.44,127.67,128.5,107.03,119.47,150.57,79.51,150.94,198.66,166.54
2023-08-21,144.39,134.2,122.75,100.73,105.82,173.35,183.22,150.12,147.83,191.75,113.03,81.55,192.13,175.01,149.1,157.26,134.57,135.24,127.99,112.16,95.16,86.29,122.55,157.49,140.8,147.52,141.73,121.98,89.12,94.46,136.94,165.16,155.79,172.73,156.6,193.65,163.45,127.79,128.64,106.96,119.48,150.3,79.53,150.7,198.99,166.83
2023-08-22,144.48,134.15,122.86,100.9,105.93,173.16,183.28,150.13,147.8,191.72,113.11,81.38,192.33,174.0,148.93,157.45,134.7,135.14,127.98,111.98,95.23,86.29,122.5,157.54,140.91,147.63,141.57,121.71,89.07,94.6,136.64,165.02,155.87,172.79,156.77,193.96,163.52,127.95,128.6,106.91,119.35,150.06,79.61,150.43,199.3,167.0
2023-08-23,144.64,134.12,122.96,101.01,106.17,172.9,183.21,149.91,147.66,191.66,113.1,81.23,192.65,173.79,148.68,157.54,134.76,135.04,127.88,111.75,95.26,86.22,122.34,157.53,140.98,147.47,141.33,121.44,89.05,94.39,136.41,164.85,155.87,172.8,156.86,194.18,163.48,128.04,128.61,106.93,119.25,149.77,79.64,150.36,199.04,167.18
2023-08-24,144.73,134.25,123.28,101.13,106.38,172.76,183.48,150.0,147.67,191.58,113.19,81.16,192.97,173.82,148.51,157.6,134.85,135.03,127.83,111.62,95.28,86.25,122.33,157.67,141.06,147.54,141.13,121.26,89.1,94.04,136.43,164.96,156.1,172.96,157.07,194.61,163.56,128.29,128.42,107.02,119.14,149.42,79.7,150.44,199.43,167.28
2023-08-25,144.89,134.42,123.3,101.27,106.69,173.09,183.52,150.17,148.16,191.4,113.26,81.06,193.26,173.59,150.27,157.46,134.96,135.04,127.44,111.57,95.21,86.22,122.26,157.77,141.07,147.53,141.08,121.0,89.14,93.92,136.43,165.02,156.33,173.09,157.2,194.98,163.61,128.38,128.12,106.86,119.04,149.44,79.67,151.84,199.54,167.43
2023-08-26,144.97,134.55,123.18,101.28,106.9,173.33,183.29,150.2,148.5,191.32,113.26,80.95,193.48,173.3,151.83,157.39,135.08,135.02,127.2,111.58,95.21,86.28,122.14,157.85,141.14,147.54,140.93,120.69,89.12,93.68,136.3,164.86,156.33,173.25,157.12,195.34,163.59,128.38,128.09,106.65,118.96,149.46,79.69,152.97,199.58,167.51
2023-08-27,145.11,134.69,123.04,101.41,107.09,173.66,182.97,150.25,148.91,191.15,113.26,80.88,193.65,173.14,153.47,157.19,135.12,135.01,126.9,111.51,95.21,86.37,121.95,157.94,141.18,147.56,140.71,120.4,89.09,93.51,136.24,164.73,156.34,173.45,156.92,195.73,163.65,128.37,128.02,106.42,118.77,149.53,79.7,154.3,199.58,167.54
2023-08-28,145.27,134.81,122.86,101.52,107.31,174.04,182.63,150.29,149.32,190.96,113.25,80.8,193.77,172.92,155.27,156.94,135.17,134.99,126.61,111.45,95.23,86.46,121.77,158.03,141.14,147.49,140.4,120.11,89.04,93.38,136.11,164.51,156.26,173.62,156.68,195.97,163.74,128.33,127.98,106.26,118.54,149.67,79.71,155.54,199.53,167.5
2023-08-29,145.39,134.91,122.85,101.66,107.57,174.3,182.56,150.28,149.81,191.03,113.2,80.75,194.0,173.95,156.92,156.82,135.15,135.1,126.54,111.49,95.25,86.53,121.66,158.11,141.18,147.39,140.26,120.1,88.98,93.25,136.04,164.36,156.26,173.7,156.44,196.41,163.72,128.31,128.0,106.09,118.4,149.8,79.7,157.11,199.66,167.51
2023-08-30,145.58,135.08,122.91,101.81,107.8,174.5,182.69,150.42,150.4,190.96,113.17,80.85,194.18,174.23,158.59,156.68,135.09,135.23,126.52,111.56,95.32,86.65,121.53,158.24,141.33,147.52,140.3,120.19,88.95,93.31,135.99,164.31,156.41,173.98,156.2,196.86,163.75,128.4,128.03,105.86,118.27,150.0,79.69,158.92,200.4,167.53
2023-08-31,145.62,135.09,122.91,101.88,107.9,174.58,182.8,150.21,150.88,190.93,113.02,81.02,194.24,174.31,160.09,156.35,134.93,135.25,126.12,111.49,95.33,86.73,121.38,158.16,141.36,147.43,140.5,120.18,88.89,93.38,135.8,164.07,156.41,174.36,155.96,197.22,163.6,128.36,128.06,105.57,118.17,150.12,79.57,160.42,200.5,167.53
2023-09-01,145.45,134.82,122.91,102.06,107.84,173.97,183.0,149.69,150.61,190.61,112.84,81.08,194.08,173.59,159.43,156.36,134.64,135.03,125.9,111.35,95.37,86.78,121.17,157.92,141.24,147.23,139.89,120.16,88.78,93.08,135.51,163.69,156.21,174.27,155.72,197.36,163.24,128.3,127.85,105.25,117.97,149.81,79.46,160.46,200.36,167.45
2023-09-02,145.44,134.64,123.02,102.35,107.95,173.35,183.42,149.28,150.45,190.27,112.71,81.38,193.91,173.44,158.89,156.57,134.45,134.96,125.75,111.17,95.39,86.89,121.23,157.78,141.0,147.22,139.53,120.27,88.68,93.21,135.41,163.58,156.21,174.19,155.48,197.67,162.98,128.36,127.85,105.38,117.94,149.67,79.44,160.57,200.33,167.38
2023-09-03,145.28,134.4,123.12,102.47,107.98,172.65,183.88,148.85,150.21,189.9,112.47,81.66,193.86,173.1,158.23,156.74,133.89,134.76,125.55,110.93,95.37,86.9,121.24,157.56,140.71,147.15,139.15,119.98,88.54,93.23,135.13,163.43,156.17,174.22,155.24,197.88,162.52,128.4,127.75,105.45,117.85,149.4,79.39,160.59,200.33,167.29
2023-09-04,145.11,134.16,123.21,102.58,107.97,171.89,184.35,148.45,149.98,189.58,112.32,81.93,193.72,172.89,157.61,156.96,133.66,134.64,125.36,110.74,95.33,86.88,121.21,157.41,140.49,147.07,138.88,120.01,88.41,93.28,134.88,163.31,156.14,173.93,155.0,198.19,162.06,128.46,127.67,105.49,117.81,149.16,79.29,160.71,200.4,167.21
2023-09-05,145.26,133.94,123.14,102.58,107.82,171.07,184.84,148.05,149.59,188.98,112.17,82.12,193.34,172.4,156.94,157.04,133.48,134.48,125.0,110.53,95.19,86.87,121.1,157.23,140.12,147.12,138.66,119.99,88.29,93.23,134.55,163.1,156.02,173.61,154.76,198.28,161.56,128.43,127.6,105.49,117.67,148.77,79.16,160.22,200.28,167.05
2023-09-06,145.44,133.67,123.02,102.51,107.59,170.27,185.32,147.63,149.18,188.55,112.05,82.15,192.92,172.05,156.34,157.23,133.4,134.33,124.71,110.31,94.94,86.86,121.11,156.99,139.65,146.98,138.24,120.13,88.16,93.27,134.18,162.82,155.79,173.13,154.52,198.31,161.04,128.27,127.51,105.52,117.48,148.3,79.04,159.72,200.03,166.85
2023-09-07,145.87,133.52,122.93,102.44,107.46,169.71,185.94,147.38,148.89,188.23,112.02,82.22,192.61,171.75,155.92,157.63,133.35,134.24,124.73,110.19,94.84,86.8,121.15,156.93,139.4,146.9,137.98,120.36,88.09,93.44,133.98,162.74,155.7,172.48,154.28,198.47,160.59,128.17,127.5,105.01,117.34,147.98,78.99,159.41,199.8,166.65
2023-09-08,146.49,133.53,122.93,102.34,107.45,169.36,186.37,147.22,148.74,188.11,112.03,82.31,192.43,173.01,155.71,157.84,133.38,134.31,124.86,110.22,94.72,86.8,121.21,157.0,139.3,147.03,138.41,120.58,88.03,93.83,133.87,162.77,155.67,172.27,154.05,198.71,160.42,128.15,127.7,104.7,117.24,147.88,78.94,159.35,199.61,166.53
2023-09-09,147.07,133.63,123.08,102.27,107.28,169.19,186.92,147.0,148.62,188.05,112.01,82.28,192.28,174.36,155.47,157.97,133.4,134.37,124.94,110.29,94.59,86.85,121.19,157.02,139.29,146.89,138.64,120.78,88.07,93.88,133.9,162.94,155.75,172.06,153.81,198.95,160.25,128.11,127.8,104.11,117.11,147.7,78.86,159.29,199.39,166.4
2023-09-10,147.74,133.71,123.2,102.27,107.07,169.06,187.45,146.79,148.52,188.0,112.07,82.34,192.09,176.19,155.36,158.09,133.76,134.54,125.04,110.41,94.47,87.16,121.33,157.06,139.33,147.04,138.91,121.34,88.16,93.95,133.95,163.11,155.86,171.74,153.57,199.2,160.19,128.05,127.95,103.58,117.02,147.7,78.77,159.29,199.28,166.3
2023-09-11,148.46,133.78,123.37,102.25,106.91,168.93,188.02,146.54,148.44,187.84,112.07,82.45,191.86,178.06,155.19,158.28,133.76,134.65,125.12,110.56,94.42,87.55,121.58,157.02,139.39,147.26,139.19,121.6,88.28,93.93,134.0,163.24,155.99,171.83,153.33,199.45,160.29,128.02,128.08,103.04,116.92,147.66,78.75,159.24,199.18,166.19
2023-09-12,148.75,133.87,123.45,102.19,106.73,168.93,188.62,146.38,148.44,187.84,112.12,82.61,191.64,178.91,155.07,158.53,133.7,134.73,125.04,110.68,94.33,87.93,121.78,157.04,139.56,147.43,139.52,121.9,88.35,93.88,134.09,163.38,156.1,171.96,153.09,199.71,160.3,128.03,128.18,102.44,116.86,147.8,78.69,159.42,199.06,166.28
2023-09-13,149.02,134.02,123.61,102.26,106.78,168.87,189.31,146.3,148.45,187.96,112.17,82.85,191.41,180.52,154.95,158.99,133.5,134.84,124.97,110.92,94.35,88.44,122.14,157.16,139.74,147.73,140.02,122.08,88.43,93.89,134.31,163.58,156.27,171.99,152.85,200.04,160.6,128.21,128.27,101.95,116.85,147.84,78.73,159.53,199.04,166.35
2023-09-14,149.22,134.07,123.74,102.19,106.97,168.6,189.93,146.15,148.37,187.88,112.18,82.96,191.05,182.04,154.84,159.34,133.33,134.93,124.85,111.1,94.27,88.93,122.41,157.16,139.77,148.03,140.28,122.2,88.38,93.84,134.42,163.59,156.31,171.93,152.61,200.16,160.86,128.41,128.33,102.01,116.89,147.92,78.76,159.57,198.91,166.3
2023-09-15,149.29,134.07,123.83,102.14,107.14,168.26,190.61,146.01,148.34,187.69,112.18,82.97,190.67,183.0,154.73,159.67,133.12,134.97,124.69,111.19,94.14,89.25,122.69,157.06,139.75,148.18,140.64,122.34,88.47,93.73,134.53,163.62,156.31,171.85,152.37,200.33,160.98,128.54,128.33,102.01,117.0,147.94,78.66,159.52,199.11,166.05
2023-09-16,149.4,133.97,123.71,101.7,107.24,167.87,191.08,145.89,148.19,187.54,112.15,82.9,190.31,183.56,154.6,159.93,132.97,134.95,124.46,111.25,94.03,89.38,123.03,156.91,139.79,148.62,141.03,122.36,88.5,93.6,134.45,163.44,156.15,171.77,152.13,200.35,161.07,128.68,128.26,102.01,117.04,147.7,78.56,159.52,199.19,165.71
2023-09-17,149.02,133.62,123.25,100.96,107.05,167.32,191.09,145.6,147.64,187.2,111.93,82.51,189.59,183.63,154.12,159.93,132.61,134.65,123.82,111.06,93.77,89.13,122.96,156.56,139.42,148.57,141.19,122.09,88.23,93.28,134.12,163.01,155.66,171.44,151.89,199.62,160.97,128.51,127.97,101.75,116.83,147.28,78.25,159.28,198.91,164.86
2023-09-18,148.57,133.25,122.72,100.26,106.76,166.78,191.02,145.3,147.08,186.84,111.68,82.06,188.94,183.68,153.63,159.85,132.23,134.29,123.12,110.82,93.45,88.79,122.83,156.18,138.99,148.37,141.42,121.8,87.91,93.0,133.79,162.58,155.19,171.09,151.65,198.88,160.68,128.29,127.31,101.53,116.59,146.88,77.91,159.02,198.6,164.04
2023-09-19,148.22,132.91,122.28,99.85,106.56,166.18,190.95,145.7,146.55,186.38,111.36,81.57,188.36,184.83,153.18,159.79,132.02,134.01,122.45,110.56,93.16,88.4,122.7,155.76,138.56,148.13,141.66,121.48,87.66,92.72,133.4,162.12,154.72,170.65,151.41,198.17,160.33,128.0,126.76,101.39,116.38,146.39,77.62,158.72,198.32,163.08
2023-09-20,147.75,132.55,121.8,99.42,106.23,165.6,190.75,145.34,146.11,185.89,111.09,81.0,187.77,185.29,152.66,159.57,131.8,133.7,121.7,110.22,92.89,87.83,122.43,155.25,137.99,147.72,141.95,121.16,87.3,92.28,132.96,161.68,154.31,170.32,151.18,197.4,159.75,127.59,126.39,101.14,116.06,145.93,77.29,158.46,197.98,162.18
2023-09-21,147.35,132.27,121.37,99.11,105.81,165.18,190.56,145.06,145.66,185.62,110.83,80.6,187.26,185.85,152.17,159.41,131.59,133.46,121.23,109.97,92.64,87.32,122.15,154.8,137.59,147.33,142.42,120.9,87.04,91.87,132.61,161.27,153.88,169.93,152.1,196.74,159.18,127.25,126.16,101.04,115.71,145.48,76.92,158.26,197.73,161.45
2023-09-22,146.96,131.98,120.94,98.82,105.46,164.7,190.4,144.81,145.25,185.44,110.59,80.33,186.76,186.36,151.67,159.29,131.48,133.29,120.73,109.79,92.49,86.95,122.15,154.43,137.25,147.31,142.86,120.69,86.74,91.39,132.22,160.85,153.5,169.65,153.3,196.07,158.68,126.89,126.17,101.07,115.29,145.03,76.77,158.0,197.38,160.89
2023-09-23,145.44,131.68,120.53,98.83,105.12,164.29,190.23,144.55,144.98,185.05,110.4,80.01,186.29,186.61,151.19,159.11,131.22,133.09,120.32,109.6,92.26,86.69,121.95,154.07,136.88,147.01,143.28,120.52,86.44,90.92,131.91,160.5,153.18,169.41,154.65,195.49,158.12,126.48,126.22,100.96,114.89,144.75,76.56,157.8,197.23,160.48
2023-09-24,145.44,131.72,120.51,99.19,105.14,164.01,190.55,144.5,145.14,184.9,110.41,79.96,186.18,187.21,151.04,159.25,131.23,133.2,120.14,109.69,92.22,86.59,122.04,153.94,136.92,146.96,143.87,120.63,86.43,90.71,131.86,160.46,153.25,169.46,156.25,195.72,157.8,126.42,126.54,101.15,114.8,144.67,76.57,157.84,197.35,160.58
2023-09-25,145.53,131.81,120.56,99.57,105.28,163.83,190.93,144.58,145.35,184.91,110.47,79.93,186.22,187.65,150.93,159.47,131.29,133.38,120.2,109.78,92.21,86.52,122.13,153.93,137.16,146.97,144.31,120.78,86.45,90.46,131.87,160.5,153.35,169.51,157.86,195.95,157.57,126.39,127.22,101.34,114.76,144.58,76.6,157.91,197.57,160.73
2023-09-26,145.54,131.86,120.61,99.63,105.36,163.72,191.28,143.91,145.56,185.09,110.59,79.92,186.12,189.15,150.84,159.63,131.17,133.57,120.16,109.91,92.22,86.53,122.25,153.91,137.43,147.1,144.98,120.97,86.47,90.28,131.97,160.6,153.53,169.67,158.54,196.22,157.6,126.45,127.76,101.5,114.74,144.52,76.65,158.01,197.72,161.11
2023-09-27,145.65,131.88,120.6,99.66,105.39,163.7,191.56,143.92,145.64,185.13,110.67,80.03,185.82,191.24,150.77,159.63,131.1,133.72,120.14,110.02,92.16,86.59,122.31,153.84,137.8,147.41,145.55,121.08,86.59,90.25,131.97,160.56,153.53,169.77,159.47,196.64,157.5,126.5,128.1,101.58,114.86,144.64,76.7,158.06,197.89,161.47
2023-09-28,145.72,131.85,120.49,99.63,105.42,163.7,191.84,143.79,145.75,185.03,110.71,80.08,185.45,192.61,150.73,159.65,131.01,133.77,119.85,110.16,92.1,86.6,122.47,153.68,137.97,147.69,145.95,121.12,86.7,90.21,131.96,160.57,153.6,170.0,159.42,197.09,157.51,126.56,128.27,101.35,114.95,144.73,76.8,158.13,197.98,161.76
2023-09-29,145.83,131.8,120.36,99.52,105.39,163.72,192.03,143.56,145.82,184.9,110.66,80.14,185.05,193.84,150.72,159.53,130.88,133.77,119.27,110.18,92.05,86.6,122.27,153.47,138.08,147.53,146.27,121.13,86.7,90.15,131.99,160.6,153.68,170.1,159.33,197.47,157.47,126.59,128.31,101.07,115.0,144.74,76.76,158.27,197.96,162.05
2023-09-30,146.56,131.46,120.12,99.28,105.14,163.54,192.08,143.27,145.58,184.81,110.41,80.13,184.55,194.97,150.53,159.27,130.82,133.64,118.52,109.96,91.86,86.52,121.88,153.08,137.84,147.27,146.5,121.1,86.51,89.84,131.58,160.36,153.58,170.09,159.06,197.38,157.17,126.47,128.2,100.7,114.79,144.61,76.59,158.23,197.69,162.31
2023-10-01,146.37,131.15,119.91,99.12,105.04,163.3,192.18,142.93,145.31,184.72,110.27,80.17,183.92,195.03,150.32,159.07,130.6,133.45,117.96,109.83,91.73,86.58,121.64,152.67,137.7,147.03,146.39,121.06,86.41,89.72,131.3,160.08,153.43,169.95,158.74,197.32,156.99,126.4,128.06,100.33,114.64,144.36,76.49,158.14,197.39,162.5
2023-10-02,146.08,130.78,119.63,98.9,104.91,162.89,192.23,142.5,144.97,184.45,110.09,80.21,183.07,193.3,149.99,158.69,130.38,133.15,117.23,109.63,91.54,86.63,121.36,152.13,137.32,146.87,146.25,120.97,86.3,89.61,131.11,159.9,153.29,169.86,158.41,197.25,156.68,126.28,127.78,99.85,114.41,144.07,76.37,158.0,196.95,162.58
2023-10-03,145.91,130.47,119.36,98.77,104.84,162.62,192.36,142.11,144.67,184.21,109.9,80.24,182.36,190.71,149.79,158.41,130.23,132.88,117.08,109.46,91.33,86.64,121.15,151.71,136.94,146.72,145.87,120.89,86.2,89.55,130.88,159.73,153.17,169.8,159.08,197.33,156.39,126.17,127.7,99.46,114.36,143.95,76.25,157.74,196.58,162.54
2023-10-04,145.74,130.25,119.19,98.71,104.82,162.39,192.64,141.82,144.48,184.08,109.78,80.19,181.76,187.43,149.68,158.65,130.16,132.65,117.01,109.31,91.19,86.69,121.08,151.39,136.71,146.6,145.72,120.85,86.09,89.44,130.77,159.65,153.06,169.87,159.67,197.17,156.34,126.08,127.65,99.22,114.3,143.89,76.11,157.58,196.29,162.4
2023-10-05,145.55,130.02,119.07,98.87,104.74,162.1,192.84,141.6,144.32,183.97,109.64,80.07,181.23,184.97,149.54,158.82,130.11,132.48,117.03,109.15,91.04,86.78,120.9,151.15,136.58,146.51,146.17,120.82,86.0,89.35,130.55,159.5,152.89,169.98,160.23,196.83,156.22,125.87,127.72,99.19,114.2,143.77,76.0,157.37,196.12,162.22
2023-10-06,145.33,129.83,118.99,99.2,104.74,162.07,193.08,141.53,144.12,184.07,109.58,79.9,180.75,181.86,149.38,159.07,130.08,132.32,117.18,109.08,90.87,86.86,120.91,150.98,136.55,146.51,146.47,120.8,85.98,89.38,130.42,159.34,152.7,170.03,160.84,196.71,156.13,125.78,127.77,99.22,114.21,143.69,75.97,157.14,195.89,161.89
2023-10-07,145.58,129.97,119.09,99.57,105.04,162.08,193.57,141.49,144.22,184.23,109.77,79.99,180.17,178.77,149.39,159.5,130.06,132.35,117.61,109.2,91.01,86.99,121.26,151.04,136.9,147.05,146.98,120.94,86.22,89.71,130.67,159.45,152.73,170.07,161.58,197.18,156.45,125.89,128.18,99.36,114.48,143.86,76.13,156.98,195.84,161.56
2023-10-08,145.66,130.02,119.08,99.8,105.14,162.06,194.01,141.47,144.26,184.28,109.85,80.01,179.6,176.89,149.35,159.86,130.12,132.39,117.98,109.19,91.07,87.05,121.44,151.04,137.06,147.41,148.3,121.05,86.33,89.9,130.73,159.53,152.71,170.17,162.3,197.44,156.59,125.9,128.6,99.46,114.57,144.02,76.19,156.85,195.82,161.22
2023-10-09,145.83,130.18,119.08,100.08,105.16,162.12,194.43,141.48,144.36,184.35,109.94,79.99,179.13,176.92,149.44,160.31,130.23,132.54,118.38,109.24,91.16,87.07,121.65,151.11,137.27,147.74,149.67,121.19,86.45,90.13,130.61,159.47,152.61,170.16,163.19,197.67,156.78,125.94,129.19,99.64,114.75,144.26,76.24,156.76,195.83,160.93
2023-10-10,145.91,130.28,119.02,100.33,105.17,161.99,194.83,141.42,144.38,184.27,110.02,80.0,178.79,176.9,149.4,160.9,130.32,132.63,118.59,109.21,91.18,87.0,122.0,151.12,137.32,147.99,151.38,121.29,86.5,90.3,130.49,159.4,152.45,170.16,164.0,197.79,156.97,125.9,129.71,99.71,114.7,144.34,76.27,156.69,195.7,160.58
2023-10-11,145.93,130.31,118.89,100.49,105.12,161.91,195.04,141.35,144.38,184.14,110.09,80.02,178.65,177.0,149.35,161.06,130.37,132.72,118.71,109.14,91.15,86.88,122.27,151.1,137.23,148.22,152.22,121.38,86.56,90.32,130.35,159.36,152.47,170.14,164.99,198.05,156.99,125.82,130.3,99.76,114.53,144.29,76.31,156.63,195.56,160.3
2023-10-12,145.96,130.34,118.69,100.46,105.07,161.8,195.2,141.29,144.27,183.97,110.16,79.96,178.42,178.45,149.25,161.12,130.4,132.82,118.73,109.03,91.06,86.77,122.51,151.05,137.12,148.33,152.76,121.42,86.64,90.36,130.29,159.38,152.54,170.05,165.94,198.4,157.0,125.77,130.77,99.69,114.32,144.16,76.33,156.48,195.51,160.09
2023-10-13,145.97,130.34,118.56,99.98,104.92,161.46,195.4,141.17,144.16,183.6,110.15,79.89,178.08,180.86,149.11,161.31,130.43,132.92,119.02,108.95,90.96,86.64,122.75,150.97,136.87,148.31,153.41,121.44,86.74,90.35,130.11,159.35,152.53,170.02,166.7,198.23,157.04,125.71,131.26,99.62,114.13,144.04,76.35,156.24,195.35,160.06
2023-10-14,145.93,130.22,118.39,99.68,104.73,161.21,195.54,141.11,143.99,183.07,110.07,79.68,177.9,183.11,149.04,161.42,130.43,132.95,119.23,108.79,90.71,86.56,122.85,150.77,136.51,148.35,153.75,121.37,86.87,90.23,129.86,159.22,152.41,170.03,167.47,197.79,156.88,125.63,131.59,99.56,113.89,143.94,76.33,155.98,195.13,159.96
2023-10-15,145.96,130.14,118.23,99.41,104.71,161.02,195.67,141.03,143.89,182.6,109.98,79.5,177.76,185.82,149.08,161.3,130.47,133.03,119.41,108.64,90.47,86.48,122.98,150.66,136.23,148.41,153.75,121.33,87.02,90.0,129.72,159.17,152.38,170.08,168.3,197.32,156.8,125.55,131.93,99.49,113.74,143.85,76.32,155.76,194.81,159.91
2023-10-16,146.13,130.02,118.07,99.11,104.65,160.56,195.77,140.92,143.74,182.09,109.85,79.34,177.55,188.38,149.03,161.14,130.45,133.05,119.55,108.46,90.23,86.37,123.04,150.46,135.89,148.29,153.68,121.25,87.14,89.79,129.58,159.04,152.35,170.07,169.01,196.8,156.65,125.42,132.2,99.37,113.51,143.68,76.3,155.5,194.47,159.68
2023-10-17,146.37,129.91,118.01,99.09,104.75,160.14,195.64,140.87,143.67,181.6,109.74,79.1,177.3,190.95,149.02,160.99,130.44,133.09,119.44,108.35,90.11,86.42,123.05,150.27,135.75,148.23,153.26,121.2,87.2,89.68,129.47,158.94,152.32,170.04,169.82,196.24,156.51,125.34,132.39,99.22,113.32,143.51,76.3,155.35,194.34,159.58
2023-10-18,146.49,129.76,118.0,99.01,104.71,159.74,195.64,140.72,143.5,180.98,109.57,78.86,176.95,193.81,148.97,160.88,130.4,133.12,119.33,108.2,89.99,86.48,123.04,150.06,135.59,148.06,153.64,121.09,87.19,89.81,129.29,158.84,152.23,170.0,170.29,195.63,156.4,125.28,132.51,99.31,113.21,143.21,76.24,155.11,194.14,159.34
2023-10-19,146.58,129.65,118.12,98.91,104.93,159.54,195.76,140.57,143.41,180.32,109.45,78.71,176.74,194.07,149.04,160.89,130.23,133.07,119.3,108.1,89.88,86.52,122.99,149.84,135.45,147.88,153.53,121.03,87.08,89.94,129.12,158.76,152.16,169.96,170.84,195.09,156.18,125.14,132.66,99.5,113.17,143.31,76.14,154.94,193.88,159.07
2023-10-20,146.76,129.51,118.16,99.09,105.1,159.36,195.9,140.39,143.31,179.64,109.42,78.66,176.64,193.82,149.11,160.86,129.99,132.99,119.12,107.92,89.75,86.56,122.96,149.56,135.34,147.73,153.45,120.94,86.96,90.06,128.99,158.65,152.11,169.87,171.18,194.82,155.8,124.95,132.73,99.66,113.12,143.38,75.97,154.57,193.69,158.73
2023-10-21,146.68,129.19,117.94,98.99,104.97,159.09,195.7,139.96,143.01,178.83,109.26,78.39,176.35,194.38,148.89,160.3,129.71,132.79,118.76,107.61,89.5,86.25,122.5,149.21,135.05,147.79,153.26,120.77,86.6,90.07,128.62,158.33,151.86,169.74,171.55,194.25,155.16,124.53,132.61,99.65,112.58,143.24,75.63,154.03,193.45,158.22
2023-10-22,146.77,129.08,117.92,99.12,105.07,158.78,195.95,139.73,142.91,178.19,109.24,78.34,176.07,194.29,148.94,160.4,129.48,132.72,118.59,107.54,89.37,86.13,122.47,149.01,134.98,148.06,153.29,120.74,86.36,90.26,128.48,158.24,151.81,169.61,171.97,194.27,154.89,124.36,132.61,99.79,112.55,143.28,75.48,153.57,193.45,158.0
2023-10-23,146.66,128.93,117.93,99.31,105.25,158.84,196.18,139.5,142.84,177.66,109.24,78.29,175.91,194.22,149.05,160.71,129.28,132.67,118.44,107.5,89.28,86.06,122.47,148.84,135.02,148.38,153.36,120.7,86.14,90.42,128.38,158.19,151.76,169.57,172.34,194.31,154.6,124.21,132.53,99.89,112.53,143.42,75.36,153.15,193.45,157.95
2023-10-24,146.52,128.8,117.89,99.2,105.18,159.12,196.63,139.23,142.74,177.23,109.23,78.23,175.79,194.16,149.19,160.84,129.13,132.64,118.18,107.5,89.23,85.95,122.41,148.73,135.04,148.58,153.7,120.63,86.07,90.56,128.23,158.15,151.8,169.49,172.74,194.34,154.3,124.12,132.63,100.14,112.5,143.5,75.23,152.89,193.56,157.76
2023-10-25,146.53,128.7,117.78,99.25,105.31,159.19,196.91,139.03,142.74,176.74,109.28,78.17,175.68,194.11,149.29,160.87,129.0,132.61,118.0,107.5,89.2,85.82,122.18,148.5,135.01,148.58,154.29,120.57,86.09,90.64,128.28,158.11,151.85,169.35,173.22,194.5,153.95,123.97,132.65,100.14,112.48,143.85,75.17,152.72,193.7,157.74
2023-10-26,146.53,128.55,117.61,99.31,105.15,159.15,197.31,138.83,142.75,176.36,109.31,78.06,175.61,195.22,149.37,160.83,129.0,132.63,117.78,107.46,89.18,85.71,122.08,148.31,134.89,148.51,154.96,120.52,86.08,90.66,128.3,158.14,151.92,169.37,173.68,194.6,153.68,123.86,132.66,100.08,112.49,143.94,75.11,152.52,193.86,157.82
2023-10-27,146.37,128.36,117.42,99.33,104.86,159.06,197.66,138.61,142.72,176.09,109.3,77.92,175.56,195.43,149.34,160.67,129.05,132.61,117.63,107.38,89.08,85.51,121.91,148.11,134.62,148.61,155.56,120.46,86.05,90.7,128.29,158.06,151.98,169.4,174.34,194.76,153.52,123.79,132.7,100.0,112.5,143.83,75.06,152.47,194.16,157.98
2023-10-28,146.54,128.48,117.56,99.56,104.89,159.05,198.53,138.54,142.93,175.98,109.45,78.05,175.66,195.73,149.68,161.07,129.2,132.77,117.45,107.55,89.16,85.61,122.19,148.06,134.75,148.7,156.31,120.53,86.14,90.88,128.52,158.36,152.34,169.2,174.87,195.49,153.66,123.93,132.78,100.09,113.21,144.24,75.17,152.59,194.54,158.35
2023-10-29,146.53,128.36,117.53,99.64,104.57,159.02,199.04,138.34,142.95,175.77,109.47,77.91,175.74,195.95,149.77,161.04,129.23,132.72,117.14,107.46,89.07,85.51,122.05,147.84,134.6,148.63,156.72,120.26,86.07,90.93,128.38,158.2,152.31,169.06,175.23,195.64,153.42,123.85,132.7,100.04,113.35,144.46,75.09,152.74,194.73,158.35
2023-10-30,146.48,128.22,117.48,99.67,104.28,158.91,199.55,138.14,143.0,175.49,109.5,77.8,175.74,196.74,149.84,160.79,129.25,132.73,116.82,107.34,88.98,85.39,121.9,147.64,134.37,148.51,157.1,120.18,86.01,90.97,128.3,158.17,152.38,168.97,175.65,195.66,153.2,123.78,132.7,100.08,113.54,144.6,75.0,152.91,194.95,158.39
2023-10-31,146.4,128.03,117.43,99.64,103.95,158.5,199.83,137.88,142.99,175.01,109.48,77.71,175.62,197.43,149.81,160.44,128.98,132.64,116.78,107.07,88.77,85.19,121.55,147.31,134.03,148.21,157.54,120.06,85.82,90.89,128.24,158.2,152.4,168.93,175.96,195.78,152.9,123.55,132.52,99.97,113.57,144.69,74.8,152.81,195.01,158.27
2023-11-01,146.27,128.47,117.51,99.54,103.7,158.16,200.68,137.58,142.86,174.68,109.43,77.58,175.43,195.33,149.73,160.2,129.36,132.61,116.69,106.86,88.59,85.05,121.32,147.12,133.84,148.72,156.16,120.62,85.54,90.72,127.94,158.19,152.34,169.07,176.27,195.62,152.57,123.41,132.45,99.82,113.61,144.68,74.6,152.59,195.1,158.03
2023-11-02,146.01,128.75,117.59,99.4,103.37,157.74,201.47,137.24,142.57,174.09,109.21,77.45,175.04,193.22,149.52,160.01,129.35,132.35,116.48,106.5,88.4,84.83,120.93,146.75,133.42,148.57,154.89,120.48,85.25,90.4,127.54,158.02,152.16,169.1,176.39,195.48,152.06,123.14,132.09,99.65,113.47,144.43,74.41,152.25,194.96,157.75
2023-11-03,145.9,129.11,117.59,99.29,103.2,157.34,202.13,136.9,142.35,173.47,108.99,77.3,174.67,193.51,149.54,159.78,129.33,132.21,116.33,106.23,88.32,84.66,120.62,146.48,133.27,148.33,153.95,120.38,84.97,90.18,127.15,157.95,151.95,169.17,176.44,195.27,151.61,122.87,131.74,99.45,113.39,144.58,74.26,151.99,194.73,157.49
2023-11-04,145.74,129.43,117.57,98.79,103.02,156.86,202.62,136.55,142.18,172.61,108.78,77.06,174.29,193.52,149.4,159.19,129.21,132.05,116.39,105.99,88.27,84.47,120.38,146.17,132.96,147.72,153.2,120.26,84.77,90.11,126.91,157.87,151.74,169.52,176.55,195.03,151.14,122.6,131.58,99.31,113.19,144.37,74.13,151.64,194.56,157.18
2023-11-05,145.59,129.73,117.53,98.17,102.72,156.38,203.03,136.23,141.97,171.73,108.53,76.8,173.95,192.88,149.25,158.62,129.13,131.89,116.36,105.74,88.24,84.28,120.12,145.85,132.68,146.9,152.43,120.28,84.58,90.02,126.75,157.93,151.66,169.79,176.67,194.88,150.68,122.31,131.38,99.12,113.0,144.14,74.05,151.15,194.43,156.93
2023-11-06,145.45,130.02,117.51,97.52,102.35,155.86,203.44,135.95,141.72,170.9,108.27,76.51,173.58,191.77,149.05,158.07,129.13,131.68,116.34,105.48,88.16,84.06,119.93,145.53,132.4,146.38,151.62,120.15,84.38,89.88,126.51,157.85,151.45,169.96,176.72,194.86,150.24,122.01,131.18,98.92,112.73,143.9,73.97,150.62,194.27,156.64
2023-11-07,145.26,130.35,117.49,97.18,102.1,155.53,203.98,135.6,141.52,170.17,108.06,76.2,173.21,190.51,148.93,157.53,129.16,131.51,116.01,105.39,88.13,83.95,119.85,145.27,132.08,146.15,150.51,120.08,84.23,89.9,126.34,157.72,151.17,170.11,176.87,194.59,149.78,121.79,131.0,98.79,112.55,143.71,73.97,150.1,194.19,156.49
2023-11-08,145.09,130.08,117.3,96.82,101.79,155.25,203.72,135.16,141.4,169.36,107.8,75.93,172.96,192.99,148.9,156.86,128.45,131.26,115.64,105.27,88.03,83.75,119.78,144.99,131.74,145.12,151.02,119.33,84.16,89.75,126.23,157.52,150.91,169.98,177.05,194.47,149.33,121.54,130.6,98.72,112.35,143.41,73.92,149.67,194.1,156.45
2023-11-09,145.04,129.96,117.3,96.53,101.62,155.06,203.36,134.8,141.45,168.79,107.7,75.67,172.87,191.93,149.02,156.19,128.12,131.12,115.36,105.2,87.95,83.63,119.81,144.88,131.62,144.72,151.6,119.24,84.13,89.65,126.2,157.41,150.66,169.95,177.18,194.32,149.05,121.46,130.48,98.7,112.29,143.48,73.94,149.41,194.3,156.35
2023-11-10,144.97,129.89,117.39,96.27,101.51,154.79,203.01,134.48,141.56,168.06,107.47,75.45,172.7,190.53,149.51,155.47,127.81,130.98,115.08,105.15,87.9,83.53,119.77,144.72,131.39,144.34,152.09,119.12,84.12,89.51,126.11,157.41,150.59,169.91,177.49,194.27,148.69,121.37,130.39,98.74,112.2,143.44,73.87,149.16,194.64,156.18
2023-11-11,144.92,129.72,117.3,96.42,101.37,154.45,202.61,134.19,141.43,167.66,107.24,75.33,172.26,188.84,149.59,155.26,127.56,130.79,114.75,105.02,87.84,83.43,119.65,144.54,131.13,143.89,152.94,119.02,84.09,89.19,125.93,157.36,150.42,169.82,177.7,194.03,148.26,121.3,130.19,98.7,112.08,143.26,73.85,149.06,194.86,156.03
2023-11-12,144.89,129.61,117.22,96.57,101.32,154.12,202.28,133.86,141.36,167.19,107.02,75.24,171.8,187.7,149.65,155.05,127.33,130.64,114.5,104.91,87.76,83.41,119.58,144.37,130.84,143.39,153.88,118.97,84.04,88.9,125.77,157.3,150.25,169.71,177.92,193.83,147.84,121.25,130.05,98.68,111.98,143.08,73.82,148.9,195.1,155.86
2023-11-13,144.84,129.46,117.15,96.7,101.2,153.75,201.99,133.45,141.28,166.67,106.79,75.15,171.36,186.49,149.72,154.87,127.0,130.47,114.22,104.79,87.7,83.4,119.46,144.17,130.54,142.77,154.91,118.89,83.99,88.63,125.6,157.23,150.12,169.6,178.13,193.61,147.44,121.2,129.91,98.68,111.94,142.93,73.8,148.73,195.3,155.63
2023-11-14,144.94,129.29,117.09,96.54,100.78,153.27,201.84,133.21,141.21,166.14,106.57,75.16,170.14,185.75,149.87,154.68,126.82,130.28,113.41,104.54,87.64,83.31,119.33,143.94,130.34,141.66,155.93,118.75,83.97,88.19,125.28,157.15,149.88,169.38,178.37,193.51,147.05,121.1,129.71,98.62,111.88,142.91,73.73,148.64,195.37,155.51
2023-11-15,144.9,129.12,117.05,96.39,100.12,152.67,201.86,133.07,141.13,165.55,106.31,75.11,169.55,182.8,150.62,154.46,126.69,129.96,112.67,104.19,87.6,83.16,119.24,143.7,130.04,140.72,156.96,118.43,83.97,88.07,125.04,157.05,149.73,169.37,170.33,193.31,146.7,121.07,129.28,98.56,111.77,142.92,73.61,148.23,195.39,155.36
2023-11-16,144.95,128.95,116.71,96.34,99.47,152.14,201.72,132.88,141.02,164.91,106.02,75.23,168.89,183.67,151.17,154.26,126.56,129.85,111.99,103.95,87.62,83.1,119.16,143.41,130.26,139.84,157.75,118.29,83.95,88.24,124.98,157.07,149.66,169.28,170.68,193.18,146.37,120.93,129.12,98.49,111.64,142.78,73.51,147.69,195.14,154.75
2023-11-17,144.99,128.69,116.41,96.32,98.59,151.61,201.75,132.59,140.83,164.17,105.93,75.36,168.27,183.76,151.19,154.22,126.38,129.68,111.22,103.64,87.76,83.24,119.14,143.1,130.66,138.84,158.41,118.18,83.88,88.32,124.92,156.94,149.49,169.12,170.65,193.02,146.0,120.9,128.95,98.37,111.42,142.56,73.54,147.21,195.02,154.1
2023-11-18,144.81,128.29,116.01,96.2,97.68,151.21,201.48,132.17,140.7,163.26,105.72,75.3,167.85,183.66,151.28,153.75,126.14,129.42,110.32,103.19,87.77,83.35,119.01,142.66,130.91,137.55,158.38,117.99,83.79,88.1,124.71,156.72,149.3,169.01,170.48,192.67,145.52,120.67,128.55,98.19,111.08,142.26,73.44,146.73,194.9,153.47
2023-11-19,144.75,128.0,115.74,96.21,97.03,150.76,201.55,131.85,140.51,162.51,105.61,75.36,167.38,183.63,151.32,153.5,125.97,129.25,109.55,102.85,87.81,83.48,118.92,142.32,131.34,136.53,158.38,117.89,83.8,88.22,124.55,156.56,149.14,168.89,170.33,192.46,145.11,120.59,128.33,98.06,110.85,142.04,73.39,146.24,194.83,152.84
2023-11-20,144.67,127.75,115.52,96.26,96.43,150.27,201.64,131.6,140.37,161.79,105.51,75.43,166.88,183.61,151.64,153.24,125.82,129.09,108.78,102.54,87.88,83.6,118.86,142.0,131.8,135.47,158.05,117.83,83.8,88.35,124.45,156.44,148.99,168.81,170.14,192.3,144.74,120.53,128.07,97.93,110.6,141.87,73.36,145.77,194.67,152.31
2023-11-21,144.44,127.44,115.17,96.32,96.13,149.71,201.42,131.23,140.21,161.06,105.35,75.51,167.15,183.18,151.86,152.98,125.62,128.92,108.56,102.37,87.89,83.77,118.8,141.68,132.18,134.82,157.72,117.76,83.79,88.61,124.41,156.28,148.98,168.8,169.78,192.12,144.34,120.53,127.85,97.76,110.38,141.52,73.36,145.09,194.61,151.55
2023-11-22,144.47,127.06,114.85,96.31,95.95,148.97,201.38,130.75,140.05,160.35,105.09,75.61,166.54,182.54,150.84,152.56,124.82,128.64,108.19,102.21,87.84,84.03,118.64,141.25,132.62,134.1,157.13,117.37,83.76,88.82,124.28,156.14,148.81,168.6,177.79,192.08,143.85,120.5,127.71,97.4,110.22,141.26,73.36,144.49,194.52,150.74
2023-11-23,144.44,126.66,114.63,96.25,95.82,148.01,201.42,130.29,139.88,159.55,104.92,75.62,165.72,181.65,149.94,152.15,124.57,128.38,107.77,102.0,87.75,84.07,118.48,140.91,132.44,133.31,156.76,117.29,83.76,88.64,123.93,155.88,148.59,168.2,177.61,191.96,143.34,120.58,127.43,97.15,110.07,140.96,73.28,143.99,194.55,150.26
2023-11-24,144.27,126.19,114.35,96.06,95.77,146.89,201.31,129.82,139.61,158.81,104.65,75.48,164.77,180.61,149.0,151.84,124.3,128.05,107.36,101.7,87.41,83.88,118.17,140.48,131.99,132.52,156.58,117.17,83.7,88.46,123.58,155.64,148.35,167.74,177.61,191.73,142.77,120.45,127.09,96.84,109.85,140.58,73.14,143.33,194.26,149.77
2023-11-25,144.24,125.88,114.26,95.94,95.82,145.67,201.54,129.51,139.32,158.11,104.49,75.46,163.83,179.56,148.34,151.78,123.96,127.78,107.07,101.55,87.16,83.68,117.96,140.17,131.67,131.75,156.58,117.09,83.61,88.54,123.37,155.48,148.18,167.23,177.76,191.8,142.4,120.49,126.78,96.6,109.83,140.31,73.09,142.71,193.88,149.2
2023-11-26,143.97,125.41,114.07,95.66,95.59,144.49,201.11,129.09,139.05,157.23,104.19,75.26,162.95,178.51,147.66,151.41,123.66,127.43,106.66,101.24,86.85,83.36,117.66,139.73,131.15,130.91,156.46,116.92,83.39,88.27,123.06,155.23,147.95,166.71,177.79,191.68,141.96,120.29,126.43,96.29,109.6,139.95,72.94,142.09,193.47,148.67
2023-11-27,143.76,124.93,113.78,95.33,95.39,143.35,200.54,128.63,138.72,156.32,103.9,75.05,162.07,177.48,146.71,151.02,123.29,127.06,106.25,100.95,86.54,83.05,117.35,139.28,130.61,130.11,156.56,116.67,83.18,87.98,122.73,154.95,147.72,166.15,177.8,191.55,141.45,120.08,126.02,95.99,109.37,139.53,72.77,141.44,193.21,148.09
2023-11-28,143.61,124.56,113.61,95.12,95.2,142.57,199.98,128.32,138.46,155.58,103.73,74.79,161.38,176.31,145.78,150.66,123.06,126.77,105.95,100.57,86.25,82.63,116.99,138.91,130.09,129.46,156.42,116.48,83.0,87.68,122.46,154.79,147.54,165.73,177.85,191.59,141.15,119.77,125.75,95.79,109.13,139.17,72.63,142.85,192.95,147.74
2023-11-29,143.35,124.3,113.4,94.94,95.15,142.13,199.51,128.13,138.25,154.9,103.71,74.58,160.88,176.08,145.61,150.59,123.42,126.73,105.77,100.3,86.02,82.29,116.77,138.65,129.62,128.91,156.26,116.82,82.74,87.27,122.27,154.7,147.46,165.47,177.76,191.69,140.82,119.38,125.79,95.71,108.99,138.85,72.48,144.54,192.81,147.9
2023-11-30,142.63,123.89,113.19,94.7,94.87,141.85,198.89,127.87,137.91,154.17,103.59,74.26,160.37,175.74,145.42,150.36,123.19,126.48,105.52,99.93,85.7,81.97,116.42,138.31,129.2,128.5,155.99,116.6,82.39,86.99,122.09,154.58,147.35,165.37,177.57,191.6,140.43,118.91,125.61,95.47,108.81,138.35,72.21,146.18,192.64,148.22
2023-12-01,142.03,123.65,113.08,94.25,94.64,141.71,198.14,127.78,137.71,153.63,103.49,74.11,160.16,174.44,145.27,149.95,122.96,126.26,105.26,99.7,85.53,81.7,116.15,138.1,129.02,128.3,153.78,116.41,82.18,86.79,122.07,154.57,147.28,165.41,177.4,191.64,140.18,118.59,125.38,95.37,108.76,137.97,71.97,147.87,192.63,148.66
2023-12-02,141.36,123.4,112.96,93.74,94.26,141.61,197.22,127.58,137.58,153.19,103.4,73.91,159.99,172.6,145.18,149.43,122.75,126.01,104.99,99.48,85.32,81.41,115.87,137.92,128.75,127.98,151.39,116.16,81.8,86.57,122.07,154.49,147.2,165.54,177.1,191.64,139.79,118.31,125.14,95.27,108.56,137.63,71.72,149.58,192.74,149.21
2023-12-03,140.83,123.26,112.87,93.36,93.96,141.54,196.59,127.38,137.55,152.81,103.36,73.77,159.84,170.73,145.18,149.06,122.46,125.8,104.76,99.38,85.16,81.16,115.65,137.83,128.56,127.8,149.06,115.95,81.49,86.36,122.2,154.57,147.2,165.74,176.93,191.72,139.44,118.14,124.76,95.19,108.54,137.39,71.53,151.34,192.86,149.77
2023-12-04,140.27,123.12,112.83,93.01,93.67,141.5,196.11,127.21,137.56,152.47,103.33,73.63,159.72,168.99,145.18,148.71,122.56,125.64,104.56,99.28,84.99,80.9,115.53,137.76,128.42,127.62,146.86,115.81,81.2,86.17,122.31,154.63,147.16,165.95,176.75,191.92,139.11,117.98,124.47,95.15,108.61,137.15,71.34,153.15,192.88,150.31
2023-12-05,139.77,122.97,112.88,92.87,93.4,141.37,195.72,126.98,137.54,151.97,103.21,73.52,159.48,167.32,145.2,148.39,122.54,125.46,104.28,99.22,85.03,80.81,115.45,137.65,128.35,127.41,144.81,115.62,80.96,85.92,122.56,154.76,147.12,166.01,176.7,191.43,138.7,117.94,124.12,95.14,108.74,137.0,71.15,153.03,192.61,150.71
2023-12-06,139.15,122.8,112.93,92.84,93.17,141.2,195.05,126.75,137.52,151.52,103.06,73.4,159.2,165.8,145.13,148.05,122.47,125.27,104.01,99.19,84.99,80.74,115.37,137.52,128.21,127.31,142.68,115.45,80.78,85.55,122.67,154.77,147.07,165.95,176.69,190.76,138.35,117.89,123.68,95.14,108.95,136.84,71.28,152.91,192.3,150.64
2023-12-07,139.16,122.85,113.09,92.84,93.03,141.06,194.56,126.62,137.7,151.31,102.97,73.29,159.15,164.39,145.1,147.82,122.5,125.2,103.84,99.36,85.01,80.75,115.41,137.56,128.08,127.19,140.69,115.36,80.76,85.27,123.01,154.92,147.15,165.94,176.2,190.67,138.06,117.97,123.29,95.25,109.17,136.8,71.53,152.81,192.15,150.55
2023-12-08,139.28,122.84,113.22,93.24,92.92,141.07,194.25,126.37,137.89,151.11,103.04,73.16,158.88,164.62,145.15,147.78,122.55,125.18,103.74,99.55,85.02,80.8,115.52,137.52,127.87,126.96,140.54,115.38,80.78,84.91,123.27,155.03,147.08,165.95,175.62,190.3,137.79,118.15,122.91,95.37,109.33,136.79,71.73,152.87,191.76,150.29
2023-12-09,139.25,122.7,113.16,93.51,92.74,141.07,193.81,126.12,137.99,150.84,103.0,73.0,158.41,165.38,144.94,147.48,122.61,125.05,103.59,99.53,84.97,80.75,115.44,137.34,127.5,126.59,140.49,115.36,80.86,84.17,123.28,154.95,146.23,165.97,175.11,189.54,137.42,118.13,122.68,95.4,109.31,136.65,71.79,152.82,191.27,149.84
2023-12-10,139.43,122.71,113.24,93.93,92.94,141.18,193.72,126.05,138.16,150.71,103.08,73.0,158.05,166.31,145.02,147.48,122.89,125.1,103.53,99.64,85.02,80.91,115.57,137.27,127.4,126.41,140.67,115.53,81.05,83.82,123.42,155.0,145.53,166.05,174.62,189.14,137.29,118.27,122.58,95.55,109.49,136.64,71.97,152.9,190.87,149.55
2023-12-11,139.61,122.73,113.3,94.33,93.07,141.29,193.67,125.95,138.33,150.61,103.17,73.0,157.68,167.08,145.09,147.53,122.82,125.1,103.46,99.77,85.03,81.09,115.58,137.23,127.26,126.21,140.8,115.69,81.23,83.48,123.57,155.11,144.88,166.14,174.13,188.71,137.17,118.45,122.42,95.69,109.68,136.66,72.15,152.94,190.59,149.27
2023-12-12,139.67,122.72,113.3,94.45,93.23,141.24,193.7,125.78,138.48,150.58,103.23,72.95,157.35,166.75,145.17,147.57,122.75,125.03,103.4,99.89,84.89,81.23,115.65,137.14,127.21,125.98,140.9,115.88,81.36,83.21,123.47,155.03,144.11,165.36,173.52,188.79,137.08,118.63,122.17,95.78,109.88,136.56,72.29,153.09,190.52,148.97
2023-12-13,139.82,122.67,113.32,94.47,93.31,141.05,193.9,125.51,138.6,150.32,103.28,72.96,156.91,166.49,145.19,147.56,122.25,124.89,103.34,100.07,84.84,81.36,115.65,136.99,127.25,125.76,141.32,116.04,81.47,83.1,123.55,155.09,143.4,165.56,172.74,188.94,137.0,118.84,121.78,95.86,109.83,136.47,72.21,153.16,190.3,148.58
2023-12-14,139.74,122.57,113.38,94.54,93.41,140.75,194.18,125.2,138.63,150.12,103.32,73.04,156.44,166.11,145.19,147.56,121.75,124.71,103.29,100.16,84.84,81.41,115.65,136.69,127.26,125.39,141.33,116.26,81.49,82.97,123.43,155.01,142.54,165.67,172.49,188.73,136.94,118.96,121.31,95.89,109.83,136.52,72.14,153.22,190.0,148.38
2023-12-15,139.45,122.36,113.26,94.38,93.52,140.24,194.21,124.87,138.53,149.76,103.13,73.04,155.8,165.07,145.06,147.24,121.24,124.45,103.18,100.12,84.74,81.41,115.48,136.34,127.04,124.93,141.15,116.36,81.35,82.9,123.18,154.83,141.78,165.67,172.3,188.44,136.74,118.83,120.82,95.78,109.83,136.48,72.04,153.23,189.67,148.21
2023-12-16,139.43,122.28,113.31,94.34,93.71,139.73,194.36,124.64,138.54,149.55,103.04,73.12,155.5,164.04,145.21,147.21,120.78,124.32,103.08,100.3,84.76,81.5,115.48,136.11,127.06,124.66,141.15,116.54,81.37,82.99,123.15,154.82,141.73,165.6,172.13,188.43,136.66,118.91,120.22,95.76,109.97,136.53,72.12,153.24,189.44,148.26
2023-12-17,139.14,121.99,113.21,94.14,93.62,139.06,194.1,124.19,138.39,149.17,102.68,73.06,154.98,162.61,145.02,146.89,119.44,123.85,102.82,100.29,84.64,81.38,115.26,135.67,126.84,123.83,140.83,116.0,81.21,82.98,122.89,154.57,141.5,165.38,171.87,188.0,136.3,118.76,119.41,95.56,109.79,136.42,72.03,153.07,189.05,148.11
2023-12-18,138.85,121.7,113.09,93.97,93.51,138.36,193.81,123.76,138.22,148.79,102.39,72.98,154.49,161.29,144.86,146.56,118.85,123.52,102.63,100.29,84.6,81.23,115.1,135.25,126.6,123.03,140.61,115.86,81.04,82.97,122.65,154.35,141.27,165.15,171.59,187.51,135.92,118.64,118.74,95.39,109.51,136.28,72.01,152.95,188.63,147.99
2023-12-19,138.6,121.37,112.86,93.79,93.33,137.6,193.3,123.35,138.04,148.2,102.13,72.95,154.13,161.13,144.62,146.24,118.4,123.26,102.42,100.26,84.51,81.09,114.91,134.85,126.19,122.19,140.93,115.81,80.87,82.85,122.41,154.06,141.07,165.82,171.28,187.17,135.47,118.5,118.12,95.18,109.11,136.18,72.02,152.78,188.26,147.84
2023-12-20,138.38,121.03,112.63,93.62,93.2,136.83,192.59,122.95,137.88,147.68,101.85,72.91,153.93,160.89,144.39,145.74,118.43,123.02,102.08,100.08,84.45,80.99,114.72,134.5,125.71,121.32,141.25,115.69,80.66,82.92,122.13,153.68,140.82,165.55,171.13,186.78,134.96,118.37,117.55,94.97,108.8,135.94,71.99,152.6,187.95,147.73
2023-12-21,138.15,120.67,112.26,93.44,93.12,136.02,191.82,122.51,137.72,147.01,101.55,72.91,153.68,160.46,144.14,145.18,118.51,122.77,101.7,99.92,84.35,80.85,114.49,134.1,125.2,120.41,141.97,115.57,80.47,82.75,121.82,153.42,140.65,165.41,170.92,186.41,134.49,118.24,116.93,94.69,108.36,135.64,71.92,152.29,187.7,147.45
2023-12-22,137.97,120.39,112.01,93.42,92.87,135.24,191.28,122.09,137.68,146.4,101.28,72.97,153.54,160.07,143.97,144.71,118.61,122.56,101.33,99.78,84.29,80.67,114.46,133.76,124.89,119.54,142.71,115.49,80.31,82.5,121.56,153.17,140.53,165.25,170.66,186.37,134.02,118.2,116.4,94.45,107.97,135.35,71.82,151.93,187.6,147.13
2023-12-23,137.73,120.09,111.71,93.42,92.71,134.38,190.83,121.57,137.54,145.72,100.76,73.05,153.27,159.66,143.73,144.38,118.67,122.33,101.03,99.62,84.16,80.51,114.45,133.39,124.39,118.7,143.37,115.31,80.1,82.3,121.32,152.93,140.4,165.1,170.25,186.37,133.61,118.12,116.01,94.25,107.69,135.04,71.66,151.15,187.32,146.66
2023-12-24,137.52,119.84,111.43,93.43,92.45,133.61,190.45,121.2,137.46,145.1,100.59,73.09,153.11,159.5,143.56,144.06,119.38,122.28,100.77,99.46,84.09,80.36,114.45,133.08,123.88,118.16,144.14,115.72,79.93,82.05,121.06,152.67,140.29,165.01,169.86,186.46,133.24,118.09,115.74,94.12,107.43,134.77,71.53,150.94,187.1,146.26
2023-12-25,137.35,119.63,111.19,93.46,92.23,133.0,190.12,120.84,137.44,144.54,100.36,73.17,153.08,159.19,143.44,143.73,119.37,122.12,100.48,99.3,84.03,80.25,114.41,132.77,123.47,117.63,144.87,115.72,79.8,81.83,120.83,152.43,140.21,165.0,169.54,186.57,132.94,118.04,115.41,93.98,107.2,134.56,71.38,150.69,186.89,145.9
2023-12-26,137.18,119.38,110.96,93.57,92.07,132.29,189.81,120.47,137.36,144.09,100.1,73.28,152.64,158.82,143.23,143.34,119.2,121.91,100.19,99.16,83.95,80.09,114.35,132.42,123.08,117.11,145.1,115.61,79.68,81.71,120.65,152.27,140.13,164.88,169.2,186.49,132.63,118.01,114.93,93.8,107.05,134.27,71.23,150.32,186.64,145.51
2023-12-27,136.88,119.11,110.74,93.63,91.82,131.53,189.61,120.2,137.21,143.69,99.86,73.32,152.02,158.42,142.95,143.16,119.08,121.7,100.02,99.0,83.77,79.87,114.31,132.05,122.65,116.48,144.95,115.61,79.55,81.41,120.39,152.11,140.04,164.77,168.79,186.5,132.36,117.96,114.55,93.65,106.87,133.86,71.07,149.97,186.37,145.19
2023-12-28,136.61,118.85,110.52,93.61,91.52,131.0,189.09,120.05,137.08,143.37,99.53,73.25,151.47,158.46,142.66,143.01,118.86,121.46,99.92,98.8,83.56,79.72,114.27,131.6,122.24,115.64,144.67,115.49,79.38,81.37,120.21,151.92,139.9,164.66,168.44,186.37,132.07,117.85,114.1,93.43,106.71,133.21,70.93,149.74,185.97,144.92
2023-12-29,136.37,118.62,110.25,93.46,91.38,130.43,188.47,119.88,136.86,143.07,99.2,73.05,150.95,158.46,142.3,142.93,118.65,121.2,99.84,98.62,83.31,79.55,114.03,131.16,121.76,115.05,144.27,115.3,79.19,81.46,120.09,151.79,139.73,164.55,168.15,186.18,131.78,117.69,113.64,93.05,106.45,132.59,70.84,149.48,185.56,144.77
2023-12-30,136.12,118.39,109.97,93.39,91.19,129.88,187.8,119.84,136.58,142.82,99.11,72.76,150.42,157.35,141.96,142.64,118.47,120.93,99.76,98.37,83.06,79.35,113.72,130.76,121.38,114.33,143.85,115.19,78.99,81.69,119.89,151.7,139.63,164.46,167.99,185.96,131.48,117.44,113.19,92.64,106.06,131.96,70.69,149.7,185.23,144.68
2023-12-31,135.77,118.0,109.64,93.2,90.9,129.27,187.05,119.54,136.19,142.46,98.68,72.41,149.79,156.26,141.52,142.22,118.25,120.53,99.65,98.04,82.74,79.09,113.31,130.2,120.91,113.42,143.31,114.96,78.73,81.67,119.64,151.59,139.44,164.3,167.49,185.21,131.03,117.11,112.47,92.15,105.68,131.15,70.45,149.29,184.87,144.51
2024-01-01,135.27,117.53,109.17,92.91,90.54,128.45,186.05,119.08,135.61,141.82,98.17,72.03,148.91,153.76,140.89,141.65,117.97,119.99,99.5,97.58,82.32,78.77,112.77,129.48,120.28,112.57,141.4,114.67,78.41,81.6,119.3,151.35,139.16,164.07,166.91,184.32,130.38,116.67,111.71,91.59,105.2,130.11,70.16,148.68,184.36,144.24
2024-01-02,134.79,117.09,108.67,92.5,90.16,127.67,185.1,118.59,135.0,141.16,97.66,71.62,148.11,151.51,140.26,141.02,117.75,119.44,99.39,97.08,81.87,78.46,112.19,128.69,119.6,111.93,139.38,114.34,78.07,81.48,118.96,151.05,138.85,163.84,166.11,183.39,129.7,116.05,110.99,91.04,104.68,129.0,69.83,148.07,183.76,144.0
2024-01-03,134.47,116.99,108.24,92.16,89.89,127.28,184.15,118.16,134.53,140.72,97.25,71.31,147.63,149.5,139.85,140.54,117.53,119.01,99.36,96.73,81.53,78.12,111.67,128.09,119.11,112.15,137.54,114.05,77.82,81.31,118.78,150.87,138.54,163.63,165.48,182.44,129.11,115.47,110.42,90.56,104.19,128.14,69.57,147.59,183.33,143.88
2024-01-04,134.26,117.13,107.89,91.9,89.76,127.0,183.59,117.92,134.16,140.47,97.12,71.08,147.33,147.49,139.49,140.24,117.44,118.76,99.42,96.61,81.26,77.93,111.29,127.84,118.88,112.92,135.82,113.9,77.69,81.14,118.78,150.8,138.36,163.52,165.3,182.0,128.76,115.11,110.26,90.29,103.85,127.67,69.38,147.19,183.05,143.72
2024-01-05,134.18,117.38,107.67,91.44,89.67,127.19,183.24,117.82,133.94,140.38,97.08,70.98,147.44,145.69,139.37,140.01,117.41,118.62,99.63,96.55,81.17,77.81,110.88,127.75,118.92,113.56,134.29,113.83,77.65,80.98,118.89,150.76,138.24,163.46,165.21,181.69,128.68,114.86,110.03,90.31,103.61,127.4,69.17,146.95,182.89,143.72
2024-01-06,134.18,117.74,107.59,90.86,89.48,127.72,182.89,117.72,133.93,140.42,97.05,70.89,147.71,144.2,139.27,139.79,117.41,118.52,99.92,96.56,81.16,77.69,110.31,127.73,119.15,114.41,131.43,113.76,77.78,80.71,118.94,150.59,137.98,163.48,165.15,181.28,128.75,114.68,109.98,90.4,103.44,127.26,68.96,146.75,182.86,143.79
2024-01-07,134.34,118.29,107.6,90.42,89.6,128.27,182.77,117.85,134.06,140.59,97.23,70.9,148.1,142.9,139.28,139.78,117.5,118.57,100.31,96.84,81.18,77.64,109.9,127.92,119.56,115.56,128.69,113.78,78.03,80.79,119.15,150.53,137.8,163.6,165.44,181.54,129.05,114.66,110.24,90.59,103.46,127.34,68.86,146.7,182.85,143.94
2024-01-08,134.63,118.88,107.74,90.04,89.79,128.95,182.8,118.08,134.31,140.97,97.47,70.91,148.71,143.19,139.44,139.95,117.62,118.74,100.72,97.18,81.27,77.61,109.61,128.25,120.09,116.6,127.56,113.86,78.3,80.86,119.45,150.57,137.64,163.77,165.76,181.91,129.48,114.69,110.52,90.83,103.46,127.6,68.79,146.85,182.92,144.13
2024-01-09,135.02,119.63,108.02,90.04,90.03,129.93,183.01,118.53,134.73,141.61,97.85,70.99,149.66,143.34,139.78,140.28,117.81,119.04,101.21,97.65,81.41,77.65,109.46,128.85,120.95,117.65,126.91,114.03,78.67,81.02,119.76,150.73,137.53,164.01,166.37,182.45,130.1,114.97,111.01,91.23,103.61,128.17,68.79,147.18,183.18,144.41
2024-01-10,135.46,120.17,108.31,90.2,90.23,130.71,183.37,118.9,135.14,142.21,98.19,71.16,150.56,143.29,140.05,140.44,117.95,119.3,101.72,98.09,81.61,77.85,109.34,129.43,121.9,118.1,126.21,114.17,79.03,81.3,120.02,150.85,137.4,164.2,166.86,183.41,130.91,115.29,111.31,91.61,103.78,128.75,68.82,147.65,183.2,144.39
2024-01-11,135.84,120.61,108.56,90.28,90.18,131.5,183.68,119.1,135.58,142.72,98.39,71.39,151.49,143.02,140.37,140.72,117.99,119.47,102.2,98.42,81.89,78.1,109.26,129.9,122.84,118.62,125.21,114.23,79.37,81.58,120.06,150.92,137.18,164.28,166.8,183.94,131.63,115.55,111.47,91.99,103.99,129.26,68.82,148.09,183.43,144.48
2024-01-12,136.23,120.98,108.59,90.77,90.32,132.13,183.56,119.27,135.98,143.18,98.54,71.5,152.2,142.76,140.61,140.95,118.02,119.63,102.31,98.75,82.1,78.3,109.27,130.29,123.68,119.07,124.46,114.32,79.66,81.9,120.11,150.97,136.94,164.42,166.7,184.44,132.22,115.73,111.65,92.29,104.19,129.69,68.86,148.52,183.59,144.42
2024-01-13,136.47,121.25,108.58,91.22,90.44,132.68,183.32,119.36,136.27,143.54,98.63,71.57,152.75,143.4,140.81,141.06,118.02,119.73,102.26,99.1,82.18,78.4,109.26,130.5,124.33,119.34,125.04,114.34,79.8,82.12,120.12,151.02,136.76,164.32,166.23,184.83,132.53,115.77,111.56,92.51,104.23,130.04,68.92,148.92,183.72,144.3
2024-01-14,136.76,121.59,108.6,91.8,90.77,133.22,183.2,119.48,136.59,143.92,98.74,71.79,153.28,143.81,141.06,141.34,117.98,119.88,102.2,99.33,82.42,78.7,109.48,130.82,125.16,119.65,125.74,114.42,79.97,82.34,120.19,151.13,136.62,164.2,165.68,185.3,133.0,115.9,111.47,92.78,104.26,130.36,69.1,149.36,183.91,144.16
2024-01-15,137.03,121.91,108.6,92.32,91.1,133.74,183.12,119.62,136.92,144.37,98.85,72.01,153.74,144.03,141.3,141.58,117.95,120.03,102.14,99.56,82.66,79.03,109.71,131.16,125.98,119.97,126.23,114.52,80.18,82.59,120.24,151.25,136.54,164.06,165.2,185.78,133.49,116.06,111.33,93.07,104.39,130.7,69.29,149.82,184.15,144.12
2024-01-16,137.18,122.07,108.55,92.49,91.32,133.83,182.88,119.64,137.09,144.6,98.89,72.14,153.54,144.14,141.36,141.77,117.88,120.07,102.03,99.74,82.84,79.27,109.87,131.29,126.35,120.13,126.57,114.56,80.3,82.73,120.27,151.29,136.42,163.86,165.0,185.96,133.89,116.12,111.09,93.26,104.36,130.81,69.43,150.18,183.98,143.8
2024-01-17,137.28,122.14,108.46,92.49,91.51,133.87,182.55,119.67,137.18,144.67,98.88,72.09,153.06,144.29,141.33,142.04,117.76,120.08,102.15,99.86,82.94,79.38,109.94,131.37,126.51,120.17,126.93,114.6,80.4,82.81,120.21,151.3,136.33,163.64,164.72,185.77,134.14,116.11,110.87,93.45,104.39,130.89,69.52,150.21,184.01,143.89
2024-01-18,137.34,122.1,108.22,92.5,91.96,133.67,181.87,119.65,137.25,144.65,98.83,71.94,152.68,144.54,141.23,141.99,117.67,120.06,102.2,99.92,83.0,79.35,109.92,131.39,126.49,119.93,127.54,114.61,80.53,82.92,120.17,151.31,136.29,163.47,164.61,185.69,134.25,116.04,110.62,93.57,104.31,131.01,69.66,150.36,183.85,143.9
2024-01-19,137.3,122.05,108.23,92.38,92.16,133.47,181.54,119.58,137.29,144.58,98.78,71.96,152.29,144.68,141.1,141.96,117.62,120.03,102.22,99.9,83.06,79.3,109.97,131.38,126.38,119.74,128.16,114.6,80.67,82.88,120.0,151.26,136.2,163.14,164.52,185.55,134.31,116.0,110.42,93.7,104.19,131.05,69.82,150.42,183.71,143.8
2024-01-20,137.45,122.07,108.25,92.49,92.64,133.17,181.5,119.57,137.41,144.5,98.81,72.1,152.03,144.89,141.06,142.2,117.58,120.11,102.34,100.0,83.23,79.37,110.3,131.62,126.41,119.67,128.82,114.69,80.9,83.21,120.06,151.39,136.24,162.97,164.77,185.69,134.56,116.08,110.24,93.89,104.31,131.16,70.07,150.56,183.63,143.69
2024-01-21,137.5,121.97,108.31,92.51,92.75,132.87,181.48,119.5,137.42,144.39,98.72,72.05,151.78,144.99,140.96,142.16,117.57,120.09,102.42,100.06,83.25,79.26,110.32,131.68,126.16,119.45,129.4,114.7,81.02,83.26,119.91,151.36,136.18,162.78,165.22,185.63,134.59,116.08,110.03,93.95,104.32,131.28,70.11,150.65,183.5,143.74
2024-01-22,137.52,121.89,108.4,92.49,92.88,132.64,181.46,119.43,137.45,144.24,98.65,71.99,151.58,145.08,140.88,142.19,117.57,120.08,102.54,100.15,83.26,79.16,110.41,131.77,125.92,119.19,129.89,114.7,81.16,83.31,119.78,151.32,136.1,162.56,165.64,185.6,134.61,116.08,109.82,94.03,104.37,131.39,70.18,150.74,183.32,143.76
2024-01-23,137.56,121.91,108.54,92.52,93.04,132.76,181.77,119.43,137.63,144.29,98.58,72.02,151.93,145.32,140.97,142.32,117.56,120.15,103.02,100.36,83.35,79.17,110.57,131.96,126.05,119.03,130.34,114.76,81.39,83.38,119.71,151.33,136.12,162.47,165.75,185.88,134.64,116.19,109.63,94.16,104.53,131.61,70.32,150.87,183.54,143.98
2024-01-24,137.61,121.88,108.67,92.63,93.04,133.01,182.02,119.41,137.83,144.4,98.3,72.12,152.56,145.4,141.11,142.39,117.35,120.12,103.16,100.58,83.51,79.15,110.74,132.12,126.24,118.82,130.68,114.76,81.67,83.33,119.67,151.32,136.09,162.44,164.64,186.06,134.57,116.31,108.96,94.22,104.58,131.69,70.5,151.13,183.67,143.72
2024-01-25,137.76,121.91,108.99,92.85,93.01,133.39,182.73,119.38,138.04,144.63,98.04,72.22,153.0,145.46,141.36,142.61,117.13,120.11,103.33,100.9,83.61,79.19,110.94,132.29,126.51,118.65,130.99,114.8,81.86,83.34,119.6,151.25,136.0,162.44,163.86,186.02,134.53,116.46,108.33,94.24,104.73,131.74,70.59,151.38,183.88,143.48
2024-01-26,137.9,121.93,109.35,93.11,92.96,133.87,183.59,119.39,138.3,144.88,97.95,72.17,153.33,145.53,141.64,142.84,116.85,120.1,103.79,101.22,83.72,79.33,111.07,132.51,126.91,118.41,130.97,114.68,81.99,83.55,119.63,151.27,135.97,162.64,162.88,186.05,134.56,116.66,107.84,94.26,104.89,131.72,70.62,151.68,184.15,143.34
2024-01-27,138.0,122.01,109.75,93.37,93.02,134.47,184.49,119.44,138.55,145.26,98.11,72.28,153.79,145.59,141.97,143.21,116.73,120.18,104.22,101.53,83.91,79.58,111.32,132.7,127.4,118.21,131.06,114.63,82.13,83.87,119.63,151.3,135.88,162.88,161.92,186.04,134.69,117.03,107.81,94.28,105.18,131.7,70.79,152.01,184.44,143.24
2024-01-28,138.02,122.08,110.04,93.55,92.95,135.09,185.0,119.43,138.79,145.6,98.26,72.39,154.15,145.82,142.29,143.5,116.56,120.23,104.67,101.84,84.13,79.78,111.58,132.88,127.9,117.99,131.15,114.66,82.3,84.13,119.67,151.36,135.79,163.08,160.29,186.01,134.74,117.3,107.63,94.28,105.38,131.67,71.03,152.34,184.64,143.0
2024-01-29,138.09,122.11,110.35,93.83,92.89,135.68,185.57,119.41,139.04,145.92,98.4,72.52,154.47,146.08,142.61,143.78,116.4,120.3,105.07,102.1,84.36,79.96,111.73,133.0,128.39,117.83,131.27,114.7,82.46,84.33,119.69,151.39,135.72,163.24,159.21,185.96,134.76,117.56,107.56,94.25,105.57,131.62,71.24,152.66,184.86,142.74
2024-01-30,138.2,122.13,110.64,94.25,92.95,136.41,185.96,119.33,139.24,146.08,98.53,72.66,154.69,146.32,142.94,144.02,116.25,120.34,105.13,102.27,84.6,80.08,111.87,133.05,128.82,117.63,131.15,114.7,82.57,84.7,119.72,151.46,135.6,163.36,157.6,185.93,134.85,117.86,107.54,94.18,105.77,131.56,71.44,153.0,185.08,142.53
2024-01-31,138.17,122.22,110.91,94.46,93.04,137.23,186.43,119.23,139.36,146.34,98.67,72.72,154.77,146.7,143.24,144.28,116.23,120.42,105.21,102.4,84.81,80.22,112.02,133.1,129.2,117.38,131.15,114.71,82.61,85.01,119.67,151.47,135.49,163.45,157.75,185.9,134.94,118.13,107.71,94.16,105.9,131.66,71.52,153.35,185.33,142.51
2024-02-01,137.99,122.22,111.17,94.62,92.96,137.89,186.68,119.06,139.35,146.58,98.72,72.9,154.82,150.26,143.45,144.8,116.12,120.49,105.28,102.35,84.97,80.35,112.04,133.09,129.49,116.95,131.96,114.57,82.73,85.2,119.58,151.41,135.4,163.45,156.9,185.99,134.99,118.41,107.35,94.15,105.95,131.62,71.73,153.51,185.45,139.09
2024-02-02,137.82,122.23,111.37,94.85,92.91,138.46,186.76,118.88,139.34,146.93,98.67,73.12,154.76,149.76,143.68,145.43,115.95,120.48,105.38,102.46,85.08,80.48,112.06,133.1,129.7,116.93,130.89,114.73,82.97,85.5,119.45,151.28,135.28,163.37,156.36,185.99,135.01,118.67,107.21,94.18,106.0,131.75,72.01,153.67,185.59,139.07
2024-02-03,137.72,122.36,111.53,95.04,92.82,139.05,186.92,118.83,139.38,147.22,98.48,73.26,154.46,149.9,143.9,146.01,115.76,120.51,105.53,102.55,85.14,80.53,112.08,133.14,129.84,116.94,129.78,114.93,83.2,85.48,119.41,151.25,135.32,163.34,155.97,186.1,135.01,118.86,107.01,94.23,105.99,131.89,72.15,153.82,185.74,139.07
2024-02-04,137.63,122.45,111.66,95.28,92.85,139.62,187.03,118.78,139.41,147.51,98.28,73.37,154.15,149.96,144.09,146.6,115.57,120.51,105.62,102.6,85.19,80.59,112.11,133.15,129.9,117.02,128.95,115.01,83.39,85.72,119.33,151.15,135.31,163.22,155.69,186.13,135.03,119.01,106.86,94.29,105.95,132.01,72.25,153.91,185.91,139.06
2024-02-05,137.48,122.54,111.74,95.49,92.85,140.17,187.04,118.74,139.45,147.79,98.04,73.4,153.81,150.07,144.24,147.09,115.23,120.47,105.74,102.61,85.2,80.58,112.11,133.15,129.95,117.06,127.87,114.98,83.55,86.04,119.25,151.07,135.32,163.21,155.18,186.16,135.03,119.14,106.65,94.36,105.89,132.05,72.3,153.99,186.12,139.03
2024-02-06,137.3,122.6,111.88,95.57,92.79,140.45,187.06,118.73,139.51,148.18,97.82,73.3,153.57,150.16,144.38,147.53,115.01,120.45,105.71,102.6,85.19,80.57,112.08,133.16,130.03,117.09,126.96,115.05,83.64,86.22,119.13,150.92,135.39,163.29,154.77,186.08,134.99,119.16,106.38,94.38,105.82,132.18,72.37,154.13,186.32,139.13
2024-02-07,137.26,122.74,112.1,95.85,92.86,140.6,187.18,118.82,139.69,148.58,97.86,73.28,153.4,150.31,144.63,148.05,114.98,120.53,105.73,102.63,85.17,80.6,112.16,133.16,130.24,117.18,126.05,115.2,83.81,86.66,119.15,150.89,135.54,163.38,154.4,185.87,135.02,119.29,106.48,94.31,105.9,132.38,72.56,154.28,186.62,139.34
2024-02-08,137.3,122.99,112.4,96.11,93.0,140.91,187.48,119.01,139.94,149.04,97.99,73.13,153.4,147.84,144.97,148.19,114.96,120.62,105.77,102.73,85.18,80.61,112.26,133.22,130.49,117.5,124.42,115.39,83.92,87.13,119.23,151.0,135.68,163.52,154.69,185.93,135.12,119.45,107.12,94.25,105.98,132.78,72.66,154.52,186.98,142.95
2024-02-09,137.34,123.22,112.49,96.37,93.16,141.05,187.08,119.22,140.12,149.35,98.02,73.11,153.56,149.48,145.3,148.11,115.15,120.8,105.85,102.7,85.23,80.69,112.4,133.2,130.75,117.47,124.77,115.54,83.96,87.42,119.29,151.05,135.78,163.59,154.84,186.03,135.16,119.58,107.46,94.18,106.04,133.11,72.81,154.73,187.08,143.18
2024-02-10,137.22,123.27,112.68,96.55,95.34,141.01,186.96,119.34,140.27,149.6,97.97,72.98,153.79,150.37,145.58,147.94,115.12,120.84,105.91,102.54,85.27,80.71,112.44,133.07,130.93,117.37,125.2,115.37,84.0,87.87,119.24,150.99,135.78,163.56,154.82,185.91,135.11,119.71,107.14,94.07,106.11,133.47,72.91,154.86,187.39,143.4
2024-02-11,137.08,123.33,112.86,96.6,97.45,140.96,186.98,119.47,140.44,149.85,97.9,72.88,154.03,151.25,145.85,147.83,115.09,120.88,105.97,102.42,85.31,80.78,112.5,132.96,131.16,117.2,125.13,115.18,84.05,88.11,119.22,150.98,135.84,163.65,155.19,185.87,135.09,119.87,106.77,93.96,106.16,133.82,73.03,155.03,187.64,143.6
2024-02-12,137.0,123.43,113.04,96.78,99.54,140.54,186.96,119.59,140.61,150.14,97.89,72.85,154.26,152.06,146.23,147.75,115.36,121.01,106.05,102.41,85.38,80.89,112.6,132.9,131.39,117.05,125.46,115.25,84.12,88.34,119.21,150.97,135.93,163.69,155.27,185.82,135.08,120.05,106.46,93.84,106.24,134.34,73.19,155.18,187.94,143.82
2024-02-13,136.9,123.53,113.15,96.91,101.56,140.24,186.89,119.71,140.77,150.26,97.85,72.88,154.45,152.73,146.68,147.66,115.36,121.09,106.14,102.46,85.38,81.05,112.72,132.92,131.56,116.98,125.6,115.03,84.25,88.61,119.17,150.97,135.97,163.63,155.81,185.64,135.07,120.27,106.28,93.82,106.28,134.84,73.32,155.17,188.27,143.99
2024-02-14,136.73,123.59,113.35,97.19,103.63,139.95,186.56,119.78,140.83,150.38,97.91,72.93,154.73,153.2,147.03,147.47,115.5,121.2,106.21,102.49,85.43,81.2,112.76,132.97,131.55,117.0,125.9,114.96,84.35,88.78,119.2,150.94,135.97,163.46,155.91,185.51,135.06,120.44,106.24,93.88,106.28,135.19,73.43,155.12,188.44,144.16
2024-02-15,136.53,123.59,113.43,97.38,105.81,139.6,186.15,119.77,140.84,150.47,97.93,73.0,153.94,152.99,147.5,146.89,115.51,121.22,106.25,102.57,85.43,81.31,112.84,132.96,131.59,117.09,126.09,114.85,84.53,88.89,119.11,150.77,135.88,163.28,155.89,185.04,134.98,120.6,106.07,93.93,106.31,135.48,73.5,155.13,188.47,144.34
2024-02-16,136.28,123.64,113.67,97.09,108.0,139.42,186.59,119.82,140.92,150.65,97.92,73.03,153.23,152.62,148.01,146.32,115.26,121.21,106.25,102.73,85.29,81.34,112.86,133.03,131.58,117.12,126.34,114.6,84.72,89.01,119.05,150.68,135.8,163.23,155.81,184.77,134.95,120.79,105.87,93.96,106.41,135.76,73.49,155.09,188.71,144.56
2024-02-17,135.65,123.36,113.51,96.49,107.22,139.37,186.18,119.72,140.69,150.64,97.57,72.72,152.41,152.24,148.19,145.16,115.04,120.96,105.88,102.58,84.82,81.04,112.37,132.75,131.36,116.76,125.87,114.3,84.58,88.58,118.6,150.2,135.45,163.18,155.58,183.94,134.45,120.62,106.09,93.72,105.83,135.65,73.28,154.89,188.54,144.59
2024-02-18,135.52,123.44,113.64,96.34,107.27,139.37,186.18,119.85,140.7,150.94,97.59,72.83,151.92,151.87,148.76,144.6,115.35,121.1,105.97,102.87,84.64,81.04,112.5,132.86,131.65,116.95,126.1,114.52,84.72,88.73,118.61,150.14,135.37,163.23,155.51,183.75,134.48,120.83,106.7,93.79,105.9,135.87,73.34,154.86,188.66,144.81
2024-02-19,135.42,123.51,113.71,96.09,107.39,139.7,186.22,119.98,140.68,151.2,97.59,72.93,151.46,151.5,149.26,144.03,115.53,121.19,106.01,103.14,84.47,81.05,112.72,132.92,131.93,117.14,126.29,114.58,84.85,88.93,118.6,150.04,135.23,163.28,155.45,183.6,134.54,121.04,107.25,93.89,105.94,136.01,73.41,154.85,188.71,145.06
2024-02-20,135.26,123.55,113.88,96.21,107.43,139.88,186.21,120.17,140.59,151.62,97.61,73.04,151.05,151.13,149.56,143.4,115.89,121.3,106.18,103.26,84.37,80.95,112.72,132.94,132.12,117.24,126.63,114.83,84.93,89.14,118.64,149.96,135.11,163.37,155.35,183.55,134.58,121.01,107.69,93.92,106.05,136.09,73.43,154.8,188.68,145.22
2024-02-21,135.03,123.58,114.05,96.17,107.53,140.09,186.42,120.38,140.57,152.01,97.5,73.15,150.64,150.75,149.95,142.82,116.1,121.34,106.37,103.42,84.23,80.78,112.67,132.95,132.46,117.24,126.86,114.93,85.0,89.29,118.53,149.84,134.96,163.57,155.18,183.49,134.61,121.1,107.63,93.98,106.12,136.27,73.42,154.86,188.69,145.37
2024-02-22,134.83,123.6,114.22,96.29,105.44,140.39,186.61,120.75,140.62,152.18,97.46,73.23,151.21,150.38,150.19,142.47,116.55,121.29,106.56,103.44,84.16,80.58,112.49,133.01,132.76,117.23,127.16,114.69,85.01,89.43,118.53,149.84,134.97,163.85,154.98,183.57,134.66,121.1,107.49,93.8,106.08,136.33,73.37,153.08,188.86,145.44
2024-02-23,134.69,123.65,114.55,96.87,103.3,140.79,186.72,121.18,140.75,152.51,97.53,73.3,151.75,150.01,150.43,142.29,117.22,121.3,106.85,103.53,84.21,80.41,112.39,133.1,133.15,117.33,127.43,114.47,84.99,89.55,118.64,149.85,135.01,164.28,154.84,183.2,134.79,121.15,107.34,93.71,106.14,136.46,73.32,151.32,189.07,145.56
2024-02-24,135.12,124.11,115.32,97.84,102.15,141.27,187.32,121.83,141.25,153.14,98.01,73.73,152.35,149.64,151.07,142.84,118.09,121.65,107.59,103.98,84.65,80.66,112.87,133.6,133.81,117.85,128.32,114.53,85.33,90.18,119.25,150.34,135.4,164.78,154.78,183.58,135.56,121.63,107.22,93.93,106.85,136.99,73.62,149.75,189.48,145.96
2024-02-25,135.13,124.22,115.81,98.4,100.2,141.72,187.47,122.28,141.56,153.47,98.14,73.77,152.7,149.26,151.38,142.73,118.44,121.61,107.92,103.96,84.8,80.59,112.71,133.73,133.97,117.84,128.71,114.08,85.37,90.21,119.36,150.39,135.51,165.13,154.63,183.26,135.79,121.74,106.77,93.81,106.97,137.17,73.62,147.98,189.75,146.23
2024-02-26,135.08,124.36,116.31,98.97,98.2,142.19,187.38,122.74,141.87,153.76,98.29,73.8,153.07,148.89,151.7,142.59,118.91,121.56,108.27,103.96,84.93,80.52,112.43,133.87,134.12,117.85,128.64,113.68,85.4,90.17,119.5,150.47,135.64,165.49,154.45,182.89,136.02,121.81,106.36,93.68,107.08,137.35,73.59,146.21,190.0,146.46
2024-02-27,135.09,124.48,116.8,98.9,96.33,142.87,187.47,123.21,142.2,154.04,98.43,73.84,153.22,148.52,152.17,142.54,119.35,121.5,108.6,104.04,85.02,80.49,112.35,133.99,134.33,117.89,128.42,113.25,85.45,90.09,119.53,150.51,135.68,165.8,154.13,182.5,136.23,122.06,105.95,93.55,107.19,137.54,73.61,144.57,190.34,146.58
2024-02-28,135.14,124.6,117.07,98.89,94.37,143.6,187.51,123.64,142.52,154.37,98.59,73.83,153.3,148.15,152.62,142.47,119.82,121.47,108.93,104.11,85.17,80.56,112.29,134.13,134.42,118.07,128.57,112.84,85.58,90.06,119.55,150.58,135.77,166.17,153.69,182.32,136.45,122.19,105.91,93.38,107.33,137.56,73.63,142.83,190.76,146.78
2024-02-29,135.17,124.8,117.4,98.79,94.87,144.54,187.55,124.06,142.88,154.95,98.78,73.9,153.42,147.77,153.19,142.34,120.05,121.67,109.33,104.31,85.34,80.71,112.37,134.31,134.59,118.28,128.91,112.96,85.71,89.94,119.56,150.68,135.83,166.42,152.23,182.23,136.81,122.35,105.9,93.53,107.6,137.69,73.7,142.89,191.25,147.14
2024-03-01,135.08,124.79,117.48,98.59,95.36,145.12,187.47,124.22,143.11,155.16,98.75,73.87,153.36,147.4,153.72,142.16,119.89,121.61,109.28,104.3,85.55,80.82,112.31,134.28,134.46,118.29,128.63,112.83,85.8,89.74,119.35,150.63,135.82,166.51,150.64,182.24,136.91,122.43,105.71,93.55,107.68,137.72,73.75,142.87,191.73,147.28
2024-03-02,134.69,124.64,117.25,98.16,95.46,145.63,187.13,124.28,143.16,155.19,98.71,73.77,153.3,147.03,154.18,141.73,119.93,121.53,109.23,104.26,85.65,80.76,111.95,134.16,134.11,118.26,128.44,112.9,85.7,89.15,118.96,150.4,135.71,166.58,149.07,181.85,136.76,122.33,105.54,93.45,107.63,137.75,73.59,142.83,192.15,147.31
2024-03-03,134.41,124.56,117.11,97.92,95.51,146.18,187.02,124.41,143.21,155.35,98.74,73.69,153.25,146.66,154.68,141.36,119.97,121.51,109.19,104.34,85.78,80.69,111.7,134.14,133.89,118.39,128.34,113.05,85.68,88.94,118.77,150.32,135.67,166.65,147.44,181.78,136.76,122.26,105.58,93.46,107.61,137.91,73.51,142.79,192.57,147.35
2024-03-04,134.18,124.5,117.03,97.53,95.79,146.76,187.17,124.56,143.29,155.6,98.78,73.68,153.26,145.65,155.16,141.21,119.8,121.52,109.16,104.48,85.97,80.7,111.53,134.17,133.72,118.5,128.68,113.11,85.7,88.7,118.59,150.26,135.68,166.75,145.88,181.73,136.8,122.26,105.4,93.49,107.63,138.12,73.48,142.82,193.01,147.44
2024-03-05,133.98,124.5,116.8,97.35,95.71,147.31,187.22,124.74,143.37,155.85,98.85,73.64,153.45,145.35,155.65,141.07,119.85,121.59,109.42,104.59,86.2,80.75,111.36,134.27,133.57,118.63,129.32,113.34,85.71,88.51,118.52,150.2,135.67,166.94,144.46,181.7,136.84,122.29,105.55,93.52,107.56,138.41,73.45,142.84,193.38,147.14
2024-03-06,133.84,124.47,116.59,97.11,95.6,147.69,187.19,124.99,143.45,156.15,98.99,73.67,153.64,145.4,156.13,140.86,119.87,121.72,109.68,104.57,86.3,80.75,111.13,134.41,133.35,118.75,129.66,113.86,85.69,88.27,118.56,150.15,135.63,166.96,143.24,181.59,136.95,122.23,105.89,93.81,107.4,138.87,73.44,142.96,193.77,146.71
2024-03-07,133.77,124.45,116.38,96.92,95.55,147.94,187.19,125.21,143.48,156.43,99.08,73.73,153.75,145.65,156.58,140.93,120.2,121.87,109.91,104.56,86.37,80.76,110.89,134.54,133.15,118.88,129.81,114.46,85.61,88.14,118.63,150.04,135.58,167.15,143.08,181.64,136.99,122.19,106.47,94.04,107.29,139.32,73.43,143.08,194.12,146.28
2024-03-08,133.82,124.54,116.2,96.89,95.52,148.65,187.06,125.63,143.56,156.92,99.4,73.82,154.05,146.05,157.1,140.94,120.84,122.2,110.5,104.63,86.32,80.79,110.65,134.85,133.2,119.15,130.64,115.3,85.57,88.13,118.76,150.0,135.56,167.29,141.41,181.75,137.22,122.09,107.06,94.36,107.21,139.75,73.43,143.2,194.38,145.6
2024-03-09,134.09,124.76,116.29,97.1,95.65,149.42,187.48,126.1,143.8,157.65,99.71,74.0,154.44,146.67,157.73,141.18,121.22,122.57,111.16,104.76,86.38,80.96,110.61,135.26,133.43,119.56,131.36,115.95,85.74,88.57,119.1,150.19,135.61,167.42,141.19,182.37,137.7,122.16,107.75,94.79,107.26,140.25,73.56,143.34,194.73,144.9
2024-03-10,134.27,124.92,116.38,97.18,95.95,150.19,187.68,126.55,144.02,158.31,99.96,74.08,154.84,147.41,158.29,141.38,121.57,122.88,111.74,104.82,86.38,81.22,110.48,135.6,133.56,119.79,131.95,116.57,85.83,88.65,119.25,150.28,135.6,167.61,141.0,182.75,138.01,122.12,108.23,95.14,107.25,140.67,73.62,143.51,195.08,144.38
2024-03-11,134.39,125.01,116.34,97.38,95.95,150.93,187.47,126.93,144.2,158.89,100.18,74.08,155.17,148.73,158.79,141.3,122.0,123.15,112.29,104.78,86.3,81.36,110.29,135.87,133.54,120.02,132.31,117.2,85.9,88.74,119.37,150.33,135.55,167.74,140.71,183.08,138.28,121.92,108.87,95.46,107.13,140.87,73.65,143.6,195.41,143.76
2024-03-12,134.45,125.06,116.3,97.64,96.4,151.65,187.28,127.24,144.41,159.39,100.33,74.0,155.4,149.34,159.32,141.09,122.26,123.38,112.61,104.7,86.11,81.42,109.98,136.04,133.61,120.2,132.53,117.66,85.97,88.81,119.48,150.45,135.61,167.8,140.51,183.51,138.54,121.73,109.29,95.81,107.09,141.14,73.63,143.66,195.74,143.73
2024-03-13,134.47,125.15,116.33,97.83,96.99,152.29,187.07,127.56,144.71,159.81,100.44,73.9,155.6,149.79,159.73,141.01,122.59,123.56,112.86,104.71,85.92,81.47,109.7,136.23,133.77,120.45,132.82,117.74,85.96,88.96,119.61,150.6,135.71,168.0,140.3,184.01,138.74,121.58,109.56,95.94,107.13,141.45,73.63,143.66,196.03,143.74
2024-03-14,134.39,125.17,116.15,98.02,97.14,152.93,186.68,127.77,144.96,160.07,100.53,73.68,155.72,150.14,160.05,140.85,122.82,123.66,112.75,104.64,85.65,81.49,109.4,136.35,133.82,120.61,133.02,117.69,85.98,89.09,119.62,150.64,135.7,168.01,140.09,184.12,138.98,121.41,109.77,96.04,107.06,141.78,73.62,145.52,196.12,143.62
2024-03-15,134.3,125.21,116.07,98.11,97.36,152.35,186.49,127.97,145.27,160.25,100.58,73.5,155.69,150.44,160.37,140.8,123.07,123.82,112.58,104.68,85.52,81.42,109.19,136.51,133.83,120.87,133.91,117.67,85.99,89.15,119.83,150.82,135.77,168.03,141.42,184.55,139.21,121.3,110.14,96.2,107.08,142.06,73.62,147.43,196.38,144.67
2024-03-16,131.66,125.14,115.83,97.95,97.42,151.76,185.93,128.12,145.4,160.21,100.55,73.24,155.6,150.71,160.54,140.49,123.25,123.79,112.39,104.58,85.3,81.23,108.89,136.42,134.03,120.94,134.92,117.57,85.87,88.72,119.78,150.7,135.65,168.0,139.98,184.6,139.15,121.07,110.32,96.22,106.92,142.24,73.55,149.3,196.51,145.63
2024-03-17,129.06,125.11,115.54,97.89,97.55,151.25,185.39,128.34,145.6,160.22,100.57,73.07,155.58,151.02,160.84,140.27,123.55,123.84,112.31,104.55,85.17,81.04,108.66,136.42,134.34,121.15,136.09,117.55,85.83,88.64,119.88,150.61,135.49,168.01,139.72,184.81,139.21,121.0,110.55,96.38,106.91,142.5,73.55,151.26,196.67,146.59
2024-03-18,126.51,125.15,115.37,97.88,97.73,150.76,185.23,128.6,145.83,160.31,100.62,72.96,155.59,151.47,161.24,140.16,123.73,123.9,112.27,104.54,85.08,80.89,108.49,136.47,134.79,121.43,137.7,117.49,85.81,88.62,119.98,150.49,135.31,168.01,138.15,185.01,139.32,121.06,110.76,96.57,106.99,142.95,73.56,153.23,196.89,147.57
2024-03-19,123.93,125.18,115.25,97.9,97.79,150.24,184.77,128.82,146.04,160.51,100.7,72.93,155.68,152.66,161.58,139.96,123.9,123.99,112.46,104.57,85.02,80.72,108.33,136.57,135.01,121.72,139.25,117.53,85.79,88.57,119.93,150.29,135.04,167.85,137.94,185.24,139.33,121.1,111.04,96.73,106.99,143.15,73.56,155.18,197.08,148.48
2024-03-20,121.36,125.15,115.16,97.98,97.68,149.65,184.32,128.95,146.1,160.69,100.8,72.78,156.21,153.8,161.98,139.69,124.13,124.04,112.62,104.6,84.91,80.56,108.2,136.6,135.22,121.93,140.74,117.55,85.78,88.52,119.84,150.11,134.8,167.63,136.49,185.42,139.3,121.08,111.18,96.86,106.96,143.11,73.4,157.17,197.37,149.43
2024-03-21,118.82,125.1,115.17,97.97,97.54,148.93,184.0,129.18,146.17,160.98,100.9,72.68,156.84,155.01,162.44,139.51,124.29,124.1,113.11,104.64,84.81,80.32,108.03,136.71,135.43,122.22,142.34,117.63,85.8,88.48,119.83,150.01,134.65,167.48,136.26,185.52,139.22,121.09,111.33,96.96,106.89,143.06,73.2,157.44,197.7,150.45
2024-03-22,116.33,125.03,115.25,97.49,97.49,149.06,183.7,129.36,146.1,161.4,100.97,72.61,157.65,155.48,162.77,139.39,124.43,124.09,113.72,104.59,84.62,80.22,107.85,136.72,135.83,122.34,142.79,117.63,85.86,88.47,119.63,149.8,134.42,167.38,135.21,185.69,139.07,121.07,111.34,96.97,106.77,143.12,73.02,157.66,198.02,150.73
2024-03-23,116.37,125.14,115.5,97.29,97.87,149.17,183.55,129.54,146.26,161.94,101.15,72.57,158.48,156.38,163.32,139.57,124.65,124.28,114.21,104.67,84.53,80.32,107.89,136.96,136.1,122.69,143.49,117.75,86.01,88.96,119.66,149.87,134.4,167.36,136.56,186.27,139.25,121.08,111.59,97.09,106.82,143.26,72.96,158.0,198.43,151.05
2024-03-24,116.24,125.03,115.59,96.89,97.97,149.19,182.96,129.63,146.08,162.24,101.29,72.43,159.2,157.18,163.39,139.59,124.85,124.33,114.65,104.55,84.3,80.28,107.75,137.0,135.88,123.0,143.75,117.78,86.07,88.96,119.47,149.85,134.38,167.26,136.71,186.5,139.3,120.94,111.79,97.12,106.61,142.67,72.81,158.21,198.84,151.25
2024-03-25,116.22,125.05,115.82,96.85,98.19,149.28,182.72,129.76,146.15,162.73,101.42,72.37,159.97,157.9,163.76,139.69,125.14,124.49,115.2,104.58,84.17,80.31,107.68,137.16,135.99,123.25,144.03,117.91,86.14,89.04,119.37,149.91,134.42,167.24,138.13,186.82,139.36,120.87,112.03,97.17,106.5,142.69,72.7,158.64,199.21,151.48
2024-03-26,116.21,125.1,115.92,96.67,98.51,149.42,182.58,129.86,146.21,163.09,101.53,72.3,160.78,157.94,164.11,139.66,125.39,124.6,115.31,104.6,84.11,80.44,107.64,137.3,136.27,123.48,144.24,118.01,86.21,89.16,119.38,150.0,134.48,167.4,138.15,186.99,139.49,120.78,112.17,97.17,106.37,142.79,72.62,159.11,199.64,151.6
2024-03-27,116.2,125.18,116.14,96.53,99.02,149.73,182.87,130.05,146.29,163.38,101.53,72.24,161.07,158.03,164.44,140.11,125.48,124.7,115.65,104.64,84.17,80.61,107.61,137.39,136.6,123.68,144.49,118.15,86.27,89.21,119.37,149.99,134.44,167.53,138.27,187.07,139.56,120.78,112.34,97.2,106.24,143.0,72.63,159.48,199.84,151.74
2024-03-28,116.12,125.25,116.42,96.6,99.58,149.94,183.09,130.18,146.33,163.54,101.48,72.23,161.15,158.32,164.67,140.34,125.59,124.77,115.94,104.63,84.23,80.79,107.65,137.4,136.9,123.85,144.76,118.16,86.32,89.29,119.26,149.92,134.34,167.57,136.67,187.26,139.59,120.73,112.47,97.24,106.15,143.06,72.71,159.68,200.08,151.81
2024-03-29,116.07,125.32,116.58,96.99,99.66,150.2,183.31,130.3,146.45,163.68,101.54,72.3,161.21,158.99,165.01,140.52,125.7,124.88,116.18,104.61,84.35,80.99,107.72,137.45,136.92,124.1,145.39,118.26,86.33,89.41,119.2,149.93,134.28,167.56,136.22,187.34,139.64,120.69,112.71,97.29,106.08,143.15,72.82,159.92,200.16,151.91
2024-03-30,115.96,125.3,116.63,97.32,99.5,150.25,183.47,130.4,146.38,163.69,101.55,72.38,161.24,159.3,165.18,140.42,125.71,124.92,116.47,104.48,84.35,80.91,107.71,137.45,136.82,124.17,145.38,118.27,86.26,89.37,119.07,149.85,134.12,167.47,134.89,187.32,139.61,120.63,112.81,97.6,106.04,142.98,72.85,160.06,200.19,151.91
2024-03-31,115.89,125.4,116.72,97.63,99.71,150.31,184.03,130.46,146.55,163.84,101.5,72.48,161.28,159.6,165.59,140.34,125.68,124.95,116.7,104.38,84.39,80.93,107.63,137.48,137.02,124.15,145.62,118.24,86.24,89.39,118.89,149.78,133.97,167.4,133.13,187.36,139.42,120.57,112.79,97.85,106.03,143.37,72.87,160.18,200.1,151.97
2024-04-01,115.59,125.25,116.53,97.48,99.64,150.2,184.02,130.42,146.35,163.6,101.39,72.31,161.19,158.47,165.6,140.2,125.61,124.77,116.74,104.03,84.27,80.64,107.4,137.3,136.74,124.07,143.77,117.95,86.15,89.2,118.61,149.6,133.74,167.26,131.49,187.29,139.05,120.18,112.65,98.02,105.86,143.04,72.69,159.98,199.95,151.88
2024-04-02,115.35,125.08,116.45,97.34,99.11,149.85,184.18,130.39,146.14,163.46,101.29,72.08,160.92,158.31,165.59,140.55,125.47,124.63,116.81,103.74,84.15,80.51,107.24,137.11,136.37,124.05,142.02,117.76,86.05,88.76,118.4,149.53,133.54,167.14,130.06,187.3,138.73,119.97,112.59,98.21,105.71,142.65,72.5,159.74,199.71,151.99
2024-04-03,115.16,124.97,116.23,97.07,98.54,149.59,184.07,130.34,146.03,163.42,101.29,72.08,160.86,158.35,165.52,140.31,125.34,124.53,116.8,103.45,83.96,80.45,106.84,136.95,135.97,123.99,140.06,117.63,85.99,88.4,118.17,149.45,133.4,167.07,129.3,187.32,138.43,119.81,112.6,98.44,105.58,142.29,72.4,159.52,199.51,152.04
2024-04-04,115.06,124.92,116.03,96.71,98.16,149.5,184.13,130.29,146.0,163.56,101.33,72.16,160.82,157.92,165.55,140.44,125.09,124.45,116.88,103.24,83.93,80.5,106.61,136.87,135.71,124.09,138.39,117.34,85.96,88.06,118.02,149.47,133.34,167.08,129.41,187.47,138.29,119.71,112.63,98.77,105.55,142.14,72.31,159.39,199.51,152.12
2024-04-05,114.9,124.87,115.8,96.36,98.24,149.47,184.42,130.23,145.95,163.58,101.33,72.13,160.94,157.36,165.52,140.51,124.92,124.43,116.59,103.09,83.83,80.44,106.37,136.81,135.61,124.36,137.63,117.25,85.9,87.71,117.9,149.46,133.26,167.02,129.46,187.42,138.16,119.62,113.15,99.18,105.48,142.04,72.1,159.27,199.58,152.17
2024-04-06,114.79,124.85,115.63,96.06,98.32,149.54,184.72,130.16,145.98,163.67,101.31,72.1,161.03,155.78,165.49,140.78,124.76,124.35,116.27,103.01,83.79,80.58,106.23,136.77,135.44,124.75,136.99,117.16,85.98,87.46,117.82,149.4,133.26,167.05,129.43,187.29,138.07,119.58,113.62,99.32,105.39,141.99,71.92,159.15,199.17,152.34
2024-04-07,114.73,124.88,115.5,95.79,98.14,149.71,185.05,130.16,146.05,163.85,101.32,72.09,161.18,154.64,165.59,141.09,124.68,124.36,115.98,103.0,83.76,80.64,106.09,136.81,135.38,125.25,136.18,117.12,85.99,87.3,117.87,149.36,133.28,167.08,129.82,187.21,138.11,119.62,114.2,99.52,105.4,142.1,71.74,159.15,198.88,152.52
2024-04-08,114.82,125.0,115.55,95.6,98.1,149.9,185.53,130.22,146.22,164.2,101.4,72.31,161.4,154.93,165.69,141.37,124.63,124.49,115.76,103.06,83.81,80.94,106.02,136.92,135.43,125.77,137.13,117.32,86.02,87.22,117.97,149.39,133.36,167.16,129.8,187.24,138.26,119.93,114.91,99.75,105.46,142.27,71.73,159.22,198.61,152.82
2024-04-09,114.88,125.1,115.53,95.47,98.5,150.32,185.89,130.28,146.39,164.58,101.47,72.54,161.74,154.39,165.84,141.44,124.61,124.58,115.75,103.05,83.83,81.06,105.98,137.08,135.55,126.29,138.03,117.33,86.03,87.37,117.99,149.33,133.4,167.06,129.95,187.22,138.42,120.06,115.52,99.98,105.47,142.58,71.71,159.39,198.4,153.05
2024-04-10,114.89,125.18,115.46,95.31,98.74,150.57,186.17,130.41,146.48,164.85,101.56,72.57,162.07,153.59,166.07,141.6,124.68,124.68,115.76,103.05,83.95,81.05,106.26,137.27,135.69,126.89,139.66,117.34,85.95,87.46,118.02,149.27,133.44,166.98,130.64,187.36,138.7,120.1,116.09,100.2,105.53,142.9,71.65,159.6,198.68,153.15
2024-04-11,114.86,125.22,115.35,95.06,98.8,150.6,186.09,130.54,146.52,165.05,101.65,72.54,162.46,152.7,166.2,141.59,124.83,124.76,115.7,103.03,83.96,80.95,106.3,137.4,135.71,127.14,140.89,117.55,85.88,87.53,118.07,149.23,133.52,166.93,131.03,187.37,138.9,120.01,116.68,100.3,105.48,143.03,71.61,159.77,198.96,152.5
2024-04-12,114.83,125.2,115.21,94.88,98.8,150.64,185.82,130.61,146.52,165.28,101.7,72.52,162.61,152.31,166.32,141.51,124.7,124.71,115.96,102.91,84.02,80.86,106.35,137.51,135.7,127.08,141.01,117.55,85.76,87.36,118.05,149.09,133.53,166.83,131.27,187.27,139.08,119.96,116.39,100.25,105.42,142.96,71.64,159.99,199.08,151.79
2024-04-13,114.28,125.09,115.01,94.67,98.83,150.72,185.33,130.69,146.39,165.44,101.78,72.41,162.85,152.28,166.41,141.24,124.58,124.62,116.12,102.65,84.02,80.67,106.24,137.55,135.65,126.85,142.05,117.44,85.51,87.25,117.9,148.93,133.44,166.5,131.49,187.1,139.12,119.82,116.04,100.1,105.23,142.93,71.61,160.2,199.66,151.1
2024-04-14,113.75,125.01,114.86,94.47,98.92,150.74,184.88,130.76,146.33,165.66,101.85,72.35,163.08,151.82,166.53,141.06,124.39,124.54,116.33,102.49,84.06,80.55,106.29,137.64,135.65,126.7,142.08,117.35,85.32,87.13,117.82,148.86,133.44,166.22,131.76,187.1,139.32,119.66,115.73,100.0,105.12,142.76,71.63,160.48,200.19,150.43
2024-04-15,113.25,124.93,114.68,94.32,99.03,150.81,184.46,130.81,146.26,165.84,101.89,72.28,163.3,151.3,166.74,140.89,124.16,124.45,116.5,102.35,84.09,80.43,106.35,137.71,135.65,126.53,142.26,117.23,85.16,87.01,117.66,148.72,133.38,165.89,132.36,186.96,139.5,119.47,115.45,99.92,105.01,142.68,71.65,160.55,200.7,149.71
2024-04-16,112.46,124.28,114.52,94.13,99.07,150.97,184.02,130.81,146.2,165.9,101.86,72.25,163.44,150.71,166.94,140.61,123.93,124.27,116.38,102.2,84.08,80.27,106.27,137.71,135.58,126.3,142.36,116.84,85.0,86.79,117.56,148.53,133.35,165.76,132.58,186.75,139.64,119.38,114.97,99.84,104.91,142.5,71.63,160.69,201.19,149.04
2024-04-17,111.68,123.61,114.35,94.03,99.27,151.18,183.45,130.75,146.15,165.95,101.83,72.18,163.52,149.99,167.09,140.21,123.68,124.07,116.31,102.06,83.95,80.14,105.99,137.64,135.43,126.05,141.88,116.45,84.92,86.67,117.47,148.38,133.3,165.55,132.88,186.44,139.71,119.28,114.56,99.74,104.75,142.2,71.58,160.95,201.23,148.47
2024-04-18,110.79,122.81,114.02,93.94,99.28,151.5,182.79,130.69,146.07,165.91,101.77,72.1,163.58,149.55,167.32,139.65,123.18,123.82,115.8,101.91,83.8,79.96,105.78,137.46,135.32,125.74,141.41,116.21,84.82,86.51,117.32,148.15,133.14,165.35,132.68,186.52,139.64,119.24,114.09,99.59,104.62,141.99,71.44,161.21,200.88,148.62
2024-04-19,109.9,122.02,113.75,93.82,99.13,151.77,182.09,130.73,145.97,165.96,101.7,71.98,163.64,148.82,167.56,139.32,122.99,123.64,115.11,101.77,83.67,79.78,105.59,137.28,135.13,125.53,140.43,116.04,84.76,86.47,117.27,148.03,133.03,165.24,132.42,186.86,139.57,119.18,113.94,99.47,104.68,141.88,71.29,161.51,200.8,148.69
2024-04-20,109.31,121.09,113.23,93.44,98.56,152.0,181.34,130.73,145.83,165.89,101.53,71.8,163.55,148.88,167.59,138.77,122.89,123.4,114.46,101.48,83.4,79.47,105.1,137.0,134.82,125.14,138.55,115.83,84.62,86.14,116.99,147.68,132.77,165.31,132.01,186.72,139.21,118.98,113.8,99.27,104.26,141.58,70.93,161.8,200.62,148.67
2024-04-21,108.93,120.32,112.85,93.35,98.25,152.27,180.78,130.77,145.76,165.91,101.47,71.74,163.51,148.97,167.85,138.44,122.87,123.25,113.88,101.38,83.28,79.33,104.85,136.85,134.73,124.86,137.96,115.53,84.61,86.04,116.89,147.57,132.62,165.39,131.7,187.02,139.1,119.01,113.52,99.14,104.29,141.53,70.7,162.15,200.6,148.69
2024-04-22,108.54,119.56,112.43,93.22,97.93,152.53,180.17,130.87,145.7,165.88,101.45,71.66,163.44,149.1,168.07,138.07,122.94,123.13,113.45,101.32,83.17,79.19,104.62,136.71,134.65,124.62,137.07,115.31,84.61,85.87,116.87,147.51,132.51,165.46,131.45,187.39,139.03,119.04,113.31,99.06,104.33,141.34,70.49,162.75,200.57,148.91
2024-04-23,108.46,119.38,112.09,93.17,97.7,152.66,179.44,130.98,145.63,165.91,101.48,71.59,163.57,149.08,168.32,137.63,122.97,123.11,113.01,101.26,83.14,79.08,104.46,136.6,134.6,124.36,136.77,115.58,84.63,85.8,116.87,147.53,132.38,165.65,131.15,187.87,138.98,119.0,113.32,98.99,104.37,141.28,70.34,163.3,200.44,149.0
2024-04-24,108.33,119.16,111.74,93.16,97.42,152.67,178.87,131.05,145.51,165.96,101.47,71.54,163.61,148.84,168.63,137.45,122.93,123.04,112.45,101.06,83.12,78.89,104.37,136.49,134.5,124.13,136.33,115.8,84.56,85.64,116.87,147.56,132.27,165.86,130.71,188.41,138.94,118.93,113.23,98.89,104.37,141.11,70.11,163.61,200.31,149.08
2024-04-25,108.41,119.25,111.55,93.16,97.34,152.75,178.71,131.13,145.48,166.15,101.52,71.46,163.55,148.58,168.94,137.43,123.24,123.08,112.46,100.93,83.2,78.82,104.37,136.57,134.56,124.23,136.0,115.83,84.46,85.46,116.96,147.67,132.2,165.98,130.99,188.55,139.02,118.94,113.28,98.87,104.52,141.05,69.98,163.88,200.36,149.5
2024-04-26,108.48,119.32,111.37,92.85,97.34,152.87,178.47,131.21,145.48,166.08,101.61,71.32,163.6,148.65,169.21,137.16,123.46,123.06,112.95,100.82,83.15,78.78,104.27,136.67,134.62,124.32,136.35,115.5,84.38,85.29,116.9,147.69,132.11,166.1,131.2,188.46,139.09,118.91,113.28,98.9,104.32,140.97,69.79,164.08,200.26,149.44
2024-04-27,108.74,119.59,111.46,92.78,97.8,153.01,178.48,131.33,145.57,166.27,101.75,71.36,163.78,148.39,169.65,137.23,123.57,123.2,113.53,100.96,83.25,78.92,104.46,136.95,134.97,124.6,136.86,115.39,84.43,85.35,117.12,148.02,132.27,166.17,131.52,188.92,139.5,119.01,113.45,99.05,104.69,140.97,69.9,164.31,200.25,149.72
2024-04-28,108.78,119.71,111.4,92.5,97.91,153.2,178.27,131.38,145.52,166.3,101.81,71.22,163.92,148.22,169.93,136.99,123.66,123.23,113.91,100.87,83.22,78.88,104.38,137.05,135.11,124.71,137.33,115.32,84.36,85.21,117.15,148.08,132.22,166.2,131.78,188.82,139.55,118.91,113.72,99.11,104.71,140.89,69.87,164.51,200.05,149.95
2024-04-29,108.81,119.85,111.34,92.22,98.13,153.46,178.06,131.42,145.48,166.46,101.88,71.05,164.13,148.12,170.27,136.79,123.71,123.27,114.25,100.78,83.18,78.83,104.32,137.17,135.27,124.82,137.98,115.32,84.29,85.16,117.14,148.08,132.19,166.3,131.98,188.71,139.59,118.82,113.92,99.04,104.74,140.91,69.81,164.71,199.95,149.99
2024-04-30,108.79,119.9,111.31,92.19,98.37,153.61,178.03,131.4,145.46,166.59,101.91,70.87,164.21,148.16,170.48,136.86,123.57,123.18,114.56,100.68,83.03,78.77,104.34,137.27,135.4,124.91,138.1,114.59,84.18,85.07,117.09,148.1,132.17,166.26,132.03,188.56,139.62,118.72,113.96,99.03,104.61,140.7,69.77,164.81,200.0,150.11
2024-05-01,108.67,119.91,111.22,92.13,98.46,153.77,177.85,131.29,145.4,166.5,101.91,70.69,164.26,147.26,170.67,136.75,123.53,122.98,114.87,100.62,82.91,78.72,104.35,137.3,135.44,124.59,136.45,113.79,84.14,85.08,116.96,148.03,132.13,166.14,132.04,188.39,139.51,118.64,113.55,98.99,104.54,140.61,69.75,164.92,199.84,146.76
2024-05-02,108.43,119.8,111.11,92.02,98.57,153.72,177.49,131.19,145.22,166.21,101.84,70.51,164.34,146.31,170.65,136.59,123.14,122.77,115.06,100.38,82.69,78.56,104.39,137.28,135.26,124.49,134.76,113.19,84.08,85.07,116.74,147.93,132.04,166.05,131.8,188.25,139.34,118.47,113.56,98.94,104.34,140.42,69.67,165.03,199.84,146.53
2024-05-03,108.25,119.72,110.98,92.25,98.72,153.61,177.17,131.06,145.07,166.1,101.74,70.43,164.5,145.34,170.65,136.41,122.88,122.64,114.84,100.2,82.53,78.36,104.39,137.25,135.2,124.46,133.19,113.0,83.98,85.16,116.63,147.95,132.06,165.94,131.58,188.24,139.19,118.43,113.67,98.91,104.28,140.3,69.63,165.23,199.85,146.81
2024-05-04,108.0,119.64,110.8,92.52,98.43,153.49,176.7,130.91,144.97,165.92,101.71,70.34,164.65,144.34,170.64,136.16,122.63,122.47,114.62,100.0,82.38,78.22,104.48,137.17,135.12,124.4,131.6,112.73,83.88,85.23,116.46,147.78,131.99,165.86,131.34,188.22,139.03,118.41,113.68,98.88,104.07,140.28,69.56,165.37,199.78,146.85
2024-05-05,107.82,119.61,110.62,92.76,98.26,153.32,176.31,130.82,144.91,165.78,101.68,70.31,164.79,143.31,170.55,136.02,122.27,122.32,114.54,99.86,82.22,78.11,104.6,137.14,135.08,124.39,130.1,112.5,83.8,85.3,116.35,147.69,132.03,165.82,131.14,188.27,138.93,118.43,113.72,98.9,103.88,140.2,69.5,165.5,199.85,146.94
2024-05-06,107.63,119.56,110.48,93.02,98.03,153.11,176.03,130.69,144.84,165.62,101.65,70.32,164.89,142.21,170.44,135.89,122.02,122.16,114.42,99.7,82.08,78.02,104.75,137.12,135.01,124.37,128.57,111.99,83.7,85.35,116.29,147.67,132.09,165.78,131.03,188.38,138.88,118.47,113.62,98.98,103.72,140.17,69.48,165.62,199.88,147.06
2024-05-07,107.5,119.58,110.27,92.96,97.75,153.07,175.79,130.73,144.76,165.48,101.69,70.38,165.01,141.18,170.39,135.43,122.13,122.16,114.51,99.53,81.98,77.95,104.8,137.18,135.0,124.44,127.15,112.32,83.74,85.38,116.24,147.62,132.12,165.74,131.15,188.48,138.82,118.53,113.75,98.93,103.72,140.28,69.48,165.72,199.88,147.17
2024-05-08,107.53,119.69,110.12,93.04,97.56,153.04,175.53,130.92,144.79,165.52,101.76,70.54,165.18,142.65,170.3,135.22,122.13,122.32,114.71,99.49,81.96,77.95,104.89,137.33,135.11,124.92,127.89,112.46,83.83,85.4,116.27,147.6,132.16,165.8,131.28,188.34,138.83,118.56,114.26,99.09,103.81,140.48,69.53,165.91,200.06,150.74
2024-05-09,107.58,119.74,110.01,93.54,97.45,153.13,175.33,131.11,144.84,165.62,101.86,70.72,165.42,144.23,170.29,135.02,122.39,122.44,114.72,99.54,81.89,78.07,104.91,137.45,135.29,124.97,128.55,112.47,83.96,85.46,116.35,147.5,132.24,165.86,131.36,188.24,138.83,118.69,114.23,99.2,103.69,140.56,69.63,166.1,200.12,150.8
2024-05-10,107.61,119.82,109.86,93.55,97.4,153.19,175.13,131.36,144.86,165.78,102.03,70.93,165.53,145.79,170.26,134.95,122.55,122.54,114.98,99.59,81.9,78.21,104.91,137.53,135.49,124.7,129.16,112.45,84.13,85.58,116.44,147.4,132.3,165.94,131.46,188.08,138.75,118.76,114.22,99.32,103.78,140.59,69.81,166.18,200.21,149.75
2024-05-11,107.63,119.87,109.78,93.48,97.78,153.22,175.08,131.59,144.74,165.88,102.09,71.19,165.47,147.29,170.3,135.01,122.66,122.64,115.13,99.57,81.87,78.22,104.78,137.6,135.58,124.39,129.6,112.52,84.3,85.77,116.57,147.38,132.31,166.03,131.6,187.92,138.65,118.71,114.29,99.46,103.85,140.62,69.93,166.21,200.32,148.71
2024-05-12,107.58,119.88,109.68,93.46,98.03,153.2,174.93,131.78,144.64,165.95,102.1,71.55,165.4,148.8,170.24,135.01,122.88,122.7,115.26,99.56,81.85,78.25,104.65,137.62,135.74,124.0,130.23,112.51,84.44,85.95,116.65,147.35,132.31,166.07,131.68,187.84,138.55,118.75,114.13,99.45,103.91,140.64,70.07,166.2,200.41,147.63
2024-05-13,107.51,119.88,109.56,93.43,98.19,153.16,174.69,131.94,144.55,165.95,102.09,71.9,165.28,150.25,170.14,134.97,122.95,122.79,115.29,99.53,81.8,78.28,104.48,137.64,135.91,123.56,130.88,112.75,84.6,86.12,116.69,147.28,132.27,166.09,131.73,187.71,138.44,118.75,114.28,99.52,103.9,140.53,70.2,166.2,200.49,146.53
2024-05-14,107.41,119.85,109.48,93.39,98.36,152.94,174.52,132.05,144.42,165.9,102.08,72.21,165.1,151.67,170.04,135.31,122.91,122.81,115.24,99.57,81.77,78.3,104.33,137.58,136.05,123.09,131.56,112.68,84.73,86.27,116.74,147.19,132.24,166.02,131.71,187.59,138.27,118.76,114.31,99.68,103.85,140.38,70.32,166.23,200.54,145.31
2024-05-15,107.33,119.79,109.38,93.21,98.58,152.74,174.57,132.13,144.27,165.77,102.0,72.47,164.88,150.63,170.01,135.48,122.75,122.71,115.1,99.6,81.76,78.4,104.18,137.53,136.22,122.58,131.76,112.6,84.6,86.34,116.79,147.11,132.22,165.83,131.63,187.82,138.16,118.85,114.06,99.7,103.72,140.25,70.49,166.28,200.55,144.32
2024-05-16,107.22,119.68,109.24,92.65,98.69,152.57,174.66,132.21,144.03,165.69,101.91,72.65,164.57,149.38,169.98,135.75,122.59,122.6,115.21,99.65,81.74,78.44,104.05,137.43,136.38,122.1,131.99,112.68,84.42,86.36,116.76,147.02,132.17,165.62,131.67,187.97,138.12,118.89,113.96,99.69,103.85,140.22,70.58,166.33,200.5,143.21
2024-05-17,107.07,119.54,108.99,92.58,98.79,152.35,174.82,132.06,143.7,165.48,101.68,72.74,164.24,148.15,169.94,135.9,122.29,122.44,114.86,99.62,81.62,78.45,103.89,137.24,136.42,121.85,132.11,112.56,84.17,86.18,116.65,147.03,132.19,165.48,132.02,188.22,138.03,118.83,113.76,99.59,103.7,140.15,70.6,166.44,200.49,143.25
2024-05-18,106.53,119.04,108.4,92.29,97.97,152.03,174.42,131.81,143.2,164.92,101.23,72.41,163.92,146.85,169.22,135.32,121.78,121.95,114.36,99.36,81.15,78.24,103.05,136.71,135.83,121.21,131.96,112.09,83.6,85.3,116.12,146.51,131.87,165.36,132.14,187.87,137.37,118.45,113.17,99.19,102.78,139.55,70.35,166.17,200.26,143.2
2024-05-19,105.79,118.37,107.74,91.76,96.88,151.67,173.77,131.39,142.4,164.15,100.65,71.75,163.59,145.45,168.44,134.42,121.07,121.26,113.67,98.85,80.53,77.85,101.99,135.98,134.9,120.23,131.37,111.37,82.85,84.17,115.29,145.59,131.25,165.11,132.06,186.91,136.37,117.78,112.54,98.71,101.47,138.87,69.95,165.77,199.81,142.97
2024-05-20,105.05,117.71,107.07,91.2,95.85,151.23,173.08,131.0,141.6,163.38,100.01,71.09,163.21,144.08,167.6,133.52,120.43,120.58,113.0,98.34,79.9,77.44,100.92,135.22,133.94,119.3,130.74,110.75,82.1,83.01,114.44,144.68,130.65,164.83,131.98,185.99,135.33,117.12,111.83,98.14,100.19,138.27,69.54,165.36,199.28,142.7
2024-05-21,104.33,117.1,106.42,90.82,94.95,150.72,172.31,130.51,140.88,162.69,99.39,70.41,162.82,142.58,166.68,132.47,119.9,119.91,112.39,97.78,79.26,77.05,99.87,134.56,132.98,118.44,129.9,110.13,81.31,81.89,113.6,143.84,130.11,164.53,132.0,185.11,134.33,116.43,111.15,97.53,98.95,137.6,69.07,164.91,198.84,142.64
2024-05-22,104.23,116.98,106.07,91.02,95.1,150.34,172.12,130.25,140.64,162.43,99.19,70.27,162.55,142.38,166.41,132.09,119.81,119.8,112.13,97.83,79.0,77.09,99.61,134.37,132.82,118.26,129.55,110.26,81.16,81.54,113.36,143.66,130.07,164.53,132.37,184.9,134.12,116.22,111.2,97.39,98.56,137.43,68.96,164.75,198.79,142.56
2024-05-23,104.18,116.91,105.82,91.19,95.26,149.91,171.88,130.0,140.51,162.12,99.02,70.24,162.35,142.41,166.15,131.57,119.68,119.68,111.79,97.87,78.84,77.26,99.35,134.24,132.65,118.12,129.28,109.98,81.05,81.25,113.2,143.6,130.11,164.55,132.69,185.0,133.91,116.18,111.21,97.29,98.12,137.3,68.95,164.63,198.82,142.65
2024-05-24,104.15,116.8,105.69,91.41,95.35,149.44,171.56,129.9,140.48,161.84,98.91,70.24,161.9,142.39,165.86,131.18,119.72,119.59,111.46,97.82,78.72,77.42,99.13,134.2,132.41,118.02,129.01,109.86,80.99,81.06,113.06,143.36,129.99,164.46,132.66,184.98,133.77,116.12,111.31,97.27,97.75,137.1,68.97,164.44,198.76,142.61
2024-05-25,104.56,117.02,106.01,91.81,96.29,149.04,171.59,129.9,140.62,161.9,99.08,70.61,161.75,142.45,166.25,131.43,119.95,119.8,111.33,98.1,78.97,77.89,99.61,134.51,132.8,118.43,129.09,109.77,81.27,81.42,113.43,143.77,130.27,164.33,133.0,185.58,134.21,116.48,111.56,97.5,98.26,137.38,69.28,164.6,198.93,142.52
2024-05-26,105.17,117.39,106.41,92.43,97.54,148.66,171.89,130.05,141.07,162.18,99.37,71.17,161.61,142.58,166.76,131.93,120.31,120.23,111.37,98.57,79.35,78.44,100.27,135.02,133.44,119.15,129.31,110.18,81.69,81.98,114.09,144.54,130.81,164.33,133.48,186.56,134.97,117.02,112.14,97.9,99.1,137.73,69.72,164.87,199.25,142.63
2024-05-27,105.79,117.77,106.8,93.09,98.8,148.34,172.24,130.21,141.49,162.45,99.74,71.76,161.52,142.72,167.3,132.44,120.65,120.63,111.42,99.06,79.75,79.03,100.94,135.56,134.11,119.86,129.58,110.39,82.14,82.61,114.76,145.3,131.34,164.34,133.95,187.56,135.78,117.58,112.59,98.27,99.94,138.05,70.16,165.12,199.62,142.78
2024-05-28,106.37,118.0,107.14,93.51,99.84,147.92,172.46,130.36,141.77,162.55,100.04,72.35,161.21,142.8,167.74,132.71,120.77,120.92,111.68,99.52,80.13,79.55,101.49,135.94,134.67,120.35,130.03,110.53,82.51,83.2,115.35,145.96,131.78,164.38,134.27,188.46,136.49,118.1,112.76,98.57,100.75,138.32,70.6,165.36,199.81,142.82
2024-05-29,106.12,117.61,107.15,93.36,99.76,147.29,171.85,130.18,141.45,162.16,99.74,72.23,160.87,142.65,167.43,132.39,120.58,120.7,111.5,99.27,79.99,79.52,101.21,135.75,134.35,120.02,129.94,110.23,82.31,83.05,115.24,145.83,131.6,163.88,134.13,188.55,136.22,118.03,112.52,98.42,100.61,137.92,70.56,165.27,199.44,142.42
2024-05-30,105.81,117.2,107.04,93.24,99.61,146.7,171.38,129.96,141.13,161.86,99.54,72.12,160.68,142.47,167.16,132.08,120.42,120.49,111.17,99.07,79.82,79.32,100.82,135.55,134.06,120.07,129.81,110.11,82.09,82.92,115.09,145.69,131.38,163.47,134.01,188.49,135.96,117.82,112.19,98.21,100.44,137.41,70.45,165.25,199.11,142.25
2024-05-31,105.53,116.82,106.98,93.04,99.44,146.18,170.92,129.72,140.74,161.62,99.35,71.96,160.73,142.26,166.79,131.74,120.12,120.26,111.12,98.92,79.68,79.15,100.43,135.35,133.86,120.1,129.57,109.92,81.83,82.72,114.99,145.65,131.17,163.11,133.98,188.47,135.69,117.68,111.8,98.12,100.27,136.79,70.33,165.03,198.74,142.19
2024-06-01,105.38,116.46,106.74,92.79,99.25,145.44,170.54,129.46,140.42,161.33,99.16,71.83,160.53,141.49,166.4,131.43,119.84,120.04,111.13,98.75,79.55,78.95,100.13,135.11,133.69,120.12,128.51,109.83,81.55,82.62,114.84,145.55,130.93,162.75,133.74,188.48,135.39,117.48,111.4,98.05,100.1,136.25,70.25,164.96,198.48,142.16
2024-06-02,105.18,116.03,106.43,92.45,99.03,144.8,170.03,129.17,139.99,160.93,98.96,71.7,160.29,140.79,165.96,131.06,119.66,119.76,111.09,98.5,79.43,78.81,99.77,134.82,133.42,120.04,127.43,109.6,81.26,82.51,114.67,145.44,130.66,162.38,133.5,188.5,134.95,117.23,110.89,97.86,99.81,135.62,70.13,164.88,198.19,142.05
2024-06-03,104.98,115.62,106.2,92.12,98.79,144.16,169.56,128.86,139.59,160.56,98.75,71.55,160.1,140.16,165.51,130.68,119.43,119.52,110.73,98.24,79.31,78.66,99.44,134.54,133.19,119.96,126.31,109.55,80.94,82.39,114.43,145.28,130.38,162.04,133.22,188.43,134.47,116.99,110.52,97.78,99.5,135.04,70.03,164.85,197.95,142.04
2024-06-04,104.84,115.37,105.97,91.86,98.57,143.76,169.2,128.67,139.24,160.38,98.56,71.46,160.12,139.68,165.24,130.3,119.28,119.35,110.44,98.08,79.22,78.56,99.19,134.37,133.25,120.08,125.5,109.43,80.71,82.33,114.32,145.23,130.16,161.82,132.99,188.39,134.07,116.83,110.09,97.83,99.27,134.61,69.98,164.97,197.79,142.09
2024-06-05,104.82,115.3,105.75,91.59,98.3,143.41,169.06,128.53,139.0,160.33,98.57,71.43,160.14,139.47,165.02,129.99,119.04,119.28,110.09,98.03,79.24,78.56,98.95,134.3,133.39,120.47,125.3,109.51,80.57,82.14,114.31,145.34,129.98,161.96,132.99,188.3,133.86,116.71,109.81,97.9,99.13,134.24,70.06,165.16,197.95,142.36
2024-06-06,104.83,115.31,105.58,91.32,98.06,143.08,168.81,128.39,138.74,160.26,98.48,71.34,160.02,139.36,164.73,129.65,118.91,119.22,109.86,97.9,79.33,78.66,98.8,134.28,133.56,120.63,125.23,109.44,80.45,81.93,114.37,145.51,129.96,162.09,133.0,188.3,133.64,116.56,109.45,98.0,98.98,133.91,70.18,165.33,198.09,142.43
2024-06-07,104.83,115.4,105.33,90.81,97.91,142.79,168.7,128.27,138.6,160.14,98.37,71.31,160.03,139.3,164.57,129.37,118.89,119.22,109.5,97.85,79.43,78.83,98.73,134.29,133.78,120.94,125.77,109.59,80.4,81.84,114.47,145.64,130.08,162.31,132.74,188.35,133.5,116.47,109.2,97.98,98.79,133.76,70.3,165.78,198.34,142.46
2024-06-08,104.85,115.5,105.15,90.41,97.75,142.69,168.72,128.21,138.44,160.11,98.37,71.35,160.07,140.09,164.33,129.03,118.9,119.29,109.07,97.88,79.54,79.05,98.67,134.44,134.1,121.31,127.32,109.7,80.47,81.73,114.61,145.77,130.21,162.62,132.68,188.41,133.45,116.52,109.11,98.21,98.68,133.54,70.37,166.12,198.49,142.41
2024-06-09,104.87,115.65,105.08,90.03,97.33,142.61,168.83,128.08,138.38,160.16,98.38,71.34,160.16,140.83,164.17,128.78,118.86,119.38,108.67,98.02,79.63,79.27,98.75,134.61,134.55,121.71,128.79,109.72,80.57,81.68,114.72,145.89,130.32,162.92,132.65,188.5,133.49,116.59,109.01,98.55,98.59,133.47,70.48,166.5,198.71,142.48
2024-06-10,104.9,115.75,105.04,89.64,96.93,142.58,168.94,128.02,138.31,160.25,98.39,71.36,160.23,141.52,164.05,128.58,118.81,119.44,108.61,98.15,79.72,79.5,98.8,134.79,134.96,122.12,130.28,109.72,80.69,81.63,114.92,146.08,130.46,163.24,132.69,188.53,133.58,116.65,108.79,98.73,98.52,133.39,70.57,166.86,198.88,142.52
2024-06-11,104.92,115.78,104.98,89.51,96.56,142.47,169.02,127.99,138.24,160.29,98.38,71.34,160.28,141.96,163.93,128.36,118.76,119.51,108.26,98.19,79.84,79.76,98.89,134.93,135.21,122.48,131.38,109.86,80.75,81.63,115.05,146.14,130.59,163.49,132.79,188.72,133.58,116.71,108.99,98.7,98.44,133.3,70.62,167.2,199.33,142.51
2024-06-12,104.93,115.8,104.84,89.42,96.26,142.5,169.02,127.89,138.17,160.24,98.36,71.29,160.35,142.41,163.76,128.33,118.71,119.52,107.87,98.23,79.95,79.98,98.94,135.01,135.53,122.71,132.23,109.64,80.89,81.83,115.19,146.21,130.78,163.69,132.81,188.72,133.51,116.76,108.9,98.71,98.45,133.23,70.62,167.52,199.62,142.54
2024-06-13,104.93,115.8,104.93,89.32,95.97,142.53,169.09,127.98,138.13,160.22,98.35,71.32,160.46,142.71,163.51,128.41,118.56,119.51,107.49,98.3,80.02,80.23,98.93,135.1,135.77,122.82,133.21,109.6,81.05,82.08,115.21,146.15,130.79,163.83,132.78,188.55,133.44,116.89,108.87,98.59,98.45,133.19,70.59,167.73,199.73,142.63
2024-06-14,104.91,115.65,105.07,89.41,95.6,142.59,169.06,127.8,138.02,160.24,98.33,71.34,160.45,142.96,163.3,128.39,118.31,119.43,107.19,98.23,80.03,80.42,98.91,135.14,135.81,122.83,133.4,109.31,81.16,82.28,115.22,146.02,130.65,163.9,133.04,188.09,133.29,116.99,108.77,98.55,98.51,133.02,70.57,167.91,199.84,142.41
2024-06-15,104.34,115.25,104.95,89.29,94.68,142.65,168.72,127.48,137.75,159.97,98.23,70.97,160.46,143.0,162.81,128.0,117.95,119.17,106.72,97.73,79.82,80.29,98.5,135.01,135.36,123.19,133.42,109.04,80.94,81.98,114.83,145.55,130.25,163.89,132.98,187.45,132.63,116.72,108.76,98.09,97.95,133.14,70.31,167.89,199.82,143.72
2024-06-16,104.18,115.13,105.05,89.45,94.48,142.77,168.77,127.39,137.64,159.9,98.33,70.9,160.48,143.08,162.59,128.09,117.67,119.14,106.49,97.53,79.82,80.39,98.41,135.17,135.24,123.91,133.77,108.99,80.91,82.07,114.82,145.44,130.19,163.94,133.08,187.37,132.45,116.8,108.91,97.88,97.95,133.42,70.27,168.11,199.96,144.82
2024-06-17,104.01,115.02,105.06,89.62,94.34,142.78,168.73,127.24,137.51,159.72,98.44,70.8,160.43,143.16,162.29,128.1,117.42,119.09,106.28,97.28,79.81,80.48,98.31,135.29,135.1,124.55,134.11,108.77,80.88,82.17,114.76,145.29,130.1,163.92,133.03,187.34,132.2,116.87,109.02,97.77,97.9,133.65,70.23,168.34,200.06,145.94
2024-06-18,103.77,115.01,105.14,89.63,94.04,142.8,168.14,127.04,137.39,159.52,98.6,70.65,160.34,143.44,161.9,128.24,117.17,119.03,106.04,97.0,79.77,80.47,98.1,135.36,134.86,125.13,134.49,108.52,80.86,82.19,114.68,145.21,129.97,164.0,133.02,187.16,131.95,116.83,109.06,97.76,97.75,133.88,70.15,168.52,199.99,147.18
2024-06-19,103.59,114.93,105.24,89.54,93.73,142.7,167.55,126.9,137.28,159.25,98.7,70.7,160.25,143.6,161.6,128.1,116.82,118.96,105.87,96.72,79.76,80.48,97.97,135.48,134.66,125.68,134.7,108.42,80.83,82.11,114.57,145.06,129.83,164.11,133.09,187.24,131.82,116.85,109.22,97.59,97.63,134.26,70.13,168.6,199.82,148.4
2024-06-20,103.36,114.82,105.05,89.49,93.47,142.56,166.88,126.64,137.1,158.92,98.77,70.61,159.95,143.95,161.33,128.04,116.55,118.93,105.72,96.44,79.7,80.36,97.9,135.58,134.48,126.25,134.92,108.32,80.76,81.99,114.5,145.0,129.69,164.2,132.98,187.44,131.67,116.82,109.43,97.68,97.5,134.57,70.11,168.78,199.92,149.54
2024-06-21,103.12,114.74,104.96,89.42,93.21,142.29,166.14,126.48,136.85,158.6,98.79,70.48,159.71,144.26,160.78,128.03,115.96,118.77,105.62,96.32,79.65,80.25,97.8,135.61,134.42,126.79,135.38,107.97,80.73,81.77,114.34,144.93,129.56,164.21,129.63,187.49,131.58,116.73,109.38,97.7,97.31,134.99,70.13,168.87,199.92,151.01
2024-06-22,103.31,114.88,105.08,89.54,93.59,142.08,165.66,126.48,136.82,158.44,98.83,70.63,159.46,144.49,160.51,128.43,115.66,118.81,105.73,96.49,79.81,80.38,98.0,135.7,134.82,126.86,135.96,108.02,80.9,82.01,114.47,145.13,129.65,164.26,126.51,187.7,131.93,116.98,109.3,97.87,97.67,135.11,70.35,168.91,200.02,151.08
2024-06-23,103.15,114.78,104.95,89.45,93.52,141.83,164.8,126.34,136.61,158.06,98.68,70.53,159.17,144.65,159.91,128.35,115.41,118.64,105.61,96.35,79.79,80.24,97.85,135.56,134.84,126.68,136.38,107.88,80.87,81.86,114.25,144.99,129.46,164.28,123.28,187.44,131.85,116.91,109.13,97.83,97.53,134.99,70.36,168.83,199.98,151.25
2024-06-24,102.99,114.69,104.78,89.26,93.34,141.68,163.97,126.19,136.4,157.87,98.53,70.44,158.91,144.85,159.42,128.31,115.15,118.49,105.45,96.27,79.78,80.1,97.7,135.45,134.91,126.51,136.79,107.75,80.82,81.48,114.11,144.92,129.33,164.37,120.08,187.21,131.82,116.82,108.94,97.71,97.44,134.97,70.4,168.74,200.08,151.39
2024-06-25,102.87,114.54,104.61,88.98,93.41,141.56,163.83,125.96,136.26,157.65,98.32,70.4,158.76,145.05,158.94,128.43,114.73,118.33,105.3,96.22,79.73,80.0,97.57,135.35,135.08,126.4,137.0,107.53,80.78,81.33,113.99,144.97,129.28,164.31,116.86,187.11,131.84,116.87,108.66,97.69,97.42,134.91,70.44,168.66,199.99,151.44
2024-06-26,102.74,114.41,104.49,88.75,93.47,141.4,163.52,125.68,136.08,157.52,98.2,70.33,158.57,145.45,158.39,128.44,114.67,118.19,105.11,96.08,79.79,79.85,97.32,135.15,135.09,126.24,137.14,107.42,80.74,81.23,113.88,145.06,129.23,164.23,113.69,186.86,131.74,116.84,108.1,97.73,97.25,134.65,70.5,168.55,200.11,151.47
2024-06-27,102.69,114.27,104.38,88.56,93.47,141.33,163.18,125.39,135.9,157.37,98.06,70.33,158.49,145.7,157.87,128.28,114.52,118.03,104.93,95.79,79.83,79.64,96.98,134.98,135.22,126.01,137.11,107.38,80.68,81.12,113.81,145.09,129.22,164.12,110.6,186.32,131.58,116.72,107.56,97.61,97.07,134.39,70.57,168.39,200.01,151.5
2024-06-28,102.68,114.19,104.32,88.4,93.49,141.38,162.92,125.2,135.83,157.33,97.98,70.43,158.39,146.16,157.66,128.15,114.66,118.04,104.78,95.61,79.89,79.41,96.73,134.96,135.38,125.89,137.34,107.56,80.61,81.13,113.79,145.11,129.22,164.16,111.28,186.12,131.43,116.66,107.53,97.51,96.91,134.27,70.56,168.16,200.04,151.58
2024-06-29,102.54,114.06,104.22,88.2,93.31,141.32,162.57,124.96,135.65,157.3,97.77,70.31,157.58,146.57,157.39,127.9,114.56,117.92,104.56,95.41,79.86,79.21,96.34,134.89,135.32,125.63,137.41,107.43,80.52,81.04,113.65,145.07,129.19,163.99,111.37,185.84,131.15,116.43,107.23,97.45,96.61,134.06,70.51,168.03,200.08,151.59
2024-06-30,102.4,113.94,104.11,87.97,93.21,141.07,162.2,124.67,135.45,157.28,97.6,70.21,157.41,146.97,157.07,127.73,114.37,117.8,104.32,95.23,79.84,79.03,95.98,134.79,135.3,125.23,137.32,107.34,80.42,80.92,113.62,145.13,129.19,163.8,111.76,185.68,130.87,116.17,106.91,97.4,96.31,133.85,70.46,167.71,200.11,151.67
2024-07-01,102.3,113.78,104.0,87.78,93.16,140.66,161.87,124.32,135.2,157.04,97.4,70.11,157.22,146.7,156.62,127.53,114.11,117.61,104.08,95.03,79.82,78.91,95.62,134.58,135.23,124.88,135.03,107.24,80.34,80.98,113.48,145.07,129.14,163.53,112.22,185.41,130.52,115.9,106.58,97.37,96.02,133.49,70.41,167.27,199.91,151.55
2024-07-02,102.22,113.57,103.84,87.52,92.98,140.33,161.42,124.07,134.88,156.83,97.28,70.02,156.97,146.64,156.07,126.99,114.01,117.47,103.88,94.82,79.82,78.77,95.27,134.44,135.11,124.53,132.94,107.29,80.27,80.72,113.31,144.98,129.13,163.18,112.89,185.34,130.18,115.54,106.39,97.32,95.66,133.13,70.36,166.77,199.87,151.4
2024-07-03,102.1,113.38,103.76,87.29,92.77,140.13,161.19,123.84,134.58,156.63,97.23,69.93,156.62,146.52,155.55,126.74,113.89,117.36,103.52,94.77,79.69,78.31,95.0,134.43,135.13,124.33,131.47,107.32,80.18,80.41,113.05,144.68,128.99,162.75,113.53,185.12,129.87,115.24,106.67,97.3,95.4,132.88,70.26,166.42,199.62,151.06
2024-07-04,101.93,113.19,103.7,87.01,92.63,139.79,160.96,123.6,134.34,156.43,97.34,69.84,156.22,146.58,155.07,126.92,113.83,117.28,102.86,94.88,79.57,77.88,94.81,134.42,135.04,124.11,129.8,107.36,80.16,80.11,112.78,144.4,128.86,162.35,114.39,185.1,129.61,115.04,106.92,97.3,95.03,132.72,70.16,166.06,199.52,150.82
2024-07-05,101.67,112.92,103.39,86.65,92.43,139.23,160.61,123.26,133.96,155.88,97.49,69.63,155.6,146.47,154.44,126.83,113.77,117.1,102.08,94.82,79.35,77.41,94.5,134.22,134.75,123.78,127.85,107.41,80.12,79.74,112.43,144.09,128.66,161.7,114.68,184.94,129.19,114.71,106.89,97.18,94.64,132.32,70.03,165.71,199.2,150.45
2024-07-06,101.41,112.64,103.15,86.37,92.25,138.7,160.4,123.01,133.66,155.33,97.72,69.59,155.65,146.55,153.8,126.95,113.73,116.98,101.32,94.66,79.12,76.86,94.25,134.03,134.52,123.45,126.03,107.55,79.98,79.45,112.18,143.85,128.51,161.32,115.35,184.66,128.8,114.47,107.1,97.05,94.21,131.94,69.92,165.51,198.89,150.12
2024-07-07,101.19,112.41,102.9,86.11,92.08,138.27,160.22,122.8,133.41,154.82,97.94,69.58,155.09,146.68,153.36,127.03,113.81,116.9,100.69,94.55,78.91,76.36,94.01,133.87,134.32,123.31,124.36,107.7,79.9,79.23,111.88,143.58,128.35,160.91,115.7,184.39,128.46,114.26,107.35,96.94,93.87,131.65,69.85,165.47,198.58,149.72
2024-07-08,100.92,112.23,102.7,85.89,91.9,138.04,160.06,122.66,133.21,154.42,98.21,69.58,154.6,147.41,152.96,127.19,113.94,116.87,100.09,94.43,78.67,75.78,93.78,133.82,134.09,123.18,124.92,107.86,79.79,79.07,111.7,143.35,128.22,160.54,116.1,184.19,128.19,114.07,107.66,96.81,93.51,131.38,69.75,165.48,198.44,149.21
2024-07-09,100.66,112.14,102.59,85.78,91.69,137.88,159.91,122.51,133.08,154.11,98.46,69.53,154.28,148.06,152.61,127.4,114.2,116.87,99.57,94.34,78.52,75.26,93.65,133.79,133.95,123.12,125.57,108.0,79.7,79.04,111.59,143.11,127.99,160.35,116.46,183.76,127.99,113.94,107.89,96.77,93.22,131.17,69.68,165.65,198.25,149.08
2024-07-10,100.51,112.09,102.46,85.72,91.67,137.73,159.87,122.4,133.03,153.88,98.7,69.58,154.17,147.82,152.4,127.58,114.18,116.85,99.35,94.19,78.37,75.41,93.57,133.7,133.66,123.12,125.61,108.12,79.69,79.06,111.56,143.1,127.89,160.27,116.87,183.61,127.8,113.74,108.0,96.79,92.94,131.0,69.65,165.75,198.2,149.25
2024-07-11,100.39,112.08,102.37,85.68,91.59,137.79,159.86,122.28,132.98,153.71,98.84,69.51,154.23,147.22,152.24,127.35,114.29,116.83,99.42,94.08,78.23,75.7,93.48,133.68,133.42,123.2,125.52,108.19,79.71,79.06,111.57,143.11,127.78,160.22,117.29,183.25,127.71,113.52,108.13,96.83,92.79,130.85,69.56,165.92,197.99,149.39
2024-07-12,100.35,112.19,102.38,85.9,91.62,138.21,159.92,122.34,133.13,153.77,99.02,69.48,154.51,146.72,152.28,126.96,114.49,116.93,99.27,94.09,78.21,76.05,93.49,133.79,133.45,123.51,125.78,108.32,79.81,79.14,111.73,143.29,127.81,160.31,117.77,183.37,127.8,113.46,108.27,97.03,92.74,130.78,69.6,166.16,198.08,149.62
2024-07-13,100.46,112.37,102.45,86.15,91.8,138.77,160.07,122.37,133.31,153.92,99.23,69.46,154.84,146.09,152.49,126.51,114.71,117.06,99.23,94.34,78.31,76.53,93.56,133.94,133.57,123.77,126.35,108.46,80.06,79.29,111.96,143.56,127.86,160.06,118.64,183.68,127.98,113.43,108.42,97.23,92.83,130.93,69.66,166.41,198.2,149.91
2024-07-14,100.57,112.52,102.43,86.38,91.9,139.41,160.22,122.4,133.48,154.1,99.43,69.37,155.26,145.45,152.55,126.05,114.82,117.16,99.11,94.58,78.42,76.95,93.6,134.13,133.66,124.01,126.98,108.56,80.3,79.43,112.14,143.75,127.85,159.83,119.52,183.83,128.17,113.39,108.49,97.39,92.84,130.98,69.7,166.59,198.36,150.33
2024-07-15,102.31,112.69,102.45,86.62,92.15,139.97,160.37,122.45,133.71,154.21,99.6,69.28,155.73,144.82,152.7,125.59,114.95,117.29,99.01,94.82,78.58,77.38,93.62,134.3,133.8,124.25,127.57,108.65,80.55,79.55,112.29,143.97,127.87,159.64,120.4,184.05,128.33,113.37,108.54,97.56,92.85,131.11,69.76,166.8,198.51,151.01
2024-07-16,104.03,112.78,102.33,86.83,92.46,140.55,160.77,122.54,133.88,154.27,99.74,69.2,156.03,143.99,152.97,125.26,115.03,117.4,99.0,95.06,78.57,77.77,93.58,134.46,133.95,124.36,127.87,108.77,80.68,79.72,112.45,144.14,127.86,159.57,121.07,184.23,128.33,113.29,108.65,97.63,92.86,131.23,69.7,167.0,198.69,151.39
2024-07-17,105.7,112.87,102.21,86.99,92.68,141.08,160.97,122.61,134.01,154.31,99.82,68.96,156.38,143.68,153.14,124.7,115.26,117.51,98.99,95.38,78.52,77.84,93.53,134.61,134.1,124.41,128.2,108.89,80.69,79.89,112.63,144.29,127.89,159.58,121.76,184.39,128.39,113.3,108.74,97.7,92.84,131.37,69.6,167.41,198.89,151.73
2024-07-18,107.42,112.97,101.98,86.89,92.88,141.55,161.1,122.62,134.13,154.48,99.89,68.84,156.04,143.57,153.17,123.98,115.17,117.59,98.86,95.66,78.51,77.86,93.41,134.68,134.3,124.58,128.76,108.92,80.62,80.01,112.74,144.39,127.92,159.58,122.46,184.68,128.36,113.22,108.9,97.75,92.87,131.47,69.49,167.87,199.13,152.09
2024-07-19,109.17,113.06,101.83,86.67,92.96,141.71,161.34,122.49,134.11,154.66,99.99,68.86,156.18,143.32,152.95,123.87,115.28,117.69,99.2,95.89,78.46,77.85,93.39,134.74,134.37,124.55,129.01,108.99,80.54,80.2,112.69,144.38,127.85,159.61,123.29,184.73,128.29,113.18,109.23,97.81,92.83,131.61,69.38,168.13,199.29,152.48
2024-07-20,110.53,112.89,101.42,86.13,92.31,141.99,161.08,122.21,133.89,154.54,99.81,68.59,156.14,143.0,152.45,123.12,115.14,117.52,99.13,95.65,78.26,77.51,92.74,134.5,133.94,124.39,128.71,108.9,80.1,79.75,112.18,143.88,127.47,159.8,123.73,184.11,127.62,112.77,109.38,97.56,92.27,131.4,68.96,168.38,199.16,152.7
2024-07-21,112.26,113.03,101.37,85.92,92.43,142.24,161.29,122.06,133.87,154.67,99.89,68.73,156.13,142.69,152.33,122.92,115.13,117.63,99.5,95.78,78.22,77.49,92.76,134.53,134.05,124.6,128.73,109.05,79.96,79.87,112.15,143.85,127.42,160.05,124.36,184.11,127.48,112.75,109.79,97.63,92.31,131.54,68.84,168.82,199.26,152.92
2024-07-22,112.34,113.13,101.36,86.05,92.4,142.43,161.47,121.89,133.79,154.82,99.95,68.88,156.03,142.51,152.17,122.7,115.51,117.78,99.85,95.89,78.19,77.48,92.8,134.56,134.16,124.82,128.49,109.51,79.81,79.98,112.12,143.8,127.34,160.31,125.05,184.06,127.31,112.72,110.27,97.73,92.37,131.64,68.71,169.24,199.32,153.16
2024-07-23,112.47,113.26,101.54,86.26,92.32,142.51,161.45,121.72,133.77,154.89,100.08,69.03,156.1,142.32,152.01,122.66,115.91,117.94,99.99,96.03,78.16,77.44,92.89,134.56,134.24,125.14,128.59,109.96,79.76,80.13,111.99,143.66,127.29,160.4,125.72,183.98,127.33,112.71,110.82,97.78,92.42,131.68,68.69,169.59,199.33,153.36
2024-07-24,112.53,113.35,101.45,86.4,92.19,142.53,161.33,121.52,133.73,154.83,100.21,69.13,155.93,142.38,151.76,122.58,116.29,118.06,100.11,96.11,78.14,77.31,92.94,134.52,134.37,125.47,128.71,110.29,79.72,80.22,111.8,143.55,127.14,160.32,126.25,183.85,127.29,112.72,111.41,97.85,92.44,131.59,68.68,169.67,199.38,153.47
2024-07-25,112.52,113.42,101.49,86.85,92.12,142.54,161.31,121.44,133.69,154.65,100.34,69.14,156.45,142.57,151.56,122.79,116.83,118.2,100.41,96.19,78.18,77.15,93.11,134.56,134.44,125.64,128.65,110.71,79.72,80.29,111.71,143.47,127.01,160.17,126.85,183.81,127.31,112.82,111.89,97.64,92.42,131.5,68.72,169.64,199.43,153.45
2024-07-26,112.47,113.45,101.45,87.26,92.17,142.83,161.18,121.39,133.71,154.27,100.39,69.09,156.44,142.79,151.68,122.79,117.2,118.29,100.58,96.28,78.16,77.05,93.15,134.58,134.65,125.85,128.77,111.03,79.67,80.4,111.58,143.42,126.96,160.08,127.44,183.68,127.35,112.81,112.27,97.41,92.41,131.41,68.73,169.91,199.5,153.53
2024-07-27,112.8,113.73,101.56,87.88,92.89,142.92,161.48,121.45,133.86,154.19,100.69,69.33,156.53,143.12,151.87,123.43,117.8,118.59,101.09,96.74,78.11,77.23,93.81,134.92,135.28,126.28,129.23,111.37,79.89,81.05,111.93,143.83,127.2,160.09,128.1,184.24,127.91,113.13,112.78,97.45,92.99,131.57,69.0,170.08,199.79,153.64
2024-07-28,112.72,113.7,101.45,88.21,92.89,142.99,161.31,121.39,133.8,153.86,100.72,69.16,156.56,143.41,151.69,123.54,118.28,118.64,101.16,96.85,77.83,77.15,93.83,134.92,135.43,126.4,129.38,111.6,79.79,81.11,111.81,143.78,127.15,160.0,128.82,184.22,127.96,113.06,113.1,97.15,92.97,131.37,68.97,170.13,199.82,153.64
2024-07-29,112.66,113.7,101.26,88.18,92.88,143.18,161.11,121.36,133.78,153.52,100.77,68.99,156.61,143.47,151.54,123.59,118.29,118.62,101.22,96.95,77.6,77.1,93.75,134.97,135.62,126.54,129.76,111.53,79.73,81.2,111.66,143.74,127.09,159.9,129.47,184.18,128.05,113.04,113.35,96.93,92.93,131.18,68.98,170.21,199.88,153.71
2024-07-30,112.62,113.74,100.89,88.09,93.01,143.38,160.85,121.46,133.72,153.24,100.74,68.95,156.56,143.6,151.43,123.67,118.33,118.65,101.2,97.09,77.56,77.22,93.84,135.04,135.81,126.63,130.75,111.44,79.7,81.13,111.56,143.77,127.0,159.78,130.89,184.2,128.13,113.09,113.93,96.68,92.95,131.29,69.02,170.29,200.03,153.52
2024-07-31,112.61,113.76,100.73,88.04,93.09,143.48,160.85,121.5,133.64,153.11,100.71,68.92,156.59,143.63,151.28,123.84,118.35,118.67,101.22,97.18,77.48,77.41,93.92,135.1,136.04,126.61,131.67,111.36,79.7,81.07,111.44,143.74,126.95,159.73,132.41,184.28,128.17,113.05,114.46,96.3,92.98,131.43,69.06,170.52,200.1,153.65
2024-08-01,112.66,113.72,100.51,87.96,93.16,143.51,160.82,121.4,133.48,152.91,100.56,68.97,156.0,142.88,151.05,123.89,118.14,118.62,101.01,97.14,77.38,77.59,93.86,135.03,136.18,126.44,131.31,111.2,79.65,81.11,111.21,143.65,126.86,159.72,133.71,184.18,128.05,112.94,114.89,96.27,92.98,131.4,69.06,170.68,200.12,153.78
2024-08-02,112.69,113.7,100.41,87.87,93.22,143.42,160.8,121.37,133.3,152.92,100.41,68.95,155.89,142.34,150.65,124.0,118.08,118.61,100.93,97.13,77.39,77.82,93.8,134.97,136.26,126.2,131.23,111.12,79.64,81.09,111.08,143.53,126.73,159.63,134.89,184.09,127.92,112.87,115.33,96.24,93.02,131.33,69.03,170.69,200.11,153.85
2024-08-03,112.64,113.69,100.32,87.76,93.25,143.43,160.71,121.33,133.08,152.89,100.24,68.95,155.87,141.83,150.19,123.96,118.04,118.59,100.63,97.07,77.57,77.92,93.76,134.87,136.31,125.99,131.23,111.13,79.65,81.09,110.91,143.36,126.56,159.56,136.19,183.92,127.85,112.8,115.75,96.19,92.91,131.22,68.94,170.72,200.09,153.96
2024-08-04,112.64,113.69,100.11,87.63,93.29,143.47,160.64,121.29,132.88,152.88,100.07,68.95,155.87,141.31,149.76,124.13,117.76,118.53,100.35,97.01,77.75,78.08,93.78,134.82,136.38,125.76,131.19,110.88,79.64,81.11,110.76,143.24,126.4,159.53,137.24,183.8,127.73,112.75,116.13,96.19,92.88,131.18,68.9,170.77,200.13,154.11
2024-08-05,112.81,113.72,99.93,87.58,93.36,143.59,160.63,121.28,132.72,153.04,99.94,68.95,155.96,140.95,149.52,124.38,117.78,118.53,100.11,96.98,77.87,78.2,93.86,134.86,136.46,125.5,131.15,110.81,79.63,81.1,110.65,143.13,126.29,159.57,138.24,183.69,127.68,112.73,116.41,96.01,92.85,131.26,68.84,170.87,200.25,154.27
2024-08-06,112.97,113.71,99.81,87.46,93.43,143.55,160.59,121.18,132.57,153.18,99.87,68.85,156.03,140.6,149.12,124.6,117.65,118.47,99.94,96.89,77.89,78.22,93.82,134.9,136.55,125.27,130.49,110.71,79.53,81.12,110.61,143.07,126.22,159.64,138.6,183.71,127.58,112.64,116.22,95.9,92.81,131.08,68.77,170.85,200.35,154.65
2024-08-07,113.19,113.7,99.71,87.25,93.58,143.71,160.52,121.18,132.42,153.33,99.83,68.77,156.15,140.38,148.69,124.87,117.65,118.46,99.73,96.76,77.93,78.23,93.95,134.99,136.7,125.1,130.1,110.72,79.45,81.1,110.64,143.07,126.16,159.75,138.93,183.79,127.54,112.67,116.04,95.91,92.84,130.95,68.7,170.81,200.3,154.71
2024-08-08,113.43,113.81,99.69,87.09,93.73,144.05,160.59,121.29,132.4,153.51,99.91,68.67,156.83,140.81,148.27,125.22,117.88,118.55,99.68,96.79,77.97,78.19,94.13,135.18,136.92,125.19,131.12,110.79,79.48,81.1,110.76,143.16,126.16,159.96,139.34,184.01,127.66,112.77,116.03,95.93,92.84,130.99,68.66,170.89,200.42,154.9
2024-08-09,113.67,113.91,99.62,86.91,93.83,144.35,160.66,121.44,132.43,153.69,99.92,68.64,157.07,140.9,148.03,125.55,117.98,118.56,99.5,96.74,77.91,77.98,94.3,135.35,137.11,125.28,131.66,110.61,79.44,81.04,110.91,143.3,126.18,160.14,139.72,184.39,127.76,112.87,115.81,95.76,92.83,131.11,68.63,171.05,200.6,155.12
2024-08-10,113.85,113.86,99.51,86.62,93.88,144.42,160.48,121.63,132.41,153.74,99.94,68.52,157.3,141.34,147.79,125.78,118.18,118.57,99.44,96.61,77.81,77.83,94.27,135.38,137.13,125.25,131.83,110.71,79.34,80.73,110.91,143.27,126.13,160.3,140.02,184.59,127.67,112.82,115.75,95.69,92.68,131.22,68.59,171.17,200.69,155.35
2024-08-11,114.12,113.91,99.55,86.44,94.22,144.44,160.47,121.84,132.45,153.87,100.05,68.52,157.54,141.82,147.53,125.97,118.64,118.7,99.48,96.61,77.77,77.72,94.36,135.55,137.24,125.3,132.03,111.03,79.39,80.69,111.06,143.44,126.21,160.46,140.43,185.06,127.81,112.88,115.77,95.7,92.71,131.37,68.58,171.25,200.76,155.65
2024-08-12,114.21,113.93,99.55,86.1,94.58,144.31,160.42,121.98,132.43,153.9,100.1,68.53,157.68,142.18,146.98,126.12,118.86,118.75,99.49,96.58,77.76,77.65,94.45,135.6,137.33,125.37,132.33,111.15,79.43,80.65,111.2,143.58,126.27,160.59,140.87,185.57,127.87,112.9,115.89,95.8,92.74,131.43,68.59,171.23,200.77,155.79
2024-08-13,114.28,113.94,99.61,85.85,94.82,144.43,160.49,122.06,132.43,153.86,100.1,68.53,157.82,142.57,146.56,126.36,119.21,118.82,99.45,96.59,77.74,77.57,94.54,135.62,137.19,125.41,132.54,111.29,79.5,80.64,111.22,143.65,126.33,160.73,141.18,185.91,127.93,112.95,116.03,95.9,92.79,131.51,68.56,171.06,200.68,155.91
2024-08-14,114.36,113.91,99.62,85.67,95.05,144.46,160.36,122.07,132.42,153.77,100.09,68.54,157.82,142.94,146.14,126.47,119.4,118.84,99.47,96.69,77.75,77.52,94.48,135.64,136.81,125.45,132.9,111.38,79.56,80.67,111.22,143.68,126.37,160.82,141.09,186.38,127.95,113.0,116.09,95.98,92.74,131.5,68.54,170.75,200.75,156.1
2024-08-15,114.46,113.84,99.57,85.5,95.35,144.43,160.21,122.11,132.33,153.72,100.08,68.7,157.78,143.28,145.83,126.5,119.58,118.87,99.53,96.75,77.8,77.57,94.47,135.66,136.58,125.42,133.58,111.47,79.53,80.63,111.21,143.67,126.43,160.86,140.98,186.98,127.98,113.04,116.12,96.0,92.83,131.59,68.48,170.46,200.68,156.28
2024-08-16,114.51,113.77,99.65,85.38,95.7,144.37,160.19,122.09,132.18,153.6,100.17,68.85,157.78,143.87,145.37,126.49,119.73,118.93,99.31,96.86,77.92,77.73,94.44,135.65,136.39,125.46,134.36,111.78,79.6,80.6,111.24,143.61,126.47,160.89,140.95,187.33,127.93,113.05,116.36,96.17,92.88,131.67,68.42,170.18,200.53,156.25
2024-08-17,114.74,113.85,99.7,85.49,96.15,144.33,160.57,121.95,132.14,153.7,100.23,69.15,157.76,144.04,144.86,126.8,119.76,119.01,99.21,97.06,78.05,77.91,94.62,135.79,136.4,125.61,134.88,111.84,79.77,80.8,111.37,143.78,126.6,160.58,141.03,187.81,128.15,113.24,116.42,96.34,93.14,131.76,68.47,170.03,200.56,156.01
2024-08-18,114.82,113.84,99.63,85.46,96.19,144.36,160.69,121.8,132.02,153.66,100.24,69.34,157.69,144.18,144.51,126.84,119.78,119.01,98.98,97.06,78.11,77.98,94.5,135.77,136.24,125.62,135.29,111.85,79.79,80.7,111.39,143.71,126.59,160.26,141.02,188.11,128.11,113.27,116.43,96.42,93.13,131.74,68.41,169.97,200.53,155.76
2024-08-19,114.89,113.78,99.57,85.51,96.23,144.31,160.82,121.67,131.87,153.6,100.23,69.5,157.59,144.38,144.05,126.92,119.76,118.99,99.04,97.08,78.14,78.03,94.41,135.74,136.06,125.67,135.62,111.87,79.79,80.63,111.39,143.65,126.58,159.9,141.0,188.38,128.07,113.28,116.44,96.49,93.1,131.68,68.33,169.83,200.46,155.55
2024-08-20,114.99,113.71,99.51,85.56,96.31,144.13,160.96,121.51,131.67,153.57,99.83,69.73,157.46,144.05,143.51,126.97,119.56,118.9,99.12,97.1,78.21,78.1,94.3,135.71,136.07,125.63,135.82,111.64,79.79,80.51,111.39,143.61,126.51,159.74,140.99,188.64,127.95,113.32,116.39,96.58,93.12,131.61,68.3,169.9,200.37,155.34
2024-08-21,115.01,113.66,99.5,85.62,96.33,143.9,161.15,121.33,131.5,153.59,99.43,69.95,157.46,143.86,143.19,126.98,119.35,118.8,99.09,97.06,78.19,78.1,94.16,135.6,136.14,125.62,135.71,111.42,79.82,80.37,111.38,143.58,126.47,159.64,141.3,188.69,127.89,113.33,116.29,96.63,93.13,131.68,68.2,169.97,200.29,155.08
2024-08-22,115.03,113.61,99.48,85.69,96.31,143.51,161.29,121.18,131.36,153.59,99.06,70.11,157.51,143.55,142.58,127.06,119.25,118.71,99.08,97.05,78.25,78.13,94.02,135.57,136.08,125.54,135.17,111.15,79.9,80.33,111.36,143.61,126.38,159.55,141.44,188.67,127.8,113.34,116.23,96.7,93.06,131.67,68.23,169.96,200.2,154.8
2024-08-23,115.76,113.56,99.33,85.78,96.16,143.09,161.4,121.03,131.27,153.63,98.66,70.26,157.51,143.2,142.12,127.18,119.17,118.65,99.03,97.03,78.34,78.21,93.96,135.56,135.96,125.5,134.59,110.89,79.95,80.29,111.3,143.65,126.29,159.51,141.52,188.65,127.78,113.43,116.24,96.79,92.99,131.72,68.3,169.97,200.07,154.64
2024-08-24,116.45,113.44,99.22,85.85,96.06,142.68,161.48,121.01,131.16,153.54,98.29,70.33,157.42,142.9,141.71,127.26,119.11,118.57,98.95,96.98,78.38,78.21,93.91,135.54,135.18,125.47,134.23,110.56,79.98,80.27,111.34,143.64,126.2,159.85,140.57,188.66,127.66,113.51,116.28,96.82,92.99,131.86,68.36,169.88,199.8,154.6
2024-08-25,117.13,113.31,99.15,85.92,96.09,142.27,161.58,120.98,131.05,153.44,97.88,70.39,157.31,142.52,141.27,127.31,119.0,118.46,98.83,96.94,78.42,78.15,93.92,135.51,134.4,125.43,133.93,110.19,80.01,80.47,111.3,143.64,126.1,160.17,139.49,188.54,127.57,113.56,116.17,96.81,92.97,132.0,68.42,169.71,199.6,154.31
2024-08-26,117.85,113.2,99.09,85.99,96.09,141.93,161.69,120.97,131.0,153.36,97.5,70.43,157.25,142.2,140.88,127.35,118.9,118.38,98.47,96.89,78.44,78.08,93.91,135.52,133.62,125.33,133.65,109.86,80.07,80.62,111.3,143.64,125.99,160.51,138.43,188.42,127.47,113.63,116.18,96.85,92.88,132.21,68.49,169.64,199.45,154.28
2024-08-27,119.6,113.09,98.96,86.07,95.99,141.4,161.85,120.98,130.96,153.29,97.48,70.52,157.23,142.4,140.57,127.3,118.99,118.4,98.38,96.86,78.54,77.96,93.92,135.49,132.85,125.31,133.48,109.81,80.19,80.64,111.39,143.71,125.93,160.64,137.38,188.33,127.46,113.63,116.26,96.85,92.78,132.37,68.57,169.56,199.35,154.26
2024-08-28,121.4,113.05,98.81,86.16,95.95,140.87,162.0,121.0,130.93,153.18,97.46,70.61,157.14,142.36,140.17,127.43,119.1,118.43,98.4,96.77,78.7,77.85,93.99,135.52,132.13,125.34,133.07,109.74,80.33,80.91,111.47,143.75,125.84,160.76,136.31,188.32,127.42,113.61,116.46,96.75,92.75,132.5,68.78,169.59,199.22,154.2
2024-08-29,123.29,112.94,98.76,86.24,96.01,140.18,162.22,120.84,130.89,153.05,97.3,70.67,156.93,142.39,139.88,127.47,118.79,118.4,98.31,96.67,78.79,77.79,94.02,135.44,131.41,125.34,133.14,109.7,80.45,81.08,111.44,143.72,125.75,160.8,135.44,188.32,127.34,113.66,116.55,96.69,92.63,132.57,68.94,169.54,199.21,154.22
2024-08-30,124.47,112.88,98.66,85.95,96.19,139.48,162.5,120.71,130.76,152.84,97.17,70.73,156.71,142.4,139.38,127.46,118.67,118.34,98.46,96.57,78.8,77.68,93.99,135.2,130.79,125.98,133.19,109.67,80.59,81.14,111.42,143.65,125.64,160.85,134.42,188.35,127.19,113.71,116.45,96.64,92.63,132.51,69.04,169.42,199.2,154.12
2024-08-31,125.76,112.8,98.6,85.65,96.26,138.76,162.77,120.49,130.64,152.56,97.06,70.81,156.46,142.21,139.03,127.21,118.53,118.3,98.62,96.59,78.84,77.64,93.97,134.99,130.86,126.7,133.05,109.69,80.69,81.27,111.38,143.6,125.53,160.86,134.26,188.35,127.04,113.78,116.39,96.59,92.61,132.4,69.1,169.25,199.2,153.98
2024-09-01,127.02,112.67,98.52,85.34,96.32,137.99,163.05,120.18,130.45,152.23,96.93,71.03,156.18,141.32,138.55,126.96,118.36,118.2,98.69,96.62,78.9,77.61,93.94,134.69,130.82,127.36,131.83,109.72,80.8,81.2,111.28,143.45,125.34,160.81,134.21,188.19,126.79,113.8,116.41,96.52,92.49,132.18,69.19,168.96,199.07,154.04
2024-09-02,128.26,112.55,98.44,85.03,96.36,137.16,163.4,119.83,130.23,151.89,96.8,71.29,155.84,140.47,138.14,126.73,118.23,118.07,98.7,96.6,78.91,77.57,93.95,134.4,130.82,128.0,130.65,109.71,80.89,81.14,111.17,143.32,125.15,160.73,134.16,188.03,126.51,113.62,116.26,96.4,92.49,131.93,69.27,168.59,198.88,153.86
2024-09-03,128.36,112.35,98.32,84.91,96.38,136.28,163.43,119.43,129.94,151.48,96.65,71.38,155.23,139.56,137.6,126.22,118.02,117.86,98.48,96.49,78.72,77.47,93.87,134.05,130.66,128.57,129.4,109.62,80.9,81.23,110.98,143.12,124.96,160.48,134.06,187.82,126.15,113.34,116.13,96.28,92.37,131.74,69.21,168.08,198.62,153.61
2024-09-04,128.55,112.05,98.31,84.82,96.53,135.24,163.76,119.06,129.58,151.02,96.43,71.41,154.74,138.81,137.01,126.19,117.89,117.66,98.22,96.41,78.46,77.37,93.82,133.66,130.48,129.0,128.38,109.57,80.8,81.07,110.77,142.9,124.75,160.19,133.91,187.56,125.73,113.13,116.07,96.24,92.18,131.43,69.1,167.43,198.35,153.34
2024-09-05,128.61,111.78,98.2,84.72,96.57,134.49,164.08,118.74,129.21,150.51,96.25,71.45,153.76,138.07,136.47,126.35,117.96,117.48,97.86,96.31,78.18,77.32,93.85,133.32,130.3,129.49,127.13,109.52,80.68,81.12,110.68,142.73,124.55,159.94,133.89,187.18,125.33,112.86,115.93,96.13,92.1,131.11,69.0,166.82,197.99,153.08
2024-09-06,128.81,111.57,98.21,85.1,96.66,133.92,164.5,118.49,128.97,150.13,96.1,71.42,153.42,137.41,136.22,126.49,117.87,117.3,97.7,96.26,77.98,77.35,93.94,133.16,130.13,129.32,125.98,109.42,80.59,81.19,110.56,142.67,124.43,159.75,134.0,186.86,125.06,112.54,115.92,95.96,91.94,130.94,68.94,166.4,197.71,152.97
2024-09-07,129.05,111.46,98.27,85.53,96.89,133.56,164.95,118.37,128.82,149.97,95.95,71.47,153.25,136.95,136.03,126.96,117.85,117.25,97.6,96.14,77.86,77.41,94.1,133.07,129.99,129.19,125.36,109.41,80.58,81.2,110.56,142.73,124.43,159.7,134.36,186.73,124.89,112.24,116.08,95.87,91.84,130.9,69.01,166.13,197.51,152.92
2024-09-08,129.31,111.38,98.32,85.98,97.11,133.2,165.38,118.3,128.72,149.83,95.82,71.47,153.16,137.27,135.85,127.48,117.87,117.27,97.59,96.07,77.73,77.49,94.28,133.05,129.96,129.15,125.78,109.41,80.61,81.2,110.62,142.87,124.49,159.72,134.77,186.86,124.82,112.01,116.26,95.86,91.82,130.93,69.04,165.85,197.39,152.89
2024-09-09,129.57,111.89,98.38,86.44,97.33,132.93,165.82,118.24,128.63,149.64,95.68,71.42,153.08,137.47,135.66,127.97,117.82,117.32,97.57,96.05,77.68,77.62,94.45,133.02,129.92,129.07,126.16,109.52,80.61,81.2,110.69,142.95,124.55,159.78,135.16,186.97,124.79,111.98,116.48,95.83,91.75,131.02,69.11,165.69,197.27,152.88
2024-09-10,129.97,111.93,98.54,86.69,97.63,132.91,166.63,118.25,128.63,149.59,95.58,71.41,153.28,137.72,135.59,128.84,117.9,117.43,97.57,96.14,77.77,77.85,94.72,133.13,129.98,129.11,127.0,109.68,80.71,81.23,110.77,143.13,124.66,160.04,135.57,187.1,124.9,112.05,116.66,95.86,91.76,131.18,69.29,165.67,197.35,152.97
2024-09-11,130.35,112.05,98.63,86.94,97.73,133.08,167.34,118.24,128.69,149.56,95.56,71.5,153.38,137.9,135.47,129.16,117.93,117.56,97.61,96.27,77.96,78.12,95.03,133.3,130.15,129.17,127.76,109.84,80.89,81.33,110.91,143.35,124.82,160.35,136.09,187.25,125.09,112.11,116.74,95.91,91.84,131.47,69.46,165.72,197.48,153.03
2024-09-12,130.71,112.21,98.73,87.17,97.88,133.27,167.93,118.25,128.76,149.6,95.43,71.61,153.55,138.09,135.58,129.36,118.02,117.65,97.74,96.5,77.99,78.24,95.29,133.27,130.27,128.73,128.54,110.0,81.06,81.18,111.01,143.48,124.93,160.73,136.48,187.55,125.28,112.16,116.75,95.88,91.89,131.31,69.59,165.86,197.4,152.99
2024-09-13,130.98,112.3,98.81,87.33,97.95,133.25,168.54,118.15,128.75,149.62,95.45,71.72,153.57,138.25,135.46,129.68,118.03,117.78,97.76,96.72,78.0,78.3,95.55,133.32,130.37,128.73,129.26,110.21,81.13,81.18,111.13,143.58,125.03,161.0,136.95,187.92,125.48,112.24,116.87,95.96,92.01,131.56,69.72,165.86,197.31,152.93
2024-09-14,131.1,112.42,98.89,87.49,98.0,133.2,169.15,118.01,128.73,149.61,95.47,71.82,153.55,138.32,135.37,129.94,118.16,117.88,97.76,97.07,78.02,78.41,95.83,133.34,130.49,128.73,129.94,110.35,81.1,81.23,111.28,143.66,125.11,160.94,137.4,188.35,125.69,112.42,116.86,96.01,92.13,131.74,69.86,165.83,197.5,152.87
2024-09-15,131.17,112.52,99.0,87.63,98.02,133.11,169.8,117.89,128.69,149.63,95.45,71.89,153.54,138.37,135.27,130.14,118.33,117.94,97.75,97.32,78.02,78.53,96.06,133.34,130.57,128.58,130.5,110.48,81.05,81.21,111.37,143.69,125.15,160.88,137.81,188.45,125.86,112.56,116.85,95.95,92.21,131.88,69.98,165.81,197.6,152.66
2024-09-16,131.29,112.04,99.11,87.75,98.06,133.08,170.4,117.8,128.65,149.7,95.45,71.99,153.59,138.49,135.3,130.35,118.54,118.02,97.77,97.6,78.02,78.6,96.26,133.35,130.62,128.54,131.23,110.52,81.03,81.24,111.45,143.77,125.23,160.81,138.26,188.71,126.03,112.71,117.21,95.91,92.3,131.96,70.08,165.72,197.74,152.64
2024-09-17,131.38,112.16,99.16,87.87,98.14,132.97,171.0,117.66,128.56,149.85,95.49,72.12,153.57,138.61,135.21,130.64,118.67,118.11,97.8,97.84,78.04,78.61,96.37,133.37,130.73,128.42,131.61,110.57,81.04,81.13,111.55,143.81,125.28,161.04,138.71,188.99,126.15,112.99,117.49,95.88,92.43,132.0,70.16,165.47,197.88,152.65
2024-09-18,131.43,112.24,99.22,87.91,98.32,132.95,171.44,117.56,128.51,150.06,95.5,72.2,153.53,138.9,135.4,130.9,118.83,118.22,97.75,98.15,78.08,78.63,96.3,133.32,130.85,128.37,132.01,110.69,81.09,80.94,111.62,143.87,125.36,161.27,139.18,189.31,126.28,113.28,117.9,95.86,92.52,132.05,70.25,165.48,198.08,152.73
2024-09-19,131.55,112.3,99.37,87.95,98.46,132.86,171.95,117.46,128.46,150.22,95.68,72.12,153.4,139.12,135.4,131.05,118.95,118.36,97.73,98.29,78.21,78.67,96.1,133.39,130.98,128.79,132.21,110.78,81.09,80.84,111.62,143.94,125.42,161.49,139.59,189.46,126.38,113.52,118.45,95.98,92.59,132.54,70.4,165.49,198.35,152.84
2024-09-20,131.66,112.35,99.45,87.93,98.6,132.88,172.29,117.41,128.44,150.29,95.67,72.09,153.23,139.33,135.47,131.27,118.9,118.45,97.66,98.42,78.34,78.59,95.93,133.36,131.02,128.74,132.66,110.93,81.17,80.66,111.67,144.05,125.5,161.68,140.04,189.58,126.43,113.7,118.88,96.02,92.63,132.55,70.55,165.5,198.74,152.83
2024-09-21,131.81,112.31,99.49,87.85,98.65,132.87,172.59,117.32,128.31,150.25,95.61,71.96,152.98,139.6,135.38,131.43,118.69,118.45,97.51,98.38,78.34,78.48,95.6,133.25,130.93,128.67,133.05,111.01,81.23,80.34,111.53,144.02,125.51,162.04,140.26,189.47,126.32,113.76,119.2,95.97,92.58,132.46,70.62,165.41,198.85,152.79
2024-09-22,132.01,112.32,99.56,87.81,98.74,132.95,173.04,117.23,128.27,150.24,95.59,71.86,152.73,139.96,135.46,131.69,118.56,118.5,97.37,98.43,78.38,78.4,95.37,133.18,131.02,128.73,133.67,111.11,81.35,80.16,111.44,144.06,125.55,162.37,140.54,189.63,126.25,113.91,119.54,96.03,92.64,132.46,70.74,165.48,199.06,152.9
2024-09-23,132.25,112.62,99.63,87.79,98.85,132.96,173.51,117.11,128.24,150.25,95.71,71.97,152.42,140.27,135.39,131.98,118.45,118.57,97.22,98.44,78.42,78.48,95.16,133.09,131.12,128.73,134.11,111.21,81.67,79.94,111.34,144.11,125.57,162.72,140.76,189.69,126.17,114.09,119.54,96.14,92.78,132.44,70.87,165.61,199.27,152.85
2024-09-24,132.4,112.67,99.86,87.8,98.97,133.01,173.87,117.05,128.25,150.18,95.67,71.86,152.01,140.45,135.42,132.17,118.37,118.6,97.05,98.42,78.38,78.47,94.99,132.96,131.24,128.78,134.41,111.28,81.71,79.83,111.23,144.12,125.63,162.73,141.06,189.74,126.07,114.14,119.69,96.21,92.78,132.35,70.99,165.83,199.37,152.79
2024-09-25,132.52,112.68,100.05,87.78,99.04,132.96,174.33,116.97,128.19,150.04,95.63,71.79,151.46,140.39,135.27,132.33,118.32,118.58,96.97,98.32,78.25,78.45,95.07,132.84,131.25,128.86,134.88,111.28,81.71,79.73,111.04,144.1,125.65,162.79,141.2,189.81,125.92,114.11,119.7,96.27,92.82,132.19,71.1,165.72,199.4,152.55
2024-09-26,132.43,112.74,100.26,87.79,99.03,132.87,174.75,116.96,128.18,149.88,95.63,71.77,151.46,140.41,135.15,132.52,118.3,118.6,96.9,98.27,78.16,78.37,95.2,132.77,131.33,129.08,135.65,111.3,81.71,79.88,110.86,144.12,125.74,162.85,141.25,190.01,125.75,114.19,119.73,96.33,92.9,132.01,71.11,165.5,199.6,152.39
2024-09-27,132.3,112.73,100.54,87.81,99.01,132.78,175.04,116.95,128.12,149.68,95.75,71.8,151.03,140.46,135.0,132.31,118.42,118.59,96.46,98.11,78.07,78.3,95.21,132.63,131.41,129.23,135.9,111.27,81.69,80.05,110.52,144.01,125.74,162.95,141.5,190.04,125.54,114.23,119.8,96.36,92.95,131.72,70.96,165.22,199.64,152.35
2024-09-28,132.05,112.64,100.67,87.75,98.8,132.63,175.07,116.98,128.08,149.42,95.88,71.78,150.54,140.52,134.95,131.94,118.51,118.55,96.02,97.96,77.98,78.1,94.96,132.47,131.52,129.34,136.05,111.24,81.59,80.1,110.1,143.83,125.68,163.05,141.73,189.95,125.24,114.14,119.9,96.38,92.87,131.46,70.76,165.0,199.62,152.33
2024-09-29,131.89,112.6,100.87,87.78,98.74,132.38,175.14,117.01,128.02,149.15,96.05,71.83,150.05,140.53,134.74,131.71,118.48,118.53,95.71,97.89,77.93,77.96,94.82,132.35,131.63,129.5,136.31,111.24,81.57,80.3,109.77,143.77,125.69,163.19,141.87,190.0,125.11,114.13,119.98,96.42,92.87,131.18,70.63,164.75,199.59,152.28
2024-09-30,131.6,112.23,101.07,87.81,98.56,132.14,175.2,116.99,127.91,148.81,96.04,71.67,149.53,140.59,134.6,131.48,118.43,118.44,95.28,97.79,77.87,77.69,94.67,132.22,131.72,129.53,136.62,111.21,81.31,80.51,109.43,143.63,125.59,163.27,142.02,189.92,124.91,114.06,120.07,96.32,92.77,130.85,70.51,164.42,199.46,152.2
2024-10-01,131.28,112.01,101.02,87.75,98.43,131.68,175.24,116.92,127.64,148.27,96.1,71.82,148.84,139.98,134.4,131.12,118.22,118.26,95.11,97.61,77.75,77.51,94.49,131.86,131.51,129.42,134.87,111.22,81.18,80.66,108.94,143.38,125.34,163.19,141.94,189.58,124.5,113.93,120.03,96.17,92.79,130.35,70.33,164.03,199.11,151.96
2024-10-02,130.96,111.73,101.02,87.67,98.21,131.12,175.19,116.82,127.31,147.67,96.13,71.91,148.25,139.49,134.14,130.68,117.94,118.04,94.84,97.43,77.59,77.31,94.22,131.46,131.25,129.16,133.41,111.19,80.97,80.83,108.54,143.09,125.04,162.91,141.8,189.26,124.0,113.79,119.95,95.97,92.77,129.83,70.07,163.64,198.69,151.93
2024-10-03,130.66,111.41,100.79,87.59,97.96,130.58,175.17,116.57,126.91,147.13,96.12,72.1,147.1,139.15,133.8,130.11,117.66,117.74,94.59,97.25,77.36,77.12,93.99,131.03,131.04,128.45,131.74,111.04,80.8,80.68,108.2,142.81,124.73,162.63,141.72,188.99,123.52,113.55,119.52,95.72,92.72,129.3,69.84,163.34,198.25,148.36
2024-10-04,130.34,111.18,100.56,87.55,97.77,130.17,175.3,116.43,126.57,146.69,96.09,72.25,146.56,138.77,133.57,129.92,117.57,117.58,94.61,97.13,77.19,77.09,93.85,130.69,130.99,128.42,130.43,111.0,80.61,80.42,108.09,142.63,124.46,162.46,141.37,188.72,123.12,113.43,119.51,95.52,92.71,128.94,69.84,163.25,197.87,148.15
2024-10-05,130.18,111.02,100.47,87.62,97.71,129.8,175.62,116.23,126.29,146.44,96.08,72.44,146.09,138.48,133.15,129.85,117.49,117.49,94.65,97.06,77.11,77.25,94.1,130.42,131.01,128.34,129.36,110.99,80.53,80.47,108.13,142.59,124.26,162.29,141.06,188.61,122.92,113.45,119.54,95.41,92.91,128.61,69.96,163.12,197.56,147.97
2024-10-06,129.91,110.79,100.26,87.52,97.46,129.49,175.76,116.04,125.93,146.18,96.04,72.51,145.61,138.15,132.75,129.59,117.42,117.33,94.52,96.83,76.95,77.34,94.2,130.06,130.83,128.1,128.01,110.9,80.31,80.25,108.06,142.39,123.99,162.1,140.81,188.27,122.53,113.26,119.6,95.23,92.92,128.29,69.95,162.9,197.24,147.79
2024-10-07,129.7,110.58,100.07,87.28,97.25,129.16,175.87,115.93,125.64,146.0,96.05,72.58,145.16,137.83,132.37,129.31,117.27,117.2,94.5,96.63,76.83,77.44,94.33,129.74,130.72,127.94,126.67,110.85,80.14,80.06,108.05,142.28,123.83,161.96,140.55,188.11,122.24,113.13,119.67,95.14,92.99,128.05,69.95,162.79,197.0,147.58
2024-10-08,129.55,110.46,99.99,87.32,97.04,129.12,175.95,115.86,125.54,145.99,96.13,72.66,144.93,138.24,132.11,129.08,117.3,117.2,94.46,96.52,76.83,77.56,94.52,129.62,130.8,127.84,127.53,110.78,80.02,79.91,108.24,142.3,123.79,161.95,140.44,188.13,122.15,113.11,119.8,95.1,93.01,128.0,70.04,162.93,197.01,147.47
2024-10-09,129.36,110.39,99.97,87.48,96.99,129.19,176.12,115.81,125.5,145.98,96.27,72.76,144.74,138.84,131.85,128.92,117.37,117.24,94.49,96.46,76.85,77.65,94.65,129.49,131.09,127.77,128.24,110.73,79.89,79.8,108.49,142.33,123.8,162.07,140.41,188.08,122.18,113.13,120.0,95.12,93.09,128.05,70.17,163.11,197.07,147.22
2024-10-10,129.22,110.21,99.93,87.54,97.05,129.08,176.1,115.81,125.38,145.84,96.33,72.82,144.42,139.23,131.7,128.85,117.34,117.25,94.34,96.2,76.88,77.65,94.82,129.21,131.01,128.0,129.12,110.72,79.71,79.67,108.72,142.23,123.74,162.0,140.03,187.82,122.09,113.22,120.43,95.02,93.13,128.03,70.12,163.33,196.93,150.46
2024-10-11,129.07,109.99,99.87,87.17,96.97,128.85,176.12,115.61,125.22,145.66,96.19,72.86,144.0,139.4,131.41,128.64,116.69,116.99,94.33,95.9,76.8,77.51,94.95,128.84,130.87,127.52,129.79,110.11,79.42,79.57,108.82,142.05,123.66,161.75,139.65,187.65,121.93,113.11,120.3,94.9,93.14,127.9,69.98,163.38,196.62,150.32
2024-10-12,128.93,109.81,99.87,86.8,96.99,128.56,176.13,115.52,125.0,145.37,96.14,72.83,143.66,139.47,131.35,128.48,116.59,116.86,94.41,95.63,76.72,77.3,95.07,128.5,130.67,127.27,130.22,110.01,79.18,79.33,108.92,141.82,123.54,161.19,139.24,187.52,121.77,112.98,120.29,94.79,93.15,127.8,69.78,163.44,196.22,150.12
2024-10-13,128.83,109.63,99.88,86.49,97.07,128.26,176.17,115.41,124.82,145.03,96.1,72.84,143.31,139.55,131.31,128.34,116.53,116.75,94.53,95.39,76.68,77.1,95.17,128.17,130.5,127.18,130.72,109.95,78.96,79.12,109.04,141.64,123.45,160.71,138.81,187.41,121.6,112.95,120.27,94.68,93.17,127.68,69.61,163.54,195.82,149.94
2024-10-14,128.66,109.4,99.85,86.62,97.17,127.8,176.17,115.21,124.54,144.48,96.01,72.76,142.7,139.43,131.22,128.13,116.5,116.58,94.57,95.1,76.53,76.81,95.19,127.71,130.2,126.91,131.11,109.83,78.68,78.87,109.08,141.36,123.33,160.15,138.36,187.15,121.23,112.8,120.17,94.55,93.14,127.46,69.38,163.57,195.27,149.71
2024-10-15,128.51,109.11,99.81,86.46,97.09,126.96,176.15,114.96,124.12,144.04,95.88,72.59,142.13,139.62,130.86,127.89,116.34,116.34,94.41,94.73,76.35,76.59,95.14,127.26,129.85,126.59,131.53,109.64,78.4,78.54,109.04,140.98,123.06,159.74,137.61,186.68,120.91,112.64,119.85,94.35,93.03,127.13,69.13,162.95,194.48,149.5
2024-10-16,128.36,108.84,99.68,86.26,96.94,126.18,176.05,114.74,123.72,143.67,95.71,72.38,141.59,139.61,130.59,127.67,116.13,116.08,94.2,94.25,76.2,76.46,95.01,126.84,129.35,126.29,131.76,109.47,78.18,78.21,108.98,140.64,122.78,159.27,136.95,186.51,120.53,112.43,119.5,94.14,92.86,126.67,68.87,162.4,193.72,149.3
2024-10-17,128.24,108.69,99.76,86.17,96.7,125.57,176.02,114.57,123.37,143.43,95.61,72.13,141.7,139.77,130.33,127.51,116.2,115.95,94.17,93.94,76.11,76.37,94.83,126.58,129.03,126.19,131.93,109.42,78.0,77.94,108.91,140.35,122.57,158.88,136.65,186.39,120.22,112.1,119.38,94.02,92.65,126.31,68.79,161.74,193.11,149.03
2024-10-18,127.98,108.38,99.72,86.41,96.46,124.04,175.81,114.32,122.84,143.03,95.51,71.96,140.98,140.22,129.97,127.43,116.61,115.83,93.95,93.58,76.06,76.4,94.65,126.13,128.51,125.85,132.11,109.73,77.81,77.71,108.69,139.98,122.25,157.94,135.94,186.15,119.68,111.91,119.21,93.78,92.44,125.78,68.74,160.98,192.2,148.58
2024-10-19,127.45,107.88,99.48,86.49,95.84,122.49,175.22,113.95,122.28,142.59,95.18,71.65,140.25,140.62,129.37,127.04,116.4,115.44,93.51,92.97,75.84,76.21,94.15,125.53,127.79,125.28,132.18,109.45,77.43,77.39,108.23,139.36,121.77,157.34,135.19,185.48,118.86,111.57,118.76,93.42,91.84,125.17,68.55,160.23,191.3,148.18
2024-10-20,127.18,107.61,99.36,86.71,95.62,121.0,174.98,113.65,121.81,142.3,95.0,71.59,139.58,140.92,129.04,127.03,116.21,115.18,93.28,92.6,75.73,76.23,93.97,125.09,127.36,124.81,132.43,109.23,77.25,77.16,108.02,138.99,121.46,156.68,134.53,185.21,118.37,111.44,118.38,93.23,91.66,124.73,68.48,159.57,190.53,147.85
2024-10-21,126.94,107.33,99.25,86.58,95.36,119.63,174.67,113.39,121.37,142.13,94.81,71.55,139.18,141.25,128.6,127.06,115.93,114.93,93.12,92.24,75.65,76.27,93.81,124.71,127.01,124.42,132.72,108.98,77.06,76.93,107.84,138.65,121.14,156.06,133.84,184.97,118.0,111.37,117.97,93.01,91.47,124.32,68.43,158.81,189.89,147.54
2024-10-22,126.72,107.14,99.18,86.58,95.3,118.75,174.35,113.27,121.08,141.87,94.67,71.54,138.81,141.37,128.42,127.08,115.74,114.77,92.97,92.11,75.6,76.25,93.66,124.37,126.81,124.08,133.07,108.94,76.93,76.89,107.7,138.41,120.94,155.37,133.44,185.06,117.61,111.26,117.78,92.93,91.37,124.12,68.42,158.63,189.43,147.25
2024-10-23,126.56,107.01,99.15,86.57,95.26,117.98,174.11,113.19,120.87,141.68,94.57,71.61,138.52,141.32,128.41,127.09,115.74,114.67,92.83,92.14,75.56,76.29,93.62,124.05,126.73,123.75,133.36,108.9,76.89,76.88,107.52,138.26,120.81,154.78,133.09,185.07,117.25,111.27,117.64,92.93,91.34,123.97,68.44,158.47,189.0,147.03
2024-10-24,126.48,106.87,98.93,86.4,95.28,117.18,173.78,113.08,120.74,141.42,94.43,71.63,138.27,141.5,128.47,127.13,115.57,114.52,92.59,92.22,75.53,76.41,93.5,123.76,126.6,123.34,133.48,108.7,76.79,76.79,107.21,137.93,120.5,154.19,132.68,185.09,117.0,111.3,117.42,92.96,91.31,123.8,68.43,158.43,188.57,146.83
2024-10-25,126.61,106.97,98.92,86.28,95.33,117.34,173.81,113.13,120.91,141.45,94.46,71.6,138.56,141.52,128.85,127.19,115.57,114.54,92.63,92.45,75.58,76.56,93.44,123.75,126.79,123.28,133.65,108.66,76.85,76.76,107.06,137.79,120.37,153.84,132.65,185.4,117.0,111.36,117.32,93.12,91.33,124.13,68.4,158.64,188.55,146.83
2024-10-26,127.04,107.31,99.16,86.41,95.73,117.64,174.33,113.22,121.24,141.62,94.56,71.78,138.8,141.5,129.4,127.51,115.65,114.73,92.82,92.9,75.73,76.95,93.71,123.91,127.38,123.57,133.99,108.83,77.06,76.92,107.22,137.97,120.44,153.61,132.59,186.2,117.25,111.6,117.41,93.42,91.71,124.7,68.59,158.89,188.62,146.75
2024-10-27,127.21,107.44,99.32,86.36,95.69,117.89,174.57,113.24,121.48,141.66,94.52,71.71,139.0,141.5,129.74,127.49,115.69,114.77,92.84,93.13,75.71,77.15,93.67,123.93,127.68,123.62,134.16,108.91,77.08,76.99,107.08,137.85,120.32,153.38,132.37,186.5,117.23,111.63,117.39,93.53,91.78,125.05,68.66,159.06,188.58,146.77
2024-10-28,127.16,107.67,99.54,86.36,95.75,117.81,174.98,113.31,121.78,141.76,94.55,71.68,139.24,141.65,130.18,127.35,115.91,114.89,92.86,93.39,75.72,77.38,93.65,124.01,128.02,123.68,134.39,109.07,77.13,77.08,106.97,137.77,120.24,153.61,132.3,186.9,117.25,111.67,117.44,93.71,91.86,125.49,68.73,159.31,188.57,146.82
2024-10-29,127.57,107.95,99.74,86.32,95.73,117.61,175.41,113.18,122.08,141.93,94.55,71.69,139.47,141.78,130.67,127.3,116.08,114.99,92.89,93.53,75.77,77.7,93.74,124.08,128.33,123.71,134.48,109.08,77.11,77.17,106.9,137.76,120.2,153.91,132.23,187.3,117.3,111.81,117.52,93.85,91.97,125.89,68.79,159.56,188.75,146.85
2024-10-30,127.9,108.08,99.8,86.26,95.66,117.15,175.56,112.85,122.11,141.88,94.45,71.66,139.44,141.9,130.81,127.23,116.01,114.95,92.76,93.48,75.74,77.85,93.77,124.02,128.44,123.51,134.26,109.02,76.96,77.09,106.71,137.5,119.98,153.99,132.16,187.38,117.21,111.83,117.58,93.9,92.05,126.17,68.78,159.38,188.51,146.86
2024-10-31,128.25,108.29,99.94,86.36,95.52,116.9,175.95,112.62,122.35,141.87,94.45,71.73,139.56,142.06,130.97,126.97,116.03,115.03,92.9,93.46,75.73,78.14,93.94,124.04,128.68,123.38,134.06,109.13,76.96,77.17,106.75,137.58,120.06,154.35,132.17,187.49,117.12,111.98,117.66,94.01,92.24,126.58,68.84,159.35,188.67,146.85
2024-11-01,128.47,108.35,99.93,86.39,95.46,117.04,175.96,112.31,122.38,141.65,94.32,71.73,139.49,141.52,130.99,126.49,115.96,114.93,92.85,93.37,75.65,78.44,94.06,123.91,128.66,122.86,132.67,109.1,76.93,77.16,106.65,137.47,120.0,155.03,132.04,187.37,116.97,111.97,117.3,94.1,92.26,126.59,68.87,159.14,188.8,143.44
2024-11-02,128.64,108.42,99.85,86.32,95.43,117.14,175.85,112.03,122.36,141.39,94.23,71.62,139.41,140.98,131.01,126.05,115.87,114.85,92.83,93.23,75.6,78.65,94.11,123.73,128.49,122.59,131.18,109.06,76.91,77.09,106.54,137.38,119.94,155.61,131.64,187.29,116.82,112.03,117.23,94.18,92.25,126.45,68.83,158.84,188.93,143.46
2024-11-03,128.79,108.47,99.72,86.26,95.46,117.22,175.63,111.73,122.31,141.15,94.15,71.48,139.4,140.44,130.99,125.61,115.77,114.78,92.76,93.07,75.55,78.81,94.13,123.56,128.33,122.37,129.77,109.01,76.86,77.04,106.48,137.29,119.91,156.18,131.26,187.26,116.67,112.07,117.2,94.27,92.19,126.34,68.8,158.49,189.06,143.3
2024-11-04,129.15,108.48,99.57,86.19,95.42,117.67,175.42,111.44,122.26,140.91,94.03,71.33,139.39,139.93,131.03,125.29,115.66,114.7,92.69,92.92,75.51,78.98,94.2,123.38,128.18,122.17,128.31,108.96,76.81,76.92,106.39,137.2,119.87,156.1,130.81,187.19,116.51,112.13,117.16,94.36,92.12,126.2,68.77,158.12,189.19,143.16
2024-11-05,129.08,108.42,99.41,86.06,95.36,118.24,175.3,111.28,122.24,140.67,93.92,71.11,139.47,139.7,130.94,124.92,115.55,114.6,92.62,92.81,75.42,79.11,94.19,123.23,128.06,121.93,127.13,108.93,76.83,76.84,106.28,137.03,119.82,155.94,130.36,187.15,116.31,112.14,117.09,94.45,92.04,126.02,68.69,157.63,189.28,142.94
2024-11-06,129.09,108.49,99.41,86.03,95.33,119.02,175.32,111.28,122.45,140.55,93.9,70.86,139.79,139.64,131.07,124.51,115.55,114.62,92.67,92.83,75.37,79.35,94.19,123.21,128.12,121.84,126.47,108.92,76.98,76.9,106.34,137.08,119.96,155.98,129.9,187.2,116.21,112.21,117.03,94.57,91.93,125.96,68.63,157.52,189.71,142.57
2024-11-07,129.0,108.49,99.3,85.92,95.59,119.52,175.16,111.21,122.44,140.38,93.82,70.56,140.06,139.61,131.09,124.31,115.42,114.56,92.58,92.79,75.28,79.42,94.18,123.12,128.13,121.63,126.03,108.88,77.03,76.85,106.36,137.03,119.98,156.14,129.45,187.34,116.02,112.18,116.98,94.66,91.8,125.82,68.52,157.15,189.76,142.28
2024-11-08,129.05,108.57,99.34,85.42,95.89,119.5,175.23,111.2,122.58,140.32,93.82,70.35,140.57,139.92,131.11,124.23,115.44,114.65,92.5,92.73,75.2,79.46,94.15,123.11,128.24,121.62,127.05,108.95,77.06,76.88,106.51,137.13,120.15,156.42,129.07,187.38,115.85,112.31,117.3,94.8,91.78,125.84,68.42,156.75,189.98,145.29
2024-11-09,129.02,108.57,99.34,85.05,96.19,119.42,175.37,111.15,122.73,140.3,93.83,70.27,141.08,140.28,131.17,124.1,115.46,114.68,92.45,92.71,75.21,79.56,93.94,123.16,128.48,121.15,128.19,108.95,77.14,76.77,106.59,137.2,120.25,156.71,129.1,187.38,115.7,112.33,117.23,94.92,91.74,125.83,68.29,156.75,190.19,145.01
2024-11-10,128.85,108.6,99.33,84.69,96.46,119.38,175.48,111.15,122.86,140.23,93.83,70.31,141.55,140.64,131.27,123.87,115.47,114.71,92.39,92.63,75.26,79.71,93.78,123.19,128.62,120.63,129.26,108.99,77.22,76.81,106.66,137.27,120.34,156.96,129.1,187.4,115.54,112.38,117.21,95.04,91.66,125.79,68.17,156.51,190.35,144.61
2024-11-11,128.72,109.15,99.36,84.39,96.7,119.44,175.59,111.13,123.01,140.21,93.84,70.33,142.08,140.98,131.33,123.68,115.49,114.77,92.33,92.58,75.31,79.84,93.6,123.25,128.79,120.19,130.36,109.04,77.3,76.99,106.77,137.36,120.46,157.45,129.13,187.41,115.38,112.46,117.16,95.16,91.63,125.79,68.08,156.26,190.67,144.15
2024-11-12,128.58,109.69,99.44,84.42,96.9,119.29,175.6,111.09,123.11,140.17,93.85,70.35,142.59,141.09,131.4,123.46,115.52,114.83,92.31,92.49,75.31,79.89,93.42,123.28,128.83,119.84,131.44,109.1,77.31,77.02,106.85,137.49,120.54,157.96,129.11,187.37,115.29,112.5,117.12,95.25,91.59,125.72,68.01,156.08,190.93,143.74
2024-11-13,128.42,110.18,99.39,84.42,97.13,119.2,175.6,111.03,123.18,140.09,93.82,70.31,143.16,141.08,131.51,123.26,115.52,114.86,92.32,92.27,75.26,79.95,93.43,123.34,128.85,119.52,131.99,109.16,77.25,77.02,106.87,137.57,120.58,158.48,128.99,187.44,115.21,112.47,116.99,95.33,91.63,125.63,67.95,155.96,191.22,143.37
2024-11-14,128.22,110.62,99.44,84.44,96.98,119.19,175.63,110.95,123.22,140.01,93.7,70.31,143.66,140.66,131.62,123.02,115.57,114.83,92.29,92.03,75.26,80.11,93.37,123.35,128.86,119.17,132.2,109.19,77.18,76.89,106.83,137.52,120.52,158.66,128.83,187.24,115.16,112.45,116.84,95.38,91.52,125.54,67.87,155.78,191.32,143.09
2024-11-15,128.04,110.97,99.34,84.96,96.83,119.33,175.59,110.76,123.25,139.6,93.58,70.35,143.96,140.87,131.76,122.79,115.36,114.78,92.39,91.88,75.2,80.24,93.33,123.27,128.85,118.84,132.27,109.12,77.07,76.77,106.84,137.5,120.5,158.74,128.69,187.32,115.09,112.36,116.64,95.38,91.42,125.6,67.75,155.73,191.62,142.81
2024-11-16,127.89,111.33,99.16,86.3,96.63,119.44,175.14,110.59,123.24,139.14,93.41,70.27,144.22,140.96,131.88,122.43,115.14,114.7,92.39,91.7,75.05,80.41,93.4,123.06,128.86,118.36,130.98,109.01,76.87,76.76,106.78,137.42,120.5,158.75,128.49,187.22,114.92,112.24,116.47,95.32,91.29,126.33,67.65,155.48,191.88,142.47
2024-11-17,127.92,111.67,99.03,87.63,96.4,119.53,174.81,110.4,123.23,138.67,93.24,70.09,144.47,141.09,131.99,122.12,114.93,114.62,92.47,91.59,74.85,80.47,93.3,122.85,128.9,117.89,129.76,108.89,76.73,76.59,106.74,137.35,120.5,158.78,128.31,187.21,114.73,112.05,116.3,95.27,91.25,127.1,67.53,155.4,192.16,142.05
2024-11-18,127.9,111.53,98.88,89.0,96.7,119.48,174.57,110.19,123.16,138.07,93.08,70.04,144.61,141.24,132.07,121.86,114.68,114.52,92.55,91.46,74.63,80.59,93.25,122.61,128.89,117.46,128.54,108.77,76.64,76.38,106.66,137.28,120.48,158.76,128.05,187.19,114.55,111.85,116.15,95.21,91.16,127.86,67.45,155.4,192.27,141.64
2024-11-19,127.77,111.36,98.69,90.0,96.97,119.48,174.24,109.92,123.17,137.44,92.9,69.97,144.72,141.44,132.23,121.64,114.43,114.43,92.54,91.35,74.47,80.72,93.34,122.37,129.06,117.05,126.99,108.67,76.53,76.14,106.58,137.17,120.48,158.83,127.84,187.23,114.29,111.69,116.0,95.13,91.08,128.65,67.38,155.43,192.3,142.06
2024-11-20,127.7,111.23,98.54,91.0,96.74,119.36,173.98,109.62,123.19,136.83,92.7,69.92,144.79,141.63,132.38,121.51,114.19,114.32,92.5,91.31,74.37,80.8,93.18,122.1,129.17,116.63,125.57,108.55,76.36,75.96,106.48,137.12,120.45,158.94,127.62,187.32,113.97,111.5,115.79,95.05,90.87,129.48,67.28,155.52,192.39,142.52
2024-11-21,127.64,111.11,98.38,91.92,96.63,119.15,173.49,109.33,123.25,136.19,92.54,69.78,144.76,141.96,132.54,121.31,113.94,114.24,92.46,91.34,74.23,80.77,92.96,121.83,129.24,116.18,124.23,108.5,76.17,75.85,106.45,137.18,120.54,159.09,127.32,187.54,113.65,111.22,115.56,94.95,90.76,130.32,67.15,155.59,192.49,142.66
2024-11-22,127.63,111.09,98.36,92.79,96.53,119.02,173.33,109.22,123.35,135.99,92.41,69.56,144.81,142.1,132.73,121.18,113.82,114.21,92.22,91.33,74.09,80.81,92.76,121.67,129.39,115.79,122.98,108.49,76.05,75.54,106.42,137.29,120.74,159.24,127.04,187.74,113.37,111.09,115.38,94.87,90.61,131.04,67.08,155.73,192.53,143.21
2024-11-23,127.61,111.04,98.38,92.72,96.49,118.98,173.37,109.14,123.48,135.73,92.28,69.41,144.99,142.29,132.93,121.13,113.79,114.2,91.88,91.35,74.03,80.36,92.65,121.61,129.49,115.44,122.87,108.47,76.02,75.27,106.43,137.49,120.9,159.27,126.89,188.08,113.12,111.0,115.21,94.86,90.49,131.11,67.04,155.73,192.62,143.79
2024-11-24,127.53,110.98,98.33,92.68,96.42,118.98,173.33,109.02,123.63,135.51,92.13,69.29,145.2,142.47,133.1,121.07,113.74,114.17,91.46,91.31,74.0,79.99,92.69,121.54,129.61,115.1,122.64,108.44,75.95,74.98,106.4,137.65,121.04,159.32,126.72,188.33,112.87,110.96,114.97,94.8,90.3,131.18,67.0,155.74,192.74,144.47
2024-11-25,127.53,110.92,98.3,92.56,95.86,119.1,173.22,108.94,123.83,135.41,91.97,69.06,145.5,142.69,133.38,120.99,113.69,114.15,91.04,91.26,73.99,79.53,92.7,121.5,129.78,114.79,122.42,108.39,75.85,74.7,106.38,137.77,121.08,159.42,126.57,188.59,112.64,110.91,114.74,94.75,90.14,131.23,66.91,155.79,192.91,145.21
2024-11-26,127.6,110.85,98.23,92.54,95.39,119.12,173.22,108.88,123.92,135.2,91.81,68.84,145.68,142.71,133.59,120.96,113.59,114.09,90.93,91.2,73.97,79.54,92.55,121.4,129.84,114.43,122.33,108.32,75.77,74.44,106.4,137.87,121.1,159.19,126.43,188.75,112.46,110.85,114.46,94.67,89.97,131.29,66.86,155.79,193.13,145.2
2024-11-27,127.58,110.72,98.17,92.51,95.34,119.03,173.8,108.81,124.0,134.93,91.66,68.7,145.7,142.65,133.72,120.96,113.39,114.01,90.82,91.17,74.03,79.65,92.48,121.29,129.95,114.05,122.35,108.24,75.74,74.1,106.36,137.87,121.13,158.87,126.29,188.74,112.37,110.86,114.19,94.59,89.93,131.36,66.88,155.65,193.17,145.29
2024-11-28,127.61,110.62,98.15,92.59,95.35,118.94,174.74,108.71,124.06,134.7,91.53,68.65,145.77,142.48,133.78,120.92,113.3,113.96,90.71,91.12,74.07,79.74,92.44,121.19,130.09,113.69,122.48,108.18,75.78,73.84,106.25,137.95,121.17,158.56,126.2,188.93,112.2,110.93,113.94,94.47,89.88,131.76,66.96,155.61,193.38,145.55
2024-11-29,127.47,110.38,97.97,92.6,95.19,118.65,175.21,108.49,123.98,134.26,91.32,68.55,145.65,142.24,133.69,120.75,113.19,113.82,90.64,91.01,74.07,79.7,92.27,121.0,130.05,113.32,122.39,108.08,75.77,73.71,106.04,137.88,121.04,158.21,125.97,189.01,112.0,110.77,113.69,94.3,89.81,131.97,66.98,155.34,193.28,145.5
2024-11-30,127.28,110.11,97.77,92.52,94.89,118.3,175.77,108.22,123.84,133.78,91.11,68.4,145.43,142.12,133.53,120.55,112.94,113.62,90.68,90.8,73.95,79.96,92.04,120.75,129.83,112.84,122.31,107.93,75.64,73.54,105.8,137.75,120.9,158.19,125.58,188.93,111.74,110.56,113.38,94.05,89.69,132.13,66.92,155.13,193.08,145.61
2024-12-01,127.14,109.83,97.66,92.45,94.65,117.95,176.26,107.98,123.65,133.27,90.9,68.2,145.23,141.58,133.35,120.33,112.75,113.43,90.78,90.64,73.81,80.23,91.75,120.48,129.62,112.37,122.16,107.83,75.52,73.33,105.56,137.64,120.8,158.2,125.2,188.77,111.46,110.31,113.09,93.85,89.54,132.23,66.88,154.96,192.84,145.68
2024-12-02,126.93,109.54,97.5,92.36,94.42,117.57,176.61,107.72,123.43,132.72,90.64,68.01,145.01,141.21,133.07,119.97,112.57,113.23,90.85,90.48,73.67,80.55,91.41,120.18,129.37,111.86,121.99,107.7,75.38,73.1,105.35,137.6,120.81,158.25,124.85,188.74,111.13,110.03,112.76,93.63,89.38,132.31,66.85,154.71,192.57,145.76
2024-12-03,126.64,109.26,97.32,92.25,94.21,117.24,176.89,107.52,123.26,132.35,90.41,67.78,144.95,140.89,132.81,119.56,112.39,113.04,90.68,90.29,73.55,80.31,91.05,119.9,129.11,111.53,121.97,107.56,75.27,72.84,105.15,137.63,120.9,158.4,124.45,188.94,110.8,109.71,112.39,93.35,89.17,132.37,66.78,154.58,192.4,145.81
2024-12-04,126.32,109.05,97.11,92.25,94.03,117.03,176.44,107.4,123.08,132.0,90.23,67.53,144.91,140.8,132.67,119.16,112.31,112.89,90.53,90.06,73.38,80.1,90.57,119.67,128.92,111.29,122.0,107.43,75.19,72.53,105.03,137.73,120.96,158.53,124.11,188.99,110.45,109.31,112.12,93.09,88.95,132.39,66.68,154.53,192.31,145.83
2024-12-05,125.95,108.8,96.93,92.27,93.85,116.78,175.89,107.19,122.76,131.64,90.01,67.35,144.87,140.57,132.54,118.93,112.08,112.67,90.3,89.74,73.19,79.98,90.16,119.37,128.76,111.01,122.02,107.23,75.04,72.23,104.9,137.64,120.85,158.51,123.75,188.85,110.12,108.95,111.78,92.91,88.69,131.97,66.63,154.22,192.11,145.85
2024-12-06,125.73,108.74,96.94,92.45,93.79,116.77,175.65,107.21,122.68,131.47,89.91,67.28,145.11,140.34,132.59,118.9,111.99,112.6,90.16,89.59,73.3,79.99,89.92,119.33,128.73,110.87,122.37,107.13,74.96,72.04,104.9,137.72,120.88,158.64,123.55,188.76,109.97,108.79,111.49,92.82,88.61,131.77,66.62,154.34,192.23,145.95
2024-12-07,125.7,108.88,97.08,92.73,93.89,116.85,175.45,107.3,122.72,131.47,89.93,67.45,145.49,140.14,132.8,118.97,111.97,112.61,89.87,89.6,73.49,80.22,89.81,119.37,128.89,110.85,123.05,107.15,75.09,71.95,104.99,137.94,120.92,158.62,123.42,188.75,109.97,108.78,111.17,92.82,88.7,131.73,66.71,154.54,192.41,146.01
2024-12-08,125.73,109.12,97.16,93.01,93.88,116.9,175.25,107.29,122.79,131.48,89.97,67.74,145.9,140.39,133.0,119.12,111.77,112.61,89.53,89.57,73.71,80.57,89.69,119.34,129.01,110.84,124.0,107.11,75.33,71.86,105.07,138.1,120.97,158.55,122.86,188.54,110.0,108.81,110.75,92.84,88.8,131.72,66.72,154.7,192.72,146.09
2024-12-09,125.78,109.43,97.34,93.31,93.88,117.0,175.26,107.41,122.88,131.58,90.1,68.04,146.34,140.39,133.42,119.4,111.71,112.66,89.51,89.59,73.94,80.96,89.63,119.43,129.16,110.87,125.81,107.11,75.6,71.79,105.11,138.15,120.93,158.34,122.76,188.59,110.07,108.9,110.49,92.86,88.94,131.72,66.79,154.95,193.06,146.17
2024-12-10,125.76,109.55,97.48,93.6,93.88,117.06,175.34,107.5,122.96,131.63,90.09,68.16,146.74,140.42,133.86,119.7,111.64,112.68,89.43,89.62,74.1,81.21,89.62,119.53,129.2,110.77,127.4,107.12,75.64,71.76,105.08,138.04,120.66,158.28,122.69,188.32,110.1,109.04,110.3,92.94,88.97,131.75,66.85,155.42,193.32,146.27
2024-12-11,125.75,109.58,97.65,93.79,93.91,117.11,175.57,107.36,123.02,131.76,89.84,68.29,147.17,140.45,134.07,119.93,111.43,112.58,89.34,89.63,74.04,81.38,89.7,119.42,129.15,110.22,128.68,107.07,75.73,71.9,105.04,137.92,120.42,158.25,122.66,188.23,110.13,109.3,109.65,92.9,88.99,131.32,66.89,155.85,193.56,146.36
2024-12-12,125.76,109.67,97.72,92.88,93.91,117.24,175.2,107.37,123.26,131.94,89.89,68.25,147.7,140.58,134.13,120.08,111.43,112.6,89.41,89.71,74.05,81.43,89.77,119.59,129.12,110.15,130.41,107.08,75.92,72.08,105.11,138.03,120.45,158.18,122.73,188.28,110.26,109.57,109.31,92.91,89.1,130.03,66.93,156.34,194.01,146.41
2024-12-13,125.63,109.64,97.65,91.84,93.83,117.22,174.59,107.21,123.33,131.99,89.76,68.1,148.06,140.87,134.12,120.03,111.23,112.52,89.44,89.66,73.85,81.46,89.78,119.57,129.0,109.95,132.32,107.03,76.07,72.2,105.05,138.0,120.37,158.04,122.69,188.22,110.22,109.68,108.95,92.85,89.06,128.6,66.94,156.41,194.26,146.39
2024-12-14,125.21,109.33,97.32,90.63,93.24,117.17,173.6,106.93,123.34,131.9,89.41,67.62,148.21,140.97,133.9,119.62,111.0,112.21,89.41,89.33,73.51,81.16,89.42,119.31,128.56,109.28,134.07,106.77,75.89,72.02,104.72,137.74,120.15,157.95,122.73,187.86,109.86,109.42,108.11,92.6,88.61,126.97,66.75,156.54,194.43,142.88
2024-12-15,124.95,109.09,97.23,89.58,93.15,117.18,173.0,106.85,123.43,131.98,89.18,67.31,148.46,141.07,133.99,119.55,110.97,112.06,89.62,89.22,73.29,80.97,89.37,119.31,128.44,108.42,135.76,106.64,75.78,72.18,104.64,137.66,120.09,157.92,123.35,188.02,109.75,109.43,107.36,92.47,88.52,125.56,66.81,156.85,194.58,140.2
2024-12-16,124.71,108.83,97.09,88.52,93.07,117.15,172.36,106.68,123.55,132.0,88.9,66.99,148.67,141.37,133.89,119.47,110.83,111.9,89.57,89.09,73.09,80.73,89.34,119.2,128.38,107.63,136.76,106.53,75.69,72.36,104.59,137.73,120.12,157.97,123.54,187.83,109.69,109.43,106.46,92.37,88.4,124.17,66.82,157.13,194.77,137.46
2024-12-17,124.56,108.75,96.95,87.51,92.84,117.26,171.66,106.64,123.65,132.04,88.76,66.88,148.89,141.57,133.74,119.33,110.75,111.75,89.45,88.97,72.92,80.73,89.31,119.12,128.32,106.92,137.91,106.45,75.8,72.59,104.61,137.74,120.3,158.01,123.77,187.57,109.6,109.38,105.54,92.33,88.32,122.54,66.83,157.05,194.81,133.99
2024-12-18,124.49,108.7,96.74,86.5,92.57,117.27,170.87,106.77,123.77,131.95,88.67,66.72,149.04,141.63,133.64,119.24,110.77,111.71,89.29,88.93,72.89,80.69,89.18,119.23,128.26,106.58,139.55,106.44,75.84,72.77,104.68,137.89,120.55,158.03,124.0,187.47,109.53,109.29,105.04,92.39,88.24,121.37,66.81,156.96,194.98,130.55
2024-12-19,124.29,108.61,96.55,86.59,92.3,117.26,170.6,106.78,123.84,131.76,88.48,66.63,149.16,141.98,133.81,119.14,110.57,111.57,89.05,88.93,72.79,80.68,89.04,119.12,128.09,105.59,140.59,106.37,75.81,72.9,104.66,137.87,120.64,158.02,124.07,187.18,109.32,109.18,104.15,92.26,88.09,121.14,66.72,157.07,195.09,127.31
2024-12-20,124.13,108.52,96.27,86.74,92.03,117.23,170.16,106.84,123.91,131.65,88.33,66.62,149.19,141.94,133.89,119.03,110.52,111.44,88.95,88.89,72.61,80.69,88.82,119.04,127.85,104.68,141.44,106.31,75.81,72.97,104.66,137.85,120.74,158.02,124.29,187.08,109.11,109.0,103.35,92.14,87.93,120.88,66.69,157.3,195.18,124.28
2024-12-21,124.23,108.59,96.18,87.02,92.39,117.13,170.05,106.81,123.99,131.66,88.27,66.78,149.24,142.03,134.26,119.25,110.44,111.56,89.11,89.14,72.52,80.85,88.96,119.19,127.94,104.7,142.51,106.5,76.0,73.3,104.89,138.01,120.98,158.01,124.24,187.35,109.26,109.11,103.4,92.15,88.19,120.78,66.73,157.36,195.4,128.54
2024-12-22,124.09,108.51,95.91,87.18,92.32,117.02,169.69,106.7,123.99,131.57,88.12,66.75,149.23,142.19,134.34,119.16,110.2,111.55,89.09,89.21,72.33,80.79,88.84,119.18,127.8,104.89,143.51,106.59,76.05,73.33,104.9,138.0,121.06,157.93,124.28,187.41,109.15,108.96,103.47,92.02,88.06,120.48,66.64,157.32,195.54,132.04
2024-12-23,123.92,108.39,95.63,87.34,92.2,116.81,169.24,106.55,123.96,131.42,87.95,66.7,149.12,142.09,134.47,119.03,109.94,111.5,89.04,89.27,72.11,80.71,88.72,119.15,127.49,104.95,144.33,106.66,76.04,73.31,104.86,137.95,121.1,157.81,124.25,187.4,108.98,108.77,103.54,91.9,87.89,120.16,66.51,157.26,195.58,135.52
2024-12-24,123.76,108.2,95.5,87.43,92.17,116.31,168.76,106.19,123.89,131.21,87.75,66.69,148.77,141.97,134.57,118.82,109.74,111.41,89.03,89.36,71.97,80.68,88.53,119.03,127.13,104.86,145.18,106.66,76.05,73.28,104.7,137.88,121.05,157.5,123.85,187.46,108.78,108.61,103.59,91.68,87.85,120.03,66.39,157.1,195.59,139.6
2024-12-25,123.51,107.92,95.34,87.44,92.13,115.75,168.27,105.78,123.73,130.99,87.66,66.71,148.33,141.84,134.7,118.46,109.52,111.28,89.05,89.38,71.89,80.61,88.42,118.83,126.66,104.75,145.71,106.65,76.03,73.2,104.45,137.62,120.88,157.09,123.31,187.29,108.47,108.44,103.58,91.39,87.75,119.83,66.29,156.85,195.38,143.59
2024-12-26,123.35,107.6,95.24,87.37,92.07,115.12,167.84,105.38,123.49,130.76,87.39,66.7,147.74,141.27,134.63,118.09,109.36,111.11,89.04,89.31,71.8,80.52,88.26,118.59,126.14,104.71,146.27,106.61,76.01,73.06,104.17,137.36,120.68,156.73,122.76,187.23,108.19,108.25,103.6,91.18,87.66,119.51,66.19,156.51,195.05,147.12
2024-12-27,123.1,107.21,95.08,87.17,91.96,114.4,167.48,104.92,123.21,130.43,87.13,66.59,147.13,140.94,134.52,117.69,109.12,110.9,88.89,89.25,71.73,80.33,88.13,118.28,125.61,104.67,146.4,106.56,75.94,72.95,103.83,137.02,120.38,156.38,122.07,186.97,107.91,108.02,103.57,90.94,87.54,119.21,66.0,156.02,194.6,150.67
2024-12-28,122.82,106.87,94.97,87.02,91.8,113.65,167.11,104.64,122.9,130.08,86.95,66.49,146.57,140.57,134.14,117.42,108.98,110.67,88.8,89.12,71.67,80.17,88.0,117.99,125.08,104.2,146.63,106.44,76.22,72.87,103.49,136.65,120.09,156.02,121.63,186.65,107.59,107.81,103.33,90.76,87.41,118.83,65.88,155.47,194.1,150.41
2024-12-29,122.51,106.46,94.78,86.76,91.54,112.89,166.56,104.36,122.58,129.6,86.75,66.3,146.0,140.15,133.74,117.06,108.98,110.41,88.64,88.93,71.56,79.97,87.79,117.64,124.44,103.74,146.82,106.29,76.43,72.75,103.13,136.25,119.78,155.68,120.92,186.23,107.22,107.52,103.08,90.54,87.2,118.42,65.7,154.89,193.62,150.11
2024-12-30,122.22,106.08,94.61,86.51,91.36,112.27,166.03,104.12,122.2,129.18,86.55,66.1,145.59,139.94,133.31,116.71,108.98,110.18,88.48,88.73,71.45,79.77,87.55,117.33,123.94,103.33,147.03,106.13,76.73,72.62,102.8,135.87,119.47,155.4,120.27,185.81,106.89,107.28,102.86,90.32,87.04,118.04,65.53,154.34,193.17,149.87
2024-12-31,121.89,105.72,94.23,86.28,91.06,111.91,165.48,103.92,121.91,128.8,86.36,65.81,145.25,139.81,132.88,116.4,108.88,109.96,88.29,88.46,71.17,79.52,87.27,117.14,123.51,103.11,147.02,105.97,76.97,72.47,102.5,135.59,119.27,155.22,119.94,185.53,106.57,106.99,102.67,90.09,86.75,117.61,65.3,153.82,192.89,149.74
2025-01-01,121.57,105.37,93.8,85.93,90.69,111.53,164.76,103.7,121.59,128.24,86.18,65.48,144.89,139.02,132.32,116.01,108.71,109.68,88.05,88.26,70.92,79.22,86.84,116.92,123.09,102.87,144.46,105.81,77.17,72.24,102.14,135.31,119.04,155.11,119.64,185.24,106.23,106.58,102.53,89.79,86.36,117.08,65.05,153.2,192.58,149.67
2025-01-02,121.19,105.0,93.37,85.41,90.29,111.13,163.99,103.47,121.21,127.59,85.99,65.09,144.54,138.21,131.68,115.55,108.51,109.37,87.8,88.03,70.66,78.9,86.36,116.64,122.65,102.65,141.85,105.58,77.36,72.02,101.77,135.0,118.81,155.01,119.36,184.87,105.84,106.16,102.35,89.48,85.94,116.47,64.79,152.49,192.27,149.82
2025-01-03,120.93,104.79,93.12,84.96,90.02,110.85,163.44,103.33,120.95,127.16,85.89,64.77,144.49,137.63,131.15,115.25,108.35,109.16,87.7,87.87,70.49,78.62,85.97,116.52,122.31,102.56,139.5,105.39,77.58,71.84,101.47,134.87,118.72,154.96,119.1,184.54,105.63,105.93,102.18,89.24,85.6,116.09,64.55,151.94,192.14,149.68
2025-01-04,120.75,104.67,92.93,84.59,89.77,110.73,162.85,103.22,120.77,126.88,85.82,64.46,144.55,137.28,130.77,114.89,108.24,108.98,87.63,87.81,70.42,78.4,85.63,116.49,122.13,102.65,136.94,105.26,77.51,71.72,101.24,134.67,118.58,155.0,118.91,184.32,105.56,105.77,101.91,89.07,85.25,115.89,64.34,151.58,192.01,149.56
2025-01-05,120.57,104.56,92.72,84.21,89.52,110.61,162.43,103.1,120.57,126.59,85.74,64.15,144.57,136.83,130.38,114.55,108.11,108.79,87.6,87.74,70.36,78.18,85.29,116.45,121.93,102.76,134.29,105.1,77.45,71.58,100.99,134.46,118.43,154.97,118.73,184.0,105.45,105.6,101.58,88.94,84.94,115.7,64.14,151.08,191.87,149.47
2025-01-06,120.4,104.42,92.51,83.81,89.19,110.43,161.99,102.96,120.43,126.29,85.66,63.87,144.55,136.18,129.99,114.2,107.99,108.59,87.54,87.67,70.31,77.98,84.99,116.39,121.71,102.85,131.53,104.94,77.39,71.46,100.72,134.23,118.25,154.91,118.56,183.69,105.37,105.43,101.24,88.81,84.59,115.48,63.95,150.57,191.72,149.38
2025-01-07,120.45,104.45,92.57,83.48,89.17,110.37,161.78,102.9,120.37,126.08,85.72,63.74,144.88,135.65,129.65,114.01,107.96,108.51,87.58,87.74,70.4,77.59,84.83,116.39,121.75,103.01,128.92,104.84,77.44,71.43,100.6,134.19,118.16,154.99,118.56,183.38,105.51,105.4,101.07,88.94,84.38,115.48,63.83,150.29,191.63,148.28
2025-01-08,120.62,104.68,92.78,83.35,89.35,110.51,161.69,103.06,120.52,126.24,85.9,63.66,145.5,135.95,129.56,114.02,107.98,108.59,87.79,87.92,70.63,77.6,84.97,116.62,122.05,103.36,128.94,104.88,77.64,71.52,100.66,134.25,118.15,155.15,118.6,183.15,105.91,105.51,100.85,89.24,84.31,115.82,63.8,150.35,191.67,147.23
2025-01-09,120.95,105.12,93.04,83.43,89.66,110.85,161.68,103.34,120.92,126.7,86.19,63.69,146.39,136.57,129.71,114.19,108.19,108.84,88.08,88.3,71.02,77.72,85.33,117.07,122.78,103.91,129.27,105.08,77.94,71.64,100.88,134.45,118.25,155.39,118.81,183.29,106.59,105.7,100.82,89.65,84.29,116.48,63.89,150.7,191.92,146.27
2025-01-10,121.32,105.57,93.28,83.22,90.02,111.3,161.67,103.63,121.34,127.07,86.46,63.71,147.08,137.09,129.9,114.32,108.39,109.08,88.28,88.68,71.46,77.84,85.67,117.49,123.68,104.41,129.91,105.29,78.27,71.78,101.13,134.55,118.26,155.66,119.18,183.59,107.26,105.9,100.76,90.06,84.32,117.04,64.06,150.84,192.15,145.38
2025-01-11,121.6,105.91,93.51,82.89,90.36,111.67,161.82,103.86,121.75,127.33,86.68,63.76,147.74,137.35,129.95,114.41,108.48,109.27,88.37,89.01,71.84,77.99,86.0,117.82,124.46,104.69,130.47,105.44,78.49,71.86,101.35,134.74,118.33,155.8,119.46,183.69,107.77,106.12,100.7,90.36,84.3,117.43,64.22,151.07,192.34,144.39
2025-01-12,121.97,106.35,93.83,82.66,90.87,112.07,161.93,104.09,122.18,127.72,86.95,63.87,148.43,137.77,130.17,114.64,108.56,109.52,88.52,89.48,72.26,78.21,86.45,118.23,125.35,105.04,131.18,105.64,78.81,72.03,101.64,134.97,118.44,155.95,119.79,184.04,108.42,106.45,100.76,90.74,84.44,117.92,64.46,151.51,192.58,143.45
2025-01-13,122.32,106.78,94.17,82.83,91.39,112.4,162.07,104.28,122.54,128.1,87.2,63.99,149.09,138.24,129.95,114.9,108.62,109.77,88.71,89.96,72.69,78.43,86.9,118.64,126.24,105.37,131.88,105.87,79.07,72.13,101.93,135.3,118.61,156.15,120.15,184.43,109.05,106.82,100.83,91.09,84.63,118.41,64.72,151.61,192.81,142.5
2025-01-14,122.57,107.13,94.42,83.02,91.81,112.64,162.12,104.47,122.84,128.52,87.24,64.14,149.69,138.73,129.75,115.2,108.65,109.96,88.95,90.37,73.08,78.84,87.28,119.05,127.05,105.63,132.73,106.1,79.17,72.22,102.15,135.5,118.67,156.15,120.39,184.81,109.62,107.11,100.6,91.31,84.89,118.74,65.02,151.64,192.97,142.39
2025-01-15,122.83,107.49,94.83,83.25,92.17,112.88,162.4,104.61,123.17,128.97,87.25,64.33,150.29,139.34,129.58,115.59,108.71,110.15,89.15,90.68,73.42,78.83,87.61,119.41,127.83,105.92,133.85,106.24,79.29,72.29,102.4,135.78,118.73,156.14,120.71,185.31,110.13,107.41,100.44,91.58,85.21,119.09,65.31,151.76,193.14,142.42
2025-01-16,123.08,107.81,95.22,83.45,92.62,113.2,162.65,104.75,123.38,129.37,87.25,64.57,150.72,139.94,129.38,115.87,108.68,110.31,89.42,90.97,73.58,78.79,88.03,119.7,128.29,106.21,135.06,106.37,79.36,72.27,102.62,136.07,118.76,156.14,120.94,185.68,110.55,107.66,100.29,91.84,85.61,119.24,65.56,151.87,193.22,142.4
2025-01-17,123.2,108.04,95.59,83.93,92.98,113.52,162.62,104.87,123.57,129.81,87.09,64.78,151.16,140.39,129.19,115.81,108.61,110.42,89.64,91.13,73.65,78.73,88.46,119.98,128.65,106.35,135.93,106.45,79.49,72.36,102.85,136.32,118.88,156.08,121.08,185.94,110.92,107.88,100.1,92.11,85.84,119.14,65.79,152.24,193.28,142.39
2025-01-18,123.37,108.25,95.96,84.48,93.29,113.92,162.71,105.02,123.73,130.23,86.92,64.96,151.58,141.08,129.14,116.03,108.57,110.53,89.9,91.36,73.65,78.6,88.9,120.27,129.08,106.52,137.01,106.43,79.68,72.26,102.98,136.41,118.91,156.02,121.14,186.17,111.28,107.98,99.88,92.38,86.06,119.44,65.96,152.46,193.35,142.42
2025-01-19,123.44,108.42,96.36,85.08,93.56,114.27,162.75,105.18,123.87,130.62,86.73,65.17,151.95,141.69,128.95,116.19,108.56,110.63,90.18,91.52,73.69,78.46,89.26,120.54,129.46,106.69,138.06,106.47,79.81,72.38,103.13,136.54,118.96,156.0,121.27,186.38,111.6,108.07,99.64,92.61,86.21,119.7,66.1,152.59,193.36,142.36
2025-01-20,123.52,108.61,96.71,85.31,93.85,114.71,162.74,105.38,124.06,130.97,86.53,65.37,152.26,142.45,129.2,116.3,108.57,110.74,90.48,91.67,73.7,78.34,89.57,120.79,129.78,106.85,139.21,106.51,79.93,72.53,103.33,136.66,119.02,156.0,121.39,186.42,111.89,108.11,99.4,92.84,86.37,119.91,66.23,153.13,193.38,142.28
2025-01-21,123.53,108.7,97.03,85.46,94.05,115.01,162.74,105.5,124.14,131.12,86.41,65.45,152.45,143.02,129.33,116.32,108.47,110.8,90.69,91.79,73.67,78.16,89.92,120.93,129.96,106.96,140.37,106.41,80.12,72.63,103.47,136.69,119.09,156.06,121.39,186.4,112.09,108.11,99.3,93.08,86.35,120.05,66.26,153.46,193.36,142.35
2025-01-22,123.51,108.49,97.14,85.53,94.17,115.09,162.63,105.49,124.14,131.17,86.19,65.42,152.51,143.4,129.44,116.29,108.29,110.81,90.87,91.93,73.51,78.0,90.26,121.05,129.92,106.93,141.64,106.35,80.2,72.67,103.52,136.78,119.22,156.06,121.39,186.28,112.17,108.04,99.21,93.22,86.31,120.04,66.25,153.66,193.34,142.35
2025-01-23,123.46,108.24,97.37,85.59,94.26,115.05,162.49,105.49,124.18,131.22,85.95,65.37,152.56,143.73,129.6,116.36,108.09,110.81,91.05,92.04,73.46,77.89,90.46,121.18,130.13,106.82,142.83,106.28,80.36,72.93,103.52,136.88,119.36,156.12,121.4,186.09,112.25,108.13,99.13,93.33,86.21,120.16,66.31,153.83,193.38,142.37
2025-01-24,123.54,107.99,97.66,85.69,94.39,114.94,162.56,105.5,124.24,131.24,85.82,65.51,152.63,144.16,129.7,116.81,108.03,110.84,90.96,92.16,73.49,77.84,90.62,121.32,130.36,106.79,144.24,106.24,80.48,73.06,103.47,136.99,119.39,156.15,121.43,185.84,112.36,108.22,99.08,93.42,86.26,120.42,66.35,153.99,193.31,142.4
2025-01-25,123.62,107.77,98.01,85.77,94.64,114.92,162.64,105.55,124.34,131.42,85.74,65.66,152.64,144.66,129.87,117.1,108.01,110.94,90.97,92.3,73.57,77.85,90.78,121.53,130.58,106.79,145.37,106.32,80.63,73.39,103.51,137.25,119.57,156.24,121.49,185.87,112.53,108.44,99.08,93.59,86.33,120.3,66.48,154.27,193.35,142.51
2025-01-26,123.71,107.55,98.28,85.45,94.79,114.92,162.82,105.59,124.45,131.56,85.65,65.72,152.71,145.22,130.07,117.32,107.94,111.01,90.88,92.42,73.59,77.89,90.91,121.72,130.79,106.89,146.41,106.35,80.76,73.42,103.54,137.51,119.75,156.33,121.53,185.88,112.66,108.6,99.02,93.69,86.4,120.18,66.56,154.59,193.44,142.65
2025-01-27,123.54,107.33,98.59,85.18,94.95,114.92,163.05,105.64,124.57,131.73,85.59,65.78,152.87,145.51,130.24,117.61,107.87,111.07,90.75,92.57,73.61,77.92,91.09,121.9,131.14,107.07,147.39,106.37,80.91,73.5,103.51,137.68,119.9,156.28,121.53,186.04,112.81,108.78,98.99,93.8,86.48,120.12,66.66,154.84,193.53,142.81
2025-01-28,123.31,107.04,98.93,84.91,95.14,114.92,163.16,105.64,124.57,131.98,85.44,65.84,152.91,145.77,130.52,117.62,107.76,111.09,90.86,92.63,73.55,78.01,91.24,122.05,131.52,107.28,147.97,106.45,81.07,73.39,103.37,137.69,119.87,156.16,121.63,186.0,112.86,108.87,98.92,93.85,86.58,120.1,66.81,154.99,193.38,142.95
2025-01-29,123.14,107.08,99.38,84.78,95.4,115.26,163.39,105.83,124.77,132.36,85.44,65.98,153.12,146.09,130.84,117.84,107.85,111.2,91.06,92.73,73.62,78.26,91.4,122.26,132.11,107.56,148.21,106.55,81.31,73.45,103.36,137.65,119.91,156.2,121.71,186.17,113.05,109.09,98.9,93.92,86.66,120.25,67.01,155.33,193.46,143.06
2025-01-30,122.94,107.1,99.79,84.79,95.54,115.61,163.75,106.01,124.93,132.73,85.46,66.19,153.44,146.42,131.17,118.19,107.92,111.32,91.21,92.81,73.69,78.4,91.43,122.45,132.49,107.87,148.56,106.7,81.51,73.53,103.32,137.57,119.96,156.15,121.74,186.26,113.25,109.23,98.88,94.01,86.74,120.46,67.15,155.62,193.6,143.18
2025-01-31,122.7,107.09,100.15,84.76,95.68,116.05,163.98,105.9,125.02,133.03,85.47,66.24,153.66,146.74,131.49,118.43,107.88,111.39,91.64,92.97,73.63,78.41,91.47,122.58,132.72,108.2,149.06,106.78,81.64,73.65,103.2,137.5,120.07,156.13,121.78,186.48,113.29,109.29,98.89,94.08,86.67,120.6,67.28,155.83,193.81,143.22
2025-02-01,122.37,107.03,100.51,84.67,95.65,116.31,164.12,105.79,125.02,133.21,85.39,66.3,153.86,146.11,131.76,118.69,107.75,111.37,92.05,93.01,73.57,78.39,91.56,122.58,132.82,108.57,146.7,106.86,81.7,73.73,102.97,137.32,120.03,156.08,121.73,186.63,113.27,109.27,98.96,94.06,86.58,120.76,67.36,156.05,193.84,143.18
2025-02-02,122.01,106.94,100.83,84.91,95.58,116.67,164.22,105.65,125.01,133.31,85.31,66.37,154.04,145.5,131.88,118.89,107.64,111.33,92.42,92.95,73.53,78.28,91.64,122.55,132.88,108.85,144.33,106.86,81.76,73.85,102.67,137.17,120.0,156.0,121.68,186.66,113.22,109.23,99.01,94.05,86.43,120.88,67.41,156.21,193.91,143.09
2025-02-03,121.91,106.84,101.1,85.07,95.45,117.0,164.28,105.51,124.98,133.4,85.21,66.4,154.13,145.02,132.02,119.02,107.52,111.28,92.78,92.89,73.49,78.17,91.69,122.52,132.88,109.08,141.99,106.87,81.79,73.93,102.38,137.01,119.94,155.95,121.61,186.59,113.12,109.19,99.06,94.05,86.24,120.97,67.43,156.39,193.86,143.0
2025-02-04,121.91,106.87,101.32,85.29,95.46,117.43,164.36,105.74,125.15,133.55,85.25,66.52,154.23,144.52,132.18,119.46,107.39,111.34,92.98,92.9,73.58,78.07,91.75,122.65,132.88,109.33,139.95,106.94,81.97,74.22,102.27,137.18,120.14,155.89,121.58,186.88,113.16,109.3,99.24,94.11,86.03,121.12,67.43,156.78,194.14,142.83
2025-02-05,121.92,106.79,101.5,85.4,95.49,117.67,164.43,105.69,125.15,133.63,85.25,66.58,154.23,144.08,132.31,119.49,107.16,111.31,93.06,92.84,73.65,77.86,91.77,122.67,132.82,109.64,137.82,106.97,82.09,74.17,102.04,137.24,120.16,155.73,121.45,187.01,113.13,109.33,99.3,94.19,85.8,121.14,67.42,156.92,194.2,142.62
2025-02-06,121.94,106.71,101.69,85.5,95.55,117.86,164.43,105.62,125.18,133.7,85.23,66.6,154.09,143.6,132.61,119.79,107.06,111.28,93.19,92.78,73.73,77.71,91.73,122.71,132.71,109.92,135.47,106.92,82.21,73.96,101.85,137.15,120.01,155.64,121.41,187.21,113.1,109.38,99.36,94.22,85.57,121.1,67.37,157.35,194.13,142.45
2025-02-07,121.81,106.67,101.96,85.54,95.54,117.9,164.61,105.86,125.27,133.9,85.29,66.68,153.99,143.14,132.98,120.26,106.97,111.25,93.14,92.61,73.86,77.61,91.71,122.82,132.57,110.29,132.67,106.86,82.43,73.62,101.84,137.13,119.78,155.54,121.38,187.38,113.17,109.4,99.43,94.25,85.51,121.1,67.32,157.88,193.99,142.38
2025-02-08,121.77,106.73,102.17,85.71,95.67,117.97,164.9,106.07,125.43,134.19,85.44,66.77,153.87,143.52,133.41,120.66,106.85,111.32,93.08,92.58,74.1,77.5,91.67,123.0,132.59,110.72,132.93,106.83,82.72,73.35,101.97,137.26,119.67,155.41,121.55,187.49,113.33,109.5,99.56,94.33,85.5,121.17,67.28,158.3,194.0,142.36
2025-02-09,121.67,106.73,102.37,85.83,95.64,117.83,165.11,106.29,125.57,134.52,85.56,66.88,153.66,143.81,133.88,121.06,106.82,111.38,93.07,92.57,74.29,77.36,91.61,123.18,132.59,111.1,133.21,106.83,83.0,73.05,102.05,137.23,119.47,155.27,121.62,187.47,113.47,109.59,99.7,94.4,85.37,121.21,67.26,158.79,193.95,142.34
2025-02-10,121.57,106.76,102.64,85.95,95.58,117.68,165.47,106.51,125.79,134.8,85.69,67.0,153.46,144.06,134.35,121.54,106.81,111.45,93.34,92.56,74.48,77.25,91.58,123.38,132.58,111.52,133.35,106.83,83.28,72.75,102.16,137.27,119.33,155.16,121.75,187.83,113.65,109.7,99.82,94.43,85.34,121.33,67.27,159.2,194.02,142.3
2025-02-11,121.51,106.85,102.93,86.15,95.7,117.59,165.81,106.46,126.03,135.05,85.82,67.07,153.45,144.56,134.8,121.68,106.93,111.54,93.48,92.58,74.62,77.2,91.52,123.5,132.57,111.95,133.4,106.85,83.43,72.54,102.31,137.28,119.14,155.22,121.83,188.11,113.77,109.77,99.91,94.46,85.37,121.51,67.3,159.61,194.11,142.36
2025-02-12,121.34,106.96,103.19,86.45,95.78,117.56,166.21,106.6,126.25,135.21,85.9,67.26,153.44,144.99,135.24,122.28,107.06,111.62,93.7,92.61,74.7,77.1,91.46,123.64,132.57,112.34,133.56,106.84,83.58,72.39,102.47,137.31,118.97,155.22,122.03,188.49,113.85,109.88,100.01,94.47,85.32,121.62,67.35,160.04,194.1,142.47
2025-02-13,121.06,107.05,103.35,86.74,95.81,117.49,166.69,106.72,126.44,135.32,85.99,67.42,153.56,145.43,135.47,122.33,107.05,111.69,93.88,92.62,74.7,76.92,91.56,123.68,132.7,112.69,133.62,106.84,83.67,72.23,102.61,137.49,118.95,155.18,122.09,188.78,113.92,109.96,100.1,94.56,85.24,121.75,67.36,160.2,194.0,142.6
2025-02-14,120.95,107.14,103.42,87.04,95.9,117.45,167.1,106.73,126.63,135.33,86.02,67.46,153.65,145.96,135.68,122.23,107.04,111.76,94.33,92.77,74.67,76.67,91.59,123.66,132.89,113.02,133.29,106.87,83.69,72.12,102.68,137.58,118.99,155.14,122.09,189.17,113.95,109.99,100.17,94.68,85.11,121.96,67.35,160.29,193.94,142.73
2025-02-15,120.48,106.95,103.12,86.97,95.39,117.42,166.9,106.58,126.68,135.12,85.84,67.24,153.57,146.45,135.51,121.62,107.02,111.58,94.39,92.52,74.26,76.2,91.0,123.42,132.5,113.1,132.56,106.69,83.42,71.62,102.47,137.22,118.73,155.14,121.83,188.96,113.65,109.7,99.99,94.51,84.53,121.84,67.08,159.91,193.75,142.71
2025-02-16,120.41,107.06,103.12,87.22,95.63,117.43,167.1,106.55,126.91,135.08,85.85,67.3,153.58,146.99,135.69,121.53,107.0,111.64,94.85,92.64,74.14,76.05,90.99,123.42,132.56,113.39,132.12,106.71,83.43,71.49,102.66,137.33,118.76,155.21,121.77,189.39,113.69,109.74,99.98,94.61,84.49,122.01,67.05,159.56,193.63,142.77
2025-02-17,120.32,107.15,103.09,87.43,95.97,117.34,167.24,106.51,127.05,135.06,85.86,67.35,153.57,147.57,135.88,121.41,106.97,111.68,95.01,92.71,74.01,75.86,91.01,123.42,132.52,113.7,131.84,106.71,83.43,71.42,102.78,137.37,118.71,155.26,121.68,189.58,113.73,109.75,100.02,94.73,84.35,122.1,66.94,159.23,193.48,142.83
2025-02-18,120.18,107.1,102.96,87.49,95.94,117.0,167.41,106.35,127.15,135.01,85.82,67.4,153.27,147.95,136.02,121.57,106.98,111.66,95.23,92.73,73.86,75.55,90.99,123.31,132.43,113.98,131.49,106.67,83.42,71.2,102.79,137.29,118.64,155.34,121.59,189.58,113.76,109.76,100.08,94.82,84.14,122.1,66.75,158.87,193.21,142.86
2025-02-19,120.05,106.98,102.85,87.4,95.9,116.61,167.38,106.17,127.17,134.95,85.78,67.29,152.87,148.25,136.12,121.38,106.81,111.58,95.43,92.65,73.65,75.26,90.96,123.2,132.19,114.19,130.99,106.46,83.36,70.97,102.72,137.12,118.53,155.4,121.46,189.47,113.77,109.63,100.17,94.91,84.0,122.06,66.48,158.38,192.99,142.58
2025-02-20,119.61,106.64,102.76,87.4,95.89,116.28,167.22,106.05,127.17,134.85,85.72,67.17,152.24,148.69,136.33,121.32,106.93,111.54,95.56,92.55,73.46,74.99,90.91,123.11,131.92,114.42,130.4,106.37,83.28,70.96,102.57,136.95,118.42,155.54,121.39,189.39,113.74,109.45,100.25,94.96,83.78,122.07,66.19,158.01,192.91,142.22
2025-02-21,119.11,106.3,102.63,87.39,95.89,115.85,166.93,105.97,127.18,134.74,85.7,67.09,151.71,149.02,136.49,121.29,107.03,111.48,95.58,92.38,73.23,74.7,90.88,123.02,131.5,114.68,130.21,106.27,83.23,70.78,102.41,136.86,118.33,155.64,121.36,189.16,113.73,109.34,100.2,94.95,83.63,122.01,65.88,157.66,192.82,141.52
2025-02-22,119.37,106.43,102.79,87.7,96.55,115.4,167.2,106.18,127.33,134.81,85.91,67.34,151.32,149.43,137.09,121.82,107.2,111.7,96.04,92.63,73.34,74.67,91.46,123.23,131.71,115.21,130.29,106.43,83.48,71.04,102.53,137.24,118.55,155.76,121.49,189.59,114.13,109.56,100.41,95.21,83.94,122.38,65.92,157.91,192.84,141.1
2025-02-23,119.31,106.31,102.72,87.79,96.66,114.94,167.1,106.28,127.35,134.68,85.95,67.32,150.91,149.82,137.43,121.89,107.33,111.73,96.19,92.58,73.2,74.4,91.5,123.21,131.42,115.6,130.02,106.42,83.48,71.0,102.34,137.23,118.51,155.86,121.51,189.56,114.2,109.47,100.47,95.26,83.83,122.5,65.72,158.08,192.77,140.59
2025-02-24,119.26,106.2,102.66,87.89,96.72,114.55,166.96,106.41,127.33,134.58,85.96,67.22,150.54,150.08,137.74,121.93,107.58,111.76,96.31,92.55,73.02,74.14,91.38,123.18,131.26,115.96,129.71,106.41,83.48,70.89,102.17,137.21,118.51,155.94,121.56,189.49,114.29,109.36,100.56,95.3,83.72,122.61,65.55,158.29,192.71,140.09
2025-02-25,119.2,106.11,102.65,87.98,96.85,114.39,166.82,106.65,127.38,134.58,86.04,67.09,150.35,150.41,137.95,122.06,107.86,111.82,96.46,92.49,72.9,73.94,91.31,123.24,131.19,116.36,129.39,106.4,83.49,70.85,102.07,137.22,118.55,156.09,121.59,189.54,114.39,109.24,100.66,95.31,83.65,122.78,65.4,158.25,192.67,139.63
2025-02-26,119.07,105.99,102.61,88.07,96.83,114.16,166.67,106.81,127.23,134.66,86.03,67.01,150.11,150.75,138.19,122.26,108.24,111.85,96.54,92.47,72.78,73.81,91.27,123.24,131.13,116.68,129.12,106.5,83.5,70.8,101.94,137.12,118.4,156.12,121.6,189.36,114.38,109.12,100.72,95.31,83.56,122.95,65.32,158.08,192.46,139.63
2025-02-27,119.43,106.14,102.63,88.07,96.73,114.02,166.68,107.07,127.21,134.91,86.14,67.01,150.18,151.02,138.48,122.45,108.43,111.93,96.77,92.5,72.75,73.73,91.27,123.39,131.09,117.06,129.07,106.55,83.58,70.53,101.88,137.0,118.33,156.19,121.71,189.34,114.49,109.12,100.77,95.25,83.58,123.23,65.33,158.22,192.52,139.61
2025-02-28,119.78,106.31,102.74,87.92,96.54,113.94,166.8,107.39,127.2,135.27,86.19,67.03,150.19,151.24,138.77,122.67,108.75,112.05,97.08,92.55,72.8,73.79,91.25,123.56,131.16,117.22,129.02,106.66,83.6,70.61,101.84,136.97,118.29,156.12,121.82,189.4,114.54,109.16,100.99,95.24,83.56,123.46,65.42,158.38,192.6,139.91
2025-03-01,119.53,106.1,102.71,87.46,95.94,113.75,166.61,107.57,127.05,135.4,86.09,66.84,150.2,151.03,138.82,122.63,108.97,111.97,97.06,92.36,72.7,73.62,90.78,123.49,130.82,117.27,128.46,106.57,83.44,70.32,101.51,136.77,118.12,155.96,121.9,189.3,114.24,108.94,100.96,95.13,83.23,123.34,65.33,158.33,192.58,140.0
2025-03-02,119.39,105.95,102.78,87.05,95.59,113.56,166.46,107.77,126.9,135.62,86.05,66.68,150.19,150.82,138.9,122.69,109.21,111.93,97.15,92.25,72.65,73.52,90.61,123.49,130.65,117.51,128.03,106.52,83.31,70.17,101.28,136.6,118.01,155.82,121.93,189.19,114.07,108.84,100.98,95.0,83.03,123.27,65.32,158.31,192.55,140.1
2025-03-03,119.3,105.82,102.84,87.02,95.32,113.57,166.4,107.98,126.82,135.87,86.02,66.63,150.07,150.61,139.02,122.77,109.3,111.9,97.28,92.17,72.63,73.43,90.59,123.5,130.44,117.7,127.65,106.48,83.22,70.09,101.11,136.53,117.92,155.72,121.95,189.14,113.91,108.79,100.93,94.88,82.82,123.27,65.35,158.21,192.64,140.12
2025-03-04,119.22,105.75,102.97,87.03,95.04,113.6,166.32,108.18,126.75,136.13,85.91,66.59,150.15,150.57,139.43,122.85,108.88,111.77,97.28,92.17,72.59,73.34,90.58,123.49,130.18,117.87,127.24,105.97,83.09,70.07,100.87,136.53,117.8,155.49,121.91,189.04,113.79,108.77,100.78,94.82,82.65,123.24,65.42,158.31,192.77,140.07
2025-03-05,118.98,105.58,102.84,86.82,94.85,113.11,166.05,108.23,126.66,135.91,85.85,66.56,149.75,150.41,139.55,122.65,108.78,111.68,97.28,92.01,72.53,73.17,90.28,123.4,129.86,118.01,127.11,105.89,82.92,69.98,100.65,136.53,117.81,155.05,121.81,188.96,113.62,108.73,100.71,94.68,82.42,123.09,65.41,157.4,192.73,139.5
2025-03-06,119.05,105.6,102.77,86.73,95.04,113.34,165.74,108.41,126.6,136.15,85.82,66.54,149.7,150.47,139.79,122.58,108.83,111.7,97.33,92.01,72.5,73.04,90.11,123.48,129.89,118.21,126.99,105.9,82.88,70.06,100.53,136.6,117.88,154.55,121.71,189.02,113.64,108.75,100.78,94.71,82.15,123.0,65.44,157.18,192.76,139.37
2025-03-07,119.19,105.59,102.55,86.86,95.36,113.55,165.58,108.59,126.52,136.36,85.83,66.57,149.69,150.59,139.97,122.47,108.87,111.73,97.1,92.06,72.49,72.85,89.97,123.6,129.91,118.54,126.99,105.9,82.81,70.07,100.44,136.5,117.89,154.25,121.58,188.94,113.74,108.75,100.85,94.82,81.89,122.96,65.37,156.83,192.79,139.26
2025-03-08,119.52,105.73,102.41,87.21,96.02,114.02,165.41,108.71,126.52,136.8,85.95,66.75,149.78,150.99,140.27,122.55,108.95,111.89,97.05,92.25,72.57,72.84,90.24,123.88,130.18,119.13,127.53,106.03,82.86,70.31,100.68,136.52,118.04,154.05,121.46,189.17,114.05,108.93,101.05,95.05,81.86,123.16,65.4,156.57,192.99,139.24
2025-03-09,119.73,105.83,102.18,87.44,96.41,114.5,165.16,109.05,126.52,137.22,86.06,66.86,149.81,151.3,140.45,122.14,109.13,112.01,97.31,92.45,72.6,72.78,90.26,124.1,130.36,119.54,128.02,106.15,82.85,70.39,100.74,136.38,118.06,153.81,121.31,189.16,114.26,108.94,101.23,95.26,81.64,123.33,65.3,156.15,193.17,139.17
2025-03-10,119.86,105.87,101.97,87.29,96.68,114.92,164.84,109.19,126.51,137.6,86.18,66.98,149.99,151.61,140.64,121.69,109.21,112.08,97.14,92.5,72.63,72.71,90.18,124.3,130.51,119.95,128.46,106.25,82.82,70.45,100.76,136.23,118.05,153.53,121.17,189.17,114.44,108.88,101.39,95.44,81.46,123.39,65.17,155.79,193.23,139.21
2025-03-11,119.92,105.84,101.69,87.2,96.94,115.4,164.55,109.33,126.39,137.87,86.16,66.98,149.83,151.28,140.88,121.17,109.61,112.15,97.37,92.45,72.61,72.58,90.06,124.32,130.66,119.86,129.02,106.7,82.81,70.47,100.8,135.97,118.05,153.31,121.11,189.17,114.58,108.74,101.4,95.5,81.17,123.04,65.01,155.62,193.0,139.39
2025-03-12,120.26,106.07,101.62,87.28,97.36,116.59,164.4,109.77,126.62,138.62,86.3,67.01,150.32,151.08,141.56,120.84,109.93,112.32,97.62,92.75,72.69,72.52,90.22,124.57,131.0,120.11,129.32,106.83,82.88,70.66,100.96,135.97,118.11,153.46,121.19,189.47,114.95,108.73,101.48,95.66,81.01,122.96,64.9,156.5,193.15,139.97
2025-03-13,120.19,106.02,101.39,87.17,97.57,117.1,164.18,109.97,126.67,138.85,86.41,66.91,150.42,150.62,141.88,120.33,110.06,112.33,97.71,92.81,72.64,72.42,90.17,124.63,130.91,120.51,129.4,106.82,82.73,70.87,101.06,135.85,117.96,153.55,121.23,189.43,115.06,108.58,101.61,95.78,80.88,123.09,64.71,155.87,192.98,140.21
2025-03-14,120.08,105.99,101.1,86.99,97.68,117.62,163.69,110.09,126.69,139.07,86.49,66.6,150.43,150.04,142.31,119.95,110.18,112.33,98.05,92.8,72.58,72.32,90.13,124.64,130.94,121.07,129.39,106.8,82.59,70.99,101.1,135.75,117.86,153.58,121.28,189.48,115.23,108.39,101.74,95.8,80.71,123.19,64.57,155.22,192.89,140.42
2025-03-15,119.99,105.96,100.95,86.93,97.78,117.91,163.5,110.32,126.82,139.31,86.61,66.31,150.45,149.57,142.83,119.61,110.35,112.38,98.43,92.74,72.51,72.32,90.17,124.69,131.03,121.36,129.33,106.82,82.53,71.21,101.07,135.73,117.78,153.59,121.39,189.59,115.57,108.27,101.89,95.85,80.55,123.32,64.49,154.49,192.72,140.57
2025-03-16,119.82,105.86,100.71,86.84,97.83,118.21,163.26,110.28,126.85,139.51,86.66,65.96,150.45,149.23,143.28,119.6,110.39,112.37,98.33,92.53,72.45,72.28,90.0,124.72,131.09,121.66,129.19,106.78,82.46,71.3,101.05,135.74,117.72,153.56,121.46,189.68,115.82,108.12,101.98,95.84,80.36,123.37,64.42,153.78,192.55,140.79
2025-03-17,119.7,105.83,100.4,86.74,97.95,118.46,162.99,110.42,126.9,139.47,86.73,65.61,150.46,148.69,143.84,119.61,110.56,112.39,98.66,92.45,72.39,72.23,89.91,124.72,131.16,122.03,129.12,106.76,82.37,71.53,101.03,135.7,117.7,153.56,121.55,189.72,116.05,107.97,102.13,95.85,80.24,123.48,64.36,153.11,192.43,141.0
2025-03-18,119.61,105.82,100.07,86.51,98.15,118.42,162.67,110.63,127.0,139.5,86.99,65.4,150.53,148.65,144.23,119.67,110.87,112.52,98.73,92.47,72.35,72.23,89.86,124.9,131.16,122.92,128.98,106.82,82.23,71.75,101.04,135.78,117.66,153.53,121.57,189.74,116.31,107.89,102.55,95.95,80.19,124.08,64.31,152.37,192.54,141.2
2025-03-19,119.42,105.79,99.86,86.31,98.25,118.37,162.39,110.83,127.04,139.51,87.12,65.32,150.38,148.61,144.44,119.67,111.0,112.58,98.82,92.34,72.28,72.21,89.78,125.03,131.17,123.64,128.78,106.86,82.09,71.9,101.06,135.77,117.65,153.43,121.54,189.56,116.49,107.71,102.82,96.02,80.01,124.63,64.27,151.86,192.52,141.42
2025-03-20,119.28,105.79,99.58,86.16,98.23,118.34,162.08,111.03,127.08,139.61,87.18,65.29,149.91,148.54,144.75,119.78,111.14,112.59,98.9,92.19,72.28,72.22,89.71,125.1,131.26,122.1,128.64,106.9,81.97,72.03,100.95,135.75,117.69,153.4,121.16,189.33,116.67,107.5,102.94,96.04,79.75,124.7,64.25,151.89,192.48,141.62
2025-03-21,119.14,105.79,99.54,86.11,98.18,118.35,161.77,111.3,127.32,139.73,87.22,65.43,149.53,148.56,144.95,119.78,111.24,112.62,98.7,92.12,72.26,72.31,89.78,125.18,131.25,120.43,128.83,106.96,81.96,72.2,100.75,135.8,117.68,153.69,120.85,189.06,116.88,107.44,103.01,96.04,79.58,124.8,64.3,152.84,192.44,141.87
2025-03-22,118.93,105.77,99.37,85.96,98.09,118.42,161.33,111.47,127.49,139.68,87.2,65.42,149.01,148.5,145.04,119.62,111.24,112.57,98.48,92.1,72.2,72.35,89.7,125.17,131.19,118.69,129.04,106.92,81.93,72.29,100.59,135.75,117.61,153.96,120.51,188.72,116.87,107.2,103.05,95.97,79.36,124.87,64.27,153.83,192.38,142.08
2025-03-23,118.76,105.78,99.19,85.82,98.05,118.47,160.85,111.68,127.69,139.67,87.21,65.46,148.64,148.32,145.28,119.5,111.27,112.56,98.29,92.09,72.14,72.37,89.75,125.19,131.04,116.94,129.19,106.92,81.87,72.41,100.44,135.78,117.59,154.24,120.29,188.49,116.92,106.98,103.15,95.96,79.19,124.98,64.3,154.95,192.25,142.24
2025-03-24,118.58,105.77,99.07,85.71,97.97,118.53,160.31,111.88,127.89,139.95,87.24,65.5,148.09,148.44,145.42,119.32,111.28,112.55,98.08,92.06,72.08,72.41,89.76,125.27,130.92,115.13,129.29,106.91,81.82,72.36,100.28,135.79,117.53,154.56,119.97,188.24,116.99,106.8,103.18,95.93,78.95,125.09,64.31,156.08,192.2,142.39
2025-03-25,118.39,105.75,99.09,85.66,97.89,118.74,159.81,112.04,128.09,140.23,87.27,65.5,147.66,148.41,145.6,119.15,111.2,112.54,98.13,92.04,72.12,72.46,89.82,125.33,130.81,113.3,129.61,106.93,81.73,72.22,100.13,135.67,117.5,154.93,119.81,188.19,117.05,106.59,103.2,95.9,78.72,125.13,64.37,157.18,192.23,143.82
2025-03-26,118.25,105.76,99.09,85.7,97.88,119.02,159.59,112.19,128.32,140.64,87.3,65.55,147.49,148.33,145.91,119.19,111.21,112.55,98.27,92.06,72.22,72.41,89.86,125.47,130.81,111.24,130.28,106.87,81.67,72.21,100.03,135.68,117.56,155.42,119.59,188.3,117.24,106.59,103.04,95.88,78.6,125.18,64.42,158.44,192.43,143.59
2025-03-27,116.25,105.2,99.2,85.73,97.95,119.21,159.35,112.26,128.61,140.97,87.29,65.65,148.01,148.07,146.31,119.19,111.22,112.52,97.99,92.04,72.32,72.39,89.87,125.4,130.73,111.19,130.91,106.79,81.63,72.2,100.06,135.74,117.61,155.83,119.73,188.58,117.46,106.59,102.87,95.84,78.53,125.29,64.45,159.48,192.58,143.35
2025-03-28,112.65,104.64,99.14,85.7,97.87,119.43,158.97,112.36,128.69,141.25,87.31,65.84,148.51,147.9,146.75,119.09,111.26,112.42,98.42,91.95,72.43,72.34,89.74,125.32,130.77,111.12,130.21,106.54,81.64,72.14,100.18,135.78,117.65,156.01,119.8,188.91,117.55,106.48,102.61,95.91,78.41,125.38,64.45,159.57,192.66,143.08
2025-03-29,108.93,104.06,99.13,85.62,97.8,119.61,158.75,112.46,128.68,141.53,87.32,65.99,148.85,147.62,146.97,119.1,111.4,112.35,98.9,91.83,72.57,72.27,89.7,125.27,130.72,111.01,129.46,106.28,81.62,72.05,100.2,135.79,117.69,156.19,119.74,189.21,117.74,106.57,102.31,96.49,78.3,125.4,64.48,159.63,192.79,142.79
2025-03-30,105.2,103.48,99.13,85.55,97.74,119.82,158.58,112.54,128.65,141.8,87.34,66.16,149.15,147.45,147.12,119.07,111.52,112.27,99.37,91.71,72.69,72.16,89.66,125.2,130.79,110.88,128.7,106.03,81.6,72.0,100.25,135.78,117.7,156.38,119.61,189.61,117.89,106.67,102.06,97.05,78.16,125.47,64.47,159.68,192.98,142.53
2025-03-31,101.41,102.89,99.1,85.45,97.67,119.98,158.33,112.59,128.62,142.0,87.31,66.31,149.41,147.22,147.2,119.03,111.59,112.17,99.8,91.56,72.79,72.04,89.63,125.09,130.84,110.65,127.99,105.76,81.54,71.9,100.31,135.73,117.75,156.53,119.59,190.02,118.0,106.72,101.8,97.6,78.06,125.45,64.49,159.79,193.06,142.27
2025-04-01,97.65,102.25,99.0,85.41,97.66,120.1,158.13,112.25,128.67,142.16,87.24,66.48,149.73,146.68,147.32,118.87,111.74,112.05,99.93,91.32,72.75,71.92,89.49,124.95,130.83,110.29,126.08,105.52,81.52,71.76,100.3,135.81,117.76,156.61,119.58,190.31,118.07,106.78,101.43,98.17,77.96,125.39,64.47,160.01,193.18,140.7
2025-04-02,93.92,101.66,98.86,85.28,97.61,120.1,157.72,111.85,128.6,142.17,87.33,66.51,150.01,146.56,147.35,118.75,111.85,111.94,100.06,91.02,72.61,71.88,89.38,124.81,130.74,110.11,123.9,105.32,81.48,71.59,100.19,135.78,117.65,156.38,119.59,190.49,118.14,106.76,101.44,98.67,77.88,125.28,64.48,159.98,193.21,140.7
2025-04-03,92.01,101.73,98.67,85.1,97.6,120.11,157.38,111.65,128.51,142.12,87.6,66.46,149.86,146.92,147.31,118.61,111.88,111.97,100.5,90.83,72.4,71.85,89.29,124.85,130.62,109.98,121.88,105.16,81.46,71.39,100.01,135.77,117.58,156.19,119.55,190.54,118.13,106.83,102.02,99.24,77.79,125.35,64.53,159.93,193.21,140.58
2025-04-04,91.76,101.81,98.54,84.93,98.04,120.09,157.3,111.51,128.45,142.08,87.87,66.32,149.73,147.22,147.34,118.77,111.84,112.07,100.51,90.72,72.27,71.89,89.5,124.86,130.41,109.89,121.11,105.1,81.34,70.89,99.87,135.76,117.54,155.89,119.58,190.5,118.15,106.94,102.81,99.71,77.67,125.43,64.69,160.04,193.25,140.35
2025-04-05,91.69,101.81,98.41,84.86,98.47,120.05,157.15,111.17,128.52,142.2,87.94,66.35,149.84,147.75,147.75,119.08,111.8,112.08,100.36,90.67,72.25,71.92,89.69,124.91,130.3,109.84,120.32,105.06,81.21,70.5,99.76,135.81,117.5,155.67,119.88,190.45,118.2,106.92,102.66,99.63,77.67,125.52,64.86,160.2,193.32,140.21
2025-04-06,91.62,101.79,98.31,84.76,98.88,119.89,157.02,110.82,128.54,142.24,87.98,66.38,149.87,148.15,148.11,119.38,111.78,112.06,100.23,90.59,72.23,71.96,89.84,124.94,130.15,109.77,119.53,105.0,81.1,70.11,99.62,135.85,117.45,155.41,120.16,190.35,118.24,106.92,102.39,99.53,77.58,125.48,65.04,160.38,193.34,140.06
2025-04-07,91.63,101.79,98.25,84.68,99.26,119.72,157.01,110.5,128.61,142.37,88.04,66.44,150.11,148.59,148.53,119.77,111.8,112.07,100.15,90.54,72.24,72.02,89.98,125.01,130.01,109.81,118.74,104.96,81.04,69.79,99.49,135.92,117.36,155.23,120.38,190.2,118.32,106.98,102.15,99.45,77.52,125.51,65.24,160.48,193.38,139.9
2025-04-08,91.63,101.84,98.14,84.55,99.49,119.72,157.04,110.61,128.69,142.59,88.16,66.4,150.24,149.98,149.48,120.15,111.82,112.16,100.19,90.54,72.28,72.08,90.18,125.14,129.99,109.91,118.94,104.9,81.0,69.62,99.49,136.04,117.34,155.13,120.46,190.21,118.48,107.03,102.02,99.42,77.44,125.72,65.33,160.67,193.49,139.78
2025-04-09,91.59,101.76,98.01,84.48,99.64,119.72,156.97,110.71,128.79,142.88,88.16,66.33,150.4,151.05,149.99,120.47,111.81,112.22,100.18,90.48,72.46,72.19,90.39,125.21,129.93,110.04,119.24,104.86,80.97,69.34,99.54,136.21,117.42,155.22,120.87,190.3,118.6,107.04,101.66,99.39,77.33,125.88,65.47,160.85,193.68,139.64
2025-04-10,91.58,101.46,97.76,84.36,99.52,119.64,156.66,110.78,128.78,143.12,87.97,66.25,150.25,151.51,150.45,120.61,111.79,112.13,100.24,90.35,72.65,72.12,90.59,125.23,129.94,110.03,118.92,104.73,80.74,69.06,99.55,136.24,117.45,155.22,121.17,190.35,118.68,106.89,100.67,99.28,77.27,125.81,65.43,161.01,193.88,139.6
2025-04-11,91.49,101.1,97.6,84.23,98.85,119.49,156.46,110.79,128.83,143.43,87.77,66.13,150.28,152.09,150.91,120.67,111.72,112.01,100.32,90.2,72.77,72.02,90.51,125.29,129.99,110.04,118.4,104.65,80.49,69.0,99.5,136.23,117.42,155.2,121.44,190.42,118.78,106.76,99.53,99.27,77.24,125.8,65.23,161.2,194.04,139.7
2025-04-12,91.43,100.91,97.49,84.11,98.26,119.37,156.33,111.06,128.95,143.61,87.85,65.97,150.24,152.57,151.39,120.7,111.73,112.05,100.45,90.09,72.83,71.95,90.5,125.35,130.03,110.02,117.96,104.65,80.3,69.26,99.56,136.23,117.46,155.11,121.41,190.54,118.94,106.71,99.46,99.41,77.23,125.88,65.06,161.53,194.32,139.78
2025-04-13,91.34,100.69,97.33,83.94,97.63,119.24,156.16,111.3,129.04,143.8,87.91,65.75,150.26,153.15,151.87,120.65,111.71,112.07,100.56,89.97,72.71,71.81,90.46,125.39,130.07,109.99,117.58,104.63,80.09,69.46,99.63,136.22,117.47,155.03,121.4,190.59,119.06,106.6,99.48,99.5,77.24,126.01,64.83,161.73,194.52,139.84
2025-04-14,91.2,100.47,97.18,83.77,96.99,119.17,156.04,111.53,129.09,143.94,87.97,65.51,150.15,153.73,152.33,120.55,111.7,112.09,100.66,89.85,72.58,71.63,90.4,125.42,130.15,109.99,117.13,104.61,79.89,69.63,99.71,136.24,117.52,154.91,121.41,190.76,119.17,106.41,99.48,99.6,77.29,126.11,64.52,161.98,194.71,139.9
2025-04-15,91.05,100.26,96.93,83.57,96.38,118.94,155.79,111.7,129.02,144.1,87.98,65.42,150.16,153.8,152.21,120.53,111.67,112.04,100.67,89.77,72.46,71.48,90.35,125.39,130.22,109.96,116.67,104.56,79.67,69.74,99.62,136.11,117.49,154.8,121.36,190.72,119.22,106.18,99.47,99.66,77.35,126.16,64.35,162.12,194.76,140.03
2025-04-16,90.89,99.99,96.58,83.29,95.79,118.81,155.55,111.67,128.97,144.17,87.94,65.24,150.12,153.85,152.44,120.36,111.67,111.95,100.63,89.68,72.19,71.21,90.19,125.31,130.15,109.91,116.34,104.45,79.35,69.86,99.43,135.81,117.4,154.58,120.89,190.51,119.17,105.76,99.5,99.71,77.33,126.19,64.1,162.3,194.85,140.18
2025-04-17,90.71,99.88,96.41,83.17,95.42,118.65,155.43,111.49,128.98,144.29,87.96,65.19,150.28,154.31,152.63,120.16,111.72,111.97,100.56,89.65,71.92,71.13,89.96,125.3,130.09,110.02,116.58,104.45,79.25,69.9,99.36,135.73,117.42,154.49,120.6,190.45,119.2,105.44,99.69,99.82,77.36,126.09,64.06,162.48,195.07,140.28
2025-04-18,90.59,99.87,96.08,83.07,95.37,118.52,155.11,111.31,128.93,144.26,87.95,65.15,150.29,152.72,152.75,119.93,111.82,111.91,100.5,89.52,71.65,71.01,89.68,125.11,129.94,110.05,116.74,104.44,79.13,69.96,99.33,135.75,117.54,154.41,120.2,190.41,119.16,105.06,99.86,99.72,77.32,126.01,64.02,162.84,195.22,140.36
2025-04-19,90.35,99.75,95.71,82.77,95.19,118.33,154.48,111.06,128.7,144.24,87.88,65.0,150.24,151.05,152.59,119.49,111.81,111.75,100.47,89.23,71.29,70.8,89.29,124.81,129.69,110.0,116.76,104.35,78.88,69.44,99.23,135.77,117.67,154.4,119.96,190.17,118.91,104.57,99.97,99.5,77.22,125.78,63.86,162.83,195.17,140.43
2025-04-20,90.09,99.66,95.37,82.64,95.18,118.23,153.98,110.83,128.6,144.31,87.85,64.91,150.16,149.35,152.51,119.19,111.81,111.62,100.45,89.04,71.09,70.57,89.01,124.59,129.53,110.0,117.02,104.3,78.71,69.16,99.17,135.84,117.88,154.36,119.76,190.01,118.79,104.17,100.04,99.27,77.15,125.63,63.82,163.04,195.26,140.43
2025-04-21,89.87,99.57,95.02,82.46,95.24,118.16,153.49,110.59,128.49,144.39,87.85,64.81,150.23,147.62,152.45,118.92,111.8,111.51,100.41,88.84,70.88,70.35,88.76,124.36,129.31,109.81,117.4,104.24,78.51,68.88,99.12,135.93,118.1,154.33,119.56,189.82,118.72,103.78,100.12,99.17,77.09,125.5,63.84,162.61,195.33,140.57
2025-04-22,89.68,99.47,94.83,82.27,95.24,118.2,153.09,110.38,128.37,144.42,87.85,64.67,150.13,145.91,152.35,118.62,111.75,111.4,100.33,88.63,70.68,70.09,88.48,124.2,129.05,109.7,117.79,104.2,78.33,68.55,99.16,135.95,118.33,154.34,119.39,189.58,118.61,103.5,100.17,99.09,76.99,125.32,63.83,162.13,195.4,140.59
2025-04-23,89.47,99.43,94.83,82.06,95.25,118.29,152.74,110.37,128.31,144.53,87.85,64.54,150.05,144.3,152.51,118.42,111.74,111.34,100.28,88.45,70.51,69.96,88.28,124.08,128.87,109.65,118.04,104.21,78.22,68.27,99.42,135.95,118.53,154.52,119.27,189.59,118.64,103.46,100.25,98.99,76.96,125.2,63.82,161.8,195.55,140.62
2025-04-24,89.29,99.38,94.55,81.69,95.25,118.53,152.24,110.33,128.15,144.67,87.85,64.32,150.18,142.57,152.69,118.33,111.7,111.21,100.24,88.23,70.35,69.78,88.17,123.88,128.68,109.5,118.25,104.16,78.06,68.09,99.58,135.72,118.6,154.69,119.06,189.25,118.61,103.41,100.31,98.82,76.79,125.3,63.76,161.35,195.69,140.29
2025-04-25,89.11,99.26,94.39,81.22,95.23,118.73,151.77,110.31,128.04,144.93,87.89,64.14,150.16,142.87,152.87,118.07,111.64,111.19,100.22,88.07,70.22,69.57,88.07,123.91,128.6,109.31,118.57,104.13,77.9,67.94,99.67,135.35,118.6,154.9,118.93,189.19,118.63,103.31,100.34,98.79,76.64,125.39,63.7,161.01,195.95,140.22
2025-04-26,89.03,99.22,94.17,80.91,95.17,118.98,151.48,110.33,128.0,145.22,87.95,63.96,150.24,143.26,153.05,118.38,111.6,111.24,100.14,88.1,70.17,69.5,88.11,124.1,128.54,109.38,119.23,104.11,77.86,67.93,99.81,135.03,118.63,155.12,118.99,189.34,118.94,103.35,100.57,98.82,76.46,125.53,63.73,160.89,196.26,140.27
2025-04-27,89.14,99.2,94.0,80.53,95.04,119.21,151.28,110.37,127.97,145.5,88.03,63.79,150.44,143.68,153.26,118.69,111.65,111.3,100.08,88.08,70.17,69.63,88.1,124.26,128.46,109.44,119.67,104.1,77.81,67.79,99.93,134.71,118.61,155.34,119.01,189.47,119.2,103.43,100.8,98.94,76.31,125.64,63.71,160.7,196.62,140.37
2025-04-28,89.22,99.19,93.8,80.21,94.9,119.39,151.07,110.43,127.97,145.73,88.07,63.55,150.49,144.14,153.46,118.98,111.74,111.36,99.99,88.07,70.17,69.75,88.09,124.39,128.34,109.62,119.94,104.09,77.78,67.66,100.05,134.36,118.59,155.52,119.05,189.54,119.42,103.56,101.02,98.93,76.14,125.7,63.68,161.17,197.0,140.38
2025-04-29,89.27,99.22,93.51,79.83,94.73,119.49,150.74,110.43,127.96,145.77,88.07,63.29,150.61,144.71,153.64,118.81,111.91,111.41,99.94,87.97,70.18,69.86,88.06,124.48,128.31,109.6,120.0,104.09,77.68,67.56,100.12,134.08,118.56,155.64,119.1,189.68,119.54,103.5,101.12,98.91,75.97,125.83,63.6,161.69,197.28,140.36
2025-04-30,89.27,99.3,93.24,79.52,94.54,119.41,150.51,110.47,127.91,145.95,88.03,63.1,150.86,145.19,153.67,118.55,112.05,111.45,99.89,87.91,70.24,69.89,88.0,124.58,128.4,109.57,119.95,104.08,77.58,67.11,100.11,133.95,118.58,155.69,119.23,189.83,119.56,103.5,101.17,98.94,75.78,125.9,63.64,162.24,197.55,140.37
2025-05-01,88.82,99.0,92.88,79.05,94.0,118.97,149.76,109.98,127.2,145.51,87.72,62.82,150.54,144.59,153.27,118.32,111.83,111.13,99.18,87.5,70.13,69.72,87.66,124.18,128.07,109.06,118.77,103.79,77.3,66.46,99.78,133.48,118.3,155.5,119.32,189.84,118.94,103.04,100.94,98.62,75.47,125.48,63.62,162.5,197.24,140.7
2025-05-02,88.71,99.11,92.81,78.66,93.85,118.88,149.73,109.95,127.06,145.67,87.67,62.66,150.72,144.15,153.21,118.53,112.0,111.16,99.12,87.55,70.17,69.69,87.56,124.31,128.11,109.31,118.35,103.79,77.3,66.12,99.92,133.49,118.32,155.66,119.27,190.05,119.01,102.93,101.07,98.66,75.33,125.62,63.7,162.84,197.46,141.23
2025-05-03,88.61,99.26,92.88,78.39,93.96,118.78,149.78,110.0,126.88,145.91,87.67,62.56,151.04,143.64,153.35,118.3,112.21,111.19,99.17,87.57,70.23,69.61,87.46,124.4,128.28,109.45,117.73,103.78,77.33,66.03,100.13,133.59,118.37,155.62,119.14,190.27,118.98,102.79,101.01,98.69,75.28,125.67,63.77,162.81,197.72,141.7
2025-05-04,88.37,99.4,92.88,78.07,94.01,118.85,149.58,110.03,126.55,146.12,87.64,62.41,151.3,143.22,153.39,117.97,112.3,111.17,99.16,87.5,70.25,69.39,87.29,124.47,128.37,109.53,117.15,103.75,77.33,65.84,100.3,133.55,118.34,155.61,118.97,190.39,118.9,102.56,100.89,98.69,75.16,125.7,63.77,162.72,197.96,142.25
2025-05-05,87.51,98.98,92.05,77.72,93.46,118.54,148.25,109.6,125.13,145.7,87.22,62.09,150.96,142.6,152.87,116.65,112.05,110.67,98.5,86.74,69.78,68.86,86.65,123.75,127.66,108.93,116.1,103.3,76.87,65.31,99.94,132.95,117.96,155.13,118.6,189.78,117.82,101.6,100.44,98.25,74.66,125.17,63.64,162.23,197.53,142.43
2025-05-06,87.28,99.11,92.08,77.92,93.61,118.68,148.6,109.74,124.86,146.27,87.29,61.98,151.51,142.24,152.95,116.76,112.11,110.7,98.55,86.8,69.73,68.59,86.6,123.93,127.8,109.16,115.89,103.28,76.96,65.04,100.12,132.99,117.96,155.08,118.46,189.97,117.95,101.52,100.5,98.29,74.52,125.18,63.72,161.55,197.91,143.01
2025-05-07,87.14,99.2,92.02,78.14,93.83,118.87,148.49,109.91,124.62,146.77,87.4,61.82,151.89,141.89,152.97,117.0,112.19,110.74,98.61,86.88,69.67,68.33,86.49,124.1,127.91,109.44,115.77,103.27,77.11,65.17,100.11,133.09,118.0,155.03,118.45,190.23,118.26,101.3,100.61,98.32,74.4,125.15,63.71,160.8,198.19,143.46
2025-05-08,87.33,99.59,92.27,78.62,94.42,119.38,149.05,110.5,125.07,147.71,87.69,61.71,152.75,142.57,153.43,117.17,112.61,111.12,99.26,87.35,69.75,68.17,86.61,124.8,128.29,110.14,116.72,103.52,77.41,65.5,100.43,133.62,118.36,155.18,118.72,190.68,119.13,101.4,100.92,98.57,74.42,125.58,63.63,160.71,199.05,143.97
2025-05-09,87.27,99.61,92.27,79.15,94.7,119.62,148.96,110.66,124.9,148.11,87.77,61.54,153.46,142.91,153.38,117.04,112.74,111.18,99.3,87.42,69.64,67.97,86.56,124.95,128.42,110.22,117.05,103.53,77.51,65.56,100.33,133.77,118.43,155.02,119.37,191.07,119.41,101.3,100.98,98.6,74.31,125.5,63.57,160.13,199.3,144.01
2025-05-10,87.21,99.65,92.32,79.63,94.84,119.93,148.77,110.79,124.93,148.45,87.81,61.46,154.04,143.4,153.53,116.88,112.83,111.26,99.23,87.41,69.57,67.78,86.52,125.1,128.48,110.3,117.5,103.57,77.48,65.54,100.14,133.85,118.42,155.13,119.98,191.43,119.68,101.26,101.07,98.64,74.2,125.62,63.56,160.1,199.37,143.99
2025-05-11,86.93,99.64,92.34,80.08,94.75,120.09,148.58,110.87,125.0,148.68,87.83,61.31,154.62,143.79,153.61,116.71,112.93,111.31,99.21,87.34,69.39,67.47,86.38,125.24,128.41,110.38,117.94,103.54,77.41,65.48,99.97,133.98,118.47,155.17,121.41,191.86,119.93,101.17,101.19,98.62,74.04,125.71,63.43,160.04,199.59,144.06
2025-05-12,87.3,100.19,93.26,80.54,95.25,120.58,149.71,111.44,126.17,149.6,88.26,61.42,155.89,144.3,154.26,117.68,113.27,111.85,99.83,87.93,69.72,67.51,86.74,126.2,129.21,111.17,118.88,103.95,77.77,65.75,100.31,134.69,118.86,155.69,123.0,193.04,121.19,101.86,101.62,99.07,74.25,126.47,63.47,160.35,200.48,144.49
2025-05-13,87.09,100.18,93.28,80.55,95.26,120.54,149.15,111.49,126.15,149.64,88.27,61.35,156.3,144.41,154.34,117.72,113.32,111.87,99.73,87.82,69.63,67.3,86.52,126.31,129.11,111.33,119.1,103.91,77.68,65.88,100.12,134.79,118.89,155.78,124.19,193.44,121.45,101.78,101.7,99.04,74.19,126.65,63.32,160.82,200.55,144.38
2025-05-14,86.85,100.16,93.24,80.45,95.11,120.51,148.93,111.47,126.11,149.52,88.25,61.26,156.72,144.46,154.4,117.34,113.29,111.83,99.59,87.48,69.46,67.06,86.34,126.36,128.82,111.15,119.03,103.84,77.51,65.94,100.06,134.81,118.87,155.92,124.75,193.62,121.3,101.65,101.59,99.02,74.15,126.89,63.1,161.38,200.65,144.3
2025-05-15,86.7,100.17,93.17,80.3,95.02,120.38,148.71,111.59,126.14,149.53,88.36,61.33,157.13,144.55,154.47,117.08,113.3,111.84,99.47,87.16,69.37,66.88,86.24,126.46,128.65,111.07,119.1,103.82,77.33,66.01,100.09,134.83,118.82,156.11,125.15,194.01,121.28,101.72,101.51,99.17,74.18,127.01,63.01,161.74,200.56,144.24
2025-05-16,86.55,100.17,93.05,80.12,94.89,120.23,148.45,111.59,126.11,149.46,88.39,61.38,157.29,144.76,154.61,116.76,113.27,111.78,98.95,86.76,69.27,66.63,86.07,126.5,128.32,110.93,118.84,103.75,77.14,66.05,100.09,134.77,118.65,156.13,125.11,193.89,121.11,101.69,101.37,99.15,74.11,127.07,62.86,162.07,200.55,144.11
2025-05-17,86.05,99.89,92.53,79.68,94.2,120.04,147.78,111.47,125.74,149.11,88.25,61.19,157.58,144.89,154.05,116.14,113.15,111.51,98.3,86.07,68.94,66.13,85.49,126.31,127.61,110.49,118.2,103.53,76.83,65.78,99.85,134.4,118.29,156.08,124.95,193.1,120.53,101.29,101.14,98.87,73.63,126.81,62.46,162.11,200.52,143.99
2025-05-18,86.08,99.86,92.32,79.55,94.23,119.91,147.54,111.51,125.64,149.11,88.25,61.32,158.0,145.1,154.02,116.01,113.09,111.46,97.8,85.8,68.88,66.05,85.41,126.32,127.44,110.28,117.85,103.53,76.75,65.75,99.87,134.35,118.15,156.14,124.26,192.87,120.4,101.25,101.0,98.93,73.65,126.8,62.41,162.36,200.51,143.77
2025-05-19,86.11,99.83,92.07,79.42,94.67,119.95,147.13,111.54,125.53,149.1,88.25,61.44,158.41,145.32,153.97,115.74,113.13,111.41,97.62,85.56,68.8,65.94,85.32,126.34,127.29,110.04,117.53,103.53,76.68,65.7,99.84,134.24,118.01,156.18,123.52,192.55,120.24,101.14,100.76,98.94,73.67,126.73,62.34,162.6,200.49,143.55
2025-05-20,86.14,99.76,91.87,79.27,94.95,120.04,146.85,111.58,125.44,149.17,88.22,61.5,158.87,145.62,153.86,115.47,113.07,111.37,97.42,85.32,68.77,65.84,85.26,126.36,127.13,109.7,117.34,103.57,76.61,65.54,99.79,134.16,117.89,156.22,122.97,192.23,120.04,101.06,100.53,98.96,73.6,126.61,62.31,162.45,200.57,143.49
2025-05-21,86.19,99.68,91.71,79.11,95.36,120.01,146.6,111.65,125.32,149.22,88.17,61.64,159.27,145.97,153.71,115.63,113.01,111.35,97.23,85.24,68.86,65.82,85.34,126.41,127.1,109.58,118.15,103.59,76.53,65.39,99.79,134.03,117.81,156.16,122.95,191.86,120.1,101.07,100.43,99.01,73.58,126.41,62.4,162.12,200.63,143.46
2025-05-22,86.26,99.64,91.64,78.96,95.72,119.98,146.47,111.68,125.14,149.27,88.09,61.65,159.55,146.29,153.43,115.72,112.86,111.32,97.05,85.11,68.98,65.83,85.35,126.39,127.15,109.44,118.96,103.6,76.38,65.17,99.75,133.95,117.83,156.14,122.94,191.65,120.08,101.03,100.3,99.05,73.53,126.26,62.51,161.72,200.78,143.38
2025-05-23,86.48,99.59,91.66,78.82,96.12,119.97,146.36,111.75,125.01,149.22,87.98,61.6,159.6,146.5,153.27,115.77,112.61,111.3,97.2,85.04,69.15,65.94,85.48,126.37,127.32,109.32,119.96,103.66,76.35,65.08,99.79,133.88,117.94,156.2,123.16,191.64,120.1,101.03,100.16,99.1,73.6,126.14,62.72,161.56,200.76,143.31
2025-05-24,87.07,99.75,91.94,78.92,97.17,119.93,146.78,111.88,125.09,149.39,88.03,61.71,159.47,146.71,153.58,116.13,112.43,111.49,97.49,85.37,69.49,66.35,85.99,126.56,127.9,109.44,121.23,103.91,76.49,65.15,100.07,134.13,118.3,156.22,123.53,192.35,120.45,101.36,100.14,99.41,74.11,126.25,63.14,161.52,200.92,143.27
2025-05-25,87.35,99.68,91.93,78.72,97.71,119.83,146.75,111.89,124.89,149.25,87.94,61.6,159.11,146.75,153.42,116.05,112.17,111.46,97.54,85.38,69.68,66.5,86.13,126.52,128.05,109.3,122.15,103.98,76.42,65.08,100.08,134.02,118.4,156.16,123.67,192.43,120.37,101.37,100.02,99.4,74.12,126.07,63.4,161.25,200.84,143.2
2025-05-26,87.62,99.61,91.91,78.52,97.75,119.59,146.71,111.89,124.72,149.14,87.85,61.52,158.56,146.96,153.24,116.0,111.79,111.43,97.32,85.38,69.88,66.68,86.27,126.49,128.18,109.2,123.15,104.03,76.37,65.04,100.13,133.96,118.49,156.09,123.83,192.59,120.31,101.41,100.0,99.42,74.19,125.93,63.66,160.94,200.76,143.04
2025-05-27,87.83,99.48,91.89,78.3,97.82,119.21,146.64,111.8,124.47,148.86,87.71,61.49,157.87,147.07,152.96,115.92,111.4,111.33,97.07,85.36,70.0,66.84,86.37,126.35,128.23,109.14,124.11,104.04,76.32,65.02,100.17,133.86,118.49,155.9,123.93,192.69,120.13,101.37,99.93,99.39,74.23,125.54,63.87,160.84,200.49,142.94
2025-05-28,88.04,99.32,91.83,78.14,97.84,118.84,146.48,111.63,124.22,148.58,87.58,61.39,157.3,147.13,152.72,115.61,111.11,111.23,96.79,85.3,69.99,66.96,86.34,126.21,128.18,109.04,124.24,104.08,76.21,64.98,100.05,133.71,118.39,155.75,123.96,192.82,119.9,101.22,99.91,99.28,74.17,125.3,63.94,160.8,200.12,142.84
2025-05-29,88.23,99.17,91.74,78.05,97.8,118.46,145.92,111.47,123.96,148.36,87.47,61.31,156.66,146.99,152.62,115.46,110.88,111.14,96.54,85.26,70.03,67.04,86.32,126.12,128.09,108.94,124.22,104.14,76.44,64.99,99.97,133.55,118.25,155.46,123.98,192.76,119.69,101.12,99.91,99.21,74.1,125.09,64.06,160.86,199.79,142.78
2025-05-30,88.07,98.79,91.37,77.77,97.57,117.84,145.11,111.07,123.2,148.04,87.16,61.22,156.2,146.74,152.27,115.26,110.54,110.84,95.75,85.02,69.87,67.07,86.42,125.77,127.8,108.48,124.07,104.0,76.2,64.72,99.57,133.04,117.82,154.92,123.86,192.35,119.29,100.87,99.78,98.98,73.88,124.58,64.11,160.38,199.0,142.7
2025-05-31,88.01,98.53,91.09,77.54,97.37,117.38,144.3,110.84,122.72,147.86,87.04,61.26,155.81,146.48,151.9,115.16,110.36,110.65,95.21,84.95,69.77,67.02,86.62,125.58,127.55,108.18,124.11,103.92,76.0,64.57,99.29,132.68,117.46,154.68,123.79,191.93,119.07,100.75,99.73,98.87,73.61,124.11,64.17,160.17,198.47,142.63
2025-06-01,88.0,98.28,90.82,77.35,97.19,116.91,143.53,110.6,122.33,147.77,86.93,61.33,155.54,145.77,151.5,115.04,110.16,110.47,94.7,84.93,69.68,67.04,86.87,125.41,127.27,107.93,123.34,103.86,75.83,64.43,99.07,132.39,117.14,154.38,123.73,191.66,118.89,100.66,99.66,98.79,73.41,123.72,64.22,160.03,198.02,142.54
2025-06-02,87.97,98.02,90.53,77.14,97.08,116.4,142.77,110.35,121.87,147.58,86.8,61.38,155.42,144.95,151.06,114.86,110.05,110.26,94.34,84.89,69.58,67.06,87.11,125.19,127.05,107.61,122.5,103.75,75.64,64.29,98.87,132.11,116.85,154.08,123.69,191.42,118.67,100.59,99.56,98.6,73.13,123.14,64.3,159.86,197.51,142.44
2025-06-03,87.95,97.82,90.16,76.93,97.06,115.99,141.85,110.15,121.48,147.58,86.69,61.41,155.35,144.29,150.68,114.45,110.03,110.09,94.07,84.85,69.53,67.09,87.36,124.9,126.9,107.05,122.0,103.68,75.54,64.17,98.75,131.91,116.6,153.88,123.91,191.27,118.64,100.55,99.47,98.42,72.86,122.6,64.4,159.79,197.11,142.31
2025-06-04,87.96,97.66,89.93,76.81,97.28,115.6,141.26,110.04,121.16,147.7,86.76,61.54,155.21,144.21,150.29,114.47,109.87,110.02,93.87,84.94,69.59,67.19,87.79,124.8,126.86,107.09,121.35,103.62,75.53,64.14,98.7,131.74,116.37,153.66,123.87,191.11,118.68,100.59,99.65,98.38,72.72,122.41,64.67,159.68,196.79,142.19
2025-06-05,88.06,97.51,89.7,76.67,97.65,115.2,141.1,109.93,120.89,147.83,86.86,61.83,155.05,144.36,149.81,114.39,109.72,109.96,93.68,85.06,69.54,67.35,88.27,124.71,126.85,107.24,120.89,103.57,75.32,64.02,98.64,131.55,116.14,153.52,123.82,190.91,118.79,100.59,99.85,98.35,72.62,122.24,64.93,159.58,196.48,142.04
2025-06-06,88.25,97.57,89.62,76.68,98.03,115.01,141.21,109.91,121.1,148.26,87.15,62.14,154.91,144.71,149.57,114.43,109.68,110.09,93.97,85.34,69.63,67.46,88.45,124.9,126.95,107.67,120.55,103.61,75.46,64.03,98.82,131.72,116.2,153.57,123.9,191.0,119.07,100.7,100.16,98.44,72.59,122.3,65.14,159.95,196.79,141.98
2025-06-07,88.03,97.46,89.57,76.67,98.15,114.68,141.08,109.75,121.06,148.58,87.15,62.33,154.64,145.17,149.25,114.53,109.41,110.06,94.02,85.4,69.68,67.18,88.62,124.99,127.09,107.98,119.95,103.55,75.58,64.05,98.87,131.9,116.17,153.34,123.57,191.22,119.28,100.67,100.12,98.42,72.7,122.31,65.39,159.92,196.79,141.85
2025-06-08,87.79,97.35,89.5,76.61,98.25,114.36,140.91,109.61,120.97,148.86,87.13,62.48,154.22,146.17,148.95,114.66,109.14,110.05,94.08,85.44,69.73,66.82,88.73,125.06,127.23,108.32,120.2,103.46,75.67,64.05,98.87,132.02,116.12,153.13,123.23,191.27,119.44,100.62,100.12,98.39,72.78,122.25,65.59,159.88,196.76,141.79
2025-06-09,87.56,97.25,89.45,76.61,98.3,114.08,140.74,109.5,120.87,149.21,87.09,62.62,153.88,147.24,148.67,114.77,108.87,110.05,93.99,85.5,69.75,66.44,88.81,125.17,127.3,108.59,120.49,103.4,75.79,64.07,98.84,132.1,116.07,152.94,122.83,191.34,119.63,100.54,100.12,98.45,72.86,122.37,65.76,159.94,196.8,141.75
2025-06-10,87.37,97.23,89.44,76.79,98.41,113.9,140.78,109.53,120.83,149.67,86.97,62.75,153.58,148.17,148.52,115.19,108.56,110.05,93.89,85.64,69.77,66.08,88.86,125.33,127.43,108.78,120.58,103.34,75.86,64.09,98.88,132.28,116.15,152.78,122.27,191.35,119.74,100.53,99.91,98.48,72.98,122.33,65.93,160.05,196.93,141.74
2025-06-11,87.41,97.25,89.28,76.91,98.56,113.74,140.55,109.56,120.7,150.07,86.86,62.94,153.58,148.48,148.32,115.3,108.4,110.05,93.78,85.77,69.7,65.93,88.86,125.46,127.65,108.93,120.94,103.28,75.96,64.05,98.91,132.43,116.22,152.69,121.95,191.49,119.85,100.58,99.66,98.54,73.05,122.27,66.14,160.23,197.04,141.66
2025-06-12,87.4,97.18,89.07,77.01,98.45,113.68,140.21,109.64,120.57,149.83,87.06,63.04,153.68,147.77,148.14,115.66,108.58,110.03,93.52,85.85,69.68,65.75,88.83,125.59,127.79,108.99,120.93,103.21,76.01,64.05,98.95,132.55,116.18,152.34,121.59,191.67,120.01,100.64,99.58,98.57,73.08,122.13,66.19,160.02,197.04,141.63
2025-06-13,87.45,97.16,88.89,77.11,98.46,113.88,139.81,109.88,120.47,149.62,87.27,63.16,153.81,146.97,147.91,116.09,108.91,110.04,93.39,85.92,69.68,65.67,88.91,125.69,127.95,109.36,120.83,103.19,76.05,64.11,98.98,132.65,116.13,151.9,121.23,191.94,120.2,100.75,99.54,98.6,73.13,122.03,66.28,159.86,196.95,141.65
2025-06-14,87.54,97.02,88.46,76.94,98.14,114.07,139.26,110.05,120.1,149.15,87.47,63.17,153.87,146.05,147.47,115.99,109.28,109.92,93.14,85.67,69.51,66.16,88.7,125.53,127.76,109.36,120.63,103.07,75.91,63.86,98.79,132.34,115.89,151.45,121.11,191.51,120.02,100.6,99.6,98.47,72.72,121.75,66.17,159.56,196.74,141.68
2025-06-15,87.8,97.02,88.18,76.94,98.06,114.31,139.0,110.28,119.94,148.88,87.77,63.39,154.15,145.17,147.27,116.21,109.7,109.94,93.01,85.66,69.46,66.84,88.72,125.52,127.82,109.47,120.59,103.04,75.94,63.92,98.83,132.29,115.79,151.09,121.1,191.53,120.14,100.64,99.69,98.47,72.56,121.65,66.22,159.34,196.62,141.72
2025-06-16,88.1,97.03,87.96,76.91,98.1,114.58,138.8,110.5,119.79,148.65,88.12,63.61,154.41,144.22,147.04,116.45,110.11,109.98,92.85,85.61,69.44,67.52,88.76,125.58,127.92,109.64,120.5,103.05,75.97,63.89,98.91,132.28,115.71,150.73,121.05,191.56,120.24,100.73,99.9,98.5,72.45,121.54,66.31,159.1,196.5,141.77
2025-06-17,88.35,96.94,87.8,76.8,98.13,114.73,138.67,110.65,119.63,148.14,88.58,63.84,154.54,143.38,146.66,116.65,110.55,110.03,92.73,85.52,69.41,68.12,88.84,125.71,127.93,110.19,120.23,103.07,75.94,63.87,98.86,132.06,115.48,150.24,121.04,191.6,120.35,100.78,100.34,98.59,72.32,121.8,66.32,158.81,196.27,141.78
2025-06-18,88.34,96.82,87.76,76.75,97.96,114.73,138.58,110.83,119.5,147.55,88.88,63.92,154.02,142.68,146.29,116.98,110.66,110.0,92.52,85.47,69.47,68.59,88.92,125.69,127.86,110.24,120.07,103.09,75.9,63.94,98.86,131.97,115.36,149.75,121.03,191.61,120.43,100.79,100.55,98.56,72.28,121.68,66.34,158.47,196.08,141.84
2025-06-19,88.33,96.79,87.76,76.65,97.94,114.72,138.59,110.98,119.37,147.72,88.83,64.06,153.6,142.74,145.97,117.09,110.46,109.98,92.54,85.49,69.44,69.08,89.04,125.69,127.85,110.26,120.04,103.12,75.91,64.05,98.8,131.89,115.36,149.47,121.1,191.65,120.56,100.84,100.64,98.53,72.23,121.6,66.42,158.31,195.96,141.84
2025-06-20,88.26,96.69,87.68,76.52,97.78,114.38,138.6,111.05,119.18,147.71,88.74,64.04,153.16,142.8,145.56,117.08,110.17,109.91,92.51,85.5,69.42,69.62,89.08,125.7,127.72,110.0,120.04,103.1,75.9,64.11,98.8,131.81,115.38,149.22,121.11,191.64,120.67,100.79,100.65,98.47,72.13,121.44,66.43,158.02,195.88,141.82
2025-06-21,88.46,96.84,87.86,76.69,98.08,114.27,139.0,111.33,119.57,147.95,88.75,64.16,152.88,142.81,146.7,117.56,109.89,110.05,92.63,85.82,69.54,70.01,89.29,125.9,127.9,110.07,120.09,103.19,76.07,64.49,99.0,131.94,115.63,149.05,121.1,192.16,121.14,100.95,100.62,98.54,72.4,121.67,66.58,158.89,196.04,141.94
2025-06-22,88.44,96.83,87.87,76.7,98.12,114.11,139.15,111.5,119.72,147.99,88.7,64.09,152.45,142.76,147.58,117.67,109.56,110.05,92.64,85.9,69.56,70.26,89.28,125.95,127.84,110.01,119.97,103.2,76.05,64.54,98.94,131.81,115.7,148.85,120.99,192.19,121.28,100.91,100.57,98.51,72.39,121.72,66.59,159.64,196.08,142.06
2025-06-23,88.38,96.73,87.85,76.69,98.09,113.71,139.22,111.6,119.6,147.93,88.61,64.01,152.02,142.56,147.25,117.78,109.23,109.98,92.64,85.97,69.54,70.5,89.27,125.94,127.73,109.99,119.78,103.15,75.99,64.58,98.86,131.65,115.76,148.71,120.98,192.17,121.42,100.84,100.67,98.45,72.32,121.66,66.58,159.45,196.0,142.12
2025-06-24,88.33,96.62,87.8,76.64,97.87,113.38,139.21,111.63,119.47,147.94,88.54,63.89,151.65,142.44,146.89,117.89,108.86,109.92,92.59,86.1,69.57,70.82,89.31,125.96,127.55,110.01,119.58,103.05,75.9,64.63,98.81,131.58,115.89,148.7,120.91,192.27,121.56,100.78,100.81,98.38,72.32,121.52,66.64,159.24,196.09,142.45
2025-06-25,88.21,96.53,87.75,76.57,97.74,113.22,139.26,111.58,119.36,148.05,88.43,63.82,151.6,142.14,146.58,117.84,108.74,109.84,92.65,86.12,69.54,71.01,89.23,125.99,127.28,110.05,119.21,102.98,75.79,64.62,98.78,131.48,115.99,148.78,120.93,192.34,121.69,100.66,100.65,98.27,72.22,121.35,66.54,158.98,196.1,142.72
2025-06-26,88.04,96.43,87.62,76.55,97.53,113.03,139.3,111.53,119.24,147.99,88.33,63.66,151.4,141.99,146.22,117.84,108.1,109.71,92.56,86.09,69.55,71.18,89.15,125.97,127.07,110.13,119.03,102.87,75.63,64.65,98.74,131.38,116.07,148.93,120.92,192.45,121.7,100.46,100.38,98.17,72.16,121.29,66.43,159.43,196.04,143.12
2025-06-27,87.85,96.35,87.44,76.59,97.43,113.01,139.37,111.53,119.19,147.96,88.31,63.51,151.37,141.8,145.97,117.88,107.5,109.6,92.42,86.03,69.57,71.21,89.1,125.96,126.89,110.25,118.79,102.79,75.47,64.77,98.66,131.34,116.13,149.24,121.01,192.54,121.72,100.28,100.09,98.12,72.14,121.35,66.38,160.0,196.03,143.48
2025-06-28,87.53,95.96,87.23,76.54,97.29,112.82,139.4,111.4,118.72,147.91,88.25,63.32,151.28,141.63,144.39,117.77,107.05,109.42,92.33,85.88,69.56,71.17,89.16,125.89,126.64,109.8,118.62,102.7,75.31,64.75,98.64,131.25,116.08,149.54,121.12,192.53,121.61,100.19,99.99,98.06,72.06,121.18,66.33,159.55,195.93,143.68
2025-06-29,87.25,95.6,87.01,76.5,97.25,112.65,139.43,111.28,118.33,147.92,88.21,63.13,151.1,141.5,142.86,117.7,106.53,109.25,92.21,85.77,69.54,71.07,89.24,125.86,126.46,109.38,118.45,102.64,75.17,64.85,98.7,131.26,116.09,149.84,121.31,192.66,121.61,100.1,99.87,98.0,72.04,120.98,66.28,159.16,195.86,143.87
2025-06-30,86.92,95.29,86.76,76.38,97.13,112.87,139.43,111.22,118.17,147.94,88.14,62.68,150.92,141.55,142.49,117.58,106.12,109.11,92.13,85.63,69.23,70.85,89.17,125.8,126.0,108.95,118.28,102.58,75.02,64.98,98.72,131.22,116.05,150.0,121.46,192.77,121.57,99.93,99.48,97.92,71.96,120.8,66.08,159.65,195.83,144.08
2025-07-01,86.58,94.89,86.51,76.28,96.96,113.05,139.28,111.08,117.9,147.8,88.05,62.19,150.58,140.74,142.0,117.42,105.63,108.87,91.94,85.35,68.77,70.47,88.99,125.63,125.54,108.37,117.94,102.53,74.89,65.05,98.64,131.12,115.95,149.96,121.56,192.49,121.31,99.7,99.18,97.76,71.73,120.53,65.81,159.97,195.68,144.04
2025-07-02,86.24,94.46,86.2,76.11,96.73,113.32,138.9,110.94,117.59,147.56,87.93,61.64,150.19,139.96,141.42,117.21,105.15,108.6,91.68,84.99,68.35,70.13,88.8,125.4,125.12,107.66,117.61,102.37,74.76,65.13,98.48,131.05,115.78,149.72,121.5,192.11,120.99,99.47,98.97,97.57,71.41,120.28,65.53,160.25,195.62,144.24
2025-07-03,85.95,94.08,86.0,75.96,96.5,113.57,138.83,110.74,117.3,147.43,87.81,61.07,149.91,139.4,140.88,117.01,105.18,108.42,91.56,84.72,67.94,69.76,88.52,125.24,124.6,107.02,117.38,102.3,74.65,65.2,98.46,131.08,115.7,149.41,121.3,191.68,120.74,99.35,98.81,97.41,71.1,119.97,65.24,160.03,195.81,144.41
2025-07-04,85.74,93.72,85.88,75.83,96.38,113.66,138.74,110.55,117.02,147.21,87.76,60.68,149.37,138.86,140.28,116.82,105.19,108.26,91.5,84.55,67.52,69.4,88.31,125.07,124.19,106.45,117.22,102.27,74.63,65.23,98.47,131.06,115.61,149.06,120.95,191.26,120.44,99.31,98.8,97.24,70.78,119.65,64.96,159.7,195.91,144.53
2025-07-05,85.57,93.57,85.68,75.71,96.27,113.61,138.62,110.38,116.71,146.84,87.65,60.29,148.83,138.29,139.71,116.68,105.1,108.09,91.37,84.44,67.08,69.09,88.0,124.89,123.67,106.39,117.07,102.2,74.6,65.25,98.42,131.11,115.58,148.64,120.62,190.95,120.14,99.16,98.74,97.1,70.5,119.24,64.68,159.33,195.89,144.62
2025-07-06,85.36,93.42,85.48,75.58,96.11,113.54,138.4,110.2,116.36,146.43,87.52,59.84,148.31,137.66,139.13,116.55,105.1,107.9,91.31,84.27,66.65,68.75,87.63,124.67,123.14,106.29,116.87,102.1,74.55,65.2,98.33,131.08,115.5,148.2,120.18,190.6,119.78,98.96,98.7,96.91,70.2,118.95,64.37,158.97,195.82,144.71
2025-07-07,85.23,93.34,85.33,75.53,96.01,113.32,138.24,110.02,116.07,145.97,87.45,59.67,147.81,137.01,138.63,116.43,105.06,107.76,91.23,84.17,66.52,68.56,87.4,124.49,122.86,106.23,116.78,102.02,74.52,65.16,98.27,131.08,115.43,147.81,119.82,190.23,119.46,98.84,98.78,96.75,69.95,118.76,64.2,158.65,195.85,144.65
2025-07-08,85.08,93.28,85.18,75.39,96.06,112.81,138.09,109.81,115.76,145.53,87.27,59.59,147.35,136.96,138.18,116.25,104.82,107.55,91.1,84.08,66.39,68.39,87.16,124.32,122.72,106.17,116.94,101.69,74.55,65.11,98.25,131.06,115.35,147.3,119.35,190.05,119.23,98.7,98.54,96.56,69.77,118.67,64.06,158.39,195.81,144.73
2025-07-09,85.03,93.34,85.06,75.37,96.17,112.32,138.25,109.66,115.52,145.31,87.76,59.6,147.06,136.98,137.78,116.3,104.73,107.49,91.11,84.08,66.3,68.28,87.12,124.33,122.64,106.32,117.05,101.43,74.63,65.11,98.32,131.11,115.36,146.87,119.14,190.05,119.15,98.66,98.62,96.5,69.74,118.62,64.01,158.45,195.84,144.54
2025-07-10,84.98,93.33,84.89,75.31,96.31,112.21,138.0,109.61,115.29,144.96,88.28,59.69,146.73,136.77,137.47,116.21,104.6,107.38,91.02,84.07,66.22,68.28,87.15,124.33,122.6,106.55,116.92,101.13,74.69,65.1,98.32,131.07,115.26,146.4,118.95,190.0,119.05,98.56,98.66,96.33,69.77,118.52,64.04,158.51,195.96,144.29
2025-07-11,84.96,93.36,84.68,75.33,96.39,112.25,137.87,109.55,115.1,144.85,88.74,59.74,146.6,136.93,137.16,116.13,104.57,107.35,91.0,84.0,66.14,68.25,87.21,124.39,122.55,106.63,116.61,101.02,74.77,65.07,98.27,131.08,115.15,146.2,118.88,189.9,119.01,98.46,98.64,96.27,69.82,118.45,64.05,158.68,195.84,144.14
2025-07-12,86.02,93.47,84.59,75.42,96.59,112.4,137.86,109.46,114.96,144.88,89.33,59.83,146.59,137.13,136.85,116.07,104.61,107.35,90.98,83.98,66.1,68.24,87.25,124.55,122.66,106.85,116.33,100.94,74.81,65.05,98.08,130.83,114.92,146.22,118.9,189.77,118.99,98.4,98.73,96.24,69.79,118.45,64.05,158.93,195.74,143.79
2025-07-13,87.12,93.49,84.46,75.45,96.84,112.53,137.96,109.37,114.83,144.92,89.91,59.96,146.63,137.35,136.55,116.08,104.49,107.35,90.95,84.0,66.07,68.3,87.37,124.77,122.8,107.06,116.1,100.89,74.89,65.05,97.94,130.66,114.73,146.3,118.89,189.65,119.04,98.4,98.69,96.21,69.81,118.37,64.09,159.21,195.7,143.74
2025-07-14,88.21,93.56,84.3,75.48,96.98,112.68,137.98,109.3,114.7,144.98,90.48,60.08,146.71,137.62,136.23,116.03,104.48,107.38,90.86,84.0,66.03,68.34,87.47,124.95,122.94,107.28,115.88,100.83,74.96,65.06,97.77,130.63,114.67,146.39,118.92,189.61,119.07,98.38,98.72,96.21,69.83,118.3,64.1,159.53,195.69,143.75
2025-07-15,90.51,93.88,84.19,75.6,97.24,113.31,138.1,109.38,114.74,145.22,91.29,60.3,146.9,138.14,136.14,116.1,104.84,107.69,90.9,84.07,66.2,68.52,87.75,125.33,123.13,108.22,115.74,101.1,75.02,65.2,97.59,130.78,114.68,146.78,120.56,189.62,119.3,98.48,99.15,96.37,69.95,118.58,64.28,159.94,195.86,143.49
2025-07-16,92.78,94.15,84.13,75.8,97.43,114.01,138.16,109.44,114.81,145.29,90.87,60.47,146.89,138.63,136.04,116.05,105.08,107.89,90.86,84.12,66.38,68.68,87.94,125.6,123.3,108.96,115.82,101.38,75.07,65.28,97.43,130.97,114.73,147.38,120.76,189.61,119.48,98.44,99.41,96.47,70.05,118.73,64.44,160.21,196.17,143.43
2025-07-17,95.01,94.43,84.09,76.0,97.63,114.37,138.32,109.5,114.88,145.41,90.43,60.61,147.12,138.87,135.88,116.01,105.38,108.1,90.83,84.2,66.56,68.75,88.12,125.84,123.45,109.57,115.81,101.62,75.11,65.35,97.22,131.1,114.8,148.16,121.13,189.65,119.64,98.51,99.73,96.64,70.04,118.95,64.57,160.41,196.17,143.58
2025-07-18,97.18,94.67,84.15,76.25,97.73,114.79,138.38,109.56,114.91,145.4,89.98,60.74,146.89,138.79,135.73,115.98,105.57,108.24,90.67,84.3,66.74,68.83,88.29,126.06,123.52,110.32,115.98,101.7,75.07,65.31,97.01,131.18,114.86,148.63,121.48,189.72,119.79,98.57,100.11,96.72,70.01,119.2,64.71,160.5,196.59,143.73
2025-07-19,98.14,94.76,84.09,76.34,97.43,114.75,138.21,109.56,114.84,145.26,89.43,60.71,147.07,138.56,135.36,115.66,105.71,108.27,90.48,84.21,66.85,68.73,88.29,126.12,123.41,110.89,115.96,101.67,74.92,65.03,96.96,131.38,114.99,148.93,121.79,189.64,119.75,98.41,100.29,96.72,69.93,119.29,64.79,160.52,197.03,144.16
2025-07-20,99.24,95.06,84.17,76.5,97.6,114.78,138.2,109.61,114.92,145.27,88.98,60.82,147.25,138.4,135.1,115.54,106.04,108.43,90.41,84.3,67.04,68.76,88.5,126.27,123.39,111.52,116.08,101.77,74.86,65.06,96.99,131.69,115.19,149.21,122.24,189.74,119.87,98.44,100.65,96.86,69.97,119.56,64.98,160.62,197.5,144.28
2025-07-21,100.35,95.29,84.27,76.81,97.76,114.79,138.26,109.67,115.02,145.36,88.48,60.93,147.3,138.17,134.86,115.45,106.21,108.55,90.38,84.37,67.25,68.82,88.68,126.46,123.45,112.19,116.19,101.85,74.82,65.09,97.02,131.89,115.28,149.51,122.55,189.9,119.99,98.47,100.88,97.0,70.05,119.79,65.17,160.7,197.93,144.51
2025-07-22,100.33,95.39,84.39,77.13,97.95,114.79,138.5,109.77,115.06,145.51,88.0,60.99,147.49,137.81,134.6,115.48,106.35,108.6,90.38,84.55,67.4,68.91,88.81,126.62,123.4,112.32,116.22,101.96,74.78,65.08,97.17,131.87,115.28,149.75,121.52,190.1,120.11,98.6,101.04,97.13,70.11,119.82,65.28,160.78,198.26,144.91
2025-07-23,100.25,95.4,84.51,77.16,98.08,114.68,138.6,109.86,115.06,145.79,88.1,61.2,147.81,137.42,134.36,115.59,106.4,108.65,90.43,84.79,67.48,68.88,88.9,126.8,123.34,112.48,116.15,102.02,74.73,65.1,97.18,131.84,115.28,149.77,121.83,190.3,120.28,98.77,101.08,97.3,70.17,119.9,65.37,160.9,198.44,145.31
2025-07-24,100.19,95.45,84.65,77.22,98.28,114.68,138.92,109.94,115.06,146.1,88.2,61.41,147.94,137.32,134.14,116.07,106.39,108.72,90.51,85.01,67.51,68.88,88.98,127.01,123.33,112.72,116.33,102.1,74.73,65.1,97.19,131.82,115.24,149.81,122.01,190.61,120.46,98.9,101.16,97.51,70.28,119.88,65.47,161.1,198.48,145.64
2025-07-25,100.18,95.6,84.78,76.8,98.52,114.62,139.3,110.05,115.1,146.4,88.33,61.58,148.45,137.27,133.9,116.55,106.52,108.81,90.77,85.17,67.48,68.82,89.0,127.19,123.28,112.79,116.43,102.18,74.79,65.16,97.29,131.86,115.31,150.0,122.34,190.93,120.57,98.95,101.28,97.67,70.39,119.8,65.48,161.28,198.59,145.51
2025-07-26,100.37,95.88,85.03,76.57,99.05,114.96,139.9,110.21,115.29,146.85,88.56,61.96,148.57,137.35,133.91,117.35,106.68,109.01,91.09,85.52,67.57,68.96,89.22,127.49,123.42,112.98,116.76,102.36,75.04,65.53,97.48,132.12,115.54,150.17,122.43,191.53,120.94,99.23,101.47,97.93,70.65,119.94,65.57,161.51,198.72,145.56
2025-07-27,100.4,96.03,85.16,76.27,99.11,115.27,140.3,110.32,115.32,147.08,88.73,62.21,148.66,137.47,133.8,117.86,106.7,109.1,91.27,85.7,67.57,68.91,89.24,127.65,123.44,113.11,116.97,102.44,75.17,65.53,97.51,132.17,115.65,150.31,122.42,191.87,121.08,99.29,101.6,98.07,70.74,119.95,65.53,161.57,198.76,145.56
2025-07-28,100.45,96.17,85.26,76.13,99.18,115.5,140.76,110.4,115.3,147.3,88.89,62.52,148.8,137.65,133.66,118.42,106.74,109.19,91.46,85.91,67.58,68.83,89.3,127.79,123.43,113.19,117.11,102.52,75.33,65.6,97.54,132.17,115.72,150.41,122.49,192.07,121.25,99.38,101.77,98.21,70.82,120.01,65.54,161.61,198.81,145.67
2025-07-29,100.41,96.3,85.31,76.02,99.19,115.66,141.13,110.38,115.32,147.39,88.99,62.72,148.84,137.87,133.45,118.85,106.86,109.25,91.63,86.03,67.54,68.72,89.38,127.87,123.42,113.25,117.08,102.58,75.49,65.6,97.55,132.24,115.84,150.55,122.48,192.22,121.36,99.29,101.85,98.29,70.84,119.82,65.56,161.6,198.75,145.63
2025-07-30,100.4,96.46,85.28,76.05,99.2,115.72,141.75,110.28,115.26,147.44,89.08,62.68,148.88,138.12,133.2,119.19,107.02,109.28,91.72,86.08,67.57,68.64,89.48,127.86,123.4,113.32,117.06,102.61,75.62,65.56,97.57,132.18,115.86,150.59,122.49,192.37,121.42,99.23,102.02,98.28,70.8,119.74,65.54,161.55,198.68,145.45
2025-07-31,100.68,96.6,85.29,76.07,99.09,115.63,142.16,110.21,115.2,147.24,89.16,62.62,148.99,138.28,132.89,119.22,107.25,109.33,91.84,86.1,67.68,68.58,89.66,127.85,123.3,113.36,116.71,102.62,75.76,65.61,97.61,132.21,115.99,150.63,122.48,192.37,121.5,99.17,102.13,98.29,70.76,119.66,65.49,161.3,198.88,145.32
2025-08-01,100.98,96.61,85.23,76.39,99.01,115.4,142.39,110.08,114.99,146.92,89.21,62.73,149.09,137.77,132.43,119.24,107.34,109.3,91.88,86.14,67.86,68.7,89.89,127.77,123.27,113.44,116.4,102.6,75.86,65.65,97.6,132.17,115.98,150.53,122.36,192.16,121.51,99.23,102.11,98.25,70.84,119.55,65.63,161.13,198.72,145.61
2025-08-02,101.25,96.55,85.11,76.66,98.93,115.23,142.53,109.96,114.74,146.68,89.21,62.66,149.14,137.35,131.95,119.24,107.44,109.24,91.91,86.2,67.96,68.76,90.03,127.71,123.21,113.53,116.12,102.57,75.89,65.62,97.51,132.06,115.92,150.54,122.47,191.92,121.54,99.24,102.09,98.13,70.88,119.44,65.7,160.8,198.64,145.53
2025-08-03,101.56,96.49,85.06,76.98,98.82,115.02,142.7,109.82,114.47,146.51,89.23,62.5,149.15,136.85,131.43,119.27,107.62,109.2,92.0,86.24,68.1,68.89,90.15,127.65,123.15,113.6,115.88,102.53,75.91,65.61,97.44,132.01,115.91,150.54,122.69,191.77,121.6,99.29,102.09,98.04,70.89,119.32,65.76,160.38,198.54,145.46
2025-08-04,101.87,96.38,85.04,76.99,98.82,114.93,142.82,109.73,114.25,146.41,89.24,62.34,149.25,136.4,130.99,119.31,107.76,109.16,92.12,86.27,68.22,69.05,90.24,127.57,123.14,113.61,115.71,102.47,75.94,65.59,97.44,132.11,115.92,150.57,122.77,191.61,121.66,99.32,101.98,97.95,70.91,119.18,65.8,160.19,198.43,145.32
2025-08-05,102.24,96.33,85.01,76.98,98.8,114.91,142.79,109.69,114.07,146.35,89.23,62.34,149.45,136.02,130.6,119.32,107.85,109.14,92.28,86.29,68.34,69.22,90.35,127.49,123.25,113.58,115.65,102.4,75.98,65.6,97.43,132.28,115.94,150.67,122.93,191.61,121.74,99.37,101.87,97.88,71.0,119.32,65.87,160.08,198.44,145.75
2025-08-06,102.67,96.31,85.02,76.98,98.83,115.0,142.66,109.74,113.99,146.37,89.29,62.35,149.72,135.74,130.2,119.4,108.2,109.23,92.56,86.35,68.42,69.41,90.5,127.55,123.35,113.67,115.59,102.59,76.11,65.68,97.48,132.54,116.0,150.95,123.14,191.53,121.91,99.43,101.86,97.73,71.13,119.4,65.97,159.84,198.41,146.01
2025-08-07,102.78,96.29,84.92,76.98,98.86,115.09,142.6,109.74,113.92,146.54,89.34,62.2,149.95,135.66,129.79,119.47,108.55,109.32,92.78,86.46,68.55,69.54,90.41,127.6,123.55,113.71,115.66,102.78,76.24,65.74,97.48,132.7,116.04,151.15,123.38,191.38,122.06,99.47,101.85,97.72,71.25,119.55,66.05,159.74,198.35,145.94
2025-08-08,102.87,96.35,84.94,77.1,98.86,115.37,142.77,109.8,113.92,146.84,89.45,61.93,150.17,136.13,129.55,119.44,108.95,109.45,93.0,86.64,68.64,69.56,90.31,127.77,123.78,113.9,115.86,102.85,76.4,65.83,97.59,132.99,116.16,151.37,123.55,191.78,122.33,99.52,101.84,97.79,71.23,119.9,66.01,159.69,198.37,145.7
2025-08-09,102.92,96.38,84.9,77.14,98.72,115.55,142.96,109.86,113.9,147.14,89.54,61.84,150.34,136.63,129.19,119.33,109.31,109.59,93.17,86.75,68.78,69.61,89.97,127.86,123.9,114.0,115.99,103.0,76.49,65.96,97.67,133.25,116.28,151.55,123.71,192.03,122.44,99.59,101.86,97.92,71.26,120.1,66.02,159.7,198.45,145.91
2025-08-10,103.04,96.52,84.88,77.28,98.85,115.94,143.23,109.98,113.98,147.51,89.69,62.0,150.64,137.12,128.99,119.39,109.72,109.81,93.09,86.95,68.94,69.74,89.8,128.03,124.08,114.28,116.17,103.21,76.79,66.23,97.83,133.61,116.47,151.77,123.83,192.37,122.66,99.77,101.91,98.1,71.55,120.4,66.17,159.92,198.7,146.13
2025-08-11,103.09,96.59,84.84,77.42,98.93,116.25,143.49,110.05,113.89,147.78,89.79,62.09,150.85,137.54,128.69,119.39,110.01,109.95,92.94,87.1,69.09,69.84,89.61,128.15,124.15,114.48,116.13,103.39,77.05,66.44,97.83,133.75,116.56,151.92,123.9,192.69,122.81,99.91,101.93,98.26,71.74,120.69,66.3,159.88,198.79,146.45
2025-08-12,103.11,96.67,84.7,77.54,98.93,116.58,143.68,110.17,113.83,148.11,89.95,61.95,150.88,137.33,128.4,119.1,110.65,110.1,93.11,87.25,69.17,69.74,89.2,128.33,124.2,114.75,116.21,103.58,77.25,66.58,97.85,133.85,116.73,152.16,123.95,192.99,122.94,100.01,102.04,98.4,71.73,120.9,66.14,159.81,198.91,146.1
2025-08-13,103.09,96.67,84.55,77.64,98.83,116.77,143.86,110.23,113.74,148.33,90.12,61.85,150.83,137.05,128.1,119.01,110.99,110.17,93.19,87.43,69.22,69.57,88.77,128.44,124.24,115.14,116.26,103.55,77.42,66.58,97.96,134.02,116.94,152.35,123.92,193.39,122.95,100.09,101.73,98.66,71.7,121.18,66.07,159.79,199.01,146.07
2025-08-14,103.15,96.7,84.5,77.65,98.78,116.83,144.05,110.39,113.64,148.64,90.37,61.98,150.75,136.71,127.81,119.12,111.39,110.27,93.4,87.54,69.27,69.56,88.57,128.55,124.28,115.53,116.54,103.63,77.58,66.59,98.14,134.23,117.07,152.34,123.8,194.02,122.95,100.2,101.32,98.77,71.68,121.4,66.09,159.83,199.15,146.1
2025-08-15,103.22,96.71,84.46,77.63,98.82,116.74,144.2,110.5,113.58,148.97,90.63,62.08,150.64,136.23,127.53,119.3,111.72,110.35,93.63,87.64,69.3,69.53,88.42,128.62,124.33,115.86,116.66,103.82,77.74,66.53,98.27,134.34,117.12,152.47,122.73,194.25,122.86,100.27,100.93,98.84,71.71,121.41,66.17,159.77,199.44,146.33
2025-08-16,103.35,96.71,84.48,77.73,99.17,116.68,144.45,110.67,113.59,149.15,91.03,62.19,150.52,135.66,127.29,119.65,112.27,110.51,93.89,87.75,69.37,69.42,88.65,128.76,124.45,116.27,116.93,104.28,78.06,66.57,98.44,134.54,117.19,152.65,122.87,194.77,122.94,100.41,100.56,98.95,71.74,121.52,66.34,159.81,199.37,146.34
2025-08-17,103.36,96.57,84.42,77.69,99.22,116.35,144.57,110.72,113.46,149.18,91.44,62.22,150.27,135.02,126.86,119.75,112.7,110.55,94.34,87.75,69.37,69.23,88.67,128.73,124.41,116.51,117.05,104.66,78.14,66.4,98.54,134.6,117.17,152.79,123.0,195.02,122.86,100.4,100.13,98.89,71.55,121.46,66.37,159.66,199.16,146.39
2025-08-18,103.45,96.59,84.35,77.64,99.24,115.96,144.68,110.78,113.45,149.23,92.05,62.2,150.03,134.36,126.36,119.89,113.32,110.67,94.79,87.79,69.36,69.05,88.68,128.78,124.39,116.87,117.39,105.1,78.23,66.25,98.72,134.75,117.21,152.94,123.38,195.43,122.81,100.41,99.89,98.84,71.37,121.42,66.38,159.53,199.12,146.23
2025-08-19,103.63,96.49,84.35,77.91,99.34,115.51,144.65,110.84,113.36,149.21,92.66,62.3,149.84,134.26,125.94,120.37,113.6,110.78,95.2,87.9,69.45,69.07,88.95,128.75,124.34,117.36,117.68,105.47,78.43,66.12,98.86,134.95,117.25,153.02,123.67,195.89,122.79,100.48,99.71,98.82,71.32,121.44,66.66,159.51,199.13,146.33
2025-08-20,104.01,96.5,84.46,78.17,99.72,115.21,144.49,110.94,113.29,149.32,93.27,62.52,149.6,134.2,125.55,120.63,113.72,110.87,95.67,87.97,69.59,69.19,89.21,128.71,124.42,117.63,118.17,105.73,78.62,66.07,98.93,135.02,117.26,153.03,124.0,196.28,122.81,100.6,99.92,98.83,71.31,121.42,66.86,159.66,199.14,146.39
2025-08-21,104.41,96.52,84.59,78.62,100.09,114.97,144.43,111.0,113.19,149.51,93.88,62.65,149.5,134.16,125.11,120.8,113.81,110.93,96.08,88.01,69.67,69.2,89.39,128.65,124.41,117.98,118.66,105.92,78.86,65.93,98.94,134.91,117.23,153.22,124.37,196.55,122.83,100.69,100.25,98.76,71.25,121.44,66.97,159.71,199.03,146.63
2025-08-22,104.82,96.59,84.62,79.04,100.5,114.78,144.23,111.05,113.1,149.69,94.43,62.83,149.43,134.24,124.65,121.03,114.0,111.03,96.55,88.01,69.65,69.22,89.53,128.61,124.34,118.35,119.28,106.15,79.04,65.81,98.92,134.88,117.26,153.31,125.95,196.92,122.98,100.87,100.7,98.69,71.18,121.69,67.01,159.84,198.85,146.74
2025-08-23,105.04,96.52,84.59,79.26,100.61,114.53,143.81,111.06,112.92,149.78,94.77,62.81,149.33,134.31,123.94,120.81,113.89,110.93,96.96,87.96,69.5,69.27,89.34,128.45,124.17,118.51,119.65,105.96,79.01,65.52,98.67,134.58,117.15,153.32,125.99,196.78,122.91,100.88,101.0,98.48,70.86,121.79,66.92,159.91,198.88,146.69
2025-08-24,105.51,96.62,84.63,79.61,101.06,114.27,143.62,111.16,112.83,149.93,95.08,62.82,149.21,134.44,123.54,120.97,113.87,110.98,97.46,88.07,69.46,69.46,89.41,128.46,124.27,118.75,120.06,105.91,79.1,65.37,98.59,134.51,117.18,153.35,126.19,197.1,123.07,101.05,101.39,98.45,70.81,122.04,66.97,160.09,199.04,146.72
2025-08-25,106.0,96.66,84.72,79.69,101.59,114.05,143.51,111.29,112.76,150.13,95.27,62.84,149.17,134.56,123.26,121.14,113.79,111.01,97.93,88.19,69.39,69.66,89.47,128.48,124.43,119.02,120.52,105.83,79.18,65.2,98.53,134.43,117.23,153.41,126.26,197.24,123.26,101.21,101.63,98.41,70.77,122.31,66.99,160.29,199.18,146.78
2025-08-26,106.52,96.74,84.84,79.52,102.19,113.83,143.67,111.35,112.71,150.25,95.39,62.94,149.05,134.59,122.87,121.3,113.65,111.02,97.81,88.24,69.28,69.86,89.53,128.5,124.61,119.14,120.93,105.78,79.18,65.09,98.48,134.36,117.25,153.4,126.38,197.23,123.35,101.37,101.75,98.35,70.76,122.56,66.98,160.29,199.25,146.78
2025-08-27,107.01,96.77,84.87,79.44,102.64,113.48,144.01,111.41,112.71,150.28,95.47,62.9,149.05,133.7,122.52,121.57,113.69,110.92,97.57,88.32,69.11,70.03,89.57,128.52,124.69,119.26,121.31,105.41,79.19,65.03,98.41,134.28,117.34,153.5,126.48,197.37,123.41,101.58,101.41,97.75,70.74,122.75,66.96,160.08,199.35,146.71
2025-08-28,107.5,96.85,84.84,79.29,103.08,113.29,144.26,111.49,112.73,150.29,95.51,62.87,148.93,132.75,122.35,121.85,113.75,110.85,97.27,88.4,69.07,70.28,89.61,128.55,124.82,119.44,121.46,105.02,79.17,65.07,98.3,134.36,117.55,153.68,126.68,197.49,123.49,101.8,101.03,97.16,70.82,122.98,67.01,159.86,199.57,146.59
2025-08-29,107.65,96.58,84.61,78.88,103.05,112.9,144.28,111.37,112.66,150.1,95.44,62.51,148.67,131.83,122.07,121.58,113.73,110.56,96.74,88.18,68.94,70.29,89.21,128.28,124.7,119.38,121.57,104.42,78.81,65.03,97.98,134.16,117.57,153.61,126.46,196.94,123.24,101.66,100.44,96.52,70.65,122.85,66.64,159.47,199.58,146.55
2025-08-30,108.04,96.51,84.47,78.65,103.23,112.46,144.53,111.35,112.72,149.95,95.44,62.35,148.49,130.9,122.12,121.7,113.78,110.4,96.32,88.09,68.88,70.4,89.06,128.09,124.72,119.49,121.8,103.89,78.65,65.12,97.91,134.16,117.74,153.55,126.96,196.7,123.18,101.68,99.99,95.97,70.72,122.88,66.42,159.05,199.59,146.55
2025-08-31,108.18,96.29,84.22,78.28,102.99,112.04,144.5,111.2,112.64,149.69,95.37,62.09,148.28,129.96,121.88,121.48,113.77,110.11,95.81,87.75,68.69,70.32,88.69,127.75,124.39,119.48,121.95,103.21,78.36,65.17,97.62,133.92,117.75,153.45,127.21,196.06,122.85,101.48,99.5,95.31,70.51,122.69,66.02,158.6,199.47,146.48
2025-09-01,108.26,96.0,83.86,78.13,102.68,111.64,144.35,110.97,112.54,149.35,95.27,61.86,147.98,128.85,121.54,121.16,113.73,109.79,95.31,87.36,68.54,70.24,88.33,127.36,123.98,119.4,121.9,102.53,78.06,65.21,97.33,133.65,117.73,153.32,127.37,195.49,122.46,101.27,99.11,94.72,70.3,122.42,65.68,158.06,199.18,146.23
2025-09-02,108.34,95.67,83.5,77.91,102.13,110.98,144.13,110.64,112.27,148.97,95.07,61.51,147.6,127.65,121.12,120.8,113.58,109.39,94.71,86.98,68.36,70.07,87.88,126.85,123.28,119.22,121.92,101.83,77.75,65.19,96.9,133.25,117.61,153.08,127.1,194.8,122.05,101.02,98.7,94.1,70.01,121.89,65.29,157.45,198.81,146.16
2025-09-03,108.4,95.34,83.21,77.62,101.48,110.4,143.94,110.27,111.98,148.55,94.91,61.16,147.06,128.03,120.7,120.41,113.5,109.17,94.14,86.49,68.22,69.9,87.51,126.34,122.69,119.03,121.68,101.59,77.49,65.11,96.53,132.92,117.44,152.76,126.86,194.04,121.62,100.62,98.84,94.03,69.67,121.4,64.92,156.98,198.35,146.14
2025-09-04,108.48,94.95,83.0,77.34,100.85,109.7,143.72,109.87,111.69,148.13,94.74,60.84,146.48,128.29,120.15,119.9,113.35,108.94,93.62,86.06,67.94,69.68,87.19,125.85,122.14,118.75,121.77,101.32,77.25,65.11,96.25,132.65,117.23,152.44,126.58,193.29,121.21,100.26,99.03,94.06,69.41,120.81,64.65,156.51,197.9,146.26
2025-09-05,108.87,94.88,83.08,77.31,100.56,109.18,144.05,109.74,111.51,147.8,94.7,60.85,146.2,128.59,119.76,119.99,113.16,108.9,93.26,85.94,67.92,69.68,87.29,125.62,121.98,118.8,121.9,101.29,77.29,65.2,96.15,132.61,117.15,152.34,126.66,193.07,121.14,100.12,99.38,94.2,69.39,120.51,64.73,156.12,197.61,146.39
2025-09-06,109.21,94.85,83.27,77.31,100.35,108.78,144.57,109.5,111.34,147.55,94.71,60.92,145.77,128.77,119.39,120.06,112.99,108.88,92.96,85.85,67.88,69.68,87.47,125.48,121.92,118.84,122.18,101.29,77.36,65.34,96.11,132.56,117.0,152.25,126.3,192.16,121.08,100.06,99.74,94.41,69.35,120.23,64.85,155.85,197.19,146.59
2025-09-07,109.6,94.83,83.49,77.29,100.23,108.42,145.08,109.37,111.2,147.38,94.75,60.9,145.4,128.97,119.04,120.15,112.82,108.88,92.63,85.84,67.9,69.73,87.73,125.37,121.95,118.94,122.55,101.29,77.46,65.44,96.1,132.57,116.88,152.15,125.98,191.25,121.08,100.05,100.1,94.61,69.35,120.03,65.02,155.49,196.82,146.77
2025-09-08,110.03,94.88,83.79,77.34,100.19,108.03,145.7,109.29,111.12,147.2,94.62,61.01,145.16,129.37,118.79,120.33,112.73,108.85,92.31,85.87,67.92,69.82,88.02,125.15,122.06,118.51,123.05,101.31,77.59,65.55,96.1,132.6,116.81,152.06,125.74,190.42,121.1,100.1,100.15,94.64,69.39,119.43,65.21,155.19,196.61,147.2
2025-09-09,109.96,94.99,84.22,77.45,100.27,107.91,146.49,109.25,111.21,147.19,94.78,61.09,145.1,129.86,118.67,120.69,112.36,108.89,92.33,85.9,67.96,69.72,88.44,125.24,122.37,118.68,123.57,101.23,77.73,65.72,96.36,132.77,116.84,152.12,125.95,189.67,121.32,100.24,100.4,94.76,69.54,119.53,65.43,155.13,196.38,147.32
2025-09-10,109.84,95.07,84.62,77.62,100.4,107.76,147.35,109.19,111.24,147.18,94.87,61.22,145.14,129.55,118.52,121.12,111.77,108.84,92.31,85.91,68.05,69.64,88.86,125.34,122.56,118.71,124.19,101.14,77.81,65.98,96.28,132.62,116.7,151.99,125.96,188.66,121.64,100.49,100.46,94.93,69.69,119.53,65.67,154.98,196.27,147.57
2025-09-11,109.66,95.14,85.08,77.7,100.52,107.64,148.36,109.16,111.26,147.02,94.96,61.39,145.29,129.1,118.42,121.68,111.31,108.76,92.2,85.89,68.12,69.49,89.33,125.43,122.81,118.73,124.78,101.06,77.83,66.17,96.19,132.4,116.5,151.84,126.08,187.76,121.93,100.65,100.48,94.9,69.82,119.52,65.75,154.81,196.1,147.77
2025-09-12,109.42,95.19,85.38,77.81,100.6,107.48,149.11,109.08,111.24,146.94,95.01,61.59,145.28,128.61,118.4,122.12,110.9,108.69,92.03,85.9,68.19,69.37,89.85,125.5,122.98,118.61,125.86,100.98,77.91,66.42,96.12,132.19,116.39,151.82,126.12,186.96,122.06,100.82,100.39,95.0,69.98,119.45,65.88,154.6,195.97,147.93
2025-09-13,109.3,95.25,85.59,77.87,100.58,107.27,149.71,108.98,111.18,146.88,95.03,61.61,145.31,128.23,118.32,122.46,110.52,108.62,91.88,85.87,68.21,69.43,90.31,125.48,123.11,118.46,126.73,100.94,77.95,66.61,95.98,131.97,116.27,151.82,126.33,186.94,122.2,100.91,100.4,94.95,70.14,119.39,65.88,154.25,196.02,148.12
2025-09-14,109.15,95.23,85.76,77.94,100.62,107.09,150.27,108.88,111.13,146.59,95.03,61.69,145.39,127.8,118.3,122.77,110.14,108.53,91.76,85.82,68.16,69.46,90.68,125.43,123.15,118.26,127.5,100.89,77.97,66.81,95.82,131.71,116.11,151.82,126.48,186.89,122.3,100.98,100.29,94.93,70.24,119.26,65.82,154.05,196.07,148.32
2025-09-15,108.96,95.25,85.95,78.02,100.58,106.94,150.78,108.78,111.05,146.32,95.22,61.67,145.27,127.39,118.3,123.03,109.82,108.51,91.69,85.75,68.09,69.48,91.0,125.55,123.21,118.63,128.39,100.86,78.0,67.02,95.66,131.42,115.98,151.81,126.8,186.84,122.46,101.01,100.53,95.02,70.28,119.67,65.74,153.9,196.11,148.49
2025-09-16,109.18,95.18,86.0,78.21,100.59,106.67,151.26,108.77,110.94,145.97,95.16,61.72,145.16,127.05,118.31,123.17,109.78,108.47,91.64,85.72,68.07,69.72,91.25,125.44,123.36,118.44,129.24,100.95,78.1,67.17,95.41,131.09,115.78,151.68,126.95,186.73,122.5,101.0,100.37,95.09,70.36,119.53,65.68,153.67,196.18,148.85
2025-09-17,109.38,95.18,86.03,78.38,100.56,106.47,151.6,108.76,110.88,145.67,95.14,61.73,145.11,126.82,118.4,123.19,109.83,108.45,91.56,85.76,68.04,70.0,91.43,125.32,123.5,118.1,130.04,101.0,78.18,67.31,95.5,131.06,115.64,151.77,127.27,186.88,122.39,100.93,100.3,95.05,70.43,119.55,65.57,153.5,196.08,149.01
2025-09-18,109.56,95.15,85.91,78.57,100.58,106.3,151.87,108.73,110.81,145.25,95.08,61.72,144.95,126.71,118.31,123.17,109.74,108.39,91.55,85.86,67.93,70.31,91.6,125.09,123.44,117.77,130.83,100.91,78.18,67.4,95.57,131.04,115.52,151.79,127.51,186.91,122.18,100.86,100.14,95.14,70.4,119.55,65.48,153.33,195.99,148.98
2025-09-19,109.65,95.0,85.82,78.66,100.47,106.04,152.15,108.58,110.68,144.75,94.98,61.45,144.77,126.46,118.06,123.13,109.51,108.26,91.41,85.75,67.64,70.44,91.63,124.76,123.26,117.28,130.88,100.64,78.05,67.27,95.43,130.88,115.24,151.62,127.65,186.78,121.84,100.64,99.86,94.9,70.18,119.4,65.24,153.11,195.85,149.08
