,"Other separations: Total nonfarm in Midwest region - Rate in Percent, Monthly, Seasonally Adjusted (All size classes)","Other separations: Professional and business services - Rate in Percent, Monthly, Seasonally Adjusted (All size classes)","Quits: Real estate and rental and leasing - Rate in Percent, Monthly, Seasonally Adjusted (All size classes)","Quits: Mining and logging - Rate in Percent, Monthly, Seasonally Adjusted (All size classes)","Other separations: State and local - Rate in Percent, Monthly, Seasonally Adjusted (All size classes)","Other separations: Retail trade - Rate in Percent, Monthly, Seasonally Adjusted (All size classes)","Hires: Mining and logging - Rate in Percent, Monthly, Seasonally Adjusted (All size classes)","Quits: Other services - Rate in Percent, Monthly, Seasonally Adjusted (All size classes)","Quits: Construction - Rate in Percent, Monthly, Seasonally Adjusted (All size classes)","Other separations: Private educational services - Rate in Percent, Monthly, Seasonally Adjusted (All size classes)","Hires: Construction - Rate in Percent, Monthly, Seasonally Adjusted (All size classes)","Hires: Total nonfarm in Ohio - Rate in Percent, Monthly, Seasonally Adjusted (All size classes)","Hires: Total nonfarm in South Carolina - Rate in Percent, Monthly, Seasonally Adjusted (All size classes)","Hires: Total nonfarm in Tennessee - Rate in Percent, Monthly, Seasonally Adjusted (All size classes)","Layoffs and Discharges: Total nonfarm in South Carolina - Rate in Percent, Monthly, Seasonally Adjusted (All size classes)","Other separations: Total private - Rate in Percent, Monthly, Seasonally Adjusted (10 to 49 employees)","Hires: Total nonfarm in Pennsylvania - Rate in Percent, Monthly, Seasonally Adjusted (All size classes)","Hires: Arts, entertainment, and recreation - Rate in Percent, Monthly, Seasonally Adjusted (All size classes)","Other separations: Total private - Rate in Percent, Monthly, Seasonally Adjusted (250 to 999 employees)","Hires: Total nonfarm in Virginia - Rate in Percent, Monthly, Seasonally Adjusted (All size classes)","Other separations: Total nonfarm in Northeast region - Rate in Percent, Monthly, Seasonally Adjusted (All size classes)","Hires: Total nonfarm in South Dakota - Rate in Percent, Monthly, Seasonally Adjusted (All size classes)","Other separations: Total private - Rate in Percent, Monthly, Seasonally Adjusted (5,000 or more employees)","Hires: Total nonfarm in Wisconsin - Rate in Percent, Monthly, Seasonally Adjusted (All size classes)","Job Openings: Finance and insurance - Rate in Percent, Monthly, Seasonally Adjusted (All size classes)","Hires: Total nonfarm in Texas - Rate in Percent, Monthly, Seasonally Adjusted (All size classes)","Other separations: Total private - Rate in Percent, Monthly, Seasonally Adjusted (1,000 to 4,999 employees)","Hires: Professional and business services - Rate in Percent, Monthly, Seasonally Adjusted (All size classes)","Quits: Arts, entertainment, and recreation - Rate in Percent, Monthly, Seasonally Adjusted (All size classes)","Job Openings: Federal - Rate in Percent, Monthly, Seasonally Adjusted (All size classes)","Hires: Wholesale trade - Rate in Percent, Monthly, Seasonally Adjusted (All size classes)","Other separations: Total private - Rate in Percent, Monthly, Seasonally Adjusted (1 to 9 employees)","Other separations: Arts, entertainment, and recreation - Rate in Percent, Monthly, Seasonally Adjusted (All size classes)","Hires: State and local government education - Rate in Percent, Monthly, Seasonally Adjusted (All size classes)","Hires: Real estate and rental and leasing - Rate in Percent, Monthly, Seasonally Adjusted (All size classes)","Hires: Total nonfarm in West Virginia - Rate in Percent, Monthly, Seasonally Adjusted (All size classes)","Job Openings: Real estate and rental and leasing - Rate in Percent, Monthly, Seasonally Adjusted (All size classes)","Hires: Federal - Rate in Percent, Monthly, Seasonally Adjusted (All size classes)","Hires: Total nonfarm in Oregon - Rate in Percent, Monthly, Seasonally Adjusted (All size classes)","Hires: Private educational services - Rate in Percent, Monthly, Seasonally Adjusted (All size classes)","Quits: Total private - Rate in Percent, Monthly, Seasonally Adjusted (1 to 9 employees)","Other separations: Real estate and rental and leasing - Rate in Percent, Monthly, Seasonally Adjusted (All size classes)","Hires: Other services - Rate in Percent, Monthly, Seasonally Adjusted (All size classes)","Other separations: State and local government education - Rate in Percent, Monthly, Seasonally Adjusted (All size classes)","Quits: Information - Rate in Percent, Monthly, Seasonally Adjusted (All size classes)","Other separations: Nondurable goods manufacturing - Rate in Percent, Monthly, Seasonally Adjusted (All size classes)","Quits: Finance and insurance - Rate in Percent, Monthly, Seasonally Adjusted (All size classes)","Other separations: Total nonfarm in South region - Rate in Percent, Monthly, Seasonally Adjusted (All size classes)","Hires: Total nonfarm in Utah - Rate in Percent, Monthly, Seasonally Adjusted (All size classes)","Other separations: Government - Rate in Percent, Monthly, Seasonally Adjusted (All size classes)","Quits: Total nonfarm in Vermont - Rate in Percent, Monthly, Seasonally Adjusted (All size classes)","Quits: Federal - Rate in Percent, Monthly, Seasonally Adjusted (All size classes)","Other separations: Mining and logging - Rate in Percent, Monthly, Seasonally Adjusted (All size classes)","Other separations: Total nonfarm in West region - Rate in Percent, Monthly, Seasonally Adjusted (All size classes)","Other separations: State and local government, excluding education - Rate in Percent, Monthly, Seasonally Adjusted (All size classes)","Other separations: Construction - Rate in Percent, Monthly, Seasonally Adjusted (All size classes)","Other separations: Durable goods manufacturing - Rate in Percent, Monthly, Seasonally Adjusted (All size classes)","Other separations: Other services - Rate in Percent, Monthly, Seasonally Adjusted (All size classes)","Hires: State and local government, excluding education - Rate in Percent, Monthly, Seasonally Adjusted (All size classes)","Other separations: Information - Rate in Percent, Monthly, Seasonally Adjusted (All size classes)","Other separations: Transportation, warehousing, and utilities - Rate in Percent, Monthly, Seasonally Adjusted (All size classes)","Other separations: Wholesale trade - Rate in Percent, Monthly, Seasonally Adjusted (All size classes)","Other separations: Manufacturing - Rate in Percent, Monthly, Seasonally Adjusted (All size classes)","Hires: Total nonfarm in Washington - Rate in Percent, Monthly, Seasonally Adjusted (All size classes)","Other separations: Leisure and hospitality - Rate in Percent, Monthly, Seasonally Adjusted (All size classes)","Other separations: Finance and insurance - Rate in Percent, Monthly, Seasonally Adjusted (All size classes)","Other separations: Total private - Rate in Percent, Monthly, Seasonally Adjusted (All size classes)","Hires: Information - Rate in Percent, Monthly, Seasonally Adjusted (All size classes)","Other separations: Total private - Rate in Percent, Monthly, Seasonally Adjusted (50 to 249 employees)","Hires: Total nonfarm in Rhode Island - Rate in Percent, Monthly, Seasonally Adjusted (All size classes)","Quits: Total nonfarm in Virginia - Rate in Percent, Monthly, Seasonally Adjusted (All size classes)","Other separations: Federal - Rate in Percent, Monthly, Seasonally Adjusted (All size classes)","Quits: Total nonfarm in Washington - Rate in Percent, Monthly, Seasonally Adjusted (All size classes)","Other separations: Private education and health services - Rate in Percent, Monthly, Seasonally Adjusted (All size classes)","Hires: Total nonfarm in Vermont - Rate in Percent, Monthly, Seasonally Adjusted (All size classes)","Quits: Private educational services - Rate in Percent, Monthly, Seasonally Adjusted (All size classes)","Hires: Total private - Rate in Percent, Monthly, Seasonally Adjusted (1 to 9 employees)"
0,0.2,0.3,3.2,1.4,0.2,0.2,3.8,1.8,1.6,0.2,6.1,4.4,3.4,3.9,1.2,0.3,3.2,7.3,0.2,4.0,0.2,4.5,0.2,3.7,3.5,4.3,0.2,5.7,2.3,2.4,2.7,0.4,0.3,1.6,3.9,4.1,3.2,1.5,4.7,2.3,2.2,0.4,2.5,0.2,1.6,0.2,1.9,0.3,4.4,0.2,2.3,0.6,0.4,0.3,0.2,0.4,0.3,0.0,1.8,0.2,0.6,0.2,0.3,5.0,0.3,0.2,0.3,3.0,0.2,3.7,2.3,0.3,2.9,0.2,4.3,0.9,3.7
1,0.2,0.3,3.2,1.7,0.2,0.5,3.6,1.4,2.4,0.3,7.2,4.7,3.6,4.4,1.5,0.3,3.1,7.0,0.2,4.1,0.3,5.5,0.2,4.3,3.2,4.1,0.2,6.7,1.9,2.4,2.5,0.6,0.1,1.5,3.8,3.7,2.3,1.5,4.4,2.4,2.4,0.0,3.5,0.2,2.7,0.2,1.8,0.3,4.4,0.2,2.3,0.7,0.3,0.3,0.3,0.3,0.3,0.4,1.8,0.3,0.2,0.1,0.2,4.9,0.3,0.4,0.3,4.6,0.2,3.9,2.5,0.3,3.1,0.2,3.6,1.0,4.1
2,0.2,0.1,2.0,1.3,0.2,0.3,3.1,2.7,2.6,0.4,7.1,3.7,3.8,3.9,1.1,0.2,3.2,7.1,0.2,3.5,0.2,5.0,0.2,4.0,3.6,3.7,0.2,5.5,2.9,2.2,2.8,0.4,0.2,1.8,4.0,4.5,2.1,1.0,5.0,2.5,2.4,0.1,3.7,0.2,1.8,0.2,1.8,0.3,4.6,0.2,2.6,0.6,0.9,0.3,0.2,0.1,0.2,0.4,1.9,0.3,0.2,0.1,0.2,4.6,0.4,0.3,0.2,3.6,0.2,4.1,2.2,0.3,2.5,0.3,4.3,1.0,4.4
3,0.3,0.3,2.0,1.7,0.2,0.3,4.1,1.9,2.9,0.3,8.4,4.1,4.2,4.7,1.5,0.4,3.7,7.5,0.3,4.1,0.3,5.0,0.4,4.3,3.6,4.3,0.2,5.6,2.7,2.1,2.5,0.3,0.2,1.6,3.3,4.8,4.0,1.4,4.2,3.6,2.3,0.0,4.4,0.2,1.8,0.2,2.0,0.3,4.8,0.2,2.6,0.7,0.3,0.2,0.2,0.4,0.3,0.4,1.8,0.4,0.2,0.3,0.3,5.0,0.3,0.2,0.3,3.0,0.3,4.1,2.1,0.2,2.8,0.2,5.0,1.2,3.9
4,0.3,0.3,2.1,1.7,0.2,0.4,2.9,2.1,2.9,0.2,6.7,3.5,4.1,4.5,1.1,0.4,4.3,8.2,0.2,4.2,0.2,4.0,0.3,3.7,3.1,3.9,0.2,4.6,3.6,2.3,2.7,0.2,0.0,1.6,3.4,4.8,1.6,1.3,4.1,2.6,2.1,0.2,4.0,0.2,2.7,0.2,1.4,0.3,4.4,0.3,2.6,0.6,0.2,0.3,0.3,0.4,0.3,0.3,1.7,0.3,0.2,0.2,0.3,4.5,0.2,0.3,0.3,3.4,0.3,4.1,2.5,0.3,2.9,0.2,4.3,1.2,3.8
5,0.3,0.5,1.8,1.8,0.2,0.3,4.3,1.8,2.6,0.1,7.0,3.7,3.4,4.3,1.3,0.4,2.7,8.3,0.2,3.9,0.3,5.3,0.3,4.1,3.5,3.7,0.2,5.7,3.5,2.4,3.0,0.3,0.0,1.6,3.0,4.7,2.5,1.4,5.3,3.0,2.3,0.2,2.7,0.2,2.2,0.1,1.2,0.3,5.1,0.2,2.6,0.7,0.2,0.2,0.2,0.4,0.3,0.0,2.0,0.2,0.2,0.3,0.2,4.7,0.3,0.4,0.3,3.1,0.2,3.9,2.0,0.2,2.4,0.2,4.6,1.4,4.0
6,0.3,0.4,2.2,2.1,0.2,0.2,5.3,1.4,2.5,0.4,6.6,3.7,3.4,3.6,1.8,0.3,3.5,8.6,0.2,3.5,0.2,4.8,0.3,3.4,3.7,4.2,0.2,5.6,3.5,2.2,2.1,0.3,0.0,1.6,3.6,4.5,2.1,1.4,3.9,1.9,2.0,0.7,3.1,0.2,2.0,0.2,1.4,0.3,3.9,0.2,2.3,0.5,0.5,0.3,0.2,0.3,0.3,0.0,1.9,0.3,0.2,0.2,0.3,4.1,0.3,0.5,0.3,3.1,0.3,4.6,2.1,0.3,2.3,0.3,4.6,1.6,3.6
7,0.4,0.5,2.5,1.9,0.2,0.3,4.4,2.0,2.7,0.3,6.5,4.0,4.7,4.2,1.9,0.3,3.4,9.0,0.3,3.6,0.3,4.5,0.2,3.8,3.3,4.0,0.2,5.7,3.2,1.8,2.6,0.5,0.2,1.4,3.4,4.1,2.7,1.6,3.9,2.7,2.3,0.4,3.5,0.2,2.4,0.2,1.9,0.3,4.3,0.2,2.6,0.6,1.3,0.2,0.2,0.6,0.3,0.3,2.0,0.5,0.3,0.1,0.2,4.3,0.3,0.3,0.3,3.3,0.3,4.0,2.3,0.3,2.3,0.2,4.9,1.1,3.8
8,0.3,0.6,2.2,2.2,0.2,0.2,3.7,2.5,2.4,0.2,6.0,3.9,4.5,5.0,1.6,0.3,2.9,8.4,0.2,5.0,0.3,4.8,0.2,4.1,3.1,4.2,0.2,6.0,3.6,1.9,2.8,0.7,0.4,1.5,3.2,5.3,2.8,1.3,3.9,3.5,2.2,0.2,3.8,0.2,2.2,0.2,1.5,0.3,4.2,0.2,2.3,0.7,0.2,0.4,0.3,0.5,0.4,0.1,2.0,0.2,0.3,0.2,0.3,3.9,0.3,0.5,0.3,3.2,0.3,3.9,2.5,0.4,2.2,0.3,4.6,1.0,4.0
9,0.3,0.6,1.9,1.9,0.3,0.3,3.8,2.2,2.3,0.2,6.3,3.8,4.3,4.3,1.6,0.3,3.1,7.5,0.2,3.9,0.3,5.6,0.3,3.4,3.5,3.7,0.2,5.2,2.9,1.9,2.5,0.3,0.2,1.6,3.9,4.8,2.4,0.9,3.7,2.9,2.2,0.3,3.5,0.2,1.7,0.2,1.2,0.3,3.8,0.3,2.7,0.6,0.5,0.3,0.3,0.4,0.2,0.2,1.5,0.2,0.3,0.2,0.2,3.7,0.3,0.1,0.3,2.9,0.3,4.0,2.2,0.3,2.1,0.2,4.6,1.1,3.8
10,0.3,0.3,1.9,2.5,0.2,0.3,3.8,2.5,2.4,0.3,6.7,3.6,3.8,4.3,1.8,0.3,4.0,7.8,0.3,4.2,0.3,4.8,0.2,3.3,2.7,3.8,0.2,5.2,2.2,2.1,2.8,0.2,0.1,1.4,3.6,4.7,2.4,1.3,3.8,2.9,2.1,0.2,4.0,0.1,2.1,0.2,1.2,0.3,4.5,0.2,2.7,0.6,0.3,0.3,0.3,0.4,0.3,0.1,1.7,0.1,0.5,0.2,0.2,3.8,0.4,0.3,0.3,2.9,0.3,4.2,2.5,0.3,2.2,0.2,5.6,1.0,3.9
11,0.2,0.5,2.0,1.6,0.2,0.2,3.9,2.2,2.6,0.3,6.7,3.5,4.1,4.2,1.8,0.2,3.3,6.5,0.3,3.8,0.3,4.2,0.3,3.3,2.7,3.7,0.4,5.0,2.9,1.9,2.6,0.2,0.2,1.5,4.4,4.6,2.2,1.2,4.4,2.8,1.8,0.3,3.7,0.2,1.9,0.2,1.2,0.3,4.3,0.2,2.3,0.7,0.5,0.3,0.2,0.2,0.2,0.1,1.6,0.1,0.3,0.1,0.2,4.0,0.2,0.5,0.3,3.2,0.3,4.0,2.2,0.4,2.4,0.2,4.3,0.9,3.8
12,0.3,0.6,1.1,0.9,0.2,0.3,3.1,2.4,2.1,0.2,6.7,3.4,3.8,4.6,1.5,0.3,3.1,7.0,0.3,4.3,0.3,4.5,0.2,3.3,2.7,3.6,0.3,5.0,3.6,1.7,2.6,0.3,0.1,1.6,3.3,4.0,2.0,1.5,3.9,2.1,2.0,0.2,3.8,0.2,2.0,0.2,1.1,0.3,4.1,0.2,2.7,0.9,0.3,0.3,0.2,0.2,0.2,0.3,1.6,0.1,0.3,0.2,0.2,3.6,0.3,0.4,0.3,3.0,0.3,3.8,2.4,0.5,2.1,0.2,4.0,1.1,4.2
13,0.2,0.6,2.5,1.8,0.2,0.2,3.6,2.0,2.5,0.2,6.3,3.7,3.9,3.7,1.6,0.3,3.5,6.4,0.3,4.1,0.3,4.5,0.2,3.4,3.8,4.0,0.2,5.4,3.7,1.7,2.9,0.2,0.1,1.5,3.8,8.0,3.5,1.4,4.0,2.8,2.2,0.2,3.7,0.2,1.8,0.2,1.4,0.3,4.4,0.2,2.7,0.7,0.6,0.4,0.2,0.2,0.3,0.3,1.5,0.2,0.3,0.2,0.3,3.9,0.2,0.2,0.3,3.0,0.3,5.0,2.5,0.3,2.2,0.2,4.7,1.0,3.8
14,0.3,0.5,2.2,2.2,0.2,0.3,3.2,2.1,2.4,0.1,6.3,3.8,3.9,4.2,1.3,0.3,3.4,7.4,0.3,4.1,0.3,4.3,0.3,3.2,2.2,3.9,0.3,5.1,3.8,1.8,2.6,0.3,0.2,1.3,3.3,5.1,1.4,1.6,3.8,2.4,1.9,0.0,3.5,0.2,1.7,0.2,1.1,0.3,4.4,0.3,2.3,0.9,0.2,0.3,0.3,0.3,0.3,0.3,1.6,0.4,0.2,0.2,0.3,3.8,0.3,0.2,0.3,2.6,0.3,3.5,2.3,0.5,2.2,0.2,4.3,1.0,4.1
15,0.3,0.5,2.4,1.2,0.3,0.2,2.8,1.8,2.2,0.1,6.3,3.5,3.7,3.7,1.7,0.2,3.2,7.8,0.3,4.2,0.3,4.3,0.2,2.7,3.1,4.1,0.3,5.3,4.0,1.9,2.9,0.4,0.1,1.6,3.8,4.1,1.6,1.4,4.0,2.4,1.6,0.3,2.9,0.2,1.8,0.2,1.2,0.3,4.1,0.3,2.3,0.8,0.8,0.3,0.3,0.5,0.3,0.2,1.6,0.2,0.3,0.1,0.2,3.4,0.3,0.4,0.3,2.8,0.3,3.7,2.2,0.3,2.1,0.3,4.3,1.0,3.8
16,0.3,0.5,2.5,0.7,0.2,0.3,2.8,1.9,2.5,0.1,6.4,4.1,4.6,4.1,1.8,0.3,3.2,7.2,0.3,4.1,0.3,4.5,0.3,3.3,3.0,3.9,0.2,5.3,3.2,1.8,2.6,0.4,0.1,1.4,3.7,4.7,2.3,1.8,4.2,2.4,1.9,0.2,3.3,0.2,1.5,0.2,1.5,0.3,4.5,0.3,2.3,0.8,0.4,0.3,0.3,0.3,0.3,0.3,1.7,0.2,0.2,0.2,0.2,4.0,0.3,0.3,0.3,2.7,0.3,3.5,2.5,0.4,2.2,0.3,4.3,1.2,3.7
17,0.3,0.5,1.3,1.5,0.2,0.2,2.9,2.4,2.4,0.2,6.1,3.8,4.0,3.9,1.3,0.3,3.5,7.3,0.3,4.2,0.2,4.2,0.3,3.2,2.7,4.2,0.3,5.3,4.0,1.9,2.8,0.3,0.2,1.6,3.3,5.5,2.1,1.8,3.9,2.4,2.1,0.3,3.6,0.2,1.5,0.2,1.3,0.3,4.3,0.2,2.3,0.6,0.6,0.2,0.2,0.2,0.3,0.0,1.5,0.2,0.3,0.2,0.2,4.2,0.2,0.1,0.3,2.4,0.2,3.7,2.4,0.3,2.2,0.2,4.3,0.9,3.7
18,0.3,0.4,1.8,1.6,0.3,0.3,3.1,2.3,1.9,0.1,6.5,4.0,3.7,3.9,1.3,0.3,3.4,7.2,0.3,4.2,0.3,4.5,0.2,3.3,3.0,4.7,0.2,4.8,2.7,1.1,2.8,0.2,0.2,1.6,3.5,4.3,3.0,1.3,3.7,3.2,1.8,0.0,4.3,0.2,1.6,0.2,1.1,0.2,4.3,0.3,2.3,1.0,0.4,0.3,0.3,0.1,0.3,0.3,1.3,0.2,0.3,0.3,0.2,4.0,0.3,0.2,0.3,2.7,0.3,3.7,2.5,0.4,1.7,0.2,4.7,0.6,4.1
19,0.3,0.5,2.3,1.3,0.3,0.4,3.7,2.1,2.6,0.1,7.0,3.5,4.0,4.9,1.6,0.3,3.7,5.6,0.3,4.3,0.3,4.5,0.3,3.1,2.5,4.1,0.2,5.2,3.2,1.7,2.9,0.2,0.1,1.5,3.8,4.7,1.5,1.5,4.2,2.4,2.2,0.3,3.4,0.3,1.7,0.3,1.3,0.3,4.5,0.3,2.0,1.0,0.8,0.4,0.3,0.2,0.3,0.3,1.6,0.1,0.3,0.2,0.3,4.2,0.2,0.2,0.3,2.5,0.3,3.7,2.6,0.4,2.0,0.3,4.7,1.3,4.3
20,0.3,0.4,2.1,1.7,0.3,0.4,4.2,2.1,2.4,0.2,6.3,3.6,3.9,4.0,1.7,0.3,3.3,7.8,0.3,3.9,0.3,4.2,0.3,3.9,2.7,3.8,0.2,5.3,3.1,1.8,2.7,0.2,0.1,1.5,3.8,4.6,1.8,1.9,4.1,1.9,2.2,0.3,3.9,0.3,1.6,0.1,1.2,0.3,4.1,0.3,2.0,0.9,0.5,0.3,0.3,0.4,0.3,0.3,1.7,0.1,0.4,0.2,0.2,4.0,0.2,0.2,0.3,2.6,0.3,3.7,2.4,0.4,2.4,0.2,4.4,1.7,3.8
21,0.3,0.4,1.8,1.6,0.3,0.3,3.3,2.2,2.5,0.2,7.0,3.2,3.8,3.9,1.4,0.3,3.2,7.8,0.3,4.4,0.3,4.2,0.2,3.4,2.3,4.0,0.2,5.1,3.3,1.7,2.9,0.3,0.1,1.1,3.7,4.3,1.4,2.0,5.3,2.2,2.1,0.3,4.0,0.3,2.0,0.2,1.2,0.3,4.7,0.3,2.0,0.9,0.5,0.3,0.3,0.3,0.3,0.2,1.8,0.2,0.4,0.3,0.2,4.6,0.3,0.3,0.3,2.5,0.3,3.3,2.4,0.4,2.2,0.3,3.7,1.0,4.1
22,0.3,0.4,1.5,1.2,0.3,0.2,3.1,2.2,2.2,0.2,6.7,3.6,4.2,3.9,1.4,0.3,3.3,6.1,0.3,4.3,0.3,4.2,0.3,3.2,3.5,3.7,0.3,5.3,2.9,1.1,2.7,0.2,0.2,1.5,2.9,4.3,2.8,1.9,4.1,2.0,2.1,0.4,3.7,0.3,1.3,0.3,1.3,0.3,4.1,0.3,2.3,0.8,0.6,0.3,0.3,0.2,0.3,0.2,1.5,0.2,0.4,0.2,0.3,3.6,0.2,0.2,0.3,2.8,0.3,3.5,2.1,0.4,1.8,0.2,4.3,1.3,3.8
23,0.2,0.4,2.0,1.4,0.3,0.3,3.3,2.0,1.9,0.1,6.2,3.5,4.0,3.7,1.4,0.3,3.4,7.8,0.3,4.3,0.3,3.7,0.3,3.0,3.2,3.8,0.2,5.2,1.6,1.8,2.8,0.4,0.1,1.6,3.7,4.4,1.5,1.9,4.0,1.8,2.1,0.4,3.5,0.3,1.7,0.3,1.1,0.4,3.9,0.3,2.0,0.9,0.7,0.3,0.3,0.3,0.4,0.3,1.5,0.2,0.3,0.4,0.3,3.7,0.2,0.2,0.3,2.7,0.3,3.7,2.4,0.3,1.8,0.2,4.4,1.3,3.2
24,0.3,0.5,2.4,1.5,0.4,0.3,3.5,2.2,2.1,0.3,6.6,3.5,4.1,3.8,1.6,0.3,3.4,8.4,0.3,3.7,0.3,4.8,0.3,3.1,2.9,4.3,0.2,5.4,2.4,1.5,2.7,0.4,0.2,1.3,4.0,4.2,1.9,1.5,3.7,2.3,2.3,0.2,3.4,0.3,2.0,0.1,1.2,0.3,4.6,0.4,2.0,0.8,0.3,0.3,0.4,0.6,0.2,0.1,1.7,0.3,0.4,0.2,0.2,3.9,0.3,0.3,0.3,2.4,0.3,3.5,1.9,0.3,2.3,0.2,4.4,1.1,4.3
25,0.3,0.5,1.7,1.3,0.3,0.4,3.3,2.4,2.2,0.2,7.1,3.3,3.8,4.1,1.3,0.3,3.2,8.5,0.3,4.3,0.4,5.0,0.3,3.1,2.6,3.9,0.3,5.4,2.6,2.0,2.7,0.5,0.1,1.6,4.1,4.3,2.3,1.6,5.2,2.3,2.1,0.4,4.1,0.3,1.9,0.2,1.3,0.3,4.4,0.3,2.3,0.7,0.6,0.3,0.2,0.3,0.3,0.2,1.6,0.1,0.5,0.3,0.3,4.4,0.3,0.3,0.3,2.8,0.3,3.7,1.8,0.4,2.1,0.3,5.3,1.3,4.7
26,0.2,0.4,2.8,1.6,0.2,0.4,3.9,2.1,2.2,0.2,5.4,3.1,3.7,3.5,1.7,0.3,3.8,7.4,0.3,4.3,0.3,4.0,0.2,2.7,2.2,3.9,0.2,5.4,2.8,1.6,2.6,0.2,0.0,1.4,4.1,3.7,2.8,1.3,4.0,2.4,2.8,0.4,3.9,0.3,1.6,0.2,1.2,0.3,3.9,0.3,2.0,0.6,0.9,0.3,0.2,0.2,0.4,0.2,1.5,0.1,0.5,0.2,0.3,3.9,0.2,0.3,0.3,2.6,0.3,3.5,2.4,0.4,2.1,0.2,4.7,1.1,3.8
27,0.3,0.6,2.1,1.8,0.3,0.3,3.2,2.3,2.1,0.1,6.2,3.2,3.6,3.9,1.5,0.4,2.8,7.4,0.3,4.0,0.3,3.7,0.2,2.8,2.4,3.6,0.3,4.3,2.6,1.8,2.5,0.3,0.2,1.2,4.2,4.0,2.7,1.5,3.2,2.2,2.0,0.1,3.5,0.3,1.5,0.2,1.2,0.3,3.9,0.3,2.0,0.6,0.5,0.3,0.3,0.2,0.3,0.1,1.5,0.2,0.4,0.2,0.3,3.4,0.6,0.0,0.3,2.7,0.3,3.5,2.5,0.5,1.9,0.2,4.0,1.5,4.1
28,0.3,0.5,3.2,1.6,0.3,0.1,2.3,2.0,1.5,0.2,6.9,3.8,3.4,3.8,1.5,0.3,3.0,8.3,0.3,4.4,0.3,4.0,0.2,3.1,2.5,3.7,0.2,4.9,2.6,1.0,2.5,0.3,0.2,1.5,4.8,4.3,2.5,0.9,4.0,2.7,2.4,0.2,3.5,0.3,1.5,0.2,1.4,0.3,3.6,0.3,2.0,0.8,0.8,0.3,0.2,0.2,0.4,0.4,1.6,0.2,0.4,0.4,0.3,3.9,0.2,0.2,0.3,2.0,0.2,3.1,2.1,0.4,1.8,0.2,4.0,1.0,4.2
29,0.2,0.3,2.1,1.5,0.3,0.3,4.5,1.9,2.3,0.1,6.7,3.1,3.7,3.7,1.6,0.2,3.2,9.2,0.3,4.2,0.3,4.0,0.2,3.0,2.8,3.6,0.2,5.0,2.2,1.6,2.5,0.3,0.1,1.2,4.2,4.3,1.7,1.2,4.1,2.5,1.7,0.3,3.5,0.3,1.8,0.3,1.0,0.3,4.0,0.3,2.0,0.7,0.6,0.3,0.2,0.2,0.2,0.3,1.4,0.1,0.4,0.2,0.2,3.2,0.2,0.3,0.3,3.0,0.3,3.5,2.0,0.5,1.7,0.2,4.7,0.9,3.9
30,0.2,0.3,2.1,1.2,0.2,0.3,4.8,1.6,2.4,0.2,6.9,3.1,4.0,4.0,1.6,0.3,3.0,7.5,0.2,4.2,0.3,4.0,0.2,3.0,2.5,3.6,0.2,4.9,3.0,2.0,2.3,0.3,0.1,1.5,3.7,4.5,2.6,1.4,4.3,2.6,2.2,0.2,3.6,0.2,1.5,0.2,1.1,0.3,4.6,0.2,2.3,0.6,0.5,0.3,0.2,0.3,0.2,0.2,1.5,0.1,0.4,0.1,0.2,4.3,0.2,0.5,0.3,2.7,0.2,3.7,2.5,0.4,1.9,0.2,4.3,1.1,3.9
31,0.2,0.3,1.7,1.7,0.2,0.2,3.4,2.0,2.3,0.2,6.8,2.9,3.7,3.7,1.4,0.3,2.9,7.3,0.2,4.3,0.2,4.0,0.3,2.9,2.7,3.7,0.2,5.0,2.2,2.2,2.8,0.2,0.1,1.7,3.9,4.3,3.4,1.2,4.0,2.4,1.8,0.2,3.9,0.2,1.4,0.3,0.9,0.3,4.2,0.2,1.7,0.6,0.4,0.3,0.3,0.2,0.2,0.2,1.3,0.2,0.4,0.3,0.2,4.0,0.2,0.3,0.3,2.7,0.3,3.5,2.0,0.2,1.8,0.2,4.3,0.8,3.8
32,0.2,0.4,2.1,1.4,0.3,0.2,4.2,1.8,2.1,0.2,7.5,2.7,3.6,3.9,1.6,0.3,3.2,7.5,0.2,4.2,0.2,4.0,0.2,3.0,3.0,3.7,0.2,5.0,2.8,2.0,2.5,0.2,0.1,0.9,3.9,4.3,2.1,1.2,4.2,2.6,2.0,0.5,3.2,0.2,1.5,0.3,1.2,0.3,4.7,0.3,2.0,0.8,0.9,0.3,0.3,0.2,0.2,0.3,1.4,0.1,0.2,0.2,0.2,3.7,0.2,0.3,0.2,2.5,0.3,4.7,2.1,0.3,1.5,0.2,4.7,1.3,4.2
33,0.2,0.3,2.0,1.3,0.3,0.3,3.4,2.3,2.2,0.2,6.7,3.1,3.7,3.9,1.4,0.3,3.0,7.5,0.2,4.6,0.3,4.0,0.2,3.5,2.7,4.1,0.2,5.0,3.0,1.7,2.8,0.3,0.2,0.9,3.6,4.3,2.0,1.2,4.4,2.5,2.2,1.0,3.8,0.2,1.4,0.3,1.2,0.3,4.0,0.3,2.0,0.6,0.5,0.3,0.3,0.2,0.3,0.2,1.7,0.1,0.4,0.2,0.3,3.8,0.2,0.3,0.3,2.7,0.3,3.5,2.0,0.3,2.0,0.2,4.7,1.3,4.1
34,0.2,0.3,2.2,1.4,0.2,0.3,4.0,1.8,2.2,0.1,6.5,3.2,4.1,4.5,1.6,0.3,3.2,7.4,0.2,4.2,0.3,4.0,0.2,3.0,2.8,4.1,0.2,5.0,2.8,1.9,2.8,0.5,0.2,1.7,3.5,4.4,2.3,1.4,4.7,3.7,1.9,0.3,3.7,0.2,1.8,0.2,1.2,0.3,4.9,0.2,2.0,0.6,0.7,0.3,0.3,0.2,0.3,0.4,1.6,0.1,0.4,0.3,0.2,4.1,0.4,0.5,0.3,2.7,0.2,3.9,2.2,0.4,2.2,0.2,4.7,1.2,4.1
35,0.3,0.2,2.2,1.6,0.3,0.3,3.3,2.6,2.4,0.2,7.1,3.4,4.2,4.0,1.8,0.3,2.8,7.4,0.2,4.1,0.3,4.2,0.2,3.2,2.9,3.7,0.2,5.0,2.8,1.7,2.4,0.3,0.1,1.2,3.6,4.5,2.8,1.3,4.2,2.8,2.3,0.1,4.3,0.2,1.4,0.2,1.2,0.3,4.6,0.3,2.0,0.6,0.2,0.2,0.3,0.3,0.3,0.1,1.5,0.2,0.4,0.3,0.2,3.6,0.3,0.4,0.3,2.4,0.2,3.7,2.1,0.5,1.7,0.2,4.7,1.0,4.2
36,0.3,0.2,1.7,1.5,0.3,0.3,4.2,2.2,2.7,0.3,6.9,3.1,4.9,4.0,1.5,0.3,3.1,7.5,0.3,4.1,0.3,4.0,0.2,3.2,2.7,3.8,0.2,5.2,2.4,1.9,2.9,0.2,0.1,1.4,3.8,4.7,1.6,1.5,4.4,2.5,2.3,0.4,4.0,0.2,1.3,0.2,1.4,0.3,5.0,0.3,1.7,0.5,0.4,0.2,0.3,0.3,0.3,0.3,1.6,0.2,0.3,0.2,0.3,4.1,0.2,0.3,0.3,2.9,0.2,4.1,2.1,0.5,1.6,0.2,5.6,1.2,3.9
37,0.2,0.2,1.6,1.1,0.2,0.3,3.5,2.4,2.3,0.1,6.8,3.0,4.7,4.1,1.8,0.3,3.5,7.3,0.2,4.0,0.3,4.2,0.2,3.5,3.6,3.4,0.2,5.1,2.0,2.0,2.9,0.2,0.1,1.2,3.4,4.4,2.3,1.3,4.1,2.3,1.8,0.1,3.5,0.2,1.0,0.2,1.3,0.3,4.5,0.3,1.7,0.7,0.4,0.2,0.2,0.4,0.2,0.2,1.6,0.2,0.4,0.2,0.2,3.7,0.3,0.4,0.3,2.3,0.3,4.1,1.9,0.6,1.5,0.2,4.6,1.2,4.3
38,0.2,0.3,1.9,1.7,0.3,0.2,3.9,2.3,2.4,0.2,6.6,3.3,4.1,4.1,1.9,0.2,3.4,7.4,0.2,4.1,0.3,3.9,0.2,3.4,3.5,3.7,0.2,4.4,2.1,1.9,2.8,0.4,0.2,1.4,3.2,4.7,2.3,1.6,4.2,2.5,2.1,0.5,3.6,0.2,1.6,0.2,1.3,0.3,3.9,0.3,2.0,0.8,0.4,0.2,0.4,0.2,0.2,0.1,1.6,0.2,0.3,0.2,0.2,3.6,0.2,0.3,0.2,3.0,0.2,4.1,2.5,0.3,1.9,0.3,5.0,1.2,3.4
39,0.2,0.3,1.8,1.2,0.2,0.4,4.0,2.5,2.5,0.1,7.9,4.3,4.9,3.7,1.7,0.3,3.4,7.7,0.2,4.7,0.2,4.2,0.2,3.4,3.0,4.0,0.3,5.0,2.4,1.9,3.6,0.3,0.2,1.7,3.9,4.8,1.6,1.3,4.5,2.6,2.5,0.2,4.0,0.2,1.5,0.2,1.2,0.3,4.7,0.3,2.3,0.6,0.6,0.3,0.3,0.3,0.3,0.2,1.7,0.1,0.2,0.7,0.2,4.2,0.2,0.5,0.3,2.6,0.3,3.7,2.5,0.4,2.2,0.1,4.3,1.0,4.3
40,0.2,0.3,2.5,1.7,0.2,0.2,4.1,2.4,2.5,0.2,6.6,3.8,4.6,3.5,1.9,0.3,4.6,7.5,0.2,4.1,0.3,4.2,0.2,3.0,3.5,4.1,0.2,5.2,2.8,2.0,3.3,0.1,0.1,1.5,4.1,5.0,1.7,1.9,4.9,2.2,2.2,0.3,3.9,0.2,1.6,0.2,1.5,0.2,4.9,0.2,2.3,0.4,0.7,0.2,0.2,0.2,0.2,0.1,1.4,0.2,0.4,0.2,0.2,4.7,0.2,0.4,0.2,2.6,0.3,3.9,2.1,0.3,2.1,0.2,5.0,1.3,4.5
41,0.2,0.3,3.0,1.1,0.2,0.3,3.7,2.4,2.2,0.2,6.7,3.7,4.4,4.0,1.8,0.2,3.4,8.3,0.2,4.4,0.3,3.9,0.2,3.0,3.4,4.1,0.2,4.9,2.5,1.1,2.8,0.3,0.2,1.4,5.3,5.0,1.8,0.9,4.6,2.1,2.0,0.2,3.8,0.2,1.1,0.2,1.4,0.2,4.6,0.3,2.0,0.7,0.3,0.3,0.3,0.2,0.2,0.3,1.5,0.2,0.3,0.1,0.2,3.5,0.2,0.2,0.3,2.5,0.3,4.1,2.3,0.5,2.0,0.2,4.3,1.3,4.1
42,0.3,0.4,3.0,1.7,0.2,0.4,3.4,2.5,2.8,0.1,7.0,3.4,4.7,3.8,1.4,0.3,3.8,7.8,0.3,4.4,0.3,4.7,0.2,3.1,2.9,4.0,0.2,5.3,2.3,1.8,3.3,0.2,0.2,1.2,5.2,5.0,2.0,1.4,4.5,2.2,2.3,0.4,3.7,0.2,1.6,0.3,1.5,0.3,4.4,0.3,2.0,0.5,0.5,0.3,0.3,0.2,0.2,0.2,1.5,0.1,0.3,0.2,0.2,3.5,0.2,0.4,0.3,3.2,0.3,3.7,2.1,0.4,2.1,0.2,4.6,1.3,4.4
43,0.2,0.3,3.3,1.7,0.2,0.4,3.5,2.3,2.1,0.1,5.8,3.4,4.2,3.9,1.6,0.3,3.3,8.2,0.2,4.3,0.3,3.7,0.2,3.2,3.9,4.0,0.2,4.9,2.9,1.5,2.8,0.3,0.2,1.2,4.5,4.8,1.8,1.3,4.5,2.4,2.9,0.1,3.8,0.2,1.3,0.2,1.5,0.2,4.3,0.3,2.3,0.4,0.3,0.3,0.3,0.2,0.2,0.2,1.7,0.2,0.3,0.1,0.2,3.3,0.2,0.4,0.3,2.0,0.3,3.9,2.1,0.4,2.0,0.1,3.9,1.2,4.5
44,0.2,0.3,1.8,1.2,0.2,0.4,3.5,2.2,2.2,0.1,6.3,3.5,4.3,3.9,1.6,0.3,3.8,7.6,0.2,4.3,0.3,4.4,0.2,3.2,3.4,4.0,0.2,5.0,2.8,1.3,3.1,0.4,0.1,1.4,3.7,4.5,2.5,1.2,4.2,2.3,2.1,0.1,3.9,0.2,2.1,0.2,1.3,0.2,4.2,0.2,2.3,0.3,0.5,0.3,0.2,0.2,0.2,0.1,1.6,0.2,0.3,0.3,0.2,3.9,0.2,0.4,0.3,2.4,0.3,3.7,2.1,0.3,2.1,0.2,4.6,1.1,4.3
45,0.2,0.3,2.3,1.8,0.2,0.2,4.2,2.1,2.4,0.1,6.3,3.5,4.5,4.1,1.1,0.2,4.0,9.3,0.2,3.9,0.3,4.4,0.2,3.1,4.1,4.0,0.2,5.4,2.4,1.8,2.9,0.3,0.2,1.6,4.6,4.8,2.6,1.2,4.3,2.2,2.0,0.1,3.7,0.2,1.2,0.1,1.3,0.3,4.2,0.2,2.0,0.5,0.8,0.2,0.2,0.1,0.2,0.3,1.6,0.3,0.3,0.2,0.2,3.8,0.3,0.5,0.3,2.5,0.3,4.3,2.4,0.3,1.7,0.2,4.9,1.4,4.0
46,0.2,0.3,2.8,2.4,0.2,0.4,3.8,2.7,2.4,0.1,7.0,3.8,4.1,3.3,1.7,0.2,3.8,7.5,0.2,3.9,0.3,4.2,0.2,3.2,3.6,4.0,0.2,5.2,2.8,1.7,3.0,0.4,0.1,1.6,4.4,4.8,2.3,1.3,4.4,4.2,2.5,0.1,3.9,0.2,1.1,0.1,1.4,0.2,4.2,0.3,2.0,0.7,0.6,0.3,0.2,0.3,0.2,0.2,1.6,0.2,0.3,0.2,0.2,4.0,0.2,0.5,0.2,2.4,0.2,4.3,2.1,0.6,2.5,0.2,4.9,1.0,5.1
47,0.2,0.3,1.8,1.7,0.2,0.4,4.2,2.2,2.5,0.1,6.3,3.6,4.1,4.2,1.7,0.3,3.7,6.5,0.2,4.8,0.3,4.4,0.2,3.2,3.2,4.7,0.2,5.5,3.0,1.9,2.8,0.1,0.3,1.4,3.7,4.7,2.3,1.6,4.3,2.3,2.6,0.0,3.9,0.2,1.7,0.2,1.6,0.2,4.2,0.3,2.3,0.5,0.7,0.3,0.2,0.1,0.2,0.1,1.8,0.2,0.3,0.1,0.2,3.9,0.3,0.2,0.2,2.2,0.2,3.9,2.2,0.4,2.1,0.2,5.3,1.2,5.1
48,0.2,0.3,1.7,1.7,0.2,0.3,3.7,3.0,2.2,0.1,6.5,3.9,3.8,4.6,1.8,0.2,3.6,6.6,0.3,3.8,0.3,4.2,0.2,3.1,3.7,4.0,0.2,5.3,3.3,2.1,2.5,0.2,0.1,1.4,4.6,4.5,2.1,1.8,4.5,2.6,2.4,0.6,4.5,0.2,1.5,0.3,1.4,0.2,4.1,0.2,2.3,0.5,0.3,0.3,0.2,0.2,0.2,0.2,1.7,0.2,0.3,0.2,0.3,4.8,0.2,0.2,0.2,2.3,0.3,4.1,2.4,0.3,2.1,0.2,5.9,1.3,4.9
49,0.2,0.3,2.6,2.1,0.2,0.2,4.7,2.4,2.7,0.3,6.4,3.9,4.6,4.0,1.6,0.2,3.4,8.2,0.2,4.3,0.2,4.4,0.2,3.2,3.7,4.1,0.2,5.2,3.3,1.3,2.9,0.2,0.2,1.7,4.8,4.2,2.5,1.4,4.9,2.4,2.7,0.5,4.3,0.2,1.8,0.2,1.3,0.2,4.4,0.2,3.6,0.4,0.6,0.3,0.3,0.1,0.2,0.2,1.7,0.2,0.3,0.2,0.2,3.9,0.2,0.4,0.2,2.5,0.3,3.9,2.3,0.4,2.2,0.2,4.6,1.0,4.7
50,0.2,0.4,1.5,1.4,0.3,0.3,3.8,2.6,2.4,0.1,7.1,3.7,4.4,4.2,1.5,0.3,3.8,8.3,0.2,3.7,0.3,4.4,0.3,3.2,3.3,4.4,0.2,5.7,3.5,1.7,3.0,0.2,0.1,1.4,4.6,5.1,3.0,1.4,4.8,1.7,2.4,0.1,4.4,0.3,1.7,0.2,1.4,0.3,4.4,0.3,2.3,0.5,0.9,0.3,0.3,0.2,0.2,0.3,1.6,0.2,0.4,0.2,0.2,4.1,0.2,0.2,0.3,2.1,0.3,3.9,2.0,0.3,2.1,0.2,4.6,1.3,4.9
51,0.2,0.2,2.0,1.9,0.3,0.3,4.4,2.4,2.6,0.3,6.6,3.7,4.5,4.3,2.8,0.2,4.0,7.8,0.2,3.7,0.2,4.4,0.3,3.2,3.4,4.1,0.2,5.4,2.9,1.5,2.8,0.3,0.1,1.4,3.9,4.5,1.3,1.5,4.8,2.9,2.5,0.2,4.1,0.3,1.9,0.2,1.4,0.2,4.9,0.3,2.0,0.5,0.3,0.2,0.3,0.1,0.2,0.3,1.5,0.2,0.3,0.1,0.2,4.4,0.1,0.2,0.2,3.0,0.2,4.3,2.3,0.3,2.2,0.1,4.9,1.3,5.3
52,0.2,0.3,1.8,1.7,0.2,0.3,4.1,2.8,2.2,0.1,7.0,3.5,4.6,4.4,1.6,0.2,4.0,7.8,0.2,4.1,0.2,4.1,0.3,3.5,3.7,3.9,0.3,5.5,3.3,1.5,2.9,0.1,0.1,1.6,3.9,4.6,3.1,1.4,4.5,2.6,2.6,0.2,4.1,0.2,1.8,0.2,1.3,0.2,4.8,0.3,2.3,0.5,0.4,0.2,0.3,0.2,0.3,0.1,1.6,0.2,0.4,0.1,0.2,4.3,0.1,0.3,0.2,2.8,0.2,3.8,2.0,0.4,2.3,0.2,4.6,1.1,4.6
53,0.2,0.3,2.5,1.9,0.2,0.2,3.5,2.5,2.5,0.1,6.7,3.5,4.8,4.1,1.9,0.3,3.7,6.9,0.3,3.6,0.2,4.6,0.3,3.5,2.6,4.0,0.3,5.4,2.9,1.6,3.0,0.2,0.1,1.3,4.3,4.5,2.9,1.5,5.0,2.6,2.6,0.1,4.5,0.2,1.7,0.1,1.4,0.2,4.8,0.2,2.3,0.4,0.5,0.3,0.2,0.2,0.3,0.2,1.6,0.2,0.3,0.1,0.3,4.6,0.2,0.3,0.2,2.7,0.3,3.8,2.3,0.2,2.1,0.2,4.9,1.2,5.0
54,0.2,0.3,2.4,1.6,0.2,0.2,3.9,2.4,2.2,0.1,6.6,3.5,4.7,3.6,2.1,0.2,3.5,8.6,0.2,3.7,0.3,4.4,0.3,3.3,3.6,3.9,0.2,6.1,2.9,1.5,2.8,0.3,0.0,1.3,3.4,4.5,2.6,1.4,4.9,2.5,2.6,0.1,3.9,0.2,1.7,0.2,1.5,0.2,4.7,0.3,2.3,0.5,0.3,0.3,0.2,0.3,0.2,0.3,1.5,0.2,0.4,0.1,0.2,4.2,0.3,0.2,0.2,2.5,0.3,4.0,2.0,0.4,2.5,0.2,4.6,1.0,4.9
55,0.3,0.2,1.6,1.8,0.2,0.3,3.6,2.8,2.6,0.2,5.7,3.8,4.9,4.3,1.8,0.2,3.5,7.7,0.3,3.6,0.2,4.4,0.2,2.9,4.0,3.8,0.2,5.7,3.3,1.7,2.8,0.1,0.1,1.8,3.4,4.9,2.9,1.3,5.0,2.6,2.1,0.2,4.0,0.2,0.9,0.2,1.4,0.2,4.9,0.2,2.0,0.5,0.2,0.2,0.3,0.2,0.4,0.1,1.5,0.3,0.3,0.2,0.3,4.2,0.2,0.4,0.2,3.0,0.2,3.8,2.1,0.4,1.9,0.2,4.6,1.2,4.4
56,0.3,0.3,2.3,1.1,0.2,0.3,3.4,2.6,3.0,0.1,7.2,3.8,5.2,4.0,1.6,0.2,3.6,7.7,0.3,4.1,0.3,4.9,0.4,3.1,3.8,4.2,0.3,5.6,2.6,2.0,2.8,0.3,0.1,1.4,3.7,4.7,2.6,1.5,5.2,2.1,2.8,0.2,4.0,0.2,1.8,0.2,1.4,0.2,4.8,0.2,2.6,0.5,0.3,0.3,0.2,0.4,0.4,0.4,1.6,0.3,0.2,0.2,0.3,4.0,0.2,0.1,0.3,3.2,0.3,3.8,2.1,0.3,2.5,0.2,4.6,1.3,4.9
57,0.3,0.4,2.1,1.2,0.2,0.2,3.7,2.5,3.3,0.1,7.3,4.2,4.6,4.0,1.7,0.2,3.5,7.3,0.2,3.9,0.2,4.6,0.3,3.2,3.6,4.1,0.3,6.0,3.1,1.9,2.6,0.2,0.1,1.4,3.9,4.7,4.0,1.5,5.0,3.1,2.7,0.1,3.7,0.2,2.0,0.1,1.4,0.2,5.3,0.2,2.6,0.8,0.2,0.3,0.3,0.3,0.4,0.2,1.6,0.2,0.2,0.4,0.3,4.6,0.1,0.1,0.2,3.4,0.3,4.2,2.2,0.4,2.9,0.2,4.9,1.3,4.6
58,0.3,0.3,1.8,1.4,0.2,0.2,3.6,2.2,3.0,0.1,6.8,3.5,4.6,3.6,1.5,0.2,3.4,7.2,0.3,3.9,0.2,4.1,0.3,3.0,4.6,3.9,0.3,5.2,4.5,1.6,2.9,0.2,0.0,1.4,4.4,4.5,2.3,1.2,5.0,2.7,2.4,0.2,3.5,0.2,2.0,0.2,1.1,0.2,4.9,0.2,2.3,0.6,0.2,0.3,0.2,0.4,0.4,0.1,1.6,0.2,0.3,0.1,0.3,4.3,0.1,0.1,0.2,2.5,0.2,3.6,2.4,0.3,2.2,0.2,4.3,1.4,4.1
59,0.2,0.4,2.0,1.7,0.2,0.2,3.7,2.9,2.8,0.1,6.7,4.0,4.6,3.6,1.2,0.3,3.6,7.4,0.2,4.0,0.2,4.6,0.4,3.1,4.1,4.6,0.4,5.2,3.0,1.5,3.1,0.2,0.0,1.5,4.1,4.5,2.5,1.6,5.1,3.1,2.1,0.2,4.3,0.2,1.8,0.1,1.5,0.2,5.4,0.2,2.0,0.6,0.6,0.3,0.2,0.3,0.5,0.3,1.6,0.2,0.3,0.1,0.3,4.7,0.2,0.2,0.3,3.4,0.2,3.6,2.1,0.3,2.4,0.1,4.2,1.5,4.5
60,0.3,0.3,1.8,1.4,0.2,0.4,3.6,2.0,3.1,0.1,6.5,3.9,4.9,3.8,1.8,0.4,2.6,7.1,0.2,4.1,0.2,4.6,0.4,3.2,4.9,4.3,0.4,5.4,3.5,1.8,2.9,0.3,0.1,1.6,3.9,4.9,4.0,1.6,5.1,3.1,2.0,0.1,3.5,0.2,1.8,0.2,1.4,0.3,5.0,0.2,2.3,0.6,0.4,0.3,0.2,0.2,0.4,0.2,1.6,0.4,0.7,0.1,0.3,4.5,0.3,0.3,0.3,3.1,0.2,3.2,2.3,0.3,2.6,0.2,4.2,1.3,4.0
61,0.3,0.4,2.0,1.6,0.2,0.3,3.5,2.0,2.7,0.1,6.8,3.5,4.5,3.6,1.4,0.2,3.4,5.8,0.2,3.9,0.3,4.1,0.2,2.8,4.6,4.3,0.2,5.4,3.8,1.7,2.6,0.3,0.2,1.4,4.0,5.4,6.0,1.6,5.2,2.8,2.5,0.4,3.6,0.2,1.7,0.3,1.6,0.2,5.5,0.2,2.6,0.7,0.4,0.2,0.2,0.3,0.3,0.1,1.5,0.3,0.3,0.1,0.3,4.7,0.2,0.1,0.2,2.8,0.3,3.0,2.3,0.4,2.2,0.1,4.9,1.4,4.4
62,0.3,0.4,3.1,1.5,0.2,0.3,3.8,2.0,2.4,0.1,6.3,3.8,5.1,4.0,1.4,0.3,4.2,6.6,0.3,4.0,0.2,4.8,0.3,3.0,4.7,4.2,0.3,5.5,2.7,1.6,2.9,0.3,0.2,1.6,4.4,5.1,2.5,1.8,4.8,2.9,2.3,0.1,3.6,0.2,1.9,0.3,1.4,0.3,4.9,0.2,2.3,0.6,0.2,0.3,0.2,0.3,0.4,0.2,1.6,0.4,0.2,0.3,0.3,4.0,0.4,0.2,0.3,3.6,0.3,3.9,2.4,0.5,2.4,0.1,5.9,1.4,4.6
63,0.2,0.4,1.9,1.7,0.2,0.3,4.4,2.6,2.6,0.2,6.6,4.0,5.5,4.2,2.1,0.3,3.4,7.1,0.3,3.7,0.3,4.8,0.3,3.3,4.6,4.1,0.3,5.9,3.3,1.4,2.8,0.2,0.2,1.6,4.3,4.5,3.3,2.0,3.8,2.5,2.4,0.5,3.8,0.2,1.7,0.2,1.6,0.3,4.7,0.3,2.6,0.8,0.4,0.4,0.2,0.3,0.3,0.3,1.8,0.4,0.4,0.2,0.3,3.9,0.3,0.3,0.3,3.1,0.3,3.8,2.0,0.5,2.1,0.2,4.5,1.0,4.5
64,0.3,0.4,1.8,1.5,0.2,0.3,5.1,1.4,2.7,0.2,6.0,3.5,4.9,4.3,1.3,0.3,3.3,8.1,0.3,3.4,0.3,3.8,0.4,3.1,5.1,4.4,0.3,4.9,2.0,1.7,2.7,0.5,0.1,1.4,4.2,4.3,2.6,2.1,4.2,2.8,2.0,0.1,3.9,0.2,1.8,0.3,1.3,0.3,4.9,0.3,2.3,0.8,0.2,0.3,0.2,0.4,0.2,0.3,1.6,0.2,0.5,0.3,0.2,3.9,0.3,0.3,0.3,2.9,0.3,3.8,2.1,0.5,2.0,0.3,4.6,1.2,4.6
65,0.3,0.4,1.8,1.6,0.2,0.4,2.8,1.8,2.7,0.1,6.6,3.8,4.8,4.7,1.4,0.3,3.7,7.2,0.3,3.9,0.3,4.5,0.4,3.1,4.1,4.1,0.2,6.2,2.2,1.7,2.9,0.4,0.2,1.5,3.3,4.4,3.5,2.0,4.8,3.1,2.5,0.2,3.3,0.2,2.1,0.2,1.5,0.4,4.8,0.3,2.0,0.7,0.5,0.3,0.3,0.5,0.2,0.4,1.7,0.4,0.5,0.3,0.2,4.0,0.2,0.5,0.3,3.3,0.3,3.8,2.2,0.5,2.5,0.2,4.6,1.5,4.3
66,0.3,0.5,2.2,1.1,0.2,0.4,3.6,2.2,2.7,0.2,5.8,3.7,4.7,4.7,1.5,0.3,3.6,7.0,0.4,4.2,0.3,4.5,0.6,3.3,4.1,4.2,0.3,5.8,3.4,1.6,2.9,0.2,0.1,1.4,4.6,4.6,4.9,2.0,5.0,1.9,2.4,0.3,3.7,0.2,2.0,0.2,1.5,0.3,4.9,0.3,1.9,0.7,0.8,0.3,0.2,0.4,0.3,0.3,1.8,0.3,0.5,0.2,0.2,4.4,0.2,0.3,0.3,3.1,0.3,3.8,2.4,0.5,2.7,0.2,4.5,1.5,4.5
67,0.4,0.5,2.4,1.5,0.2,0.4,3.8,2.1,2.4,0.1,6.0,3.8,5.5,4.3,1.7,0.3,3.9,8.0,0.3,4.1,0.3,4.3,0.3,3.8,2.8,4.5,0.3,6.1,2.5,1.9,2.8,0.6,0.0,1.5,4.8,3.9,2.9,2.2,5.5,2.6,2.6,0.4,3.4,0.2,2.1,0.2,1.7,0.3,5.0,0.2,2.3,0.9,0.7,0.3,0.2,0.4,0.3,0.4,1.7,0.2,0.3,0.3,0.3,4.3,0.1,0.5,0.3,3.3,0.3,4.2,2.3,0.4,2.4,0.3,4.6,1.5,4.7
68,0.3,0.3,1.9,2.1,0.3,0.3,3.9,2.2,2.3,0.1,5.5,4.2,4.9,4.3,1.9,0.3,3.3,6.7,0.3,3.8,0.2,4.5,0.3,3.6,3.5,4.4,0.2,5.8,2.4,1.4,3.1,0.2,0.2,1.6,4.0,4.6,3.2,2.3,4.7,2.6,2.4,0.2,3.6,0.2,1.8,0.2,1.6,0.3,4.9,0.3,2.6,1.2,0.3,0.3,0.3,0.3,0.2,0.4,1.5,0.3,0.4,0.2,0.2,4.0,0.2,0.3,0.3,3.0,0.2,3.8,2.5,0.6,2.2,0.2,4.2,1.4,4.3
69,0.3,0.4,2.5,2.3,0.2,0.4,4.6,1.7,2.0,0.2,5.5,3.7,5.2,4.4,2.0,0.3,3.7,5.5,0.3,4.0,0.3,4.0,0.3,3.4,3.3,4.1,0.2,5.5,2.4,1.3,2.9,0.3,0.2,1.9,3.7,5.0,3.0,2.2,5.3,3.2,2.2,0.3,3.6,0.2,2.1,0.2,1.7,0.3,4.7,0.2,2.3,1.3,0.5,0.3,0.2,0.5,0.2,0.3,1.8,0.3,0.3,0.1,0.2,3.8,0.2,0.3,0.3,2.8,0.3,4.0,2.4,0.5,2.1,0.2,4.2,1.0,4.3
70,0.3,0.4,2.8,1.8,0.2,0.4,3.5,1.9,2.1,0.1,5.4,3.6,5.1,4.2,1.6,0.3,3.5,7.5,0.3,3.8,0.3,4.3,0.2,3.7,3.9,4.2,0.4,5.9,2.8,1.3,2.7,0.4,0.1,1.3,4.5,4.3,2.4,1.0,4.6,2.6,2.1,0.4,4.6,0.3,1.8,0.2,1.7,0.3,4.9,0.3,2.3,0.6,0.5,0.3,0.2,0.5,0.2,0.4,1.6,0.2,0.3,0.2,0.2,4.2,0.2,0.4,0.3,2.9,0.3,3.6,2.2,0.4,2.1,0.2,4.2,1.2,4.1
71,0.3,0.5,2.7,1.6,0.2,0.4,3.2,2.0,2.1,0.2,6.1,3.6,4.8,4.5,2.1,0.2,3.2,7.3,0.4,4.2,0.3,4.2,0.2,3.9,3.8,4.2,0.2,6.0,3.1,1.3,2.8,0.4,0.1,1.5,4.8,4.3,3.1,1.7,4.9,2.3,2.5,0.1,3.4,0.2,1.8,0.3,1.6,0.3,5.6,0.3,2.3,0.8,0.7,0.3,0.2,0.4,0.2,0.3,1.7,0.2,0.2,0.1,0.2,4.4,0.1,0.2,0.3,3.2,0.3,3.8,2.5,0.5,2.5,0.2,3.9,1.1,4.1
72,0.3,0.3,2.5,1.7,0.2,0.4,3.5,1.7,2.2,0.2,5.8,3.6,4.6,4.0,1.3,0.2,3.5,7.2,0.3,3.5,0.2,4.5,0.2,3.7,3.3,3.9,0.3,5.5,3.5,1.2,2.9,0.3,0.4,1.4,4.1,3.9,3.1,1.5,5.1,2.5,2.2,0.3,3.1,0.2,1.6,0.2,1.6,0.3,4.9,0.3,2.3,0.7,0.3,0.2,0.2,0.2,0.2,0.1,1.6,0.1,0.3,0.4,0.2,3.7,0.2,0.3,0.3,2.9,0.3,3.6,2.5,0.5,2.3,0.2,4.2,1.4,3.7
73,0.2,0.3,1.8,1.6,0.2,0.5,3.3,2.2,2.0,0.1,5.7,3.8,4.6,4.4,1.8,0.3,3.7,7.8,0.3,3.6,0.3,4.2,0.3,3.5,2.7,4.3,0.2,5.8,2.1,1.2,2.7,0.3,0.1,1.4,3.6,4.5,2.4,2.1,3.9,2.7,2.1,0.2,3.6,0.2,1.5,0.2,2.1,0.3,4.7,0.3,1.9,0.7,0.2,0.3,0.2,0.4,0.3,0.3,1.7,0.2,0.3,0.1,0.2,3.3,0.2,0.1,0.3,3.2,0.3,3.4,2.0,0.5,2.1,0.3,3.9,1.3,3.9
74,0.2,0.3,2.0,1.8,0.3,0.3,3.7,2.0,1.9,0.2,4.3,4.3,3.8,3.9,1.1,0.2,3.2,7.4,0.3,3.6,0.3,4.5,0.2,3.7,3.5,4.4,0.2,5.3,2.5,1.3,2.8,0.3,0.1,1.5,4.1,4.0,2.7,2.3,4.0,2.9,2.2,0.3,2.7,0.2,1.5,0.2,1.7,0.3,4.0,0.3,1.9,0.7,0.5,0.3,0.3,0.4,0.2,0.2,1.7,0.2,0.4,0.1,0.2,4.1,0.2,0.4,0.3,3.0,0.3,3.4,2.1,0.8,2.0,0.1,3.9,1.2,3.7
75,0.3,0.3,3.0,1.9,0.2,0.3,3.3,2.1,2.0,0.1,6.6,3.9,4.2,4.6,1.5,0.2,3.3,7.1,0.3,3.6,0.2,4.9,0.4,3.7,4.2,4.5,0.2,5.7,2.9,1.5,3.1,0.3,0.1,1.5,4.0,4.7,3.4,2.5,4.6,3.0,2.3,0.3,3.6,0.2,1.7,0.2,1.7,0.3,4.9,0.3,1.9,0.8,0.3,0.2,0.2,0.3,0.2,0.2,1.6,0.2,0.6,0.1,0.2,4.0,0.2,0.3,0.3,2.6,0.2,3.4,1.9,0.8,2.0,0.2,4.2,1.2,4.2
76,0.3,0.5,1.5,1.8,0.2,0.3,3.7,1.8,2.0,0.2,5.3,3.3,4.6,4.4,1.5,0.2,3.1,6.5,0.3,3.5,0.3,4.9,0.6,3.9,2.4,4.4,0.2,5.8,2.3,1.4,3.2,0.4,0.3,1.5,3.5,4.7,3.6,2.6,4.6,2.8,1.9,0.3,3.2,0.2,1.8,0.2,2.0,0.2,5.1,0.3,2.3,0.8,0.2,0.3,0.2,0.1,0.2,0.4,1.7,0.2,0.3,0.1,0.2,4.3,0.2,0.3,0.3,3.0,0.2,3.2,2.2,0.9,1.8,0.2,3.9,1.4,4.0
77,0.2,0.3,1.9,2.6,0.2,0.2,4.4,2.1,2.1,0.2,5.5,4.4,4.5,4.0,1.9,0.2,3.1,6.7,0.3,3.6,0.2,4.2,0.3,3.7,3.5,4.4,0.3,5.8,2.3,1.5,3.0,0.1,0.2,1.5,4.1,4.7,2.5,2.5,4.4,2.8,2.2,0.4,3.2,0.2,1.4,0.2,2.1,0.2,5.3,0.3,1.9,0.9,0.3,0.3,0.2,0.3,0.2,0.1,1.8,0.3,0.3,0.2,0.2,4.4,0.2,0.2,0.2,3.0,0.2,3.4,2.0,0.8,2.3,0.2,4.2,1.3,5.1
78,0.3,0.3,1.3,2.1,0.2,0.4,4.1,1.9,1.9,0.1,5.7,3.6,4.4,4.2,1.8,0.2,2.8,7.1,0.2,3.5,0.2,4.4,0.2,3.6,3.4,4.5,0.3,4.9,3.1,1.3,3.1,0.4,0.2,1.4,3.0,4.7,3.3,2.1,4.4,2.8,2.1,0.5,3.7,0.2,1.6,0.2,1.7,0.2,4.8,0.3,2.3,0.9,0.2,0.3,0.2,0.1,0.3,0.2,1.9,0.3,0.3,0.2,0.2,3.9,0.2,0.2,0.2,2.8,0.2,3.4,2.4,0.8,1.9,0.2,4.2,1.1,3.9
79,0.3,0.4,1.6,2.1,0.2,0.3,4.2,2.1,2.9,0.2,5.4,3.2,3.9,4.4,1.4,0.3,3.8,6.5,0.3,3.6,0.3,4.7,0.3,3.5,3.5,4.2,0.2,5.6,2.9,1.3,3.1,0.4,0.3,1.2,3.7,4.1,3.1,2.5,4.1,2.5,2.0,0.3,3.7,0.2,1.0,0.2,1.6,0.2,4.5,0.3,2.3,1.0,0.3,0.3,0.2,0.2,0.1,0.4,1.5,0.3,0.3,0.1,0.1,3.7,0.3,0.2,0.3,2.8,0.2,3.6,2.0,0.8,2.5,0.3,4.9,1.7,4.2
80,0.2,0.3,2.0,2.2,0.2,0.3,4.0,2.0,2.3,0.1,5.6,3.3,3.9,4.2,1.5,0.2,3.6,7.0,0.2,3.7,0.2,4.4,0.2,3.6,3.7,4.3,0.2,5.7,3.2,1.7,2.8,0.2,0.3,1.7,4.2,4.5,3.4,3.3,4.4,2.6,2.1,0.2,3.4,0.2,1.5,0.2,2.0,0.2,4.8,0.3,2.3,1.2,0.4,0.3,0.2,0.2,0.2,0.1,1.5,0.3,0.4,0.1,0.2,4.1,0.2,0.2,0.2,2.9,0.3,3.6,2.3,1.0,2.1,0.1,4.5,0.9,3.7
81,0.2,0.4,2.0,2.7,0.2,0.3,4.0,2.2,2.1,0.1,5.4,3.9,4.8,4.3,1.5,0.2,3.4,7.2,0.2,3.4,0.3,5.2,0.2,3.7,3.5,4.5,0.2,5.8,2.7,2.0,2.7,0.3,0.1,1.8,4.2,4.5,1.8,2.6,3.7,2.6,1.8,0.3,3.7,0.2,1.4,0.3,1.6,0.2,4.4,0.3,1.9,1.4,0.4,0.3,0.2,0.2,0.2,0.1,1.5,0.3,0.3,0.1,0.2,3.9,0.1,0.2,0.2,2.6,0.2,3.5,1.7,0.8,1.9,0.2,4.2,1.0,3.8
82,0.2,0.4,2.0,1.7,0.2,0.2,3.1,2.2,2.2,0.2,5.4,3.4,3.8,4.0,1.4,0.2,3.4,7.3,0.2,3.5,0.3,4.4,0.3,3.7,3.0,4.5,0.3,6.1,2.6,1.7,3.1,0.3,0.2,1.5,3.8,4.5,3.4,1.0,4.7,2.6,2.2,0.2,3.6,0.2,1.3,0.2,1.6,0.2,5.4,0.2,2.3,0.5,0.3,0.2,0.2,0.1,0.1,0.2,1.6,0.3,0.3,0.2,0.2,3.9,0.2,0.2,0.2,2.3,0.2,3.7,1.9,0.4,2.1,0.2,3.9,1.2,4.2
83,0.2,0.4,1.7,1.9,0.2,0.4,4.3,1.8,2.1,0.2,5.0,3.1,3.7,4.2,1.2,0.3,3.8,7.9,0.2,3.4,0.2,3.9,0.3,3.8,2.8,4.1,0.3,5.4,2.7,1.7,2.8,0.4,0.2,1.5,4.0,4.4,2.4,1.7,4.1,2.9,1.7,0.4,3.4,0.2,1.5,0.3,1.5,0.2,4.7,0.3,2.3,0.4,0.3,0.4,0.2,0.3,0.2,0.2,1.5,0.2,0.2,0.2,0.2,3.7,0.2,0.3,0.3,2.0,0.2,3.9,1.9,0.4,2.0,0.2,4.9,1.3,4.1
84,0.3,0.4,2.1,1.8,0.2,0.4,4.1,2.3,1.9,0.1,5.1,3.3,3.5,3.6,1.5,0.3,4.0,6.9,0.2,3.8,0.3,4.4,0.2,3.1,2.8,4.1,0.2,5.5,2.9,2.2,2.6,0.5,0.1,1.5,3.8,4.5,3.5,1.7,3.6,2.6,2.2,0.1,4.1,0.2,1.5,0.2,1.2,0.2,4.2,0.2,1.9,0.5,0.6,0.3,0.3,0.2,0.2,0.1,1.6,0.2,0.4,0.2,0.2,3.4,0.2,0.3,0.3,2.2,0.2,3.9,2.2,0.4,2.0,0.2,4.5,1.2,4.0
85,0.3,0.4,2.4,2.3,0.2,0.3,5.1,2.0,1.9,0.1,5.1,3.6,3.8,4.3,1.4,0.3,2.8,7.0,0.2,3.3,0.2,4.1,0.6,3.3,4.1,4.0,0.2,5.6,3.1,1.4,2.9,0.1,0.1,1.2,4.0,4.1,5.9,1.1,3.9,2.9,2.4,0.1,3.3,0.2,1.6,0.2,1.9,0.2,4.4,0.2,2.6,0.5,0.4,0.2,0.2,0.2,0.2,0.0,1.6,0.2,0.2,0.2,0.2,4.3,0.3,0.2,0.2,2.7,0.2,5.7,2.0,0.4,2.5,0.2,4.5,1.2,4.3
86,0.3,0.3,2.7,2.0,0.2,0.4,4.3,1.9,2.1,0.1,5.2,3.4,4.0,4.2,1.2,0.3,3.1,8.1,0.2,3.8,0.3,3.9,0.4,3.5,2.9,4.0,0.3,5.4,2.8,1.5,2.6,0.1,0.1,1.3,3.9,4.4,2.4,1.7,4.1,2.6,1.9,0.4,3.4,0.2,1.6,0.2,1.6,0.2,4.6,0.2,2.3,0.4,0.4,0.2,0.2,0.2,0.2,0.1,1.5,0.2,0.2,0.1,0.2,4.3,0.1,0.3,0.3,2.2,0.3,3.3,2.0,0.4,2.4,0.2,4.2,1.2,3.9
87,0.3,0.4,2.5,1.7,0.2,0.4,3.9,1.9,1.7,0.2,5.3,3.5,3.6,3.6,1.4,0.2,3.1,6.9,0.2,3.5,0.3,4.1,0.2,3.7,2.8,4.0,0.2,5.1,2.2,1.9,2.3,0.6,0.1,1.5,3.6,4.0,3.5,1.2,4.0,2.8,2.0,0.3,3.5,0.2,1.2,0.2,1.3,0.2,4.4,0.2,1.9,0.3,0.4,0.3,0.3,0.3,0.3,0.2,1.6,0.1,0.2,0.1,0.3,3.9,0.2,0.2,0.3,2.3,0.2,3.7,2.1,0.3,2.3,0.2,4.2,1.1,3.2
88,0.3,0.3,2.4,1.9,0.2,0.5,4.3,2.1,2.2,0.2,5.5,3.4,3.4,3.4,1.5,0.3,3.0,6.0,0.2,3.7,0.3,3.4,0.2,3.5,2.2,4.1,0.2,5.1,2.4,1.6,2.4,0.4,0.2,1.2,4.0,4.0,2.9,1.0,4.5,3.0,2.9,0.4,3.5,0.2,1.3,0.2,1.3,0.3,4.2,0.2,2.3,0.3,0.4,0.3,0.3,0.3,0.2,0.3,1.6,0.3,0.2,0.2,0.2,4.7,0.2,0.3,0.3,2.2,0.3,3.7,2.1,0.2,2.1,0.2,3.9,0.9,4.1
89,0.2,0.3,1.6,2.0,0.2,0.2,4.0,2.1,1.8,0.2,5.0,3.2,3.5,3.0,1.3,0.3,2.7,7.0,0.2,3.3,0.2,3.6,0.3,3.7,2.3,4.1,0.2,4.5,3.0,1.7,2.4,0.2,0.1,1.4,3.5,3.8,3.0,0.9,4.1,2.7,1.8,0.6,4.0,0.2,1.2,0.2,1.4,0.2,4.5,0.2,2.3,0.2,0.1,0.2,0.2,0.3,0.1,0.1,1.6,0.2,0.2,0.1,0.2,3.9,0.2,0.1,0.2,2.0,0.2,3.1,1.9,0.3,2.2,0.2,4.2,1.2,3.9
90,0.2,0.3,1.7,2.3,0.2,0.3,4.8,2.1,1.9,0.1,5.2,3.4,3.7,3.9,1.4,0.3,2.7,6.1,0.2,3.3,0.2,3.9,0.3,3.7,2.3,4.8,0.2,5.5,2.8,2.0,2.7,0.1,0.2,1.4,3.8,4.3,2.0,0.9,4.0,3.0,1.7,0.3,3.0,0.2,1.1,0.2,1.3,0.2,4.2,0.2,2.3,0.2,0.1,0.2,0.2,0.3,0.1,0.0,1.7,0.2,0.2,0.2,0.2,3.8,0.2,0.1,0.2,2.3,0.2,3.5,2.0,0.2,2.0,0.1,3.9,1.1,3.9
91,0.2,0.3,1.6,1.6,0.2,0.3,4.1,1.7,2.7,0.1,5.5,3.5,3.2,3.4,1.5,0.2,2.7,5.7,0.2,3.1,0.2,3.7,0.3,3.3,2.3,4.2,0.2,4.8,2.9,2.0,2.2,0.1,0.1,1.4,3.3,4.1,2.6,1.0,4.2,2.9,2.2,0.2,3.3,0.1,1.1,0.2,1.1,0.2,4.4,0.2,2.3,0.2,0.3,0.2,0.3,0.1,0.2,0.1,1.4,0.3,0.3,0.2,0.2,3.9,0.2,0.3,0.2,1.6,0.2,3.1,2.3,0.2,2.1,0.1,3.6,1.1,3.7
92,0.3,0.6,1.4,1.8,0.2,0.3,4.4,1.8,2.3,0.2,5.7,3.0,3.8,4.1,1.6,0.2,2.9,8.0,0.3,3.1,0.2,3.6,0.4,3.2,2.8,4.1,0.4,4.8,2.1,1.6,2.4,0.3,0.1,1.1,3.2,4.1,1.3,0.9,4.4,2.9,1.8,0.3,3.4,0.2,1.3,0.2,1.1,0.3,4.5,0.2,2.0,0.3,0.3,0.3,0.2,0.3,0.2,0.1,1.6,0.1,0.4,0.2,0.2,4.1,0.1,0.2,0.3,1.6,0.3,3.5,1.9,0.2,2.1,0.2,4.2,1.3,4.1
93,0.2,0.3,2.3,1.9,0.2,0.3,3.8,1.8,1.7,0.2,4.7,3.1,3.7,3.6,1.4,0.3,2.9,5.8,0.3,2.9,0.3,3.9,0.3,2.9,2.4,3.5,0.2,4.8,2.8,1.3,2.4,0.3,0.3,1.2,3.6,3.7,2.4,0.7,4.3,2.1,1.7,0.0,3.2,0.2,1.0,0.2,1.2,0.3,3.9,0.2,1.6,0.3,0.4,0.2,0.3,0.2,0.2,0.3,1.4,0.2,0.4,0.3,0.2,3.9,0.2,0.4,0.3,2.2,0.2,3.5,1.6,0.2,1.9,0.2,4.2,1.3,3.4
94,0.3,0.4,1.8,2.8,0.2,0.3,4.1,1.6,1.6,0.2,5.7,3.4,3.8,3.5,1.8,0.3,2.5,6.3,0.2,3.0,0.2,3.9,0.3,3.1,1.7,3.9,0.3,4.7,2.0,1.8,2.3,0.2,0.1,1.3,3.0,4.0,1.6,0.9,4.2,2.5,2.3,0.3,3.3,0.2,1.2,0.2,1.1,0.3,4.3,0.3,1.6,0.3,0.2,0.3,0.3,0.3,0.3,0.1,1.5,0.1,0.3,0.2,0.3,3.8,0.2,0.3,0.3,2.7,0.3,3.5,1.9,0.4,2.0,0.3,3.9,1.1,4.4
95,0.2,0.3,1.7,1.8,0.2,0.4,3.4,1.5,1.5,0.2,5.2,3.0,3.4,3.1,2.1,0.3,2.0,4.8,0.2,3.1,0.3,3.9,0.2,3.0,2.3,3.6,0.2,4.5,1.3,1.7,2.2,0.3,0.2,1.2,3.0,3.6,2.6,1.0,4.1,2.5,2.1,0.2,2.0,0.2,1.0,0.2,1.1,0.3,3.7,0.2,1.6,0.2,0.1,0.3,0.2,0.3,0.2,0.1,1.4,0.2,0.5,0.2,0.2,3.5,0.2,0.7,0.3,2.0,0.3,2.7,1.7,0.3,1.7,0.3,2.9,0.9,3.9
96,0.2,0.4,0.6,1.9,0.2,0.3,3.5,1.9,1.4,0.1,5.2,3.2,4.0,3.3,3.4,0.3,2.5,6.4,0.2,2.8,0.3,3.9,0.2,3.8,2.9,3.6,0.2,5.2,1.5,1.3,2.3,0.2,0.1,1.1,3.1,3.4,2.2,0.9,4.1,2.3,1.9,1.0,3.3,0.2,1.0,0.2,1.0,0.2,5.1,0.2,2.0,0.3,0.2,0.3,0.2,0.3,0.2,0.2,1.4,0.5,0.4,0.2,0.2,3.8,0.1,0.1,0.2,2.1,0.2,3.2,1.5,0.2,1.8,0.2,3.6,0.7,4.4
97,0.1,0.3,1.3,1.6,0.2,0.3,3.0,1.6,1.3,0.1,5.6,2.8,3.5,3.0,2.0,0.3,2.8,6.0,0.2,3.2,0.2,3.4,0.2,3.0,1.6,3.3,0.2,4.2,1.7,2.1,2.2,0.3,0.2,1.3,3.1,3.6,1.6,1.1,3.4,2.4,1.7,0.2,3.3,0.2,1.1,0.1,0.8,0.3,3.5,0.2,1.7,0.2,0.3,0.2,0.2,0.3,0.2,0.2,1.4,0.2,0.4,0.1,0.2,3.3,0.1,0.3,0.2,2.1,0.2,3.2,1.4,0.2,1.2,0.2,3.6,0.6,4.1
98,0.2,0.4,1.3,1.4,0.2,0.3,2.6,2.7,1.5,0.1,5.3,2.2,3.7,3.0,2.5,0.2,4.1,5.2,0.2,3.2,0.3,2.9,0.2,2.6,2.4,3.2,0.2,4.3,1.7,2.0,1.9,0.4,0.0,1.2,2.6,3.6,2.1,0.9,4.0,2.6,2.2,0.1,3.7,0.2,1.0,0.1,0.9,0.2,3.6,0.2,1.7,0.1,0.2,0.2,0.2,0.2,0.2,0.0,1.3,0.1,0.3,0.1,0.2,3.6,0.2,0.2,0.2,2.1,0.2,3.4,1.6,0.1,1.6,0.2,4.0,1.3,4.2
99,0.2,0.2,1.7,1.5,0.2,0.3,2.2,1.5,1.5,0.3,5.2,2.9,3.2,3.0,1.7,0.3,2.7,3.8,0.1,3.3,0.3,3.2,0.3,3.3,1.7,3.0,0.2,4.1,1.6,3.5,2.0,0.4,0.3,1.1,3.1,3.5,2.0,0.9,3.3,2.4,1.6,0.2,3.1,0.2,1.3,0.2,0.8,0.2,3.4,0.2,1.7,0.2,0.4,0.2,0.2,0.1,0.2,0.1,1.3,0.2,0.2,0.4,0.2,3.4,0.2,0.4,0.2,2.2,0.2,3.0,1.4,0.2,1.6,0.3,3.3,0.9,4.4
100,0.2,0.5,1.5,1.2,0.2,0.4,1.7,1.9,1.0,0.1,5.4,2.5,3.5,2.9,2.1,0.3,2.7,4.5,0.2,2.6,0.2,3.2,0.2,3.1,1.3,3.6,0.2,4.0,2.2,1.7,1.9,0.2,0.1,1.0,3.1,3.2,1.3,5.0,3.3,2.3,1.6,0.7,3.4,0.2,1.2,0.2,0.7,0.3,3.5,0.2,1.3,0.1,0.5,0.3,0.2,0.2,0.2,0.0,1.3,0.2,0.3,0.2,0.2,2.9,0.1,0.1,0.3,1.9,0.2,3.2,1.1,0.2,1.9,0.2,4.0,1.0,3.7
101,0.2,0.3,1.8,0.9,0.2,0.3,1.5,1.4,1.3,0.2,5.3,2.5,3.2,2.7,2.0,0.2,2.9,4.7,0.2,3.0,0.2,3.5,0.2,2.8,2.2,3.0,0.2,3.9,2.2,0.9,2.3,0.3,0.1,1.1,2.8,3.2,1.6,0.8,3.8,2.6,1.8,0.0,3.0,0.2,1.4,0.2,0.4,0.2,3.3,0.2,1.3,0.3,0.4,0.2,0.2,0.1,0.2,0.0,1.3,0.3,0.2,0.3,0.2,2.9,0.2,0.2,0.2,2.1,0.2,3.2,1.7,0.2,1.2,0.2,3.7,0.7,3.5
102,0.2,0.3,0.8,0.9,0.2,0.3,2.0,1.5,1.3,0.2,4.6,2.2,2.9,2.6,2.0,0.2,2.8,4.9,0.2,3.0,0.3,3.0,0.2,2.4,2.0,3.1,0.2,3.7,2.5,1.6,1.8,0.3,0.1,1.3,3.2,3.2,1.5,1.1,3.0,2.5,1.8,0.1,3.8,0.2,1.1,0.2,0.7,0.2,3.2,0.2,1.3,0.2,0.4,0.2,0.2,0.2,0.3,0.2,1.0,0.2,0.2,0.1,0.3,2.8,0.2,0.1,0.2,2.2,0.2,3.2,1.1,0.2,1.4,0.2,3.7,1.1,3.0
103,0.2,0.3,1.4,0.6,0.2,0.3,2.4,1.4,1.1,0.2,5.4,2.9,4.3,3.1,1.9,0.2,2.5,5.3,0.3,2.8,0.2,3.0,0.2,2.6,1.4,3.0,0.2,4.4,1.4,1.8,1.9,0.1,0.1,0.6,4.1,3.4,1.6,1.3,3.7,2.5,1.6,0.3,3.2,0.3,1.2,0.2,0.7,0.2,4.5,0.2,1.0,0.1,0.3,0.2,0.2,0.2,0.1,0.3,1.7,0.2,0.3,0.1,0.1,3.4,0.1,0.1,0.2,2.5,0.2,3.0,1.0,0.4,1.3,0.2,3.7,0.8,3.3
104,0.3,0.3,1.1,0.9,0.2,0.4,1.8,1.1,0.7,0.1,4.5,3.1,3.4,3.0,1.4,0.3,2.8,6.3,0.3,2.7,0.2,3.2,0.2,2.8,1.6,2.8,0.2,4.0,1.7,1.1,2.0,0.3,0.1,1.3,3.6,3.1,1.4,0.9,3.3,2.5,1.2,0.2,3.2,0.2,1.0,0.2,0.7,0.2,3.3,0.2,1.0,0.3,0.3,0.2,0.2,0.1,0.2,0.4,1.3,0.2,0.1,0.1,0.2,3.4,0.2,0.3,0.2,2.0,0.2,3.1,0.9,0.3,1.7,0.3,3.7,0.8,3.6
105,0.2,0.2,1.0,0.7,0.2,0.3,2.5,1.6,1.3,0.2,5.5,2.8,3.7,2.9,2.2,0.3,2.7,5.8,0.2,3.1,0.2,3.2,0.2,2.9,2.1,3.1,0.1,4.3,0.8,2.2,2.1,0.2,0.2,0.9,3.2,3.8,2.9,0.8,3.4,2.0,1.8,0.1,3.3,0.2,0.9,0.2,0.7,0.3,3.8,0.2,1.4,0.3,0.3,0.3,0.3,0.1,0.3,0.0,1.3,0.1,0.3,0.2,0.2,3.1,0.2,0.3,0.2,2.1,0.2,3.0,1.5,0.2,1.4,0.2,3.4,0.9,3.9
106,0.2,0.3,1.1,1.0,0.2,0.4,2.8,1.4,1.1,0.1,5.5,2.9,3.1,3.5,2.0,0.2,2.9,5.4,0.2,3.3,0.2,3.2,0.2,2.8,1.4,2.6,0.2,4.2,1.8,3.8,1.9,0.3,0.2,1.7,3.6,3.1,2.7,1.5,3.4,3.0,1.4,0.1,2.8,0.2,0.9,0.2,1.0,0.2,3.6,0.3,1.4,0.2,0.3,0.3,0.3,0.1,0.2,0.2,1.2,0.3,0.3,0.3,0.2,3.0,0.2,0.3,0.2,2.5,0.2,3.7,1.3,0.8,1.3,0.1,4.1,1.0,3.8
107,0.2,0.4,1.4,1.0,0.2,0.3,3.3,1.7,1.6,0.1,5.6,3.0,4.2,3.5,2.7,0.2,3.0,6.1,0.2,2.9,0.2,3.5,0.2,2.5,2.4,3.6,0.2,4.7,1.9,3.2,2.5,0.1,0.2,1.3,2.8,4.9,2.0,1.2,3.3,2.1,2.1,0.2,2.9,0.2,1.5,0.2,0.8,0.2,4.4,0.2,1.7,0.3,0.3,0.2,0.3,0.1,0.1,0.2,1.2,0.2,0.2,0.1,0.2,4.2,0.1,0.2,0.2,2.4,0.2,3.3,1.9,0.3,2.2,0.1,3.7,1.1,3.3
108,0.2,0.2,1.8,0.9,0.2,0.3,3.6,1.2,1.5,0.1,6.1,2.2,3.3,3.2,1.3,0.2,2.7,5.1,0.2,2.9,0.2,3.2,0.2,3.3,1.9,3.3,0.2,4.7,1.7,2.4,2.0,0.3,0.0,1.1,4.0,3.9,1.5,0.9,3.4,2.4,1.5,0.2,3.4,0.2,1.0,0.2,0.8,0.2,3.7,0.3,1.4,0.4,0.3,0.2,0.2,0.3,0.2,0.3,1.2,0.3,0.3,0.1,0.2,3.3,0.2,0.2,0.2,2.4,0.2,3.0,1.4,0.4,1.6,0.2,3.7,1.0,4.2
109,0.2,0.3,1.3,1.2,0.2,0.3,3.5,1.3,1.8,0.2,5.5,3.3,3.1,3.0,1.4,0.3,3.3,5.2,0.2,2.4,0.3,3.5,0.3,3.2,2.4,3.7,0.2,4.6,2.9,5.0,1.8,0.4,0.1,1.2,2.8,3.0,1.5,1.7,3.6,2.1,1.5,0.3,3.0,0.2,0.5,0.2,1.0,0.2,3.4,0.2,1.7,0.2,0.3,0.3,0.2,0.3,0.2,0.1,1.2,0.3,0.5,0.3,0.2,3.0,0.2,0.6,0.2,2.3,0.2,3.3,1.4,0.3,1.0,0.2,3.7,1.1,3.7
110,0.2,0.3,1.8,1.1,0.3,0.4,3.6,1.3,1.5,0.1,5.1,2.7,3.1,3.2,1.4,0.3,2.9,4.3,0.3,2.7,0.3,3.5,0.2,4.1,2.0,3.2,0.2,4.6,1.8,4.0,2.3,0.3,0.2,1.2,3.1,3.0,1.7,1.6,3.3,2.1,1.5,0.3,2.9,0.3,1.0,0.1,0.8,0.3,3.4,0.3,1.7,0.4,0.3,0.3,0.3,0.4,0.1,0.2,1.2,0.3,0.2,0.4,0.1,2.5,0.2,0.5,0.3,2.0,0.2,3.0,1.3,0.3,1.6,0.1,4.1,1.0,4.2
111,0.2,0.3,1.0,1.1,0.2,0.2,3.4,1.6,1.5,0.1,7.5,2.8,3.6,3.4,1.7,0.3,3.2,5.6,0.3,3.3,0.2,3.8,0.2,2.7,2.5,3.7,0.2,4.7,1.6,4.9,2.3,0.3,0.1,1.2,2.3,3.8,0.9,3.1,3.7,3.1,1.6,0.2,3.2,0.2,1.7,0.3,1.0,0.2,3.7,0.3,1.7,0.3,0.2,0.3,0.3,0.3,0.1,0.1,1.4,0.2,0.3,0.2,0.2,3.9,0.2,0.4,0.2,2.0,0.2,3.3,1.6,0.3,1.5,0.2,3.7,1.0,4.1
112,0.2,0.3,1.7,1.1,0.3,0.3,3.4,1.5,1.1,0.1,6.5,3.0,3.3,3.8,1.3,0.3,3.0,6.7,0.2,3.9,0.2,3.7,0.2,3.0,3.2,2.9,0.2,4.8,2.2,11.1,2.4,0.2,0.0,1.2,3.2,3.5,1.7,3.6,3.2,2.1,2.0,0.2,2.9,0.3,0.9,0.1,1.1,0.2,3.2,0.3,1.7,0.3,0.2,0.2,0.2,0.3,0.2,0.2,1.2,0.1,0.2,0.1,0.2,3.2,0.2,0.4,0.2,1.8,0.2,3.3,1.8,0.5,1.6,0.1,3.7,1.1,3.7
113,0.3,0.6,1.5,1.0,0.3,0.3,4.1,1.9,1.1,0.1,5.6,3.0,3.5,3.7,1.2,0.3,2.8,6.0,0.2,3.2,0.2,4.0,0.2,3.2,3.0,3.7,0.2,4.7,1.9,4.0,2.1,0.2,0.2,1.3,3.5,3.4,1.8,14.4,3.4,2.2,1.2,0.6,3.2,0.2,0.8,0.2,1.0,0.3,4.1,0.3,1.7,0.3,0.3,0.3,0.3,0.2,0.2,0.2,1.2,0.1,0.4,0.0,0.2,3.3,0.2,0.2,0.3,1.8,0.3,3.7,1.5,0.2,1.4,0.2,3.7,1.0,3.3
114,0.3,0.3,1.8,1.1,0.3,0.3,3.1,1.7,1.1,0.1,5.1,2.9,3.3,3.9,1.9,0.3,3.2,6.7,0.3,3.0,0.2,3.5,0.2,3.3,2.7,3.2,0.2,5.2,1.5,2.7,2.1,0.1,0.2,1.3,2.9,3.3,1.9,1.7,3.6,2.4,1.5,0.1,3.2,0.3,1.0,0.1,1.3,0.2,3.6,0.3,1.3,0.9,0.4,0.3,0.3,0.2,0.2,0.3,0.9,0.2,0.4,0.0,0.1,3.1,0.1,0.5,0.2,1.9,0.3,3.3,1.8,0.3,1.5,0.2,3.4,0.9,3.7
115,0.2,0.3,1.4,1.1,0.3,0.3,3.4,1.3,1.3,0.2,6.1,2.6,3.5,3.4,1.5,0.3,3.1,6.8,0.2,3.5,0.2,4.0,0.2,3.6,3.0,3.3,0.2,4.9,1.7,2.7,2.3,0.3,0.2,1.1,3.0,3.6,1.5,1.4,3.1,2.6,1.4,0.1,2.8,0.3,1.0,0.1,1.0,0.2,3.5,0.3,1.7,0.7,0.3,0.3,0.3,0.2,0.2,0.1,1.3,0.2,0.4,0.2,0.2,3.1,0.2,0.4,0.2,2.0,0.2,3.2,1.9,0.3,1.1,0.2,4.7,1.0,3.9
116,0.2,0.3,1.7,1.0,0.3,0.4,4.1,1.4,1.4,0.1,6.1,2.8,3.4,3.6,2.0,0.2,2.6,6.1,0.2,3.2,0.3,3.5,0.2,3.3,2.9,3.3,0.2,5.2,1.9,3.3,2.1,0.2,0.2,1.1,2.7,3.2,3.1,1.4,3.2,2.3,1.7,0.3,3.0,0.3,0.9,0.2,0.7,0.2,3.5,0.3,2.0,0.5,0.4,0.2,0.3,0.1,0.1,0.1,1.2,0.2,0.3,0.1,0.2,3.1,0.2,0.2,0.2,2.1,0.3,3.2,1.1,0.3,1.4,0.2,3.7,0.8,3.8
117,0.3,0.3,1.6,0.9,0.3,0.3,3.2,1.4,1.5,0.1,5.7,3.1,3.3,3.3,1.5,0.3,3.0,5.7,0.2,2.6,0.3,3.7,0.2,3.2,3.3,3.2,0.2,4.7,2.2,2.9,2.4,0.1,0.1,1.1,2.4,3.2,1.4,1.1,3.1,2.4,1.6,0.3,2.8,0.3,1.1,0.1,1.0,0.2,3.8,0.3,1.7,0.5,0.2,0.2,0.3,0.3,0.1,0.3,1.2,0.2,0.3,0.3,0.1,3.0,0.2,0.2,0.2,2.3,0.2,3.5,1.4,0.4,1.5,0.2,4.0,1.1,3.9
118,0.3,0.2,1.1,0.9,0.2,0.3,3.3,1.5,1.5,0.1,6.5,3.7,3.4,3.6,1.1,0.2,3.0,5.3,0.2,3.0,0.2,3.7,0.2,3.1,3.3,3.1,0.2,4.8,2.9,2.5,1.9,0.3,0.1,1.6,2.3,3.3,1.8,1.1,3.6,3.0,1.6,0.1,3.6,0.2,1.4,0.1,0.9,0.2,3.5,0.2,1.3,0.3,0.3,0.2,0.3,0.5,0.2,0.2,1.2,0.2,0.2,0.1,0.2,3.2,0.2,0.2,0.2,2.4,0.2,3.2,1.4,0.3,1.5,0.2,4.0,1.0,3.7
119,0.3,0.3,1.3,1.2,0.2,0.3,3.3,1.6,1.3,0.1,6.1,2.6,3.7,3.3,1.2,0.2,2.7,5.1,0.2,3.3,0.2,3.5,0.2,3.0,3.6,3.4,0.2,4.9,2.2,2.5,2.4,0.5,0.1,1.3,3.0,3.9,2.0,0.9,3.3,3.1,1.5,0.3,3.1,0.2,1.6,0.1,0.9,0.2,3.4,0.2,1.7,0.3,0.3,0.2,0.3,0.3,0.2,0.3,1.3,0.3,0.4,0.3,0.2,2.8,0.3,0.3,0.3,2.5,0.2,3.2,1.4,0.2,1.7,0.2,4.0,1.4,3.7
120,0.2,0.3,2.0,1.3,0.3,0.3,2.9,1.8,1.6,0.3,6.9,3.1,4.2,4.0,1.3,0.2,2.9,5.5,0.2,4.0,0.2,3.5,0.2,3.1,3.0,3.3,0.2,5.7,2.3,3.1,2.3,0.3,0.2,1.4,3.8,3.3,1.2,1.1,3.4,2.4,1.6,0.1,2.8,0.3,1.5,0.1,1.0,0.2,3.9,0.3,1.7,0.3,0.3,0.3,0.3,0.1,0.3,0.2,1.2,0.2,0.3,0.2,0.2,2.9,0.2,0.3,0.2,2.4,0.2,3.2,1.5,0.3,1.4,0.2,4.4,1.1,4.5
121,0.3,0.3,1.7,0.9,0.3,0.3,2.2,1.6,1.3,0.3,5.2,3.0,3.4,4.1,2.3,0.2,2.5,5.2,0.3,3.6,0.2,3.5,0.2,3.7,3.4,3.1,0.2,5.0,2.0,2.1,2.3,0.4,0.2,1.5,3.1,3.1,1.8,1.0,4.0,2.9,1.5,0.2,3.1,0.2,1.0,0.1,0.9,0.2,4.0,0.3,1.3,0.4,0.2,0.3,0.3,0.1,0.2,0.3,1.2,0.3,0.3,0.3,0.2,2.8,0.2,0.2,0.3,2.3,0.2,2.8,1.6,0.4,1.5,0.3,3.7,0.9,3.4
122,0.2,0.3,1.1,1.8,0.2,0.3,3.0,1.8,1.3,0.2,6.3,2.8,3.8,3.4,1.9,0.3,3.2,5.2,0.2,3.2,0.2,4.7,0.2,3.1,2.9,3.7,0.2,5.3,2.1,2.0,2.7,0.4,0.2,0.9,2.8,3.3,1.7,1.0,3.3,2.7,1.6,0.3,3.8,0.2,1.2,0.1,0.9,0.3,3.8,0.2,1.7,0.3,0.3,0.2,0.2,0.2,0.2,0.1,1.2,0.3,0.2,0.4,0.2,2.8,0.2,0.2,0.3,2.0,0.2,3.5,1.5,0.3,1.4,0.3,3.7,1.0,4.0
123,0.3,0.3,1.8,1.1,0.3,0.2,3.6,1.4,1.5,0.1,6.9,3.1,3.8,4.0,1.3,0.2,3.5,6.9,0.2,3.4,0.2,3.7,0.2,2.8,2.8,3.8,0.2,5.7,2.3,1.8,2.4,0.3,0.2,1.2,3.3,3.6,1.8,1.0,3.7,2.2,1.6,0.3,3.0,0.2,1.2,0.2,1.0,0.2,3.8,0.3,1.7,0.3,0.1,0.2,0.3,0.3,0.2,0.6,1.1,0.1,0.3,0.3,0.2,2.7,0.1,0.2,0.2,2.2,0.2,3.7,1.7,0.3,1.5,0.2,4.0,1.1,3.8
124,0.2,0.3,1.2,1.0,0.3,0.3,4.6,1.2,1.7,0.2,6.8,3.2,3.5,3.7,1.3,0.2,3.5,6.0,0.2,3.0,0.2,3.9,0.2,2.9,3.0,3.6,0.2,5.4,2.3,1.8,2.2,0.3,0.1,1.4,2.2,3.9,2.8,0.9,3.6,3.0,1.5,0.1,3.2,0.2,1.5,0.2,0.9,0.3,4.2,0.3,1.7,0.3,0.2,0.2,0.3,0.2,0.2,0.1,1.1,0.2,0.4,0.3,0.2,3.0,0.2,0.3,0.2,2.7,0.2,3.2,1.4,0.4,1.4,0.2,4.0,1.0,3.7
125,0.2,0.3,1.4,1.3,0.3,0.3,3.9,1.5,1.5,0.2,7.1,2.8,3.9,4.0,1.1,0.2,2.9,6.2,0.2,3.1,0.3,3.4,0.2,2.8,2.6,3.5,0.2,5.6,2.1,2.1,2.5,0.4,0.2,1.1,2.4,4.0,2.0,1.0,3.5,1.9,1.8,0.1,3.1,0.3,1.3,0.2,0.9,0.2,3.6,0.3,1.7,0.3,0.3,0.3,0.3,0.3,0.2,0.1,1.1,0.1,0.4,0.2,0.2,3.1,0.1,0.3,0.2,2.4,0.2,3.0,1.7,0.3,1.2,0.2,3.7,1.1,4.0
126,0.2,0.2,1.7,1.4,0.3,0.3,4.1,1.2,1.4,0.2,7.2,3.1,3.8,3.4,1.1,0.2,2.9,6.4,0.2,3.3,0.2,3.9,0.2,3.2,2.9,3.6,0.2,4.9,1.9,2.1,2.4,0.3,0.1,1.6,3.1,3.9,2.0,0.8,3.9,2.5,1.5,0.1,3.3,0.2,1.2,0.2,1.0,0.2,4.0,0.3,1.3,0.4,0.1,0.2,0.3,0.2,0.2,0.3,1.1,0.1,0.3,0.2,0.2,3.4,0.1,0.3,0.2,2.6,0.2,3.2,1.4,0.4,1.4,0.2,4.3,0.9,4.1
127,0.2,0.3,1.5,1.5,0.3,0.3,3.9,1.6,1.3,0.2,6.1,2.8,3.5,3.7,1.1,0.3,2.5,6.4,0.2,3.1,0.3,3.9,0.2,3.3,3.1,2.9,0.2,5.3,2.5,2.4,1.9,0.3,0.1,0.8,2.7,3.6,3.9,1.0,3.4,2.5,1.5,0.1,3.9,0.2,1.2,0.2,1.3,0.3,4.1,0.3,1.7,0.3,0.1,0.2,0.3,0.3,0.2,0.2,1.4,0.2,0.4,0.3,0.2,3.1,0.2,0.1,0.2,1.7,0.2,3.2,1.5,0.3,1.4,0.2,4.0,1.1,4.0
128,0.2,0.3,1.7,1.6,0.2,0.2,3.5,1.6,1.2,0.2,6.1,2.7,3.2,3.7,1.4,0.3,2.8,6.5,0.2,3.4,0.2,3.7,0.2,3.4,2.2,3.5,0.2,5.4,2.5,1.8,2.3,0.3,0.1,1.0,3.4,3.7,2.4,0.7,3.6,2.6,1.6,0.4,3.4,0.2,1.5,0.2,0.6,0.2,4.0,0.2,1.3,0.3,0.1,0.2,0.2,0.2,0.2,0.2,1.3,0.1,0.4,0.4,0.2,2.7,0.2,0.3,0.2,2.7,0.2,3.2,1.7,0.3,1.6,0.2,3.6,1.4,3.9
129,0.2,0.3,1.2,1.7,0.2,0.3,3.9,1.7,1.5,0.1,6.8,2.6,3.2,3.8,2.0,0.3,2.9,7.1,0.2,3.9,0.2,3.9,0.2,4.0,2.4,3.9,0.2,5.5,2.8,2.2,2.2,0.2,0.1,1.2,2.9,3.7,2.0,0.9,4.7,2.9,1.8,0.3,3.9,0.2,1.4,0.1,0.8,0.2,4.3,0.2,1.7,0.3,0.2,0.2,0.2,0.3,0.2,0.2,1.4,0.2,0.4,0.1,0.2,3.3,0.2,0.2,0.2,2.3,0.2,3.2,1.7,0.3,1.5,0.2,4.3,0.9,3.9
130,0.3,0.4,1.7,1.8,0.3,0.3,3.6,1.8,1.5,0.1,6.0,2.6,3.7,3.7,1.4,0.3,2.9,7.0,0.2,3.9,0.3,3.7,0.2,3.6,3.0,3.6,0.2,5.5,1.9,2.6,2.4,0.5,0.1,1.3,4.1,4.2,2.9,0.9,2.8,2.4,1.9,0.4,4.1,0.3,1.2,0.2,0.9,0.3,3.5,0.3,1.3,0.3,0.5,0.2,0.2,0.3,0.2,0.2,1.3,0.1,0.3,0.2,0.2,3.1,0.1,0.2,0.3,2.1,0.2,3.2,1.7,0.3,1.5,0.3,4.0,0.9,3.7
131,0.2,0.3,1.7,1.4,0.3,0.3,3.0,1.7,2.1,0.2,5.7,2.7,3.5,3.9,1.2,0.3,3.1,8.1,0.2,3.6,0.3,3.7,0.2,3.3,2.4,3.5,0.2,5.3,2.1,2.1,2.3,0.2,0.1,1.3,3.3,4.1,1.9,0.8,4.6,2.8,1.9,0.2,3.7,0.3,1.4,0.2,1.0,0.2,3.7,0.3,1.7,0.3,0.2,0.2,0.3,0.2,0.1,0.1,1.3,0.1,0.3,0.3,0.1,3.2,0.2,0.2,0.2,2.3,0.2,3.4,1.9,0.5,1.3,0.2,3.6,0.8,3.8
132,0.2,0.2,1.3,1.7,0.3,0.2,3.7,1.5,1.5,0.2,5.7,2.8,3.2,4.0,1.4,0.3,3.3,7.1,0.2,3.4,0.2,3.9,0.2,3.4,3.1,4.0,0.2,5.1,2.8,2.3,2.7,0.2,0.1,1.3,3.1,4.0,1.3,0.8,3.8,2.8,1.8,0.1,3.5,0.2,1.4,0.2,1.1,0.2,3.7,0.3,1.6,0.3,0.6,0.2,0.3,0.2,0.1,0.1,1.6,0.2,0.4,0.2,0.2,2.9,0.1,0.4,0.2,2.6,0.2,3.2,2.0,0.5,1.6,0.2,4.0,1.2,3.9
133,0.2,0.3,1.6,2.0,0.3,0.3,4.2,1.6,1.4,0.2,5.9,2.7,3.3,3.7,1.2,0.3,2.7,8.0,0.2,3.0,0.3,3.2,0.1,3.9,2.7,3.2,0.2,5.3,2.2,2.3,2.5,0.2,0.1,1.4,2.9,3.9,4.4,0.7,3.2,2.6,1.7,0.2,3.5,0.2,1.4,0.2,0.9,0.2,3.7,0.3,2.0,0.3,0.2,0.2,0.3,0.3,0.2,0.1,1.4,0.1,0.2,0.2,0.2,3.4,0.1,0.6,0.2,2.0,0.3,3.9,1.2,0.3,1.5,0.2,3.6,1.0,3.6
134,0.2,0.2,1.2,1.8,0.3,0.3,3.9,1.6,1.4,0.2,6.1,3.2,3.2,4.3,1.3,0.2,3.0,8.1,0.2,3.2,0.2,3.6,0.2,3.5,2.3,3.8,0.2,5.7,2.6,2.5,2.2,0.3,0.2,1.4,3.6,3.9,2.7,1.0,4.0,2.8,1.9,0.4,3.1,0.2,1.3,0.3,1.0,0.2,3.8,0.3,1.6,0.4,0.1,0.2,0.3,0.2,0.2,0.2,1.5,0.1,0.4,0.3,0.3,2.9,0.2,0.2,0.2,2.7,0.2,3.4,2.0,0.3,1.8,0.2,3.9,1.0,3.8
135,0.2,0.3,1.1,1.7,0.3,0.3,4.1,1.8,1.6,0.2,5.6,2.9,3.3,4.2,1.3,0.3,2.7,8.0,0.2,3.1,0.3,3.9,0.2,3.8,3.2,3.8,0.2,5.3,2.4,2.7,2.5,0.1,0.1,1.3,3.3,4.2,2.6,1.0,3.4,2.4,1.9,0.2,3.3,0.2,1.3,0.1,1.1,0.2,3.7,0.3,1.6,0.3,0.3,0.2,0.3,0.2,0.3,0.1,1.5,0.2,0.4,0.2,0.2,3.5,0.2,0.2,0.2,2.5,0.3,3.0,1.8,0.3,1.5,0.2,3.9,1.1,4.0
136,0.3,0.3,2.3,2.0,0.3,0.3,4.1,1.7,1.3,0.2,5.0,2.8,3.4,4.0,1.6,0.2,2.8,7.2,0.3,3.9,0.2,3.4,0.2,3.4,3.0,3.6,0.2,5.1,2.4,2.7,2.5,0.2,0.2,1.5,3.5,4.1,1.6,1.1,4.0,2.3,1.7,0.2,3.6,0.2,1.1,0.2,1.1,0.2,4.5,0.3,2.0,0.4,0.1,0.2,0.3,0.2,0.2,0.1,1.2,0.2,0.6,0.1,0.2,3.0,0.2,0.3,0.2,2.5,0.2,2.8,1.7,0.4,1.4,0.1,4.6,1.0,3.7
137,0.3,0.3,1.2,1.8,0.2,0.3,4.5,1.6,1.4,0.1,5.8,2.9,3.5,4.4,1.8,0.3,2.8,6.7,0.3,3.8,0.2,3.6,0.2,3.8,2.8,3.7,0.3,5.5,2.6,2.3,2.3,0.3,0.1,1.4,2.9,3.9,2.8,1.1,3.9,2.5,1.6,0.2,3.5,0.2,1.4,0.1,1.0,0.2,4.2,0.3,1.3,0.5,0.3,0.3,0.2,0.1,0.2,0.2,1.5,0.2,0.3,0.2,0.2,3.1,0.2,0.4,0.2,2.7,0.2,3.0,1.9,0.3,1.4,0.2,3.3,1.0,4.1
138,0.2,0.3,1.6,1.6,0.3,0.3,3.4,1.9,1.6,0.2,6.3,3.0,3.5,3.3,1.5,0.3,2.8,6.3,0.3,3.4,0.3,3.9,0.2,3.8,3.0,3.7,0.2,5.0,2.5,2.7,2.3,0.2,0.1,1.4,3.2,3.3,2.6,1.0,3.8,2.1,1.8,0.1,3.3,0.2,1.5,0.1,1.1,0.3,3.4,0.3,1.6,0.3,0.3,0.2,0.3,0.2,0.1,0.0,1.7,0.2,0.4,0.2,0.1,3.1,0.2,0.5,0.2,2.1,0.2,3.6,1.5,0.4,1.4,0.2,3.9,1.2,4.0
139,0.3,0.4,1.6,2.1,0.3,0.3,3.2,1.8,1.4,0.1,6.6,2.7,3.4,3.8,1.2,0.3,2.8,6.4,0.3,3.2,0.3,3.4,0.2,3.4,2.8,3.5,0.2,4.8,2.5,2.2,2.3,0.2,0.1,1.3,3.2,3.8,3.1,0.9,3.3,2.5,1.7,0.3,3.2,0.3,1.1,0.2,1.0,0.2,4.0,0.3,1.3,0.3,0.3,0.3,0.3,0.2,0.1,0.3,1.6,0.2,0.3,0.2,0.1,3.7,0.2,0.5,0.3,1.9,0.3,3.0,1.8,0.4,1.5,0.2,3.6,1.0,4.1
140,0.3,0.3,1.5,1.9,0.3,0.3,3.8,2.3,1.2,0.1,6.0,2.8,3.6,4.0,1.9,0.3,2.8,6.8,0.3,3.3,0.3,3.6,0.2,3.8,3.4,4.0,0.3,4.6,2.4,3.2,2.6,0.3,0.1,1.4,3.4,3.7,2.5,1.3,3.4,2.3,1.6,0.7,3.4,0.3,1.5,0.2,1.0,0.2,4.0,0.3,1.6,0.3,0.2,0.2,0.3,0.2,0.2,0.3,1.5,0.2,0.3,0.2,0.2,3.1,0.2,0.3,0.3,3.1,0.2,3.2,1.7,0.3,1.2,0.3,3.6,1.3,3.8
141,0.3,0.3,1.9,1.8,0.3,0.4,2.8,1.3,1.3,0.2,6.5,3.0,4.0,4.3,1.2,0.2,3.1,5.3,0.2,3.4,0.3,3.4,0.2,3.1,3.5,3.5,0.3,4.7,1.7,2.5,2.2,0.3,0.2,1.2,3.8,3.7,4.3,1.1,2.5,2.7,1.6,0.5,3.5,0.2,1.4,0.2,1.1,0.3,3.5,0.3,1.3,0.3,0.2,0.2,0.3,0.2,0.1,0.1,1.4,0.2,0.3,0.1,0.1,2.7,0.2,0.6,0.2,2.2,0.2,4.0,1.4,0.4,1.4,0.2,3.9,1.3,4.0
142,0.3,0.3,1.6,2.8,0.3,0.3,3.5,1.4,1.8,0.2,5.6,3.2,3.8,4.2,1.4,0.3,2.5,6.3,0.3,3.3,0.2,3.4,0.2,3.3,3.3,3.7,0.2,4.9,2.3,2.4,2.5,0.2,0.1,1.0,3.4,3.4,2.8,1.1,3.6,2.4,1.6,0.2,3.5,0.2,1.4,0.1,1.0,0.3,4.3,0.3,1.6,0.4,0.2,0.2,0.4,0.0,0.1,0.0,1.5,0.3,0.4,0.2,0.1,3.0,0.2,0.5,0.2,2.4,0.2,2.8,1.6,0.4,1.2,0.2,3.0,1.1,4.0
143,0.3,0.3,1.8,1.6,0.2,0.3,3.9,1.6,1.8,0.1,6.8,3.3,3.7,3.5,1.4,0.2,3.0,6.1,0.3,3.2,0.2,3.4,0.2,3.4,3.1,3.9,0.2,5.1,2.1,1.9,2.1,0.3,0.0,1.2,3.5,3.4,3.0,0.7,3.2,1.9,1.6,0.3,4.0,0.2,1.3,0.2,1.1,0.3,3.8,0.3,1.3,0.4,0.3,0.2,0.3,0.2,0.2,0.3,1.5,0.2,0.6,0.2,0.2,3.0,0.1,0.3,0.3,2.7,0.2,3.2,1.7,0.5,1.4,0.3,3.9,1.0,4.0
144,0.3,0.3,1.3,1.6,0.3,0.5,3.7,1.7,1.3,0.2,5.6,3.2,3.7,4.1,1.3,0.3,3.0,8.0,0.3,3.5,0.3,3.1,0.1,3.1,3.1,4.0,0.2,5.0,2.0,2.6,2.4,0.3,0.1,1.3,3.7,3.6,3.9,1.1,2.8,2.5,1.4,0.6,3.4,0.2,1.5,0.2,0.8,0.3,4.0,0.3,1.6,0.4,0.1,0.2,0.3,0.1,0.1,0.2,1.5,0.3,0.2,0.2,0.2,2.7,0.2,0.5,0.3,2.5,0.2,3.4,1.5,0.5,1.2,0.2,3.6,1.0,3.9
145,0.3,0.2,1.3,1.4,0.3,0.3,3.5,1.9,2.3,0.3,5.9,3.0,3.3,4.3,1.5,0.3,3.6,6.3,0.3,4.5,0.3,5.0,0.3,2.9,2.4,3.9,0.3,4.8,2.6,3.1,2.3,0.3,0.1,1.1,3.9,3.7,4.1,1.2,3.7,2.3,2.0,0.5,3.4,0.3,1.5,0.2,1.2,0.3,4.2,0.3,2.0,0.3,0.2,0.3,0.3,0.2,0.2,0.3,1.5,0.3,0.5,0.2,0.2,2.6,0.3,0.5,0.3,2.3,0.3,3.0,1.6,0.5,1.3,0.3,3.3,1.1,4.1
146,0.2,0.2,2.9,1.5,0.3,0.4,3.9,2.3,1.8,0.1,6.5,2.7,4.5,4.4,1.4,0.2,3.0,6.2,0.2,3.8,0.3,2.9,0.2,2.4,4.0,3.6,0.2,4.7,2.8,2.3,2.2,0.2,0.1,1.3,3.8,4.0,2.7,1.1,3.6,1.9,2.3,0.3,3.5,0.2,1.2,0.1,1.1,0.3,4.0,0.3,1.6,0.4,0.2,0.2,0.3,0.2,0.2,0.3,1.5,0.1,0.5,0.1,0.2,3.3,0.1,0.5,0.2,3.1,0.2,3.0,1.7,0.4,1.4,0.2,3.9,1.1,4.0
147,0.2,0.3,1.5,1.9,0.2,0.3,3.6,1.7,1.6,0.1,6.1,3.1,3.7,4.2,1.4,0.3,3.1,6.2,0.2,2.7,0.2,3.1,0.2,3.2,4.4,3.5,0.3,4.7,2.9,2.0,2.0,0.2,0.1,1.2,3.2,3.7,2.7,0.7,3.3,2.7,1.9,0.1,4.0,0.2,1.1,0.1,1.1,0.3,3.7,0.2,1.6,0.4,0.3,0.2,0.3,0.1,0.1,0.4,1.4,0.3,0.5,0.2,0.1,2.8,0.2,0.5,0.2,1.9,0.2,3.4,1.5,0.3,1.4,0.2,4.2,0.9,3.9
148,0.2,0.2,1.4,1.6,0.3,0.3,3.3,1.5,1.6,0.2,5.1,3.1,4.2,4.0,1.3,0.3,2.8,6.4,0.2,3.1,0.2,2.9,0.2,3.2,3.4,3.9,0.3,5.0,2.1,2.7,2.0,0.2,0.2,1.3,2.5,4.0,2.4,1.0,3.2,2.6,1.8,0.5,3.6,0.2,1.6,0.2,1.2,0.3,3.7,0.3,1.6,0.3,0.3,0.2,0.3,0.2,0.2,0.2,1.5,0.2,0.2,0.1,0.2,2.9,0.2,0.4,0.2,2.6,0.2,3.0,1.9,0.3,1.7,0.3,3.3,1.0,3.5
149,0.3,0.2,1.7,1.6,0.2,0.3,3.5,1.8,1.6,0.2,5.8,3.2,4.2,4.1,1.3,0.3,3.1,6.8,0.2,3.2,0.3,3.8,0.2,4.0,3.6,3.8,0.3,4.9,2.4,1.7,2.0,0.4,0.2,1.3,3.5,4.1,4.2,0.6,3.2,2.6,1.6,0.4,3.7,0.2,1.3,0.3,1.3,0.3,3.7,0.3,2.0,0.4,0.2,0.3,0.3,0.3,0.2,0.1,1.5,0.2,0.3,0.1,0.2,3.4,0.2,0.5,0.3,3.0,0.2,3.4,1.5,0.5,1.5,0.4,3.6,1.1,4.2
150,0.2,0.3,1.7,2.0,0.3,0.3,3.8,1.3,1.7,0.2,5.8,3.0,4.0,4.6,1.2,0.3,2.6,7.1,0.2,3.2,0.2,3.1,0.2,2.7,4.0,3.2,0.3,5.1,2.4,1.8,2.0,0.3,0.1,1.2,3.5,4.0,2.9,0.9,3.0,1.8,1.5,0.5,3.4,0.3,1.5,0.2,1.1,0.2,4.3,0.3,1.6,0.4,0.2,0.3,0.3,0.2,0.2,0.2,1.1,0.2,0.3,0.1,0.2,2.2,0.2,0.4,0.2,3.3,0.2,3.2,1.8,0.3,1.3,0.2,3.6,1.1,3.3
151,0.3,0.2,1.6,1.6,0.3,0.3,3.6,1.7,1.8,0.1,5.2,3.5,4.2,4.1,1.4,0.3,3.1,6.4,0.3,3.3,0.2,3.4,0.2,2.9,4.7,3.8,0.3,5.2,2.5,1.9,2.3,0.2,0.2,1.3,3.6,3.4,2.1,0.8,3.6,2.8,1.8,0.3,3.3,0.3,1.3,0.2,1.2,0.3,3.3,0.3,1.6,0.4,0.4,0.3,0.2,0.1,0.3,0.1,1.3,0.2,0.4,0.2,0.3,2.6,0.2,0.5,0.2,3.3,0.2,3.2,1.2,0.4,1.5,0.3,3.6,1.0,3.5
152,0.3,0.3,1.8,1.3,0.2,0.4,3.2,1.8,1.6,0.2,5.1,3.8,4.4,4.1,1.3,0.3,3.2,6.0,0.3,3.3,0.3,3.8,0.2,3.1,3.0,3.7,0.2,5.4,2.4,1.5,2.1,0.3,0.2,1.5,3.4,4.2,2.9,0.9,3.6,3.1,1.8,0.2,3.4,0.2,2.0,0.2,1.3,0.3,3.5,0.3,1.6,0.5,0.3,0.3,0.3,0.2,0.2,0.3,1.4,0.2,0.3,0.2,0.2,2.7,0.2,0.4,0.3,3.1,0.2,3.1,1.5,0.4,1.4,0.2,4.2,1.1,4.5
153,0.3,0.2,1.7,1.3,0.2,0.3,3.5,1.9,1.6,0.1,5.4,3.4,3.8,4.4,1.3,0.3,3.0,6.9,0.2,3.1,0.2,3.8,0.2,3.9,3.5,3.6,0.2,5.2,2.4,1.9,2.3,0.3,0.2,1.3,4.3,4.1,2.0,1.0,3.7,2.2,1.6,0.3,3.2,0.2,1.2,0.2,1.1,0.2,3.3,0.2,2.0,0.3,0.3,0.2,0.2,0.3,0.2,0.2,1.4,0.2,0.3,0.1,0.2,2.9,0.2,0.3,0.2,3.5,0.2,3.1,1.7,0.3,1.4,0.2,3.6,1.1,3.7
154,0.2,0.2,1.4,1.3,0.2,0.3,3.6,1.8,1.6,0.1,6.3,2.9,3.9,4.0,1.3,0.2,3.1,6.6,0.2,2.9,0.3,3.6,0.2,3.1,3.7,3.6,0.2,4.6,2.3,1.7,2.1,0.2,0.2,1.3,3.6,4.0,1.7,0.9,3.2,2.5,1.8,0.3,3.2,0.2,0.7,0.1,1.0,0.2,3.9,0.3,2.0,0.4,0.2,0.2,0.3,0.1,0.2,0.1,1.4,0.2,0.4,0.2,0.1,3.0,0.2,0.5,0.2,3.0,0.2,3.1,2.0,0.4,1.4,0.2,3.6,1.2,3.6
155,0.3,0.2,1.5,1.4,0.3,0.4,2.8,1.9,1.3,0.2,5.2,3.0,4.0,4.2,1.3,0.3,2.9,6.7,0.2,3.4,0.3,3.6,0.2,3.7,2.8,3.4,0.2,5.0,2.8,2.1,2.2,0.3,0.1,1.3,3.3,4.1,2.2,1.0,3.7,2.6,1.7,0.4,3.2,0.3,1.3,0.2,1.0,0.3,3.9,0.3,1.6,0.3,0.2,0.2,0.3,0.1,0.2,0.1,1.5,0.2,0.3,0.1,0.2,2.7,0.3,0.4,0.2,2.9,0.2,2.9,1.5,0.3,1.4,0.2,3.6,1.0,3.3
156,0.2,0.3,1.4,2.0,0.3,0.4,3.5,1.9,1.3,0.1,4.6,2.5,4.5,3.8,1.4,0.2,2.9,7.2,0.2,3.3,0.3,3.6,0.2,3.0,3.1,3.6,0.2,5.1,2.6,1.6,1.9,0.3,0.1,1.3,3.2,4.1,2.6,0.9,3.8,2.5,2.0,0.4,3.7,0.3,1.2,0.2,0.8,0.3,3.8,0.3,1.6,0.4,0.2,0.2,0.3,0.1,0.2,0.1,1.4,0.2,0.2,0.1,0.2,3.1,0.2,0.5,0.2,3.1,0.2,2.9,1.7,0.3,1.7,0.2,3.2,1.2,3.2
157,0.2,0.2,1.6,1.4,0.3,0.2,3.5,1.8,1.6,0.1,4.8,2.9,4.7,3.6,1.8,0.2,3.4,6.8,0.2,3.1,0.2,3.6,0.2,2.9,2.7,3.6,0.2,5.2,2.3,1.8,2.2,0.2,0.1,1.2,3.0,4.1,2.2,0.9,3.5,3.0,1.6,0.2,3.6,0.2,1.2,0.2,0.6,0.2,3.8,0.3,1.6,0.3,0.5,0.2,0.4,0.1,0.2,0.2,1.6,0.3,0.3,0.2,0.2,3.2,0.2,0.3,0.2,3.3,0.2,2.9,1.8,0.4,1.5,0.2,3.6,1.1,3.7
158,0.3,0.3,1.6,1.8,0.3,0.4,3.6,1.9,1.6,0.2,4.7,3.0,4.1,3.9,1.4,0.3,3.1,6.8,0.3,3.1,0.2,3.3,0.2,2.7,3.3,3.8,0.2,5.2,2.2,1.9,2.2,0.3,0.1,1.2,2.9,4.1,2.4,0.9,3.5,2.4,1.7,0.1,3.4,0.2,1.3,0.3,1.0,0.3,3.7,0.3,1.6,0.4,0.6,0.3,0.3,0.4,0.2,0.2,1.6,0.3,0.4,0.1,0.2,2.9,0.2,0.4,0.3,3.0,0.3,3.3,1.5,0.5,1.4,0.2,3.6,1.4,3.3
159,0.3,0.2,2.0,1.8,0.3,0.5,4.1,1.7,1.5,0.2,4.5,3.2,4.4,3.9,1.4,0.3,3.2,5.8,0.2,3.4,0.2,3.3,0.2,3.0,3.5,3.8,0.2,5.3,2.7,2.2,2.0,0.2,0.2,1.4,3.4,3.8,2.4,1.0,3.9,2.8,1.6,0.3,3.0,0.2,1.4,0.3,1.0,0.3,4.0,0.3,1.9,0.4,0.3,0.2,0.3,0.1,0.2,0.1,1.6,0.1,0.4,0.1,0.2,3.0,0.2,0.5,0.3,3.3,0.3,3.1,1.8,0.4,1.6,0.2,3.6,1.1,3.3
160,0.2,0.2,1.6,2.0,0.2,0.5,4.4,1.9,1.7,0.1,4.9,3.7,4.2,3.6,1.3,0.3,3.2,7.3,0.2,3.3,0.3,3.6,0.3,3.9,3.6,3.9,0.2,5.3,2.2,2.1,2.6,0.2,0.1,1.3,3.2,3.8,2.5,1.0,3.6,2.5,1.6,0.2,3.1,0.2,1.4,0.2,0.8,0.3,3.6,0.3,1.9,0.4,0.3,0.2,0.3,0.1,0.1,0.5,1.5,0.3,0.3,0.2,0.2,3.3,0.2,0.4,0.3,2.9,0.3,3.1,1.7,0.3,1.4,0.2,3.9,1.2,3.7
161,0.3,0.3,1.6,1.7,0.3,0.5,3.9,2.0,2.0,0.2,5.2,3.7,4.1,3.3,1.3,0.2,3.2,7.7,0.3,2.9,0.3,3.8,0.2,3.4,3.8,4.1,0.2,4.9,2.3,2.5,2.7,0.2,0.1,1.0,3.6,3.9,2.5,1.0,3.5,2.3,1.6,0.3,3.4,0.3,1.4,0.2,0.9,0.3,3.4,0.3,1.6,0.4,0.2,0.2,0.4,0.2,0.2,0.2,1.8,0.3,0.4,0.2,0.2,3.3,0.2,0.5,0.3,2.7,0.3,3.3,1.8,0.4,1.6,0.2,3.9,1.3,3.1
162,0.3,0.2,1.5,1.7,0.2,0.5,3.9,1.7,1.9,0.1,4.6,3.3,4.6,3.6,1.5,0.2,3.1,6.9,0.2,4.1,0.2,3.3,0.2,2.9,4.5,4.1,0.3,5.4,2.7,2.4,2.8,0.3,0.2,1.5,3.1,4.0,3.2,1.2,3.4,2.7,1.8,0.4,3.1,0.2,1.4,0.2,0.9,0.3,3.9,0.2,1.6,0.4,0.4,0.2,0.3,0.2,0.2,0.1,1.5,0.2,0.3,0.3,0.2,3.2,0.2,0.4,0.2,2.9,0.3,2.9,1.9,0.3,1.5,0.2,3.5,1.1,3.3
163,0.2,0.3,1.6,1.6,0.3,0.4,3.7,1.8,1.8,0.1,5.4,3.4,4.3,3.8,1.5,0.2,3.3,7.1,0.2,3.9,0.2,3.8,0.2,3.9,3.8,4.1,0.2,5.5,2.7,2.2,2.5,0.3,0.1,1.3,3.1,4.3,2.8,1.0,3.9,2.3,2.0,0.3,3.5,0.2,1.5,0.2,1.4,0.3,3.6,0.3,1.9,0.3,0.2,0.2,0.3,0.1,0.2,0.2,1.4,0.3,0.3,0.1,0.2,3.2,0.2,0.3,0.2,3.3,0.2,3.3,1.8,0.3,1.8,0.2,3.6,1.2,3.7
164,0.3,0.3,1.6,1.6,0.3,0.4,3.3,1.8,2.0,0.2,5.5,3.6,4.1,3.5,1.4,0.3,3.3,6.9,0.2,3.4,0.3,3.5,0.2,3.1,4.6,3.5,0.2,5.6,2.7,2.7,2.5,0.3,0.1,1.0,3.0,4.0,2.7,1.0,3.6,2.3,1.7,0.1,3.4,0.3,1.3,0.2,1.3,0.3,3.8,0.3,1.3,0.2,0.3,0.2,0.3,0.2,0.2,0.1,1.5,0.2,0.3,0.2,0.2,3.3,0.3,0.3,0.3,2.8,0.3,3.3,1.9,0.3,1.8,0.2,3.5,1.1,3.4
165,0.2,0.3,1.6,1.6,0.3,0.5,3.7,2.4,1.7,0.2,4.7,4.0,4.4,3.4,1.4,0.3,3.4,7.2,0.2,3.6,0.3,3.8,0.2,3.3,3.4,4.2,0.2,5.7,2.3,2.6,2.6,0.2,0.2,1.6,2.8,4.1,3.2,1.0,3.8,3.3,2.0,0.1,3.2,0.2,1.2,0.2,1.2,0.3,4.0,0.3,1.9,0.4,0.2,0.3,0.3,0.2,0.2,0.2,1.5,0.3,0.3,0.2,0.2,3.9,0.2,0.7,0.3,2.7,0.3,3.3,2.0,0.3,1.9,0.2,3.5,1.2,3.8
166,0.2,0.3,1.6,1.8,0.3,0.5,3.1,1.9,1.7,0.2,5.2,3.4,5.2,3.4,1.5,0.2,3.5,7.2,0.2,3.4,0.3,3.5,0.2,3.5,4.9,4.3,0.3,5.6,3.2,2.6,2.6,0.4,0.1,1.3,2.9,4.4,3.0,1.0,3.4,2.5,1.9,0.5,3.4,0.3,1.5,0.2,1.1,0.3,3.7,0.3,1.9,0.4,0.2,0.3,0.3,0.3,0.2,0.2,1.6,0.2,0.3,0.3,0.2,3.6,0.2,0.1,0.3,3.0,0.3,3.1,1.8,0.3,2.0,0.2,3.5,1.7,3.8
167,0.3,0.3,2.6,1.8,0.2,0.5,3.4,1.9,1.5,0.2,5.1,3.6,4.7,3.7,1.5,0.3,3.3,7.2,0.2,3.1,0.2,3.5,0.4,3.4,3.8,4.3,0.3,4.8,3.0,2.8,2.8,0.3,0.2,1.2,4.1,3.4,2.7,1.1,3.1,2.2,2.2,0.1,3.6,0.1,1.4,0.2,1.2,0.3,3.3,0.2,1.9,0.4,0.2,0.3,0.3,0.2,0.1,0.0,1.6,0.3,0.4,0.1,0.1,3.1,0.2,0.7,0.3,3.9,0.3,3.3,1.6,0.3,1.7,0.2,3.9,1.1,4.3
168,0.2,0.3,1.6,1.5,0.3,0.6,3.4,1.8,1.9,0.2,6.3,3.7,4.2,4.0,1.4,0.3,3.3,7.3,0.3,3.4,0.3,3.8,0.3,3.6,3.7,4.2,0.3,5.4,2.5,2.7,2.7,0.2,0.2,1.3,2.9,4.1,2.5,1.0,3.6,2.4,1.9,0.4,3.2,0.2,1.3,0.2,1.1,0.3,3.8,0.3,2.3,0.4,0.3,0.3,0.3,0.2,0.2,0.2,1.7,0.3,0.4,0.1,0.2,3.9,0.2,0.7,0.3,2.9,0.4,3.5,1.8,0.4,1.7,0.2,4.8,1.2,3.3
169,0.2,0.2,1.6,1.5,0.2,0.5,3.4,1.7,1.7,0.2,5.6,4.0,4.6,3.8,1.4,0.3,3.3,7.8,0.2,3.6,0.3,3.5,0.3,3.5,4.0,4.4,0.2,5.3,2.7,3.0,2.3,0.2,0.2,1.3,3.5,4.0,3.0,1.2,3.2,2.3,2.0,0.2,3.4,0.2,1.4,0.2,1.3,0.3,3.5,0.3,1.9,0.5,0.4,0.2,0.3,0.1,0.2,0.2,1.7,0.2,0.3,0.0,0.2,3.4,0.2,0.3,0.2,2.9,0.2,2.7,1.7,0.3,2.0,0.2,3.8,1.1,4.2
170,0.3,0.3,1.6,1.4,0.3,0.5,2.9,2.6,1.7,0.3,5.3,4.1,4.1,3.1,1.1,0.3,3.6,7.7,0.3,3.3,0.3,3.7,0.2,3.8,4.0,3.9,0.3,5.6,2.3,3.0,2.6,0.2,0.1,1.4,2.9,3.6,3.9,1.1,3.3,2.7,2.5,0.1,4.3,0.3,1.7,0.2,1.1,0.3,4.3,0.3,1.9,0.4,0.4,0.2,0.3,0.2,0.2,0.2,1.7,0.5,0.2,0.2,0.2,3.6,0.2,0.3,0.3,2.8,0.2,3.5,2.0,0.3,2.8,0.2,4.2,1.3,4.3
171,0.3,0.3,1.3,1.6,0.3,0.5,2.6,2.1,1.8,0.1,5.0,4.0,4.8,3.6,1.8,0.2,3.3,7.3,0.3,3.2,0.3,4.2,0.2,3.7,3.2,4.1,0.3,5.5,1.7,2.9,2.5,0.4,0.1,1.3,2.6,4.1,3.7,1.2,3.4,2.5,2.0,0.2,3.7,0.2,1.7,0.2,1.1,0.2,3.7,0.3,1.9,0.4,0.3,0.3,0.3,0.5,0.2,0.2,1.7,0.3,0.3,0.1,0.2,3.8,0.2,0.3,0.3,3.0,0.3,3.7,1.8,0.3,1.7,0.2,4.2,1.4,4.1
172,0.3,0.4,1.8,1.6,0.3,0.4,2.9,2.0,1.9,0.1,5.4,4.1,4.0,4.0,1.3,0.2,3.6,7.3,0.2,3.6,0.3,4.0,0.2,3.6,4.5,4.0,0.3,5.6,2.4,3.3,2.3,0.5,0.1,1.5,3.1,4.0,4.0,1.5,3.4,2.2,1.8,0.3,3.5,0.2,1.4,0.2,1.2,0.3,3.8,0.3,1.6,0.3,0.3,0.2,0.3,0.3,0.2,0.3,1.8,0.2,0.4,0.2,0.2,3.4,0.1,0.3,0.3,3.1,0.2,3.5,1.9,0.3,1.5,0.2,3.5,1.2,3.6
173,0.2,0.3,1.8,2.3,0.3,0.4,2.3,2.0,1.8,0.1,4.8,3.7,4.4,4.3,1.2,0.2,3.6,7.9,0.3,3.9,0.3,3.5,0.2,3.4,4.3,3.7,0.2,5.4,2.6,2.9,2.4,0.3,0.1,1.4,2.9,3.8,3.1,1.2,3.6,2.4,2.0,0.3,3.6,0.2,1.5,0.2,1.1,0.3,4.0,0.3,1.9,0.6,0.6,0.3,0.3,0.2,0.2,0.3,1.6,0.4,0.4,0.2,0.2,3.5,0.1,0.3,0.3,3.2,0.3,3.3,1.8,0.5,1.9,0.2,3.8,1.3,3.7
174,0.2,0.4,1.3,1.7,0.2,0.4,2.8,2.0,1.7,0.1,5.3,3.4,4.2,4.2,1.4,0.3,3.4,6.3,0.3,3.5,0.3,4.0,0.2,3.6,3.4,4.2,0.3,5.2,2.7,3.2,2.6,0.4,0.2,1.5,2.7,3.9,3.2,1.2,3.7,2.7,2.0,0.3,4.0,0.2,1.5,0.2,1.2,0.3,3.9,0.3,1.9,0.4,0.3,0.3,0.3,0.2,0.2,0.3,1.7,0.3,0.3,0.1,0.2,3.7,0.2,0.4,0.3,2.9,0.3,3.1,1.8,0.4,1.9,0.2,3.8,1.3,3.7
175,0.3,0.3,1.4,1.9,0.3,0.5,3.3,2.0,1.7,0.2,4.7,3.5,4.2,5.0,1.1,0.3,3.3,6.0,0.2,3.3,0.3,3.5,0.2,3.0,3.9,4.3,0.2,5.1,2.7,3.5,2.5,0.3,0.2,1.5,3.0,3.9,4.8,1.4,3.6,2.7,1.9,0.3,3.9,0.2,1.6,0.1,1.0,0.3,4.1,0.3,2.2,0.5,0.2,0.2,0.3,0.3,0.2,0.2,1.7,0.4,0.3,0.1,0.2,3.7,0.2,0.2,0.3,3.0,0.2,3.3,2.0,0.4,1.7,0.2,4.5,1.5,3.6
176,0.2,0.3,1.0,2.0,0.2,0.5,3.8,2.1,1.5,0.2,5.0,4.0,4.2,4.0,1.2,0.3,3.5,6.7,0.2,3.6,0.2,3.7,0.2,3.0,3.8,4.0,0.3,5.3,3.1,3.2,2.1,0.3,0.1,1.5,2.9,4.1,3.7,1.3,3.5,2.8,2.1,0.2,3.5,0.2,1.4,0.1,0.9,0.3,3.9,0.3,2.2,0.4,0.3,0.3,0.3,0.2,0.2,0.0,1.7,0.5,0.3,0.2,0.2,3.5,0.1,0.3,0.3,3.0,0.3,3.1,2.1,0.4,1.7,0.2,4.5,1.3,3.8
177,0.2,0.3,1.5,1.9,0.3,0.5,2.8,1.9,1.8,0.1,5.2,3.8,4.7,4.1,1.4,0.3,3.9,7.1,0.2,3.4,0.3,4.0,0.2,3.0,4.2,4.4,0.2,5.5,2.6,2.6,2.3,0.3,0.1,1.3,3.5,4.3,2.5,1.1,3.0,2.4,1.8,0.3,4.0,0.3,1.5,0.2,1.0,0.3,3.7,0.3,1.9,0.4,0.5,0.3,0.3,0.2,0.2,0.1,1.7,0.3,0.3,0.3,0.2,3.1,0.1,0.2,0.3,3.0,0.2,3.7,1.9,0.3,1.6,0.2,4.2,1.3,3.8
178,0.2,0.3,2.0,1.9,0.3,0.4,3.6,1.9,1.5,0.2,5.1,4.4,4.1,3.9,1.5,0.3,3.4,7.2,0.2,3.6,0.2,4.0,0.2,3.1,4.1,4.1,0.2,5.5,2.5,3.4,2.2,0.4,0.1,1.6,3.4,3.9,3.1,1.3,3.9,3.0,1.7,0.3,3.7,0.2,1.5,0.2,1.1,0.3,3.9,0.3,1.9,0.4,0.3,0.2,0.3,0.2,0.2,0.2,1.8,0.4,0.3,0.1,0.2,3.6,0.2,0.4,0.3,3.2,0.2,3.7,1.7,0.3,1.8,0.3,4.2,1.2,4.0
179,0.3,0.4,1.4,2.1,0.2,0.5,2.9,2.0,1.9,0.2,5.3,4.0,4.4,3.7,1.3,0.3,3.9,7.1,0.2,3.8,0.3,4.0,0.2,3.2,4.6,4.3,0.3,5.6,2.2,3.4,2.3,0.4,0.1,1.6,3.5,4.3,3.1,1.3,3.8,3.3,2.2,0.4,3.3,0.3,1.5,0.2,1.0,0.3,4.1,0.3,1.9,0.4,0.5,0.3,0.2,0.2,0.2,0.1,1.6,0.3,0.2,0.3,0.2,3.7,0.1,0.6,0.3,2.8,0.3,3.9,2.0,0.3,2.0,0.2,4.5,1.6,4.3
180,0.2,0.4,2.4,2.0,0.3,0.4,4.2,2.3,1.9,0.1,5.1,4.6,4.9,3.5,1.1,0.3,3.6,7.5,0.2,3.7,0.3,4.2,0.3,4.8,5.1,4.0,0.2,6.1,2.5,3.4,2.2,0.3,0.1,1.7,3.5,4.0,4.0,1.3,3.7,2.9,2.4,0.1,3.9,0.2,1.4,0.2,1.4,0.2,3.9,0.3,2.2,0.4,0.4,0.3,0.3,0.1,0.2,0.1,1.8,0.3,0.3,0.2,0.2,3.6,0.2,0.3,0.3,2.7,0.2,3.7,2.2,0.3,1.9,0.2,4.5,1.6,4.3
181,0.3,0.4,1.3,2.8,0.2,0.4,3.2,2.0,1.4,0.1,4.5,3.9,4.3,4.1,1.3,0.3,3.6,7.4,0.2,2.8,0.3,3.7,0.3,3.9,4.5,3.5,0.2,5.9,2.7,3.2,2.3,0.4,0.1,1.7,3.4,3.2,2.8,1.1,3.6,2.1,1.9,0.4,3.2,0.2,1.5,0.1,1.3,0.3,4.0,0.3,2.2,0.5,0.5,0.4,0.3,0.2,0.2,0.1,1.7,0.6,0.4,0.2,0.2,3.3,0.2,0.5,0.3,3.2,0.3,3.3,2.3,0.4,1.6,0.3,4.2,1.8,4.1
182,0.2,0.3,2.0,1.8,0.2,0.6,2.9,2.0,1.6,0.1,5.4,4.1,4.2,4.2,1.3,0.3,3.9,7.0,0.2,3.6,0.2,4.4,0.4,3.9,3.6,4.3,0.2,5.6,3.0,3.4,2.4,0.3,0.1,1.4,3.3,3.8,4.7,1.3,3.6,3.0,2.1,0.2,3.6,0.2,1.3,0.3,1.6,0.3,4.2,0.2,2.2,0.4,0.5,0.3,0.3,0.2,0.2,0.1,1.8,0.5,0.3,0.2,0.2,4.2,0.2,0.3,0.3,3.1,0.3,3.4,2.2,0.3,1.6,0.2,4.5,1.2,3.8
183,0.3,0.3,2.4,2.0,0.2,0.4,3.6,2.1,2.1,0.1,5.4,4.6,4.3,4.2,1.4,0.3,3.3,7.5,0.2,3.4,0.3,4.4,0.2,3.5,4.0,4.3,0.2,5.6,2.2,3.2,2.6,0.4,0.1,1.6,3.7,4.4,3.3,1.3,3.5,2.6,2.1,0.3,4.0,0.2,1.3,0.2,0.8,0.3,4.0,0.2,2.2,0.4,0.8,0.2,0.3,0.2,0.3,0.4,1.8,0.2,0.3,0.2,0.2,3.0,0.2,0.3,0.3,2.7,0.2,3.4,1.7,0.3,1.8,0.1,4.2,1.1,4.1
184,0.3,0.3,1.6,1.7,0.2,0.4,2.7,1.9,1.7,0.2,5.3,4.0,4.0,4.4,1.7,0.3,3.2,6.1,0.4,3.8,0.2,3.7,0.2,3.9,4.1,4.2,0.3,5.5,2.7,3.3,2.8,0.2,0.1,1.5,3.5,3.3,3.9,1.3,4.0,2.8,2.4,0.3,3.2,0.2,1.6,0.2,1.0,0.3,4.7,0.3,2.2,0.5,0.7,0.2,0.3,0.2,0.2,0.1,1.7,0.5,0.3,0.2,0.2,3.3,0.2,0.3,0.3,3.3,0.2,3.2,2.2,0.3,1.8,0.2,4.2,1.2,4.1
185,0.2,0.3,1.7,1.8,0.2,0.4,3.0,1.7,1.8,0.1,4.8,3.9,3.9,4.8,1.7,0.3,2.8,7.1,0.2,3.2,0.2,3.9,0.2,3.6,4.2,4.0,0.2,5.5,3.1,3.4,2.4,0.3,0.1,1.6,2.8,3.2,2.9,1.4,4.0,2.9,2.3,0.1,2.9,0.2,1.2,0.2,1.1,0.3,4.7,0.3,1.6,0.5,0.7,0.2,0.3,0.2,0.2,0.1,1.8,0.3,0.3,0.2,0.2,3.7,0.2,0.2,0.2,2.6,0.2,3.2,1.8,0.3,1.5,0.2,3.5,1.4,4.0
186,0.2,0.3,1.7,2.2,0.4,0.3,3.4,2.4,1.8,0.3,3.9,4.0,3.9,4.1,1.4,0.2,3.3,7.7,0.2,3.3,0.2,4.2,0.2,3.8,3.8,3.6,0.2,5.3,2.8,3.0,2.3,0.2,0.1,1.5,3.3,4.1,3.7,1.3,4.4,2.8,2.2,0.1,4.1,0.4,1.4,0.2,1.2,0.3,4.4,0.4,2.2,0.5,0.5,0.2,0.4,0.2,0.2,0.1,1.8,0.3,0.2,0.2,0.2,3.7,0.2,0.3,0.2,3.0,0.2,3.7,2.1,0.3,1.9,0.2,4.2,1.5,3.9
187,0.2,0.3,1.7,1.6,0.2,0.3,3.4,1.7,1.9,0.2,5.2,3.7,4.4,4.0,1.4,0.2,3.3,7.4,0.2,3.1,0.2,3.7,0.5,3.5,4.1,4.7,0.2,5.9,3.0,3.3,2.1,0.3,0.1,2.0,3.1,4.1,3.5,1.2,3.5,2.4,1.9,0.1,2.9,0.1,1.3,0.2,1.0,0.3,4.2,0.2,1.9,0.5,1.1,0.2,0.3,0.3,0.2,0.0,1.8,0.5,0.2,0.2,0.2,3.3,0.2,0.3,0.2,2.8,0.2,3.0,2.1,0.3,2.3,0.2,3.8,1.5,4.1
188,0.2,0.3,1.3,2.0,0.3,0.4,4.2,1.6,2.2,0.1,5.0,4.1,4.3,4.3,1.4,0.3,3.4,7.6,0.2,3.0,0.2,3.5,0.2,3.5,4.2,4.0,0.2,5.5,2.9,3.4,2.6,0.3,0.1,1.4,2.6,4.4,4.0,1.2,3.8,2.8,2.0,0.2,3.1,0.2,1.3,0.2,1.0,0.3,4.5,0.3,2.2,0.4,0.6,0.2,0.3,0.2,0.2,0.0,1.9,0.3,0.3,0.2,0.2,3.4,0.2,0.4,0.2,2.8,0.2,3.8,1.8,0.3,1.6,0.2,4.1,1.8,3.8
189,0.2,0.3,1.3,2.2,0.2,0.3,4.4,1.7,1.6,0.2,4.7,4.2,4.7,3.7,1.2,0.3,3.7,5.9,0.3,3.4,0.2,3.7,0.3,2.8,4.2,4.1,0.2,5.4,4.0,3.8,2.3,0.3,0.1,1.9,2.8,4.2,3.8,1.2,3.9,2.7,2.2,0.2,3.5,0.2,1.7,0.2,1.0,0.3,4.6,0.2,2.2,0.4,0.9,0.2,0.3,0.3,0.3,0.1,1.8,0.4,0.4,0.3,0.2,3.4,0.1,0.4,0.2,2.9,0.2,3.6,2.1,0.3,2.0,0.2,4.5,1.3,3.6
190,0.3,0.3,1.2,2.0,0.3,0.5,4.4,2.0,1.9,0.1,5.2,4.3,3.6,3.7,1.2,0.3,3.8,7.1,0.3,3.4,0.2,3.9,0.2,3.2,3.7,4.3,0.2,5.2,3.3,3.1,2.1,0.4,0.1,1.0,3.0,4.2,3.2,1.2,3.4,2.4,2.2,0.2,3.1,0.2,1.4,0.2,1.2,0.3,4.1,0.3,2.2,0.4,1.0,0.2,0.3,0.2,0.2,0.2,1.9,0.5,0.3,0.2,0.2,3.7,0.2,0.2,0.3,2.8,0.2,3.6,2.0,0.4,2.0,0.2,4.1,1.1,4.2
191,0.2,0.2,1.5,2.1,0.2,0.3,5.0,1.9,2.2,0.1,5.1,3.8,4.2,3.8,1.2,0.3,3.6,7.0,0.2,3.5,0.3,3.9,0.2,3.2,4.3,4.1,0.3,5.5,3.0,3.2,2.2,0.2,0.0,1.4,2.8,4.0,3.5,1.1,3.7,2.2,2.0,0.1,3.7,0.2,1.3,0.2,1.0,0.3,4.2,0.3,2.6,0.5,1.0,0.3,0.3,0.3,0.2,0.2,1.8,0.4,0.4,0.2,0.2,3.8,0.2,0.4,0.2,3.0,0.2,3.4,2.0,0.3,2.2,0.2,3.8,1.2,4.1
192,0.2,0.2,1.3,1.9,0.2,0.4,4.0,2.0,2.0,0.2,5.9,3.9,4.2,3.5,1.0,0.3,3.5,7.1,0.3,3.3,0.2,3.7,0.2,3.6,4.6,3.9,0.2,5.4,3.2,5.2,2.2,0.5,0.1,1.4,3.3,3.8,4.4,1.2,3.5,2.3,2.2,0.3,3.3,0.2,1.8,0.3,1.0,0.3,4.5,0.2,2.2,0.3,0.8,0.3,0.3,0.3,0.2,0.2,1.6,0.5,0.3,0.2,0.2,3.2,0.2,0.4,0.3,2.9,0.2,4.2,2.3,0.3,2.1,0.2,4.8,1.1,4.3
193,0.2,0.3,1.8,1.9,0.3,0.3,4.4,2.1,2.2,0.1,5.8,3.6,4.2,3.7,1.2,0.2,3.6,6.8,0.4,3.6,0.2,3.7,0.3,3.4,3.9,3.8,0.2,5.5,3.1,2.8,2.5,0.4,0.3,1.6,3.4,4.1,6.1,1.2,3.8,2.0,2.4,0.1,4.2,0.2,1.4,0.2,1.4,0.3,4.6,0.3,2.2,0.6,0.7,0.3,0.3,0.5,0.2,0.2,1.7,0.4,0.2,0.2,0.2,3.0,0.2,0.4,0.3,3.1,0.2,3.8,2.0,0.4,2.3,0.3,4.1,1.3,4.7
194,0.2,0.3,1.7,2.0,0.3,0.3,5.1,2.3,2.3,0.0,5.5,3.6,4.4,3.8,1.1,0.3,3.8,7.3,0.2,4.0,0.3,3.7,0.2,3.4,4.4,4.2,0.2,5.2,3.2,2.7,2.4,0.4,0.2,1.5,3.4,4.3,2.7,1.2,3.9,2.4,2.1,0.3,4.0,0.3,2.0,0.2,1.0,0.3,4.3,0.3,2.2,0.5,0.5,0.2,0.3,0.4,0.2,0.2,1.7,0.4,0.2,0.3,0.2,3.3,0.2,0.4,0.3,2.9,0.2,3.6,2.1,0.2,2.1,0.1,3.8,1.1,3.7
195,0.2,0.3,1.8,1.8,0.2,0.3,4.0,1.9,2.4,0.2,5.7,3.5,4.6,3.6,1.2,0.3,3.9,5.8,0.3,3.9,0.3,3.7,0.2,3.5,4.4,4.2,0.2,5.1,3.1,2.9,2.3,0.3,0.1,1.5,3.5,4.2,3.1,1.1,3.8,2.8,2.2,0.2,3.6,0.2,1.4,0.2,1.1,0.3,4.0,0.2,2.2,0.5,0.3,0.3,0.3,0.1,0.1,0.2,1.7,0.4,0.3,0.2,0.2,3.5,0.2,0.5,0.3,2.7,0.2,3.4,2.2,0.3,1.9,0.2,4.1,1.4,4.3
196,0.2,0.3,1.6,1.3,0.3,0.4,4.3,2.0,2.3,0.1,5.5,3.2,4.5,3.5,1.2,0.3,4.2,7.9,0.3,4.0,0.2,3.9,0.3,3.4,5.2,3.9,0.2,5.0,3.4,2.9,2.2,0.2,0.1,1.5,3.3,4.2,4.4,0.9,4.0,2.6,2.1,0.3,4.0,0.3,1.3,0.2,1.2,0.3,4.0,0.3,1.9,0.5,0.3,0.3,0.3,0.1,0.2,0.2,1.7,0.4,0.2,0.2,0.2,3.3,0.2,0.4,0.2,2.4,0.2,4.4,2.1,0.3,2.0,0.1,4.8,1.4,4.4
197,0.3,0.3,2.0,2.1,0.3,0.4,5.6,2.1,2.1,0.2,5.7,3.9,4.6,3.9,1.5,0.2,4.4,7.1,0.2,3.8,0.2,3.5,0.2,3.2,4.2,4.1,0.2,5.4,2.7,3.9,2.2,0.5,0.2,1.5,3.4,4.3,3.9,1.2,4.2,2.8,1.9,0.2,3.6,0.2,1.0,0.2,1.3,0.2,4.7,0.3,2.2,0.4,0.5,0.2,0.3,0.2,0.1,0.1,1.8,0.3,0.2,0.1,0.2,3.3,0.2,0.5,0.2,2.8,0.2,3.8,2.5,0.2,1.8,0.2,4.8,1.1,4.6
198,0.2,0.3,2.0,2.2,0.2,0.4,4.5,2.4,2.0,0.2,5.4,3.7,4.7,4.1,2.0,0.3,4.0,7.8,0.2,3.9,0.2,4.1,0.2,3.7,4.8,4.4,0.2,6.1,2.9,3.5,2.5,0.2,0.1,1.3,3.4,4.2,2.9,1.1,3.8,2.0,2.1,0.2,3.8,0.2,1.3,0.2,1.0,0.3,4.4,0.3,2.2,0.6,0.3,0.2,0.3,0.2,0.2,0.1,1.9,0.2,0.2,0.2,0.2,3.3,0.1,0.4,0.2,2.8,0.2,3.8,2.4,0.3,1.8,0.2,4.4,1.6,4.6
199,0.2,0.3,1.5,2.5,0.2,0.3,4.9,2.3,2.2,0.2,5.3,4.0,4.5,4.1,1.5,0.2,3.2,8.4,0.2,4.0,0.3,4.2,0.2,3.8,4.2,4.1,0.2,5.7,2.5,3.6,2.3,0.2,0.1,1.5,3.2,5.9,3.7,1.1,4.5,2.6,2.2,0.1,4.2,0.2,1.8,0.2,1.2,0.2,5.2,0.2,2.2,0.5,0.3,0.2,0.2,0.1,0.2,0.3,1.8,0.2,0.2,0.1,0.2,4.2,0.1,0.3,0.2,3.0,0.2,4.0,2.1,0.3,1.8,0.2,5.4,1.1,4.4
200,0.2,0.3,1.6,1.9,0.3,0.2,4.4,2.3,2.2,0.2,5.6,3.3,4.7,4.2,1.7,0.3,3.5,7.3,0.2,3.9,0.2,3.7,0.3,3.6,3.7,4.4,0.4,5.6,2.5,2.8,2.4,0.2,0.2,1.1,3.6,4.6,3.0,1.1,4.1,2.6,2.2,0.2,4.1,0.2,1.6,0.2,1.0,0.3,5.0,0.3,1.9,0.5,0.3,0.3,0.3,0.1,0.2,0.4,1.8,0.3,0.2,0.1,0.2,3.7,0.2,0.5,0.2,3.2,0.2,3.4,2.1,0.3,1.9,0.2,3.8,1.3,4.5
201,0.2,0.2,1.5,2.5,0.3,0.3,4.1,2.2,2.4,0.1,5.7,3.4,4.6,4.0,1.5,0.2,3.7,7.3,0.2,3.6,0.2,3.9,0.2,3.0,5.4,4.4,0.3,5.6,2.2,3.1,2.2,0.3,0.2,1.4,3.0,4.6,3.9,1.1,4.1,2.8,2.1,0.3,3.5,0.3,1.8,0.2,1.2,0.2,5.4,0.3,2.2,0.5,0.2,0.2,0.3,0.1,0.2,0.1,1.9,0.2,0.2,0.1,0.2,3.7,0.2,0.3,0.2,3.4,0.2,3.4,2.2,0.3,1.9,0.2,4.1,1.2,3.6
202,0.2,0.4,2.0,2.7,0.2,0.3,4.6,2.0,2.6,0.2,5.6,3.3,4.6,4.2,1.4,0.2,3.7,7.7,0.3,3.3,0.2,3.4,0.2,3.4,4.3,4.3,0.3,5.7,2.5,3.0,2.5,0.2,0.1,1.6,3.7,4.3,5.4,1.5,4.1,2.5,2.1,0.1,4.1,0.2,1.6,0.2,1.3,0.3,5.4,0.2,2.9,0.5,0.2,0.2,0.2,0.3,0.2,0.0,1.6,0.1,0.2,0.1,0.2,3.8,0.1,0.3,0.2,3.2,0.2,4.2,2.3,0.4,2.1,0.2,4.4,1.3,3.8
203,0.2,0.4,1.5,2.1,0.3,0.3,5.0,1.6,2.0,0.1,5.1,3.5,4.7,4.4,1.2,0.2,3.4,7.4,0.2,3.4,0.2,3.7,0.2,3.5,4.3,4.5,0.3,5.4,2.9,2.7,2.3,0.2,0.2,1.6,2.8,4.5,4.0,1.0,4.1,3.1,1.8,0.1,3.5,0.2,1.7,0.2,1.4,0.2,5.3,0.3,2.2,0.6,0.2,0.2,0.4,0.1,0.2,0.2,1.9,0.3,0.2,0.1,0.2,3.3,0.1,0.2,0.2,3.1,0.2,3.4,2.2,0.3,2.0,0.2,3.8,1.5,3.7
204,0.2,0.2,1.8,2.6,0.2,0.2,4.4,1.9,2.1,0.2,4.5,3.3,4.4,4.7,1.5,0.2,3.1,5.9,0.2,3.3,0.2,3.9,0.2,3.6,4.2,4.0,0.2,5.2,3.5,3.3,2.6,0.2,0.1,1.6,2.9,4.2,3.7,1.1,4.2,3.0,2.0,0.1,3.8,0.2,1.8,0.3,1.3,0.2,5.5,0.2,2.2,0.5,0.1,0.2,0.2,0.2,0.2,0.2,1.8,0.3,0.2,0.2,0.2,2.9,0.2,0.2,0.2,3.4,0.2,3.2,1.9,0.3,1.9,0.2,3.8,1.4,4.0
205,0.2,0.3,1.7,2.8,0.3,0.4,4.7,1.9,2.2,0.1,4.9,3.8,4.4,4.5,1.9,0.3,3.8,7.5,0.2,3.3,0.2,3.9,0.2,3.4,4.7,4.5,0.3,5.2,3.0,3.9,2.5,0.2,0.1,1.4,3.0,3.9,3.3,1.1,4.2,2.8,1.9,0.1,3.5,0.2,1.7,0.2,1.2,0.2,5.5,0.3,1.9,0.5,0.2,0.2,0.3,0.1,0.2,0.1,1.6,0.2,0.2,0.3,0.2,4.3,0.1,0.4,0.2,3.3,0.2,3.0,1.9,0.3,1.8,0.2,3.5,1.4,3.9
206,0.2,0.2,2.0,2.9,0.2,0.3,4.8,1.9,2.1,0.2,5.9,3.9,4.3,4.8,0.9,0.2,3.7,7.7,0.2,3.3,0.2,4.1,0.2,3.5,5.0,4.3,0.3,5.6,3.1,2.5,2.3,0.3,0.2,1.6,3.1,4.5,3.1,1.1,4.3,2.6,2.1,0.1,3.2,0.2,1.7,0.1,1.3,0.2,5.2,0.3,2.2,0.5,0.2,0.2,0.3,0.1,0.2,0.2,1.7,0.3,0.2,0.1,0.2,3.4,0.1,0.5,0.2,3.3,0.2,3.8,1.9,0.4,1.6,0.2,4.1,1.3,4.2
207,0.2,0.3,1.9,2.5,0.3,0.5,4.9,2.8,2.2,0.2,5.2,3.6,3.8,4.9,0.7,0.3,4.0,8.3,0.2,3.3,0.3,4.1,0.2,3.4,4.9,4.2,0.3,5.6,3.0,3.6,2.3,0.3,0.2,1.4,3.1,4.5,4.1,1.1,3.7,2.4,2.1,0.2,3.7,0.2,1.6,0.1,1.1,0.3,5.3,0.3,2.2,0.5,0.2,0.3,0.3,0.3,0.2,0.2,1.7,0.2,0.2,0.3,0.2,3.2,0.1,0.3,0.3,3.3,0.2,3.8,2.1,0.4,2.1,0.2,4.1,1.3,4.4
208,0.2,0.3,2.1,3.0,0.3,0.3,5.4,2.1,2.4,0.3,4.8,3.9,5.3,4.9,1.3,0.2,3.3,7.9,0.2,3.1,0.3,4.6,0.2,3.5,3.4,4.4,0.2,5.4,3.0,2.8,2.2,0.3,0.2,1.5,3.0,4.5,3.3,1.3,3.9,2.6,2.2,0.1,3.8,0.2,1.6,0.1,0.7,0.2,5.4,0.3,2.5,0.6,0.2,0.2,0.3,0.2,0.2,0.2,1.7,0.2,0.2,0.2,0.2,3.6,0.1,0.4,0.2,3.3,0.2,3.6,2.5,0.5,2.3,0.2,4.1,1.5,4.0
209,0.2,0.4,1.8,3.1,0.2,0.3,5.7,2.1,2.3,0.1,5.5,4.1,4.6,4.9,0.9,0.3,2.9,8.1,0.2,3.4,0.2,4.3,0.3,4.0,4.2,5.0,0.3,5.6,3.2,3.5,2.3,0.1,0.2,1.6,3.3,5.0,4.0,0.9,3.9,2.6,2.6,0.1,4.1,0.2,1.8,0.2,1.1,0.2,4.8,0.3,1.9,0.6,0.3,0.2,0.3,0.2,0.2,0.1,1.8,0.3,0.2,0.2,0.2,3.6,0.1,0.1,0.2,3.4,0.2,4.2,2.2,0.3,2.2,0.2,4.1,1.5,4.3
210,0.2,0.3,1.8,2.8,0.3,0.2,5.8,1.7,2.4,0.1,5.1,4.1,4.5,5.1,1.0,0.2,3.5,8.1,0.2,3.6,0.3,3.9,0.2,3.9,4.1,4.7,0.3,5.7,3.2,3.8,2.3,0.3,0.1,1.8,3.2,4.8,4.1,1.3,4.0,2.5,2.1,0.2,3.4,0.2,1.8,0.2,1.2,0.2,5.3,0.3,2.2,0.5,0.3,0.3,0.3,0.2,0.2,0.2,1.8,0.3,0.3,0.3,0.2,3.6,0.2,0.5,0.2,3.1,0.2,4.0,2.1,0.4,2.3,0.2,4.4,1.1,4.5
211,0.2,0.4,2.4,2.9,0.3,0.2,5.1,2.0,2.7,0.1,5.3,4.0,4.5,5.0,1.2,0.2,3.8,8.0,0.2,3.5,0.2,3.9,0.2,3.6,5.1,4.7,0.3,5.3,3.3,4.0,2.4,0.3,0.1,1.4,3.3,4.7,3.7,1.4,4.0,2.8,2.1,0.1,3.3,0.2,1.7,0.2,1.2,0.2,4.7,0.3,2.2,0.5,0.2,0.3,0.3,0.1,0.2,0.1,1.8,0.2,0.3,0.2,0.2,3.5,0.2,0.4,0.2,3.0,0.2,4.0,2.1,0.4,1.9,0.2,5.4,1.2,3.8
212,0.2,0.2,2.2,2.7,0.2,0.2,6.1,2.3,2.4,0.2,5.2,3.5,4.2,5.3,1.1,0.2,3.6,7.8,0.2,3.6,0.3,4.3,0.2,3.6,4.8,4.6,0.3,5.3,3.4,4.2,2.8,0.2,0.1,1.9,3.4,5.0,3.8,1.2,4.9,2.5,2.3,0.3,3.9,0.2,1.6,0.2,1.3,0.2,5.0,0.3,2.2,0.5,0.2,0.2,0.3,0.1,0.1,0.3,1.7,0.3,0.2,0.1,0.1,3.8,0.2,0.2,0.2,3.1,0.2,4.0,2.3,0.4,2.1,0.2,4.4,1.0,4.1
213,0.2,0.3,2.3,3.0,0.2,0.2,5.2,2.5,2.2,0.2,5.2,3.4,4.4,5.3,1.3,0.3,2.9,7.0,0.2,3.5,0.2,4.1,0.2,3.7,4.3,4.6,0.3,5.2,3.6,3.1,2.4,0.1,0.2,1.5,3.4,4.8,4.3,1.4,4.0,2.4,2.5,0.1,3.8,0.2,1.6,0.2,1.1,0.2,4.8,0.3,2.2,0.6,0.2,0.2,0.3,0.2,0.1,0.1,1.6,0.2,0.1,0.1,0.1,3.4,0.2,0.4,0.2,3.1,0.2,3.4,2.1,0.4,2.1,0.3,3.8,1.5,4.2
214,0.2,0.3,2.1,2.5,0.2,0.2,4.4,2.2,2.4,0.1,4.8,3.5,5.5,4.9,1.3,0.3,3.2,7.6,0.2,4.0,0.2,4.1,0.2,3.7,4.4,4.9,0.3,5.6,3.2,3.6,2.8,0.2,0.1,1.5,3.1,4.5,4.8,1.2,4.3,2.5,2.2,0.1,3.8,0.2,1.5,0.1,0.9,0.2,5.4,0.3,1.9,0.6,0.4,0.3,0.2,0.2,0.1,0.1,1.6,0.2,0.2,0.2,0.1,3.2,0.2,0.4,0.2,3.0,0.2,3.4,2.0,0.4,1.8,0.2,4.4,1.6,4.4
215,0.2,0.2,2.1,2.7,0.3,0.2,3.9,2.6,2.5,0.1,5.3,3.7,4.8,4.9,1.5,0.3,3.1,7.0,0.2,4.1,0.2,3.9,0.2,4.3,4.9,4.2,0.2,5.4,3.0,4.1,3.1,0.3,0.2,1.6,3.3,4.7,4.2,1.6,4.4,2.6,2.4,0.4,4.4,0.3,2.0,0.2,1.0,0.3,5.7,0.3,1.9,0.6,0.2,0.2,0.3,0.2,0.2,0.1,1.6,0.3,0.2,0.3,0.2,3.9,0.3,0.4,0.2,3.5,0.2,4.0,2.5,0.4,1.8,0.2,4.1,1.5,4.1
216,0.2,0.3,1.9,3.1,0.2,0.3,5.4,1.8,2.4,0.2,5.1,3.8,4.8,4.8,1.7,0.1,2.9,6.1,0.2,3.7,0.2,4.3,0.2,3.7,4.4,4.8,0.2,5.5,2.9,4.0,2.7,0.4,0.1,1.7,3.2,4.7,2.9,1.3,4.5,3.0,2.2,0.1,3.7,0.2,1.6,0.1,1.3,0.2,5.3,0.3,2.5,0.6,0.2,0.2,0.3,0.2,0.1,0.1,1.7,0.2,0.2,0.1,0.1,3.8,0.1,0.2,0.2,2.9,0.2,3.8,2.0,0.4,1.9,0.2,4.4,1.4,4.2
217,0.2,0.2,1.9,2.1,0.2,0.3,4.5,2.4,2.6,0.2,5.7,3.6,4.7,4.3,1.6,0.2,3.1,7.3,0.2,3.7,0.2,3.6,0.2,3.6,4.2,5.0,0.2,5.0,3.0,4.4,2.4,0.3,0.2,1.6,3.5,4.7,4.8,1.1,4.5,3.0,2.5,0.1,3.8,0.2,2.1,0.2,1.0,0.2,5.1,0.2,2.2,0.5,0.1,0.2,0.2,0.3,0.1,0.2,1.9,0.3,0.2,0.2,0.1,3.7,0.1,0.3,0.2,3.2,0.2,4.2,2.0,0.4,2.4,0.2,4.1,1.3,4.1
218,0.2,0.3,1.2,2.7,0.2,0.2,4.4,1.9,2.7,0.2,5.0,3.5,4.9,4.6,1.7,0.3,3.0,7.3,0.3,4.1,0.3,3.9,0.2,3.6,4.0,4.7,0.3,5.6,3.4,4.4,2.4,0.2,0.1,1.6,2.9,4.7,3.6,1.3,3.7,2.5,2.3,0.1,3.4,0.2,1.5,0.1,1.2,0.2,5.1,0.3,1.9,0.5,0.3,0.2,0.3,0.2,0.2,0.2,1.7,0.2,0.3,0.2,0.1,3.1,0.1,0.5,0.2,3.2,0.2,4.0,2.3,0.4,2.1,0.2,4.1,1.5,4.1
219,0.2,0.3,1.8,3.0,0.2,0.2,4.5,2.2,1.9,0.1,5.1,3.8,4.6,4.5,1.6,0.2,3.3,7.0,0.2,3.8,0.2,3.6,0.3,3.5,3.7,4.7,0.3,5.6,3.4,4.2,2.2,0.3,0.1,1.7,2.6,5.0,4.9,1.4,4.5,2.4,2.5,0.2,3.6,0.2,1.6,0.2,1.1,0.2,5.4,0.3,2.5,0.7,0.2,0.2,0.3,0.2,0.1,0.1,1.5,0.4,0.3,0.1,0.1,4.0,0.1,0.4,0.2,3.4,0.1,3.8,2.3,0.4,2.0,0.2,4.1,1.4,3.7
220,0.2,0.3,2.1,2.4,0.2,0.1,3.7,2.4,1.9,0.2,5.6,4.1,4.8,4.5,1.5,0.2,3.6,6.9,0.2,3.9,0.2,3.9,0.3,3.9,3.7,4.6,0.3,5.9,3.2,5.4,2.6,0.3,0.1,1.6,3.3,4.5,4.4,1.3,4.7,2.6,2.2,0.2,3.7,0.2,1.8,0.2,1.4,0.2,5.5,0.3,1.9,0.5,0.1,0.3,0.3,0.3,0.1,0.2,1.8,0.4,0.2,0.1,0.2,4.7,0.2,0.4,0.2,3.3,0.2,4.2,2.2,0.3,1.9,0.2,4.1,1.2,4.0
221,0.2,0.2,1.8,2.0,0.2,0.2,3.5,2.5,2.2,0.2,5.1,3.3,4.4,3.9,1.1,0.2,3.4,6.9,0.2,3.7,0.2,3.9,0.3,3.5,4.0,4.5,0.3,5.3,2.8,3.8,2.8,0.2,0.1,1.3,3.6,4.3,4.5,1.3,4.1,2.5,2.3,0.1,3.6,0.2,1.8,0.1,1.3,0.2,4.2,0.3,2.5,0.6,0.1,0.2,0.2,0.1,0.2,0.2,1.7,0.1,0.2,0.1,0.2,4.0,0.2,0.3,0.2,3.5,0.2,4.0,2.3,0.4,1.9,0.2,4.4,1.3,3.7
222,0.2,0.3,2.3,1.8,0.2,0.3,2.9,2.2,2.4,0.1,5.8,3.6,4.5,4.3,1.0,0.2,3.5,5.7,0.2,3.8,0.3,3.6,0.2,3.6,4.1,4.3,0.3,5.2,3.1,3.8,2.5,0.3,0.1,1.6,4.0,4.2,4.7,1.3,4.4,2.5,2.7,0.1,3.9,0.2,1.5,0.2,1.3,0.2,4.6,0.3,2.2,0.5,0.3,0.2,0.2,0.1,0.2,0.2,1.7,0.3,0.2,0.1,0.2,4.1,0.2,0.3,0.2,3.3,0.2,4.0,2.2,0.4,2.0,0.2,4.4,1.4,3.9
223,0.2,0.3,1.9,1.9,0.3,0.3,3.0,2.5,2.3,0.1,5.1,3.7,4.7,4.3,1.1,0.3,3.4,6.4,0.2,3.9,0.2,3.9,0.3,3.6,4.0,4.5,0.3,5.4,3.2,3.9,2.9,0.2,0.1,1.6,3.7,4.0,4.7,1.3,4.3,2.6,2.7,0.2,3.8,0.2,1.5,0.2,1.4,0.2,4.6,0.3,2.2,0.6,0.1,0.3,0.3,0.2,0.1,0.2,1.5,0.2,0.3,0.2,0.2,4.0,0.1,0.3,0.2,3.4,0.2,3.8,2.4,0.5,2.4,0.2,4.1,1.6,4.1
224,0.2,0.3,2.2,1.9,0.2,0.2,2.9,1.9,2.3,0.1,5.5,4.0,4.6,4.3,1.2,0.1,3.5,6.9,0.2,3.6,0.2,4.3,0.3,4.0,4.1,4.5,0.2,5.4,3.3,3.8,2.3,0.2,0.1,1.8,3.7,3.9,4.4,2.4,4.3,2.4,2.2,0.1,3.7,0.2,1.7,0.1,1.4,0.2,4.4,0.3,2.2,0.7,0.4,0.2,0.3,0.2,0.2,0.2,1.7,0.2,0.2,0.1,0.2,3.9,0.1,0.4,0.2,3.2,0.2,3.8,2.7,0.4,2.2,0.1,4.1,1.4,4.2
225,0.2,0.3,1.9,1.6,0.2,0.3,3.0,2.0,2.5,0.1,5.9,4.1,4.7,4.5,2.8,0.2,3.2,6.9,0.2,3.8,0.2,4.1,0.2,3.9,4.2,4.2,0.2,5.4,3.3,3.8,2.7,0.3,0.1,1.5,3.5,4.3,3.7,1.4,4.4,2.5,2.2,0.2,3.6,0.2,1.4,0.2,1.4,0.2,4.3,0.3,2.2,0.6,0.1,0.2,0.3,0.3,0.2,0.3,1.8,0.2,0.3,0.1,0.2,4.1,0.2,0.3,0.2,3.3,0.2,4.0,2.2,0.4,2.2,0.1,4.1,1.3,4.0
226,0.2,0.3,1.8,1.7,0.3,0.3,3.6,2.9,2.5,0.2,6.5,3.6,4.7,4.9,1.4,0.3,3.3,6.7,0.2,4.7,0.2,4.1,0.3,4.0,4.8,4.0,0.2,5.2,3.5,4.3,2.4,0.2,0.2,1.5,3.5,4.3,4.0,1.5,4.4,2.7,2.5,0.3,3.7,0.3,1.5,0.1,1.4,0.2,4.0,0.3,2.2,0.7,0.2,0.3,0.3,0.2,0.2,0.2,1.8,0.3,0.3,0.2,0.2,3.6,0.2,0.3,0.2,3.4,0.2,4.2,2.3,0.4,2.3,0.2,4.1,1.8,4.0
227,0.2,0.3,2.4,1.9,0.3,0.3,2.7,2.2,2.2,0.1,5.5,4.0,4.2,4.7,1.2,0.2,3.4,7.7,0.2,3.8,0.2,4.1,0.3,3.4,3.9,3.9,0.2,5.3,3.5,3.9,2.6,0.3,0.2,1.7,3.8,4.6,4.0,1.7,3.9,2.6,2.5,0.1,3.4,0.2,1.4,0.2,1.6,0.2,3.7,0.3,2.2,0.6,0.2,0.3,0.3,0.3,0.2,0.3,1.8,0.1,0.3,0.2,0.2,3.7,0.2,0.3,0.2,3.2,0.2,4.0,2.2,0.4,1.9,0.2,4.4,1.5,4.3
228,0.2,0.3,2.1,1.7,0.3,0.2,3.0,2.4,2.3,0.1,5.9,3.7,4.0,4.4,1.3,0.2,3.8,7.8,0.2,4.9,0.3,3.6,0.2,3.5,3.3,4.7,0.2,5.4,2.9,3.2,2.3,0.2,0.2,1.5,3.7,4.5,3.8,1.5,4.4,2.4,2.5,0.2,4.0,0.3,1.4,0.2,1.3,0.2,4.0,0.3,1.9,0.7,0.2,0.3,0.3,0.2,0.2,0.1,1.7,0.2,0.2,0.2,0.2,3.9,0.2,0.3,0.2,3.3,0.2,3.8,2.4,0.5,2.1,0.2,4.1,1.7,4.2
229,0.2,0.3,2.2,2.3,0.3,0.2,1.7,1.7,2.1,0.2,5.7,3.4,4.7,5.1,1.2,0.2,3.2,7.4,0.2,4.2,0.2,3.8,0.3,3.0,4.5,4.2,0.2,5.4,3.2,4.9,2.4,0.4,0.1,1.6,3.5,4.8,4.2,1.8,5.0,2.9,2.4,0.5,3.8,0.2,1.4,0.2,1.3,0.3,4.3,0.3,2.2,0.6,0.4,0.3,0.3,0.2,0.2,0.1,1.8,0.3,0.3,0.1,0.2,4.6,0.2,0.4,0.2,2.9,0.2,3.9,2.5,0.4,2.2,0.2,4.4,1.4,4.7
230,0.2,0.3,2.0,1.6,0.2,0.2,3.6,2.2,2.0,0.1,5.0,3.6,4.8,3.9,1.3,0.2,3.4,7.0,0.2,3.6,0.1,3.6,0.3,3.4,4.5,4.5,0.2,5.2,3.3,3.8,2.6,0.1,0.1,1.7,3.7,4.6,4.3,1.7,4.5,2.6,2.3,0.0,4.0,0.2,1.6,0.2,1.3,0.2,4.2,0.3,2.2,0.7,0.3,0.2,0.3,0.1,0.2,0.1,1.9,0.2,0.3,0.1,0.2,4.0,0.1,0.2,0.2,3.3,0.2,3.7,2.1,0.5,2.2,0.2,4.1,1.6,4.2
231,0.3,0.3,1.5,1.3,0.3,0.2,2.7,0.9,1.6,0.1,5.0,3.3,4.3,3.9,5.8,0.2,3.6,4.8,0.2,3.0,0.2,3.6,0.3,3.7,4.0,3.5,0.3,5.2,2.2,4.1,2.5,0.2,0.1,1.6,3.4,4.2,3.8,2.1,3.7,2.5,1.9,0.3,2.6,0.3,1.4,0.2,1.2,0.2,4.0,0.3,1.6,0.7,0.2,0.3,0.3,0.3,0.2,0.2,1.7,0.3,0.4,0.0,0.2,3.6,0.1,0.4,0.2,2.5,0.2,3.4,1.9,0.4,1.9,0.2,3.5,1.3,3.7
232,0.3,0.3,1.5,1.3,0.3,0.2,2.7,1.0,1.6,0.1,5.0,3.4,4.3,4.0,5.5,0.2,3.6,5.0,0.2,3.1,0.2,3.7,0.3,3.7,4.0,3.6,0.3,5.2,2.3,4.1,2.5,0.2,0.1,1.6,3.4,4.2,3.9,2.1,3.8,2.5,1.9,0.3,2.7,0.3,1.4,0.2,1.2,0.2,4.1,0.3,1.7,0.7,0.2,0.3,0.3,0.3,0.2,0.2,1.7,0.3,0.4,0.0,0.2,3.6,0.1,0.4,0.2,2.6,0.2,3.5,2.0,0.4,1.9,0.2,3.6,1.3,3.8
233,0.3,0.3,1.6,1.4,0.3,0.2,2.8,1.1,1.7,0.1,5.0,3.4,4.4,4.0,5.1,0.2,3.6,5.3,0.2,3.2,0.2,3.7,0.3,3.7,3.9,3.7,0.3,5.3,2.4,4.2,2.6,0.2,0.1,1.7,3.4,4.3,3.9,2.0,3.8,2.5,2.0,0.3,2.9,0.3,1.4,0.2,1.2,0.2,4.1,0.3,1.7,0.7,0.2,0.3,0.3,0.3,0.2,0.2,1.7,0.3,0.4,0.0,0.2,3.7,0.1,0.4,0.2,2.7,0.2,3.6,2.0,0.4,2.0,0.2,3.7,1.3,3.9
234,0.3,0.3,1.6,1.4,0.3,0.2,2.8,1.1,1.7,0.1,5.0,3.5,4.4,4.1,4.8,0.2,3.6,5.5,0.2,3.3,0.2,3.8,0.3,3.7,3.9,3.7,0.3,5.3,2.5,4.2,2.6,0.2,0.1,1.7,3.4,4.3,4.0,2.0,3.9,2.5,2.0,0.3,3.0,0.3,1.5,0.2,1.2,0.2,4.2,0.3,1.8,0.7,0.2,0.3,0.3,0.3,0.2,0.2,1.7,0.3,0.4,0.0,0.2,3.7,0.1,0.4,0.2,2.8,0.2,3.6,2.1,0.4,2.0,0.2,3.7,1.3,3.9
235,0.3,0.4,1.7,1.4,0.3,0.2,2.9,1.2,1.8,0.1,5.0,3.6,4.5,4.1,4.5,0.2,3.6,5.8,0.2,3.4,0.2,3.8,0.3,3.8,3.9,3.8,0.4,5.4,2.6,4.2,2.7,0.2,0.1,1.7,3.5,4.3,4.0,2.0,4.0,2.6,2.0,0.3,3.1,0.3,1.5,0.2,1.2,0.2,4.3,0.3,1.9,0.7,0.2,0.3,0.3,0.3,0.2,0.2,1.7,0.3,0.4,0.1,0.2,3.8,0.1,0.4,0.2,2.9,0.2,3.7,2.1,0.4,2.1,0.2,3.8,1.3,4.0
236,0.3,0.4,1.7,1.5,0.3,0.2,2.9,1.3,1.8,0.1,5.0,3.7,4.5,4.2,4.2,0.2,3.6,6.0,0.2,3.5,0.2,3.9,0.3,3.8,3.8,3.9,0.4,5.4,2.7,4.3,2.7,0.2,0.1,1.8,3.5,4.4,4.1,1.9,4.0,2.6,2.1,0.3,3.2,0.3,1.5,0.2,1.2,0.2,4.3,0.3,2.0,0.7,0.2,0.3,0.3,0.3,0.2,0.2,1.7,0.3,0.4,0.1,0.2,3.8,0.1,0.4,0.2,3.0,0.2,3.8,2.2,0.4,2.1,0.2,3.9,1.3,4.1
237,0.3,0.4,1.7,1.5,0.3,0.2,3.0,1.4,1.9,0.1,5.0,3.7,4.6,4.2,3.8,0.2,3.6,6.2,0.2,3.6,0.2,4.0,0.3,3.8,3.8,4.0,0.4,5.4,2.8,4.3,2.7,0.2,0.1,1.8,3.5,4.4,4.2,1.9,4.1,2.6,2.1,0.3,3.4,0.3,1.5,0.2,1.2,0.2,4.4,0.3,2.0,0.7,0.2,0.3,0.3,0.3,0.2,0.2,1.7,0.3,0.4,0.1,0.2,3.8,0.1,0.4,0.2,3.1,0.2,3.9,2.2,0.4,2.1,0.2,4.0,1.3,4.2
238,0.3,0.4,1.8,1.5,0.3,0.2,3.0,1.5,1.9,0.1,5.0,3.8,4.6,4.3,3.5,0.2,3.6,6.5,0.2,3.7,0.2,4.0,0.3,3.8,3.8,4.1,0.4,5.5,2.9,4.3,2.8,0.2,0.1,1.8,3.5,4.4,4.2,1.9,4.2,2.6,2.1,0.3,3.5,0.3,1.5,0.2,1.2,0.2,4.5,0.3,2.1,0.7,0.2,0.3,0.3,0.3,0.2,0.2,1.7,0.3,0.4,0.1,0.2,3.9,0.1,0.4,0.2,3.2,0.2,4.0,2.3,0.4,2.2,0.2,4.1,1.3,4.3
239,0.3,0.4,1.8,1.6,0.2,0.2,3.1,1.5,2.0,0.1,4.9,3.9,4.7,4.3,3.2,0.2,3.6,6.7,0.3,3.7,0.3,4.1,0.4,3.8,3.7,4.1,0.4,5.5,3.1,4.4,2.8,0.3,0.0,1.9,3.5,4.5,4.3,1.8,4.2,2.6,2.2,0.4,3.6,0.2,1.6,0.2,1.3,0.3,4.5,0.3,2.2,0.7,0.2,0.3,0.3,0.2,0.2,0.1,1.6,0.3,0.3,0.1,0.2,3.9,0.2,0.4,0.3,3.2,0.2,4.0,2.3,0.4,2.2,0.2,4.1,1.3,4.3
240,0.3,0.4,1.9,1.6,0.2,0.2,3.1,1.6,2.0,0.1,4.9,4.0,4.7,4.4,2.9,0.2,3.6,7.0,0.3,3.8,0.3,4.1,0.4,3.8,3.7,4.2,0.4,5.6,3.2,4.4,2.9,0.3,0.0,1.9,3.5,4.5,4.3,1.8,4.3,2.6,2.2,0.4,3.7,0.2,1.6,0.2,1.3,0.3,4.6,0.3,2.3,0.7,0.2,0.3,0.3,0.2,0.2,0.1,1.6,0.3,0.3,0.1,0.2,4.0,0.2,0.4,0.3,3.3,0.2,4.1,2.4,0.4,2.3,0.2,4.2,1.3,4.4
241,0.3,0.4,1.9,1.6,0.2,0.2,3.2,1.7,2.1,0.1,4.9,4.0,4.8,4.4,2.5,0.2,3.6,7.2,0.3,3.9,0.3,4.2,0.4,3.8,3.7,4.3,0.4,5.6,3.3,4.4,2.9,0.3,0.0,1.9,3.5,4.5,4.4,1.8,4.4,2.6,2.2,0.4,3.9,0.2,1.6,0.2,1.3,0.3,4.7,0.3,2.3,0.7,0.2,0.3,0.3,0.2,0.2,0.1,1.6,0.3,0.3,0.1,0.2,4.0,0.2,0.4,0.3,3.4,0.2,4.2,2.4,0.4,2.3,0.2,4.3,1.3,4.5
242,0.3,0.4,1.9,1.7,0.2,0.2,3.2,1.8,2.1,0.1,4.9,4.1,4.8,4.5,2.2,0.2,3.6,7.4,0.3,4.0,0.3,4.3,0.4,3.8,3.6,4.4,0.4,5.6,3.4,4.5,2.9,0.3,0.0,2.0,3.5,4.6,4.5,1.7,4.4,2.6,2.3,0.4,4.0,0.2,1.6,0.2,1.3,0.3,4.7,0.3,2.4,0.7,0.2,0.3,0.3,0.2,0.2,0.1,1.6,0.3,0.3,0.1,0.2,4.0,0.2,0.4,0.3,3.5,0.2,4.3,2.5,0.4,2.3,0.2,4.4,1.3,4.6
243,0.3,0.5,2.0,1.7,0.2,0.2,3.3,1.9,2.2,0.1,4.9,4.2,4.9,4.5,1.9,0.2,3.6,7.7,0.3,4.1,0.3,4.3,0.4,3.9,3.6,4.5,0.5,5.7,3.5,4.5,3.0,0.3,0.0,2.0,3.6,4.6,4.5,1.7,4.5,2.7,2.3,0.4,4.1,0.2,1.6,0.2,1.3,0.3,4.8,0.3,2.5,0.7,0.2,0.3,0.3,0.2,0.2,0.1,1.6,0.3,0.3,0.2,0.2,4.1,0.2,0.4,0.3,3.6,0.2,4.4,2.5,0.4,2.4,0.2,4.5,1.3,4.7
244,0.3,0.5,2.0,1.7,0.2,0.2,3.3,1.9,2.2,0.1,4.9,4.3,4.9,4.6,1.6,0.2,3.6,7.9,0.3,4.2,0.3,4.4,0.4,3.9,3.6,4.5,0.5,5.7,3.6,4.5,3.0,0.3,0.0,2.0,3.6,4.6,4.6,1.7,4.6,2.7,2.3,0.4,4.2,0.2,1.7,0.2,1.3,0.3,4.9,0.3,2.6,0.7,0.2,0.3,0.3,0.2,0.2,0.1,1.6,0.3,0.3,0.2,0.2,4.1,0.2,0.4,0.3,3.7,0.2,4.4,2.6,0.4,2.4,0.2,4.5,1.3,4.7
245,0.3,0.5,2.1,1.8,0.2,0.2,3.4,2.0,2.3,0.1,4.9,4.3,5.0,4.6,1.2,0.2,3.6,8.2,0.3,4.3,0.3,4.4,0.4,3.9,3.5,4.6,0.5,5.8,3.7,4.6,3.1,0.3,0.0,2.1,3.6,4.7,4.6,1.6,4.6,2.7,2.4,0.4,4.4,0.2,1.7,0.2,1.3,0.3,4.9,0.3,2.6,0.7,0.2,0.3,0.3,0.2,0.2,0.1,1.6,0.3,0.3,0.2,0.2,4.2,0.2,0.4,0.3,3.8,0.2,4.5,2.6,0.4,2.5,0.2,4.6,1.3,4.8
246,0.3,0.5,2.1,1.8,0.2,0.2,3.4,2.1,2.3,0.1,4.9,4.4,5.0,4.7,0.9,0.2,3.6,8.4,0.3,4.4,0.3,4.5,0.4,3.9,3.5,4.7,0.5,5.8,3.8,4.6,3.1,0.3,0.0,2.1,3.6,4.7,4.7,1.6,4.7,2.7,2.4,0.4,4.5,0.2,1.7,0.2,1.3,0.3,5.0,0.3,2.7,0.7,0.2,0.3,0.3,0.2,0.2,0.1,1.6,0.3,0.3,0.2,0.2,4.2,0.2,0.4,0.3,3.9,0.2,4.6,2.7,0.4,2.5,0.2,4.7,1.3,4.9
247,0.2,0.4,2.0,1.6,0.2,0.2,3.3,2.4,2.2,0.1,4.5,4.4,5.0,5.2,1.0,0.2,3.6,8.9,0.2,4.2,0.2,4.5,0.2,3.9,5.5,5.0,0.2,6.2,3.5,3.9,3.4,0.4,0.2,2.0,3.7,5.0,7.5,1.6,5.0,2.8,2.6,0.2,4.6,0.2,1.8,0.2,1.3,0.2,4.8,0.3,2.7,0.8,0.2,0.2,0.3,0.2,0.1,0.2,1.7,0.1,0.2,0.1,0.2,4.2,0.2,0.4,0.2,3.9,0.2,4.4,2.4,0.5,2.4,0.2,4.4,1.3,5.0
248,0.2,0.4,1.8,1.8,0.2,0.3,3.7,2.3,2.5,0.1,4.9,4.0,5.0,5.0,1.0,0.2,3.0,8.8,0.3,4.4,0.2,4.3,0.3,3.6,5.0,4.8,0.4,5.6,3.4,4.2,3.5,0.4,0.1,1.7,3.3,4.7,6.0,1.6,4.6,3.5,2.7,0.3,3.9,0.2,1.7,0.2,1.3,0.3,4.6,0.3,3.0,0.8,0.2,0.2,0.3,0.3,0.2,0.1,1.7,0.4,0.2,0.2,0.2,3.9,0.2,0.3,0.2,4.1,0.2,4.6,2.6,0.6,2.5,0.1,4.4,1.5,4.2
249,0.3,0.3,1.4,1.8,0.3,0.2,2.7,2.4,2.6,0.1,4.7,4.4,4.9,4.8,1.2,0.2,3.7,8.9,0.3,4.5,0.2,4.7,0.4,4.2,5.2,5.2,0.4,6.2,4.3,4.5,3.2,0.3,0.2,1.2,2.9,5.0,5.0,1.5,4.6,2.4,2.9,0.2,4.1,0.3,1.8,0.2,1.8,0.3,4.0,0.3,3.0,0.8,0.3,0.2,0.2,0.1,0.1,0.3,2.0,0.4,0.3,0.1,0.2,4.1,0.1,0.9,0.2,4.1,0.2,5.0,2.8,0.4,2.2,0.2,4.4,2.0,4.9
250,0.2,0.3,2.2,2.0,0.3,0.2,3.7,2.4,2.4,0.1,5.0,4.1,5.3,4.9,0.9,0.2,4.3,8.4,0.3,4.1,0.2,4.1,0.4,4.0,5.1,4.9,0.3,6.3,3.1,4.2,3.3,0.4,0.2,1.6,3.6,5.1,4.0,1.5,4.4,3.6,2.2,0.1,4.1,0.3,2.1,0.1,1.3,0.3,4.3,0.4,3.0,0.9,0.4,0.3,0.4,0.2,0.2,0.3,1.8,0.3,0.4,0.1,0.2,4.2,0.2,0.6,0.2,4.4,0.2,5.1,2.4,0.7,2.6,0.2,4.3,1.4,4.5
251,0.3,0.3,2.4,1.9,0.3,0.3,3.5,2.4,2.9,0.1,5.6,3.6,6.0,5.2,0.9,0.2,4.2,8.4,0.3,3.8,0.2,4.5,0.2,4.1,5.5,5.0,0.3,6.3,3.1,5.3,3.4,0.3,0.1,1.8,3.6,5.4,5.5,1.8,4.8,2.9,2.7,0.1,4.3,0.3,1.9,0.2,1.4,0.3,5.1,0.3,3.3,0.8,0.2,0.2,0.3,0.1,0.2,0.3,1.8,0.3,0.2,0.1,0.2,4.2,0.1,0.7,0.2,3.8,0.2,4.7,2.4,0.4,2.6,0.2,4.3,1.7,4.7
252,0.3,0.4,2.4,2.3,0.3,0.1,3.7,2.5,2.4,0.3,5.0,4.1,4.9,5.0,1.7,0.2,4.1,8.1,0.3,4.1,0.2,4.3,0.3,4.1,5.6,5.0,0.3,6.0,3.4,4.8,3.2,0.3,0.2,1.8,3.6,5.2,5.2,1.5,4.8,2.9,2.5,0.2,4.3,0.3,1.9,0.1,1.3,0.3,4.4,0.3,3.0,0.8,0.1,0.3,0.3,0.2,0.2,0.3,1.7,0.4,0.3,0.2,0.2,3.4,0.2,0.5,0.2,4.0,0.2,4.7,3.1,0.4,2.2,0.2,4.7,1.5,4.4
253,0.3,0.6,2.5,2.0,0.3,0.1,3.5,2.9,2.3,0.3,4.2,4.1,4.9,5.0,0.8,0.2,3.2,7.4,0.3,3.8,0.3,4.5,0.3,3.8,5.7,4.2,0.4,5.7,3.2,4.0,3.2,0.3,0.1,1.7,3.4,5.1,5.2,1.5,4.6,2.8,2.5,0.3,3.6,0.2,1.7,0.2,1.7,0.3,5.0,0.3,3.0,0.9,0.2,0.3,0.3,0.1,0.2,0.2,1.8,0.2,0.4,0.2,0.2,4.1,0.2,0.4,0.3,4.3,0.3,4.5,3.0,0.5,2.5,0.2,4.7,1.9,4.1
254,0.2,0.4,1.7,1.8,0.3,0.2,3.5,2.7,2.3,0.2,5.2,3.8,5.1,5.4,0.9,0.2,4.6,7.0,0.3,4.3,0.3,4.0,0.2,4.0,4.9,5.1,0.2,6.2,3.1,5.2,3.1,0.3,0.1,1.7,3.4,5.2,6.3,1.4,4.4,3.0,2.2,0.0,4.4,0.3,1.6,0.2,1.6,0.2,4.7,0.3,3.3,0.8,0.1,0.2,0.4,0.2,0.2,0.1,2.0,0.3,0.2,0.1,0.2,4.6,0.2,0.3,0.2,2.7,0.2,5.1,2.3,0.4,2.1,0.1,4.6,1.6,4.6
255,0.2,0.3,2.0,2.3,0.3,0.1,4.1,2.6,3.4,0.4,5.1,3.9,5.1,5.1,0.9,0.2,3.7,7.3,0.3,4.2,0.3,4.4,0.2,4.1,5.3,4.6,0.2,6.0,3.7,4.3,3.3,0.3,0.1,1.8,3.3,5.3,5.3,1.3,4.4,2.7,2.8,0.0,4.2,0.3,1.7,0.2,1.8,0.3,4.9,0.3,2.6,0.8,0.3,0.2,0.3,0.2,0.2,0.2,1.9,0.2,0.3,0.3,0.2,4.2,0.2,0.3,0.2,3.6,0.2,4.7,2.4,0.4,3.4,0.2,4.3,1.7,3.7
256,0.2,0.3,3.1,2.1,0.2,0.2,4.2,2.4,3.0,0.2,4.7,4.1,4.8,5.1,1.1,0.2,3.2,7.4,0.3,4.7,0.2,4.0,0.3,3.4,5.5,4.9,0.3,5.8,3.3,4.0,3.2,0.2,0.2,1.7,4.2,4.7,6.7,1.4,4.4,2.7,3.2,0.2,4.0,0.2,1.7,0.2,1.7,0.3,5.0,0.3,2.3,0.8,0.1,0.2,0.3,0.2,0.2,0.2,2.0,0.1,0.3,0.2,0.2,4.1,0.1,0.4,0.2,3.7,0.2,4.4,2.6,0.4,2.9,0.2,4.6,2.0,4.8
257,0.2,0.3,2.2,2.5,0.3,0.2,4.2,2.3,2.8,0.1,5.0,4.4,5.1,4.6,0.9,0.2,3.3,8.0,0.3,3.6,0.2,4.2,0.2,3.6,5.4,5.0,0.3,6.0,4.1,4.2,3.2,0.3,0.1,1.6,3.5,4.7,6.8,1.4,4.3,2.7,2.5,0.4,3.8,0.2,1.9,0.2,1.3,0.2,4.3,0.3,3.0,0.7,0.1,0.3,0.3,0.2,0.3,0.2,2.1,0.2,0.2,0.2,0.2,3.6,0.1,0.4,0.2,3.5,0.2,4.2,2.4,0.4,2.3,0.1,4.3,1.9,4.6
258,0.2,0.3,1.6,2.1,0.3,0.2,4.5,2.6,2.0,0.1,4.8,4.4,4.8,5.5,0.9,0.2,3.5,7.5,0.2,4.0,0.1,4.6,0.2,3.7,6.8,4.6,0.3,5.7,3.5,3.8,3.2,0.3,0.1,1.9,3.1,4.9,6.2,1.3,4.4,2.6,2.4,0.2,3.7,0.3,2.0,0.1,1.5,0.3,4.3,0.3,3.0,0.8,0.1,0.2,0.3,0.2,0.3,0.2,2.0,0.1,0.3,0.1,0.2,3.7,0.3,0.3,0.2,3.8,0.2,4.8,2.6,0.6,2.4,0.2,4.3,1.7,4.1
259,0.1,0.3,2.4,2.0,0.2,0.2,3.9,2.1,2.4,0.1,5.1,4.3,5.0,5.4,0.8,0.2,3.1,7.1,0.2,5.0,0.2,4.6,0.2,4.0,7.1,4.9,0.2,5.6,2.9,5.5,3.0,0.3,0.1,2.2,3.2,5.9,5.9,1.7,4.0,2.6,2.6,0.3,3.8,0.1,1.4,0.2,1.6,0.2,4.0,0.2,2.3,0.6,0.3,0.3,0.3,0.2,0.3,0.2,2.0,0.4,0.2,0.2,0.3,4.1,0.1,0.3,0.2,3.3,0.2,4.0,2.6,0.4,2.2,0.2,3.9,1.2,4.4
260,0.2,0.3,2.6,2.1,0.3,0.2,3.0,2.8,3.0,0.1,4.9,4.0,4.6,5.2,1.1,0.2,3.4,6.9,0.2,4.1,0.2,4.6,0.3,3.8,5.0,4.4,0.2,5.2,2.3,4.3,2.9,0.3,0.1,1.5,3.8,4.9,6.6,1.4,5.8,2.4,2.4,0.2,4.0,0.3,1.8,0.3,1.3,0.2,5.0,0.3,2.9,0.8,0.2,0.2,0.3,0.3,0.3,0.2,2.2,0.1,0.3,0.2,0.3,3.5,0.2,0.4,0.2,3.6,0.2,4.4,2.6,0.4,2.1,0.2,3.9,1.6,3.8
261,0.2,0.2,2.4,2.1,0.3,0.1,3.8,2.5,2.0,0.1,4.8,3.7,5.0,4.9,0.8,0.1,3.0,6.9,0.2,4.0,0.2,4.2,0.5,3.8,3.8,4.3,0.2,5.2,2.9,6.2,3.1,0.3,0.1,1.6,3.5,5.1,7.8,1.6,4.9,2.3,2.2,0.1,4.1,0.3,1.9,0.2,1.2,0.2,4.7,0.3,2.6,0.7,0.2,0.2,0.3,0.3,0.3,0.3,2.1,0.2,0.3,0.3,0.3,3.7,0.1,0.4,0.2,3.1,0.2,4.0,2.8,0.4,2.5,0.1,4.3,1.6,3.8
262,0.2,0.2,2.2,2.1,0.3,0.1,3.5,2.5,1.9,0.2,4.5,4.0,4.7,5.0,1.0,0.2,2.9,6.3,0.1,4.0,0.1,3.9,0.2,3.4,6.2,4.1,0.2,5.0,3.0,3.9,2.9,0.2,0.1,1.6,3.3,5.3,7.3,1.6,4.9,2.4,1.8,0.1,4.0,0.3,1.0,0.2,1.3,0.1,4.3,0.3,2.3,0.6,0.1,0.2,0.3,0.1,0.2,0.2,2.0,0.5,0.1,0.1,0.2,3.7,0.2,0.1,0.2,3.3,0.1,4.0,3.0,0.5,2.1,0.1,4.2,1.5,3.5
263,0.2,0.4,2.1,1.8,0.3,0.1,3.7,1.9,1.7,0.2,4.2,4.0,4.8,4.8,1.0,0.1,3.0,6.8,0.2,4.4,0.2,4.2,0.2,3.6,5.4,4.4,0.3,4.9,3.5,4.6,2.9,0.3,0.1,1.9,3.6,4.9,6.9,1.5,4.0,2.6,2.4,0.3,3.6,0.3,1.5,0.2,1.2,0.2,4.2,0.3,2.3,0.6,0.2,0.3,0.3,0.2,0.2,0.1,2.1,0.4,0.2,0.2,0.2,3.6,0.1,0.2,0.2,3.5,0.1,3.8,2.9,0.5,2.4,0.1,4.6,1.4,3.1
264,0.2,0.2,1.8,2.6,0.3,0.2,3.6,2.9,2.0,0.2,4.7,3.6,5.2,4.6,1.1,0.2,2.9,7.1,0.2,4.3,0.2,4.2,0.2,3.7,5.4,4.3,0.3,4.7,3.4,4.7,2.9,0.3,0.0,1.6,3.3,5.1,6.7,1.5,4.1,2.4,2.7,0.2,4.1,0.2,1.8,0.2,1.4,0.2,4.3,0.3,2.6,0.7,0.3,0.3,0.3,0.3,0.2,0.2,2.1,0.2,0.3,0.2,0.2,3.5,0.0,0.3,0.2,2.9,0.2,4.2,2.9,0.5,2.6,0.2,4.3,1.5,3.5
265,0.2,0.2,1.9,2.1,0.2,0.2,4.4,2.2,2.1,0.2,4.8,4.2,4.9,4.3,1.6,0.1,3.2,7.2,0.2,4.3,0.2,4.8,0.2,3.9,4.6,4.3,0.2,4.8,3.8,5.6,3.0,0.3,0.2,2.1,4.1,5.2,4.6,1.5,5.6,2.7,1.6,0.3,3.5,0.2,1.4,0.2,1.4,0.2,4.3,0.2,2.3,0.6,0.2,0.2,0.3,0.2,0.2,0.3,1.9,0.4,0.2,0.1,0.2,3.5,0.1,0.1,0.2,2.3,0.1,4.0,2.2,0.4,2.3,0.1,3.6,1.2,3.9
266,0.2,0.1,2.0,2.9,0.2,0.2,4.4,2.1,1.9,0.1,4.4,3.5,4.7,4.4,1.0,0.2,2.8,7.7,0.1,4.4,0.1,5.0,0.2,3.8,4.2,4.2,0.3,4.6,3.5,4.5,3.2,0.3,0.3,1.6,3.9,4.8,5.3,1.7,3.9,2.7,2.4,0.1,3.7,0.2,1.5,0.1,1.0,0.2,4.0,0.3,2.3,0.7,0.3,0.2,0.3,0.2,0.2,0.3,1.7,0.3,0.2,0.2,0.1,3.1,0.2,0.5,0.2,2.9,0.1,4.6,3.0,0.4,2.2,0.2,3.9,1.5,4.0
267,0.1,0.2,2.2,2.5,0.2,0.2,3.6,2.5,1.9,0.1,5.0,3.7,4.8,4.2,1.1,0.2,2.9,7.2,0.1,4.3,0.1,4.1,0.2,3.3,4.9,4.3,0.2,4.7,3.0,4.5,2.5,0.3,0.2,1.5,3.0,4.7,4.9,1.6,4.0,2.5,2.0,0.0,4.2,0.2,1.4,0.1,0.9,0.2,4.0,0.2,2.3,0.6,0.2,0.2,0.2,0.1,0.2,0.2,1.9,0.2,0.2,0.2,0.1,3.2,0.2,0.2,0.2,3.5,0.1,4.6,3.3,0.5,2.2,0.1,4.2,1.6,4.0
268,0.2,0.3,2.0,1.7,0.2,0.2,3.7,2.1,1.9,0.1,4.9,3.7,5.0,4.7,1.1,0.2,3.4,6.7,0.1,4.1,0.2,3.9,0.2,4.0,5.2,4.5,0.3,5.2,3.1,5.3,2.8,0.4,0.1,1.6,3.2,4.4,4.1,1.6,3.5,2.5,2.2,0.0,3.5,0.2,1.3,0.2,1.5,0.2,3.8,0.3,2.3,0.6,0.3,0.2,0.3,0.2,0.2,0.2,1.9,0.3,0.2,0.1,0.2,3.0,0.1,0.1,0.2,2.6,0.1,4.8,2.2,0.4,2.0,0.2,4.5,1.4,3.8
269,0.2,0.3,1.9,2.2,0.2,0.1,4.5,2.7,2.7,0.1,4.7,3.5,5.4,4.6,1.1,0.2,3.2,6.3,0.2,4.1,0.2,4.6,0.2,4.0,4.0,4.4,0.3,4.5,3.4,5.7,2.7,0.1,0.1,1.8,2.2,4.9,4.5,1.7,4.3,2.7,2.7,0.3,3.6,0.2,1.1,0.2,1.4,0.2,4.2,0.3,2.9,0.6,0.1,0.2,0.3,0.1,0.1,0.1,1.8,0.2,0.3,0.1,0.1,3.7,0.1,0.2,0.2,2.0,0.2,4.2,3.0,0.5,2.1,0.2,3.9,1.4,4.3
270,0.2,0.4,1.9,2.6,0.2,0.2,4.1,2.2,2.2,0.2,4.7,3.4,5.0,4.4,1.0,0.2,2.9,7.8,0.2,4.6,0.3,4.3,0.2,3.5,4.4,4.4,0.4,4.6,4.0,5.6,2.3,0.3,0.2,1.7,3.0,4.9,4.9,1.7,3.6,2.6,2.2,0.0,4.2,0.2,1.5,0.2,1.1,0.2,3.6,0.2,2.2,0.6,0.1,0.1,0.2,0.2,0.1,0.4,1.8,0.4,0.2,0.1,0.2,2.9,0.1,0.3,0.2,2.5,0.1,4.1,2.6,0.4,1.7,0.2,4.2,1.4,3.9
271,0.3,0.3,1.8,2.5,0.2,0.2,4.0,2.1,2.1,0.2,4.7,3.4,4.8,4.3,1.1,0.2,2.7,5.6,0.2,4.1,0.1,3.7,0.2,3.2,4.4,3.9,0.3,4.5,3.5,4.9,2.4,0.2,0.2,1.5,3.0,4.5,5.5,1.6,3.4,2.5,1.9,0.2,3.4,0.2,1.7,0.2,1.0,0.2,3.9,0.2,2.6,0.6,0.3,0.2,0.2,0.2,0.2,0.3,1.8,0.3,0.3,0.2,0.2,2.9,0.1,0.1,0.2,2.7,0.2,3.4,2.5,0.5,1.9,0.2,3.2,1.4,3.6
272,0.1,0.3,2.0,2.6,0.2,0.2,4.1,1.9,2.1,0.1,4.6,3.7,4.8,4.3,1.1,0.2,3.0,6.9,0.2,3.6,0.3,3.9,0.2,3.8,6.3,4.5,0.2,4.5,3.5,5.9,2.4,0.5,0.1,1.7,2.9,4.9,5.4,1.4,3.5,2.7,2.3,0.3,3.6,0.2,1.0,0.2,1.3,0.2,3.4,0.2,1.9,0.5,0.2,0.2,0.2,0.1,0.1,0.2,1.7,0.6,0.3,0.2,0.2,2.9,0.1,0.4,0.2,2.0,0.2,4.1,2.6,0.3,2.0,0.2,4.2,1.3,3.7
273,0.2,0.3,1.6,2.2,0.2,0.3,3.5,2.1,1.7,0.1,3.8,4.2,4.4,4.6,1.5,0.2,3.4,6.1,0.2,4.1,0.2,3.7,0.2,3.2,6.9,3.9,0.2,4.4,3.4,5.3,2.5,0.3,0.2,1.5,3.2,4.8,6.9,1.5,3.9,2.5,1.9,0.3,3.7,0.2,1.4,0.1,1.3,0.2,4.0,0.2,2.3,0.6,0.1,0.3,0.2,0.2,0.2,0.2,1.8,0.3,0.2,0.1,0.2,3.0,0.2,0.1,0.2,2.4,0.2,4.3,2.5,0.5,2.1,0.2,3.9,1.5,3.8
274,0.1,0.3,1.5,2.3,0.2,0.3,3.2,1.8,2.1,0.1,4.7,3.5,4.3,4.2,1.1,0.2,3.0,6.2,0.1,3.7,0.2,3.9,0.2,3.3,4.1,4.2,0.3,4.7,2.2,5.6,2.6,0.3,0.1,1.6,2.8,4.2,4.1,1.5,3.6,2.8,2.4,0.3,3.3,0.1,1.4,0.1,1.4,0.3,4.1,0.2,2.3,0.5,0.4,0.2,0.2,0.1,0.2,0.3,1.8,0.3,0.3,0.1,0.1,2.8,0.2,0.2,0.2,1.6,0.2,3.9,2.3,0.4,1.6,0.2,3.9,1.7,3.8
275,0.2,0.3,1.7,2.3,0.2,0.3,3.0,1.9,2.0,0.1,4.6,3.0,3.9,3.7,0.9,0.3,3.2,5.8,0.2,3.8,0.3,3.9,0.2,3.0,3.9,4.2,0.2,3.9,2.7,5.3,2.6,0.1,0.1,1.6,3.0,4.2,5.0,1.4,3.4,2.6,2.1,0.3,3.6,0.2,1.6,0.2,1.3,0.2,3.7,0.3,2.3,0.6,0.2,0.2,0.3,0.1,0.2,0.2,1.8,0.3,0.2,0.2,0.2,3.0,0.2,0.1,0.2,2.3,0.2,3.9,2.3,0.4,1.9,0.2,3.9,1.4,4.3
276,0.2,0.3,1.9,1.7,0.2,0.3,2.8,2.0,1.9,0.1,4.4,3.2,4.1,4.4,1.0,0.2,2.7,6.7,0.2,3.7,0.3,3.9,0.2,3.0,4.3,4.2,0.3,4.7,2.9,5.0,3.0,0.2,0.2,1.6,3.2,4.5,6.0,1.5,3.4,2.6,2.1,0.3,3.5,0.2,1.1,0.2,1.2,0.2,3.7,0.3,2.3,0.6,0.3,0.2,0.3,0.1,0.2,0.2,1.9,0.2,0.2,0.1,0.2,2.6,0.1,0.2,0.2,2.5,0.2,3.9,2.3,0.4,1.7,0.2,3.9,1.5,4.1
277,0.4,0.3,1.4,2.3,0.3,0.3,3.2,2.9,1.7,0.1,4.6,3.2,4.5,4.5,1.2,0.4,3.9,6.7,0.3,3.8,0.2,3.7,0.2,3.8,4.8,3.7,0.2,4.6,2.6,4.5,2.4,0.2,0.1,1.5,2.9,4.9,5.4,1.4,3.6,2.6,2.0,0.1,3.8,0.2,1.8,0.1,1.2,0.2,3.8,0.3,2.6,0.6,0.2,0.2,0.3,0.2,0.1,0.4,2.0,0.1,0.3,0.3,0.1,3.6,0.2,0.3,0.2,2.4,0.2,3.7,2.4,0.4,2.0,0.2,4.2,1.3,3.6
278,0.2,0.3,1.7,2.2,0.2,0.4,3.3,2.4,1.8,0.1,4.6,3.7,4.4,5.1,1.0,0.2,3.3,7.1,0.2,3.8,0.3,3.6,0.2,3.1,6.5,4.2,0.3,4.7,3.0,4.7,2.5,0.3,0.1,1.4,3.2,4.7,5.5,1.4,3.7,2.1,2.1,0.4,3.8,0.2,1.6,0.1,1.2,0.2,3.6,0.2,1.9,0.5,0.1,0.2,0.2,0.1,0.1,0.2,2.0,0.5,0.1,0.2,0.1,3.3,0.1,0.2,0.2,3.0,0.2,3.9,1.9,0.4,2.1,0.2,3.9,1.4,3.5
279,0.2,0.3,1.2,1.7,0.2,0.3,3.1,1.5,1.8,0.1,4.1,3.4,4.4,4.1,1.4,0.2,2.9,7.6,0.1,4.0,0.2,3.4,0.2,2.9,4.3,3.4,0.3,4.9,2.9,5.1,2.2,0.2,0.1,1.5,3.1,4.3,6.2,1.6,3.3,2.4,2.2,0.4,3.1,0.2,1.4,0.2,1.3,0.2,3.7,0.3,2.2,0.5,0.3,0.2,0.3,0.2,0.2,0.2,1.9,0.1,0.3,0.1,0.2,2.9,0.1,0.1,0.2,2.7,0.2,3.7,2.1,0.4,1.7,0.1,3.5,1.3,3.8
280,0.2,0.5,1.5,2.1,0.2,0.2,2.3,2.4,2.2,0.1,4.0,3.7,4.5,4.5,0.9,0.2,2.9,5.9,0.2,3.7,0.2,3.6,0.2,3.0,4.5,3.5,0.2,4.5,3.2,4.4,2.5,0.5,0.1,1.6,2.7,5.2,5.1,1.2,3.8,2.5,1.8,0.3,3.4,0.2,1.3,0.2,1.1,0.2,3.8,0.3,2.3,0.6,0.3,0.3,0.3,0.1,0.2,0.3,1.5,0.2,0.2,0.2,0.2,3.0,0.2,0.3,0.2,2.5,0.2,3.7,1.9,0.4,2.0,0.2,3.5,1.3,3.6
281,0.2,0.3,1.9,2.1,0.2,0.2,2.9,2.3,2.3,0.1,4.8,3.7,4.1,4.9,0.9,0.2,2.9,6.8,0.1,4.0,0.2,4.1,0.2,3.5,4.8,3.6,0.2,4.5,2.8,5.3,2.5,0.3,0.2,1.5,3.1,4.1,4.2,1.2,3.7,2.4,2.0,0.2,3.9,0.2,1.6,0.1,1.0,0.2,4.1,0.2,2.2,0.5,0.3,0.2,0.3,0.2,0.2,0.3,1.8,0.1,0.2,0.1,0.2,3.1,0.1,0.1,0.2,2.8,0.2,4.7,2.2,0.3,1.8,0.2,3.5,1.6,3.2
282,0.1,0.1,1.7,1.7,0.2,0.2,3.0,2.4,1.6,0.1,3.7,3.5,4.0,3.4,0.7,0.2,3.1,5.3,0.2,2.9,0.2,3.2,0.2,3.2,4.4,3.2,0.2,4.1,2.6,3.5,2.6,0.2,0.1,1.3,2.9,4.1,4.3,1.3,3.4,2.6,2.2,0.1,3.4,0.2,1.2,0.2,1.4,0.2,3.8,0.3,2.6,0.5,0.3,0.2,0.3,0.3,0.1,0.2,1.6,0.1,0.2,0.2,0.2,2.9,0.2,0.2,0.2,2.5,0.2,3.7,1.9,0.4,1.7,0.1,3.5,1.4,3.2
283,0.2,0.2,1.6,1.7,0.3,0.1,3.0,2.4,1.6,0.1,4.1,3.2,3.9,3.7,1.3,0.1,3.6,5.1,0.2,3.1,0.2,3.6,0.2,3.3,4.7,3.2,0.3,4.1,3.1,4.5,2.4,0.2,0.1,1.7,3.0,4.2,4.0,1.1,3.6,2.1,1.7,0.2,3.8,0.2,1.6,0.2,1.3,0.2,3.8,0.3,1.6,0.5,0.2,0.2,0.3,0.1,0.2,0.1,1.7,0.2,0.2,0.2,0.2,2.9,0.2,0.4,0.2,2.6,0.1,4.1,2.2,0.3,1.7,0.2,3.8,1.3,3.2
284,0.2,0.3,0.8,1.3,0.2,0.1,3.0,2.8,1.5,0.1,4.1,3.3,4.1,3.9,1.3,0.2,3.1,6.1,0.2,3.5,0.2,3.0,0.2,2.9,3.8,3.5,0.4,4.5,2.9,4.7,2.3,0.1,0.2,1.6,2.6,4.1,4.3,1.2,3.1,2.4,1.5,0.1,3.9,0.2,1.4,0.1,1.2,0.2,3.7,0.2,1.9,0.5,0.5,0.2,0.3,0.1,0.2,0.2,1.6,0.1,0.2,0.1,0.2,3.0,0.1,0.2,0.2,2.9,0.1,4.1,2.1,0.4,1.6,0.2,3.8,1.2,3.7
285,0.2,0.1,1.7,1.9,0.2,0.1,3.5,2.5,1.6,0.1,4.1,3.3,4.8,4.0,1.4,0.2,3.0,6.5,0.2,3.7,0.2,3.6,0.2,3.2,4.3,3.7,0.3,4.6,3.0,4.4,2.2,0.1,0.2,1.4,2.9,4.1,4.1,1.1,3.8,2.9,1.7,0.1,4.1,0.2,1.2,0.2,1.2,0.2,3.5,0.3,2.2,0.5,0.3,0.2,0.3,0.2,0.1,0.3,1.7,0.4,0.1,0.2,0.1,3.2,0.1,0.4,0.2,2.8,0.2,3.9,2.0,0.4,1.6,0.1,3.8,1.0,4.1
286,0.2,0.2,1.6,1.7,0.2,0.1,3.1,2.9,1.6,0.1,3.9,3.3,4.0,4.1,1.6,0.2,2.9,6.5,0.2,3.4,0.2,4.0,0.2,3.5,4.1,3.8,0.2,4.3,3.0,4.5,2.3,0.1,0.2,1.6,2.9,4.5,6.6,1.0,3.6,2.1,1.7,0.3,4.1,0.2,1.2,0.2,1.0,0.2,3.3,0.2,1.9,0.5,0.2,0.2,0.3,0.3,0.2,0.1,1.7,0.2,0.1,0.2,0.2,3.0,0.0,0.2,0.2,2.4,0.2,3.9,2.0,0.3,1.8,0.2,3.8,1.3,3.4
287,0.2,0.3,1.5,1.8,0.3,0.1,3.3,2.5,1.7,0.1,4.1,3.1,4.3,3.9,1.1,0.1,2.8,6.5,0.2,3.0,0.2,4.3,0.2,3.6,5.6,3.1,0.1,4.3,2.4,3.9,2.3,0.3,0.1,1.5,2.8,4.3,5.8,0.9,3.7,2.3,1.9,0.0,3.8,0.2,1.1,0.1,1.1,0.2,3.7,0.3,1.3,0.5,0.3,0.2,0.4,0.4,0.1,0.1,1.6,0.2,0.2,0.1,0.1,3.0,0.1,0.3,0.2,2.6,0.2,4.5,2.0,0.3,1.7,0.2,3.8,1.5,3.2
288,0.2,0.2,1.6,1.5,0.2,0.1,3.4,2.9,1.4,0.2,4.0,3.4,4.4,3.6,1.1,0.2,2.8,5.4,0.2,3.2,0.2,3.6,0.2,3.3,4.0,3.3,0.3,4.1,2.3,4.4,2.2,0.1,0.2,1.7,3.0,4.2,4.8,1.0,4.4,2.5,1.4,0.1,3.9,0.2,1.2,0.2,1.1,0.2,4.5,0.2,1.9,0.4,0.3,0.2,0.3,0.2,0.2,0.1,1.7,0.2,0.1,0.2,0.2,3.7,0.2,0.3,0.2,2.6,0.2,3.5,2.0,0.3,1.9,0.2,1.9,1.4,3.1
289,0.2,0.3,2.0,2.2,0.2,0.2,2.7,2.9,2.0,0.1,4.2,3.7,4.4,4.1,1.1,0.2,2.6,5.9,0.2,3.7,0.2,3.4,0.2,3.2,4.9,4.0,0.3,4.3,2.7,4.2,2.5,0.3,0.2,1.6,2.7,3.9,6.3,1.1,3.2,2.2,2.4,0.1,4.0,0.2,1.5,0.1,1.1,0.2,3.2,0.2,2.6,0.4,0.4,0.3,0.3,0.2,0.2,0.0,1.7,0.3,0.1,0.2,0.2,2.6,0.2,0.3,0.2,2.7,0.2,3.9,1.9,0.4,1.6,0.2,4.2,1.3,3.8
290,0.1,0.2,1.6,1.8,0.2,0.1,3.6,2.6,2.2,0.1,4.2,3.4,4.2,3.5,1.1,0.2,2.6,6.6,0.2,3.4,0.2,3.6,0.2,3.1,3.9,3.4,0.3,4.7,2.9,4.3,2.7,0.1,0.1,1.5,2.8,3.9,6.0,1.0,3.4,2.2,1.7,0.2,3.6,0.2,1.0,0.2,1.1,0.2,3.7,0.2,1.9,0.4,0.2,0.2,0.2,0.2,0.2,0.1,1.6,0.2,0.2,0.1,0.2,3.0,0.2,0.2,0.2,2.7,0.2,3.7,2.2,0.3,1.7,0.2,3.8,1.3,3.7
291,0.2,0.2,1.8,2.3,0.2,0.1,3.0,2.5,2.0,0.1,3.7,3.4,4.2,3.8,0.9,0.2,2.7,6.5,0.1,3.2,0.2,3.8,0.2,3.3,4.3,3.6,0.3,4.6,2.6,3.9,2.4,0.1,0.2,1.5,3.0,3.5,4.7,1.0,3.2,2.3,2.1,0.2,3.7,0.1,1.2,0.1,1.4,0.1,3.7,0.2,2.2,0.5,0.1,0.1,0.3,0.1,0.2,0.0,1.6,0.3,0.2,0.1,0.2,3.0,0.1,0.2,0.1,2.8,0.1,3.7,2.2,0.3,1.6,0.2,4.1,1.3,3.8
292,0.2,0.2,1.6,2.0,0.2,0.2,3.9,2.5,2.0,0.2,4.4,3.3,4.4,3.5,1.2,0.2,2.3,6.8,0.2,3.2,0.2,3.8,0.2,3.4,4.0,3.2,0.3,4.9,2.7,4.1,2.1,0.1,0.1,1.5,2.9,4.7,5.1,1.1,3.7,2.5,1.9,0.1,3.7,0.2,1.1,0.1,1.3,0.2,3.8,0.3,2.2,0.5,0.3,0.2,0.3,0.2,0.1,0.1,1.6,0.3,0.2,0.1,0.1,3.1,0.1,0.3,0.2,3.0,0.2,3.9,1.6,0.8,1.8,0.1,3.8,1.3,3.6
293,0.2,0.3,1.6,2.0,0.3,0.1,3.1,2.1,2.1,0.1,4.3,3.8,4.1,3.5,0.9,0.3,3.1,7.6,0.1,4.4,0.2,3.4,0.2,3.0,5.4,3.1,0.2,4.7,2.9,3.1,2.2,0.3,0.1,1.4,3.0,4.0,3.9,0.8,4.6,2.3,1.9,0.2,3.0,0.2,1.2,0.1,1.4,0.2,4.4,0.3,2.2,0.6,0.2,0.2,0.3,0.2,0.2,0.1,1.8,0.4,0.2,0.1,0.2,3.3,0.2,0.2,0.2,2.9,0.1,4.8,2.3,0.8,1.7,0.1,4.5,1.5,3.4
294,0.2,0.3,1.2,2.1,0.2,0.2,3.4,1.9,1.9,0.1,4.2,3.4,3.9,3.8,1.0,0.3,2.7,6.1,0.1,3.3,0.2,3.2,0.2,3.0,3.9,3.6,0.2,4.5,2.4,3.8,2.1,0.2,0.2,1.4,2.8,3.9,3.6,0.8,3.6,2.0,2.0,0.2,2.0,0.2,1.5,0.2,1.2,0.2,3.7,0.3,2.2,0.5,0.1,0.2,0.3,0.2,0.2,0.2,1.6,0.2,0.3,0.1,0.2,3.0,0.1,0.3,0.2,3.4,0.1,3.9,1.9,0.4,1.6,0.2,3.5,1.5,3.4
295,0.2,0.2,1.4,2.0,0.2,0.3,3.0,2.0,0.9,0.1,4.1,3.4,3.9,3.9,1.0,0.2,2.5,5.7,0.2,3.4,0.2,3.6,0.2,3.1,4.4,3.6,0.2,4.5,2.2,4.4,2.6,0.1,0.1,1.4,2.6,3.9,3.9,0.8,3.4,2.3,1.8,0.1,3.4,0.2,1.3,0.2,1.4,0.1,3.7,0.2,1.9,0.5,0.1,0.2,0.2,0.2,0.2,0.1,1.4,0.4,0.1,0.1,0.2,2.9,0.1,0.3,0.2,3.1,0.1,3.5,1.9,0.4,1.7,0.1,3.5,1.5,3.8
