,"Hires: Total nonfarm in Ohio - Rate in Percent, Monthly, Seasonally Adjusted (All size classes)","Hires: Total nonfarm in Oregon - Rate in Percent, Monthly, Seasonally Adjusted (All size classes)","Hires: Total nonfarm in Pennsylvania - Rate in Percent, Monthly, Seasonally Adjusted (All size classes)","Hires: Total nonfarm in Rhode Island - Rate in Percent, Monthly, Seasonally Adjusted (All size classes)","Hires: Total nonfarm in South Carolina - Rate in Percent, Monthly, Seasonally Adjusted (All size classes)","Hires: Total nonfarm in South Dakota - Rate in Percent, Monthly, Seasonally Adjusted (All size classes)","Hires: Total nonfarm in Tennessee - Rate in Percent, Monthly, Seasonally Adjusted (All size classes)","Hires: Total nonfarm in Texas - Rate in Percent, Monthly, Seasonally Adjusted (All size classes)","Hires: Total nonfarm in Utah - Rate in Percent, Monthly, Seasonally Adjusted (All size classes)","Hires: Total nonfarm in Vermont - Rate in Percent, Monthly, Seasonally Adjusted (All size classes)","Quits: Total nonfarm in Vermont - Rate in Percent, Monthly, Seasonally Adjusted (All size classes)","Hires: Total nonfarm in Virginia - Rate in Percent, Monthly, Seasonally Adjusted (All size classes)","Quits: Total nonfarm in Virginia - Rate in Percent, Monthly, Seasonally Adjusted (All size classes)","Hires: Total nonfarm in Washington - Rate in Percent, Monthly, Seasonally Adjusted (All size classes)","Quits: Total nonfarm in Washington - Rate in Percent, Monthly, Seasonally Adjusted (All size classes)","Hires: Total nonfarm in West Virginia - Rate in Percent, Monthly, Seasonally Adjusted (All size classes)","Hires: Total nonfarm in Wisconsin - Rate in Percent, Monthly, Seasonally Adjusted (All size classes)","Other separations: Total nonfarm in Midwest region - Rate in Percent, Monthly, Seasonally Adjusted (All size classes)","Other separations: Total nonfarm in Northeast region - Rate in Percent, Monthly, Seasonally Adjusted (All size classes)","Other separations: Total nonfarm in South region - Rate in Percent, Monthly, Seasonally Adjusted (All size classes)","Other separations: Total nonfarm in West region - Rate in Percent, Monthly, Seasonally Adjusted (All size classes)","Other separations: Total private - Rate in Percent, Monthly, Seasonally Adjusted (All size classes)","Hires: Total private - Rate in Percent, Monthly, Seasonally Adjusted (1 to 9 employees)","Other separations: Total private - Rate in Percent, Monthly, Seasonally Adjusted (1 to 9 employees)","Quits: Total private - Rate in Percent, Monthly, Seasonally Adjusted (1 to 9 employees)","Other separations: Total private - Rate in Percent, Monthly, Seasonally Adjusted (10 to 49 employees)","Other separations: Total private - Rate in Percent, Monthly, Seasonally Adjusted (50 to 249 employees)","Other separations: Total private - Rate in Percent, Monthly, Seasonally Adjusted (250 to 999 employees)","Layoffs and Discharges: Total private - Rate in Percent, Monthly, Seasonally Adjusted (1,000 to 4,999 employees)","Other separations: Total private - Rate in Percent, Monthly, Seasonally Adjusted (1,000 to 4,999 employees)","Layoffs and Discharges: Total private - Rate in Percent, Monthly, Seasonally Adjusted (5,000 or more employees)","Other separations: Total private - Rate in Percent, Monthly, Seasonally Adjusted (5,000 or more employees)","Hires: Mining and logging - Rate in Percent, Monthly, Seasonally Adjusted (All size classes)","Layoffs and Discharges: Mining and logging - Rate in Percent, Monthly, Seasonally Adjusted (All size classes)","Other separations: Mining and logging - Rate in Percent, Monthly, Seasonally Adjusted (All size classes)","Quits: Mining and logging - Rate in Percent, Monthly, Seasonally Adjusted (All size classes)","Hires: Construction - Rate in Percent, Monthly, Seasonally Adjusted (All size classes)","Other separations: Construction - Rate in Percent, Monthly, Seasonally Adjusted (All size classes)","Quits: Construction - Rate in Percent, Monthly, Seasonally Adjusted (All size classes)","Other separations: Manufacturing - Rate in Percent, Monthly, Seasonally Adjusted (All size classes)","Other separations: Durable goods manufacturing - Rate in Percent, Monthly, Seasonally Adjusted (All size classes)","Other separations: Nondurable goods manufacturing - Rate in Percent, Monthly, Seasonally Adjusted (All size classes)","Hires: Wholesale trade - Rate in Percent, Monthly, Seasonally Adjusted (All size classes)","Other separations: Wholesale trade - Rate in Percent, Monthly, Seasonally Adjusted (All size classes)","Other separations: Retail trade - Rate in Percent, Monthly, Seasonally Adjusted (All size classes)","Other separations: Transportation, warehousing, and utilities - Rate in Percent, Monthly, Seasonally Adjusted (All size classes)","Hires: Information - Rate in Percent, Monthly, Seasonally Adjusted (All size classes)","Other separations: Information - Rate in Percent, Monthly, Seasonally Adjusted (All size classes)","Quits: Information - Rate in Percent, Monthly, Seasonally Adjusted (All size classes)","Layoffs and Discharges: Finance and insurance - Rate in Percent, Monthly, Seasonally Adjusted (All size classes)","Other separations: Finance and insurance - Rate in Percent, Monthly, Seasonally Adjusted (All size classes)","Quits: Finance and insurance - Rate in Percent, Monthly, Seasonally Adjusted (All size classes)","Hires: Real estate and rental and leasing - Rate in Percent, Monthly, Seasonally Adjusted (All size classes)","Other separations: Real estate and rental and leasing - Rate in Percent, Monthly, Seasonally Adjusted (All size classes)","Quits: Real estate and rental and leasing - Rate in Percent, Monthly, Seasonally Adjusted (All size classes)","Hires: Professional and business services - Rate in Percent, Monthly, Seasonally Adjusted (All size classes)","Other separations: Professional and business services - Rate in Percent, Monthly, Seasonally Adjusted (All size classes)","Other separations: Private education and health services - Rate in Percent, Monthly, Seasonally Adjusted (All size classes)","Hires: Private educational services - Rate in Percent, Monthly, Seasonally Adjusted (All size classes)","Other separations: Private educational services - Rate in Percent, Monthly, Seasonally Adjusted (All size classes)","Quits: Private educational services - Rate in Percent, Monthly, Seasonally Adjusted (All size classes)","Other separations: Leisure and hospitality - Rate in Percent, Monthly, Seasonally Adjusted (All size classes)","Hires: Arts, entertainment, and recreation - Rate in Percent, Monthly, Seasonally Adjusted (All size classes)","Other separations: Arts, entertainment, and recreation - Rate in Percent, Monthly, Seasonally Adjusted (All size classes)","Quits: Arts, entertainment, and recreation - Rate in Percent, Monthly, Seasonally Adjusted (All size classes)","Hires: Other services - Rate in Percent, Monthly, Seasonally Adjusted (All size classes)","Other separations: Other services - Rate in Percent, Monthly, Seasonally Adjusted (All size classes)","Quits: Other services - Rate in Percent, Monthly, Seasonally Adjusted (All size classes)","Other separations: Government - Rate in Percent, Monthly, Seasonally Adjusted (All size classes)","Hires: Federal - Rate in Percent, Monthly, Seasonally Adjusted (All size classes)","Layoffs and Discharges: Federal - Rate in Percent, Monthly, Seasonally Adjusted (All size classes)","Other separations: Federal - Rate in Percent, Monthly, Seasonally Adjusted (All size classes)","Quits: Federal - Rate in Percent, Monthly, Seasonally Adjusted (All size classes)","Other separations: State and local - Rate in Percent, Monthly, Seasonally Adjusted (All size classes)","Hires: State and local government education - Rate in Percent, Monthly, Seasonally Adjusted (All size classes)","Layoffs and Discharges: State and local government education - Rate in Percent, Monthly, Seasonally Adjusted (All size classes)","Other separations: State and local government education - Rate in Percent, Monthly, Seasonally Adjusted (All size classes)","Hires: State and local government, excluding education - Rate in Percent, Monthly, Seasonally Adjusted (All size classes)","Layoffs and Discharges: State and local government, excluding education - Rate in Percent, Monthly, Seasonally Adjusted (All size classes)","Other separations: State and local government, excluding education - Rate in Percent, Monthly, Seasonally Adjusted (All size classes)"
0,4.4,4.7,3.2,3.7,3.4,4.5,3.9,4.3,4.4,4.3,2.3,4.0,2.3,5.0,2.9,4.1,3.7,0.2,0.2,0.3,0.3,0.3,3.7,0.4,2.2,0.3,0.2,0.2,1.2,0.2,0.7,0.2,3.8,2.0,0.4,1.4,6.1,0.4,1.6,0.3,0.3,0.2,2.7,0.2,0.2,0.6,3.0,0.2,1.6,0.5,0.2,1.9,3.9,0.4,3.2,5.7,0.3,0.2,2.3,0.2,0.9,0.3,7.3,0.3,2.3,2.5,0.0,1.8,0.2,1.5,0.3,0.3,0.6,0.2,1.6,0.5,0.2,1.8,0.7,0.2
1,4.7,4.4,3.1,3.9,3.6,5.5,4.4,4.1,4.4,3.6,2.3,4.1,2.5,4.9,3.1,3.7,4.3,0.2,0.3,0.3,0.3,0.3,4.1,0.6,2.4,0.3,0.2,0.2,2.5,0.2,0.6,0.2,3.6,1.6,0.3,1.7,7.2,0.3,2.4,0.2,0.3,0.2,2.5,0.1,0.5,0.2,4.6,0.3,2.7,1.0,0.4,1.8,3.8,0.0,3.2,6.7,0.3,0.2,2.4,0.3,1.0,0.3,7.0,0.1,1.9,3.5,0.4,1.4,0.2,1.5,0.3,0.3,0.7,0.2,1.5,0.4,0.2,1.8,0.6,0.3
2,3.7,5.0,3.2,4.1,3.8,5.0,3.9,3.7,4.6,4.3,2.6,3.5,2.2,4.6,2.5,4.5,4.0,0.2,0.2,0.3,0.3,0.2,4.4,0.4,2.4,0.2,0.2,0.2,1.0,0.2,1.0,0.2,3.1,0.9,0.9,1.3,7.1,0.1,2.6,0.2,0.2,0.2,2.8,0.1,0.3,0.2,3.6,0.3,1.8,0.5,0.3,1.8,4.0,0.1,2.0,5.5,0.1,0.3,2.5,0.4,1.0,0.4,7.1,0.2,2.9,3.7,0.4,2.7,0.2,1.0,0.2,0.3,0.6,0.2,1.8,0.5,0.2,1.9,0.6,0.2
3,4.1,4.2,3.7,4.1,4.2,5.0,4.7,4.3,4.8,5.0,2.6,4.1,2.1,5.0,2.8,4.8,4.3,0.3,0.3,0.3,0.2,0.3,3.9,0.3,2.3,0.4,0.3,0.3,1.3,0.2,1.0,0.4,4.1,1.4,0.3,1.7,8.4,0.4,2.9,0.3,0.3,0.2,2.5,0.3,0.3,0.2,3.0,0.4,1.8,0.4,0.2,2.0,3.3,0.0,2.0,5.6,0.3,0.2,3.6,0.3,1.2,0.3,7.5,0.2,2.7,4.4,0.4,1.9,0.2,1.4,0.4,0.2,0.7,0.2,1.6,0.4,0.2,1.8,0.6,0.2
4,3.5,4.1,4.3,4.1,4.1,4.0,4.5,3.9,4.4,4.3,2.6,4.2,2.5,4.5,2.9,4.8,3.7,0.3,0.2,0.3,0.3,0.3,3.8,0.2,2.1,0.4,0.3,0.2,1.2,0.2,0.8,0.3,2.9,1.3,0.2,1.7,6.7,0.4,2.9,0.3,0.3,0.2,2.7,0.2,0.4,0.2,3.4,0.3,2.7,1.1,0.3,1.4,3.4,0.2,2.1,4.6,0.3,0.2,2.6,0.2,1.2,0.2,8.2,0.0,3.6,4.0,0.3,2.1,0.3,1.3,0.3,0.3,0.6,0.2,1.6,0.3,0.2,1.7,0.6,0.3
5,3.7,5.3,2.7,3.9,3.4,5.3,4.3,3.7,5.1,4.6,2.6,3.9,2.0,4.7,2.4,4.7,4.1,0.3,0.3,0.3,0.2,0.3,4.0,0.3,2.3,0.4,0.2,0.2,1.5,0.2,0.5,0.3,4.3,1.7,0.2,1.8,7.0,0.4,2.6,0.2,0.3,0.1,3.0,0.3,0.3,0.2,3.1,0.2,2.2,0.7,0.4,1.2,3.0,0.2,1.8,5.7,0.5,0.2,3.0,0.1,1.4,0.3,8.3,0.0,3.5,2.7,0.0,1.8,0.2,1.4,0.3,0.2,0.7,0.2,1.6,0.4,0.2,2.0,0.5,0.2
6,3.7,3.9,3.5,4.6,3.4,4.8,3.6,4.2,3.9,4.6,2.3,3.5,2.1,4.1,2.3,4.5,3.4,0.3,0.2,0.3,0.3,0.3,3.6,0.3,2.0,0.3,0.3,0.2,1.2,0.2,1.1,0.3,5.3,1.9,0.5,2.1,6.6,0.3,2.5,0.3,0.3,0.2,2.1,0.2,0.2,0.2,3.1,0.3,2.0,0.5,0.5,1.4,3.6,0.7,2.2,5.6,0.4,0.3,1.9,0.4,1.6,0.3,8.6,0.0,3.5,3.1,0.0,1.4,0.2,1.4,0.2,0.3,0.5,0.2,1.6,0.4,0.2,1.9,0.5,0.2
7,4.0,3.9,3.4,4.0,4.7,4.5,4.2,4.0,4.3,4.9,2.6,3.6,2.3,4.3,2.3,4.1,3.8,0.4,0.3,0.3,0.2,0.3,3.8,0.5,2.3,0.3,0.3,0.3,1.2,0.2,0.7,0.2,4.4,1.8,1.3,1.9,6.5,0.6,2.7,0.2,0.3,0.2,2.6,0.1,0.3,0.3,3.3,0.5,2.4,0.7,0.3,1.9,3.4,0.4,2.5,5.7,0.5,0.2,2.7,0.3,1.1,0.3,9.0,0.2,3.2,3.5,0.3,2.0,0.2,1.6,0.3,0.3,0.6,0.2,1.4,0.3,0.2,2.0,0.5,0.2
8,3.9,3.9,2.9,3.9,4.5,4.8,5.0,4.2,4.2,4.6,2.3,5.0,2.5,3.9,2.2,5.3,4.1,0.3,0.3,0.3,0.4,0.3,4.0,0.7,2.2,0.3,0.3,0.2,1.2,0.2,0.8,0.2,3.7,1.4,0.2,2.2,6.0,0.5,2.4,0.3,0.4,0.2,2.8,0.2,0.2,0.3,3.2,0.2,2.2,0.5,0.5,1.5,3.2,0.2,2.2,6.0,0.6,0.3,3.5,0.2,1.0,0.3,8.4,0.4,3.6,3.8,0.1,2.5,0.2,1.3,0.2,0.4,0.7,0.2,1.5,0.4,0.2,2.0,0.8,0.3
9,3.8,3.7,3.1,4.0,4.3,5.6,4.3,3.7,3.8,4.6,2.7,3.9,2.2,3.7,2.1,4.8,3.4,0.3,0.3,0.3,0.3,0.3,3.8,0.3,2.2,0.3,0.3,0.2,1.1,0.2,1.1,0.3,3.8,1.6,0.5,1.9,6.3,0.4,2.3,0.2,0.2,0.2,2.5,0.2,0.3,0.3,2.9,0.2,1.7,0.7,0.1,1.2,3.9,0.3,1.9,5.2,0.6,0.2,2.9,0.2,1.1,0.3,7.5,0.2,2.9,3.5,0.2,2.2,0.3,0.9,0.3,0.3,0.6,0.3,1.6,0.3,0.2,1.5,0.5,0.3
10,3.6,3.8,4.0,4.2,3.8,4.8,4.3,3.8,4.5,5.6,2.7,4.2,2.5,3.8,2.2,4.7,3.3,0.3,0.3,0.3,0.3,0.3,3.9,0.2,2.1,0.3,0.3,0.3,1.5,0.2,1.0,0.2,3.8,1.8,0.3,2.5,6.7,0.4,2.4,0.2,0.3,0.2,2.8,0.2,0.3,0.5,2.9,0.1,2.1,0.8,0.3,1.2,3.6,0.2,1.9,5.2,0.3,0.2,2.9,0.3,1.0,0.4,7.8,0.1,2.2,4.0,0.1,2.5,0.2,1.3,0.6,0.3,0.6,0.2,1.4,0.3,0.1,1.7,0.6,0.3
11,3.5,4.4,3.3,4.0,4.1,4.2,4.2,3.7,4.3,4.3,2.3,3.8,2.2,4.0,2.4,4.6,3.3,0.2,0.3,0.3,0.3,0.3,3.8,0.2,1.8,0.2,0.3,0.3,1.0,0.4,0.9,0.3,3.9,2.5,0.5,1.6,6.7,0.2,2.6,0.2,0.2,0.2,2.6,0.1,0.2,0.3,3.2,0.1,1.9,0.7,0.5,1.2,4.4,0.3,2.0,5.0,0.5,0.2,2.8,0.3,0.9,0.2,6.5,0.2,2.9,3.7,0.1,2.2,0.2,1.2,0.2,0.4,0.7,0.2,1.5,0.3,0.2,1.6,0.4,0.2
12,3.4,3.9,3.1,3.8,3.8,4.5,4.6,3.6,4.1,4.0,2.7,4.3,2.4,3.6,2.1,4.0,3.3,0.3,0.3,0.3,0.3,0.3,4.2,0.3,2.0,0.3,0.3,0.3,1.1,0.3,0.9,0.2,3.1,1.7,0.3,0.9,6.7,0.2,2.1,0.2,0.2,0.2,2.6,0.2,0.3,0.3,3.0,0.1,2.0,0.6,0.4,1.1,3.3,0.2,1.1,5.0,0.6,0.2,2.1,0.2,1.1,0.3,7.0,0.1,3.6,3.8,0.3,2.4,0.2,1.5,0.3,0.5,0.9,0.2,1.6,0.3,0.2,1.6,0.5,0.2
13,3.7,4.0,3.5,5.0,3.9,4.5,3.7,4.0,4.4,4.7,2.7,4.1,2.5,3.9,2.2,8.0,3.4,0.2,0.3,0.3,0.4,0.3,3.8,0.2,2.2,0.3,0.3,0.3,1.1,0.2,0.8,0.2,3.6,1.3,0.6,1.8,6.3,0.2,2.5,0.3,0.3,0.2,2.9,0.2,0.2,0.3,3.0,0.2,1.8,0.7,0.2,1.4,3.8,0.2,2.5,5.4,0.6,0.2,2.8,0.2,1.0,0.2,6.4,0.1,3.7,3.7,0.3,2.0,0.2,1.4,0.4,0.3,0.7,0.2,1.5,0.3,0.2,1.5,0.5,0.2
14,3.8,3.8,3.4,3.5,3.9,4.3,4.2,3.9,4.4,4.3,2.3,4.1,2.3,3.8,2.2,5.1,3.2,0.3,0.3,0.3,0.3,0.3,4.1,0.3,1.9,0.3,0.3,0.3,1.1,0.3,0.7,0.3,3.2,1.3,0.2,2.2,6.3,0.3,2.4,0.3,0.3,0.2,2.6,0.2,0.3,0.2,2.6,0.4,1.7,0.9,0.2,1.1,3.3,0.0,2.2,5.1,0.5,0.2,2.4,0.1,1.0,0.3,7.4,0.2,3.8,3.5,0.3,2.1,0.3,1.6,0.3,0.5,0.9,0.2,1.3,0.3,0.2,1.6,0.6,0.3
15,3.5,4.0,3.2,3.7,3.7,4.3,3.7,4.1,4.1,4.3,2.3,4.2,2.2,3.4,2.1,4.1,2.7,0.3,0.3,0.3,0.3,0.3,3.8,0.4,1.6,0.2,0.3,0.3,1.4,0.3,0.7,0.2,2.8,2.1,0.8,1.2,6.3,0.5,2.2,0.2,0.3,0.2,2.9,0.1,0.2,0.3,2.8,0.2,1.8,0.6,0.4,1.2,3.8,0.3,2.4,5.3,0.5,0.3,2.4,0.1,1.0,0.3,7.8,0.1,4.0,2.9,0.2,1.8,0.3,1.4,0.4,0.3,0.8,0.3,1.6,0.4,0.2,1.6,0.5,0.3
16,4.1,4.2,3.2,3.5,4.6,4.5,4.1,3.9,4.5,4.3,2.3,4.1,2.5,4.0,2.2,4.7,3.3,0.3,0.3,0.3,0.3,0.3,3.7,0.4,1.9,0.3,0.3,0.3,1.1,0.2,0.6,0.3,2.8,2.1,0.4,0.7,6.4,0.3,2.5,0.2,0.3,0.2,2.6,0.2,0.3,0.2,2.7,0.2,1.5,0.8,0.3,1.5,3.7,0.2,2.5,5.3,0.5,0.3,2.4,0.1,1.2,0.3,7.2,0.1,3.2,3.3,0.3,1.9,0.3,1.8,0.4,0.4,0.8,0.2,1.4,0.4,0.2,1.7,0.6,0.3
17,3.8,3.9,3.5,3.7,4.0,4.2,3.9,4.2,4.3,4.3,2.3,4.2,2.4,4.2,2.2,5.5,3.2,0.3,0.2,0.3,0.2,0.3,3.7,0.3,2.1,0.3,0.2,0.3,0.9,0.3,0.8,0.3,2.9,1.5,0.6,1.5,6.1,0.2,2.4,0.2,0.3,0.2,2.8,0.2,0.2,0.3,2.4,0.2,1.5,1.0,0.1,1.3,3.3,0.3,1.3,5.3,0.5,0.2,2.4,0.2,0.9,0.2,7.3,0.2,4.0,3.6,0.0,2.4,0.2,1.8,0.3,0.3,0.6,0.2,1.6,0.4,0.2,1.5,0.5,0.2
18,4.0,3.7,3.4,3.7,3.7,4.5,3.9,4.7,4.3,4.7,2.3,4.2,2.5,4.0,1.7,4.3,3.3,0.3,0.3,0.2,0.3,0.3,4.1,0.2,1.8,0.3,0.3,0.3,1.0,0.2,0.6,0.2,3.1,1.5,0.4,1.6,6.5,0.1,1.9,0.2,0.3,0.2,2.8,0.3,0.3,0.3,2.7,0.2,1.6,1.2,0.2,1.1,3.5,0.0,1.8,4.8,0.4,0.2,3.2,0.1,0.6,0.3,7.2,0.2,2.7,4.3,0.3,2.3,0.3,1.3,0.3,0.4,1.0,0.3,1.6,0.5,0.2,1.3,0.4,0.3
19,3.5,4.2,3.7,3.7,4.0,4.5,4.9,4.1,4.5,4.7,2.0,4.3,2.6,4.2,2.0,4.7,3.1,0.3,0.3,0.3,0.4,0.3,4.3,0.2,2.2,0.3,0.3,0.3,1.1,0.2,0.9,0.3,3.7,2.8,0.8,1.3,7.0,0.2,2.6,0.3,0.3,0.3,2.9,0.2,0.4,0.3,2.5,0.1,1.7,0.7,0.2,1.3,3.8,0.3,2.3,5.2,0.5,0.3,2.4,0.1,1.3,0.2,5.6,0.1,3.2,3.4,0.3,2.1,0.3,1.5,0.3,0.4,1.0,0.3,1.5,0.5,0.3,1.6,0.9,0.3
20,3.6,4.1,3.3,3.7,3.9,4.2,4.0,3.8,4.1,4.4,2.0,3.9,2.4,4.0,2.4,4.6,3.9,0.3,0.3,0.3,0.3,0.3,3.8,0.2,2.2,0.3,0.3,0.3,0.8,0.2,0.7,0.3,4.2,1.8,0.5,1.7,6.3,0.4,2.4,0.2,0.3,0.1,2.7,0.2,0.4,0.4,2.6,0.1,1.6,0.7,0.2,1.2,3.8,0.3,2.1,5.3,0.4,0.2,1.9,0.2,1.7,0.2,7.8,0.1,3.1,3.9,0.3,2.1,0.3,1.9,0.3,0.4,0.9,0.3,1.5,0.5,0.3,1.7,0.5,0.3
21,3.2,5.3,3.2,3.3,3.8,4.2,3.9,4.0,4.7,3.7,2.0,4.4,2.4,4.6,2.2,4.3,3.4,0.3,0.3,0.3,0.3,0.3,4.1,0.3,2.1,0.3,0.3,0.3,1.0,0.2,0.6,0.2,3.3,1.2,0.5,1.6,7.0,0.3,2.5,0.2,0.3,0.2,2.9,0.3,0.3,0.4,2.5,0.2,2.0,0.7,0.3,1.2,3.7,0.3,1.8,5.1,0.4,0.3,2.2,0.2,1.0,0.3,7.8,0.1,3.3,4.0,0.2,2.2,0.3,2.0,0.4,0.4,0.9,0.3,1.1,0.6,0.3,1.8,0.6,0.3
22,3.6,4.1,3.3,3.5,4.2,4.2,3.9,3.7,4.1,4.3,2.3,4.3,2.1,3.6,1.8,4.3,3.2,0.3,0.3,0.3,0.3,0.3,3.8,0.2,2.1,0.3,0.3,0.3,0.9,0.3,0.5,0.3,3.1,1.3,0.6,1.2,6.7,0.2,2.2,0.3,0.3,0.3,2.7,0.2,0.2,0.4,2.8,0.2,1.3,0.5,0.2,1.3,2.9,0.4,1.5,5.3,0.4,0.2,2.0,0.2,1.3,0.2,6.1,0.2,2.9,3.7,0.2,2.2,0.3,1.9,0.3,0.4,0.8,0.3,1.5,0.5,0.3,1.5,0.5,0.3
23,3.5,4.0,3.4,3.7,4.0,3.7,3.7,3.8,3.9,4.4,2.0,4.3,2.4,3.7,1.8,4.4,3.0,0.2,0.3,0.4,0.3,0.3,3.2,0.4,2.1,0.3,0.3,0.3,1.0,0.2,0.6,0.3,3.3,1.2,0.7,1.4,6.2,0.3,1.9,0.3,0.4,0.3,2.8,0.4,0.3,0.3,2.7,0.2,1.7,0.8,0.2,1.1,3.7,0.4,2.0,5.2,0.4,0.2,1.8,0.1,1.3,0.2,7.8,0.1,1.6,3.5,0.3,2.0,0.3,1.9,0.5,0.3,0.9,0.3,1.6,0.5,0.3,1.5,0.5,0.3
24,3.5,3.7,3.4,3.5,4.1,4.8,3.8,4.3,4.6,4.4,2.0,3.7,1.9,3.9,2.3,4.2,3.1,0.3,0.3,0.3,0.3,0.3,4.3,0.4,2.3,0.3,0.3,0.3,1.0,0.2,0.6,0.3,3.5,1.2,0.3,1.5,6.6,0.6,2.1,0.2,0.2,0.1,2.7,0.2,0.3,0.4,2.4,0.3,2.0,0.8,0.3,1.2,4.0,0.2,2.4,5.4,0.5,0.2,2.3,0.3,1.1,0.3,8.4,0.2,2.4,3.4,0.1,2.2,0.4,1.5,0.3,0.3,0.8,0.4,1.3,0.3,0.3,1.7,0.5,0.4
25,3.3,5.2,3.2,3.7,3.8,5.0,4.1,3.9,4.4,5.3,2.3,4.3,1.8,4.4,2.1,4.3,3.1,0.3,0.4,0.3,0.3,0.3,4.7,0.5,2.1,0.3,0.3,0.3,1.1,0.3,0.7,0.3,3.3,1.6,0.6,1.3,7.1,0.3,2.2,0.3,0.3,0.2,2.7,0.3,0.4,0.5,2.8,0.1,1.9,0.7,0.3,1.3,4.1,0.4,1.7,5.4,0.5,0.3,2.3,0.2,1.3,0.3,8.5,0.1,2.6,4.1,0.2,2.4,0.3,1.6,0.3,0.4,0.7,0.3,1.6,0.4,0.3,1.6,0.6,0.2
26,3.1,4.0,3.8,3.5,3.7,4.0,3.5,3.9,3.9,4.7,2.0,4.3,2.4,3.9,2.1,3.7,2.7,0.2,0.3,0.3,0.3,0.3,3.8,0.2,2.8,0.3,0.3,0.3,1.1,0.2,0.5,0.2,3.9,1.8,0.9,1.6,5.4,0.2,2.2,0.3,0.4,0.2,2.6,0.2,0.4,0.5,2.6,0.1,1.6,0.6,0.3,1.2,4.1,0.4,2.8,5.4,0.4,0.2,2.4,0.2,1.1,0.2,7.4,0.0,2.8,3.9,0.2,2.1,0.3,1.3,0.4,0.4,0.6,0.2,1.4,0.5,0.3,1.5,0.7,0.2
27,3.2,3.2,2.8,3.5,3.6,3.7,3.9,3.6,3.9,4.0,2.0,4.0,2.5,3.4,1.9,4.0,2.8,0.3,0.3,0.3,0.3,0.3,4.1,0.3,2.0,0.4,0.3,0.3,1.0,0.3,0.5,0.2,3.2,1.7,0.5,1.8,6.2,0.2,2.1,0.3,0.3,0.2,2.5,0.2,0.3,0.4,2.7,0.2,1.5,0.7,0.0,1.2,4.2,0.1,2.1,4.3,0.6,0.2,2.2,0.1,1.5,0.6,7.4,0.2,2.6,3.5,0.1,2.3,0.3,1.5,0.3,0.5,0.6,0.3,1.2,0.5,0.3,1.5,0.6,0.3
28,3.8,4.0,3.0,3.1,3.4,4.0,3.8,3.7,3.6,4.0,2.0,4.4,2.1,3.9,1.8,4.3,3.1,0.3,0.3,0.3,0.3,0.3,4.2,0.3,2.4,0.3,0.2,0.3,0.9,0.2,0.5,0.2,2.3,0.9,0.8,1.6,6.9,0.2,1.5,0.3,0.4,0.2,2.5,0.4,0.1,0.4,2.0,0.2,1.5,0.5,0.2,1.4,4.8,0.2,3.2,4.9,0.5,0.2,2.7,0.2,1.0,0.2,8.3,0.2,2.6,3.5,0.4,2.0,0.3,0.9,0.2,0.4,0.8,0.3,1.5,0.4,0.3,1.6,0.7,0.2
29,3.1,4.1,3.2,3.5,3.7,4.0,3.7,3.6,4.0,4.7,2.0,4.2,2.0,3.2,1.7,4.3,3.0,0.2,0.3,0.3,0.3,0.3,3.9,0.3,1.7,0.2,0.3,0.3,1.1,0.2,0.5,0.2,4.5,1.7,0.6,1.5,6.7,0.2,2.3,0.2,0.2,0.3,2.5,0.2,0.3,0.4,3.0,0.1,1.8,0.6,0.3,1.0,4.2,0.3,2.1,5.0,0.3,0.2,2.5,0.1,0.9,0.2,9.2,0.1,2.2,3.5,0.3,1.9,0.3,1.2,0.5,0.5,0.7,0.3,1.2,0.5,0.3,1.4,0.7,0.2
30,3.1,4.3,3.0,3.7,4.0,4.0,4.0,3.6,4.6,4.3,2.3,4.2,2.5,4.3,1.9,4.5,3.0,0.2,0.3,0.3,0.3,0.3,3.9,0.3,2.2,0.3,0.2,0.2,1.1,0.2,0.6,0.2,4.8,2.5,0.5,1.2,6.9,0.3,2.4,0.2,0.2,0.2,2.3,0.1,0.3,0.4,2.7,0.1,1.5,0.6,0.5,1.1,3.7,0.2,2.1,4.9,0.3,0.2,2.6,0.2,1.1,0.2,7.5,0.1,3.0,3.6,0.2,1.6,0.2,1.4,0.3,0.4,0.6,0.2,1.5,0.4,0.2,1.5,0.7,0.2
31,2.9,4.0,2.9,3.5,3.7,4.0,3.7,3.7,4.2,4.3,1.7,4.3,2.0,4.0,1.8,4.3,2.9,0.2,0.2,0.3,0.3,0.3,3.8,0.2,1.8,0.3,0.3,0.2,1.1,0.2,0.7,0.3,3.4,1.7,0.4,1.7,6.8,0.2,2.3,0.2,0.2,0.3,2.8,0.3,0.2,0.4,2.7,0.2,1.4,0.8,0.3,0.9,3.9,0.2,1.7,5.0,0.3,0.2,2.4,0.2,0.8,0.2,7.3,0.1,2.2,3.9,0.2,2.0,0.2,1.2,0.4,0.2,0.6,0.2,1.7,0.5,0.2,1.3,0.6,0.3
32,2.7,4.2,3.2,4.7,3.6,4.0,3.9,3.7,4.7,4.7,2.0,4.2,2.1,3.7,1.5,4.3,3.0,0.2,0.2,0.3,0.3,0.2,4.2,0.2,2.0,0.3,0.3,0.2,1.2,0.2,0.7,0.2,4.2,2.0,0.9,1.4,7.5,0.2,2.1,0.2,0.2,0.3,2.5,0.2,0.2,0.2,2.5,0.1,1.5,0.5,0.3,1.2,3.9,0.5,2.1,5.0,0.4,0.2,2.6,0.2,1.3,0.2,7.5,0.1,2.8,3.2,0.3,1.8,0.3,1.2,0.4,0.3,0.8,0.3,0.9,0.5,0.2,1.4,0.6,0.3
33,3.1,4.4,3.0,3.5,3.7,4.0,3.9,4.1,4.0,4.7,2.0,4.6,2.0,3.8,2.0,4.3,3.5,0.2,0.3,0.3,0.3,0.3,4.1,0.3,2.2,0.3,0.3,0.2,1.0,0.2,0.6,0.2,3.4,1.5,0.5,1.3,6.7,0.2,2.2,0.3,0.3,0.3,2.8,0.2,0.3,0.4,2.7,0.1,1.4,0.7,0.3,1.2,3.6,1.0,2.0,5.0,0.3,0.2,2.5,0.2,1.3,0.2,7.5,0.2,3.0,3.8,0.2,2.3,0.3,1.2,0.4,0.3,0.6,0.3,0.9,0.4,0.2,1.7,0.6,0.3
34,3.2,4.7,3.2,3.9,4.1,4.0,4.5,4.1,4.9,4.7,2.0,4.2,2.2,4.1,2.2,4.4,3.0,0.2,0.3,0.3,0.3,0.3,4.1,0.5,1.9,0.3,0.2,0.2,1.1,0.2,0.5,0.2,4.0,1.4,0.7,1.4,6.5,0.2,2.2,0.2,0.3,0.2,2.8,0.3,0.3,0.4,2.7,0.1,1.8,0.6,0.5,1.2,3.5,0.3,2.2,5.0,0.3,0.2,3.7,0.1,1.2,0.4,7.4,0.2,2.8,3.7,0.4,1.8,0.2,1.4,0.7,0.4,0.6,0.2,1.7,0.2,0.2,1.6,0.6,0.3
35,3.4,4.2,2.8,3.7,4.2,4.2,4.0,3.7,4.6,4.7,2.0,4.1,2.1,3.6,1.7,4.5,3.2,0.3,0.3,0.3,0.2,0.3,4.2,0.3,2.3,0.3,0.2,0.2,1.0,0.2,0.6,0.2,3.3,1.0,0.2,1.6,7.1,0.3,2.4,0.2,0.3,0.2,2.4,0.3,0.3,0.4,2.4,0.2,1.4,0.6,0.4,1.2,3.6,0.1,2.2,5.0,0.2,0.2,2.8,0.2,1.0,0.3,7.4,0.1,2.8,4.3,0.1,2.6,0.3,1.3,0.6,0.5,0.6,0.3,1.2,0.3,0.2,1.5,0.6,0.3
36,3.1,4.4,3.1,4.1,4.9,4.0,4.0,3.8,5.0,5.6,1.7,4.1,2.1,4.1,1.6,4.7,3.2,0.3,0.3,0.3,0.2,0.3,3.9,0.2,2.3,0.3,0.2,0.3,1.0,0.2,0.6,0.2,4.2,2.0,0.4,1.5,6.9,0.3,2.7,0.3,0.3,0.2,2.9,0.2,0.3,0.3,2.9,0.2,1.3,0.5,0.3,1.4,3.8,0.4,1.7,5.2,0.2,0.2,2.5,0.3,1.2,0.2,7.5,0.1,2.4,4.0,0.3,2.2,0.3,1.5,0.2,0.5,0.5,0.3,1.4,0.5,0.2,1.6,0.6,0.3
37,3.0,4.1,3.5,4.1,4.7,4.2,4.1,3.4,4.5,4.6,1.7,4.0,1.9,3.7,1.5,4.4,3.5,0.2,0.3,0.3,0.2,0.3,4.3,0.2,1.8,0.3,0.3,0.2,1.1,0.2,1.0,0.2,3.5,1.9,0.4,1.1,6.8,0.4,2.3,0.2,0.2,0.2,2.9,0.2,0.3,0.4,2.3,0.2,1.0,0.5,0.4,1.3,3.4,0.1,1.6,5.1,0.2,0.2,2.3,0.1,1.2,0.3,7.3,0.1,2.0,3.5,0.2,2.4,0.3,1.3,0.2,0.6,0.7,0.2,1.2,0.5,0.2,1.6,0.6,0.2
38,3.3,4.2,3.4,4.1,4.1,3.9,4.1,3.7,3.9,5.0,2.0,4.1,2.5,3.6,1.9,4.7,3.4,0.2,0.3,0.3,0.2,0.2,3.4,0.4,2.1,0.2,0.2,0.2,0.9,0.2,0.6,0.2,3.9,1.9,0.4,1.7,6.6,0.2,2.4,0.2,0.2,0.2,2.8,0.2,0.2,0.3,3.0,0.2,1.6,0.5,0.3,1.3,3.2,0.5,1.9,4.4,0.3,0.3,2.5,0.2,1.2,0.2,7.4,0.2,2.1,3.6,0.1,2.3,0.3,1.6,0.5,0.3,0.8,0.3,1.4,0.5,0.2,1.6,0.5,0.4
39,4.3,4.5,3.4,3.7,4.9,4.2,3.7,4.0,4.7,4.3,2.3,4.7,2.5,4.2,2.2,4.8,3.4,0.2,0.2,0.3,0.3,0.3,4.3,0.3,2.5,0.3,0.3,0.2,0.9,0.3,0.6,0.2,4.0,1.0,0.6,1.2,7.9,0.3,2.5,0.2,0.3,0.2,3.6,0.7,0.4,0.2,2.6,0.1,1.5,0.5,0.5,1.2,3.9,0.2,1.8,5.0,0.3,0.1,2.6,0.1,1.0,0.2,7.7,0.2,2.4,4.0,0.2,2.5,0.3,1.3,0.4,0.4,0.6,0.2,1.7,0.5,0.2,1.7,0.8,0.3
40,3.8,4.9,4.6,3.9,4.6,4.2,3.5,4.1,4.9,5.0,2.3,4.1,2.1,4.7,2.1,5.0,3.0,0.2,0.3,0.2,0.2,0.2,4.5,0.1,2.2,0.3,0.3,0.2,1.0,0.2,0.5,0.2,4.1,1.1,0.7,1.7,6.6,0.2,2.5,0.2,0.2,0.2,3.3,0.2,0.2,0.4,2.6,0.2,1.6,0.4,0.4,1.5,4.1,0.3,2.5,5.2,0.3,0.2,2.2,0.2,1.3,0.2,7.5,0.1,2.8,3.9,0.1,2.4,0.2,1.9,0.3,0.3,0.4,0.2,1.5,0.5,0.2,1.4,0.4,0.2
41,3.7,4.6,3.4,4.1,4.4,3.9,4.0,4.1,4.6,4.3,2.0,4.4,2.3,3.5,2.0,5.0,3.0,0.2,0.3,0.2,0.3,0.3,4.1,0.3,2.0,0.2,0.3,0.2,0.9,0.2,0.7,0.2,3.7,1.7,0.3,1.1,6.7,0.2,2.2,0.2,0.2,0.2,2.8,0.1,0.3,0.3,2.5,0.2,1.1,0.4,0.2,1.4,5.3,0.2,3.0,4.9,0.3,0.2,2.1,0.2,1.3,0.2,8.3,0.2,2.5,3.8,0.3,2.4,0.3,0.9,0.5,0.5,0.7,0.2,1.4,0.4,0.2,1.5,0.5,0.3
42,3.4,4.5,3.8,3.7,4.7,4.7,3.8,4.0,4.4,4.6,2.0,4.4,2.1,3.5,2.1,5.0,3.1,0.3,0.3,0.3,0.3,0.3,4.4,0.2,2.3,0.3,0.3,0.3,1.0,0.2,0.6,0.2,3.4,1.1,0.5,1.7,7.0,0.2,2.8,0.2,0.2,0.3,3.3,0.2,0.4,0.3,3.2,0.1,1.6,0.6,0.4,1.5,5.2,0.4,3.0,5.3,0.4,0.2,2.2,0.1,1.3,0.2,7.8,0.2,2.3,3.7,0.2,2.5,0.3,1.4,0.8,0.4,0.5,0.2,1.2,0.4,0.2,1.5,0.5,0.3
43,3.4,4.5,3.3,3.9,4.2,3.7,3.9,4.0,4.3,3.9,2.3,4.3,2.1,3.3,2.0,4.8,3.2,0.2,0.3,0.2,0.3,0.3,4.5,0.3,2.9,0.3,0.3,0.2,1.0,0.2,0.5,0.2,3.5,1.1,0.3,1.7,5.8,0.2,2.1,0.2,0.2,0.2,2.8,0.1,0.4,0.3,2.0,0.2,1.3,0.5,0.4,1.5,4.5,0.1,3.3,4.9,0.3,0.1,2.4,0.1,1.2,0.2,8.2,0.2,2.9,3.8,0.2,2.3,0.3,1.3,0.4,0.4,0.4,0.2,1.2,0.5,0.2,1.7,0.6,0.3
44,3.5,4.2,3.8,3.7,4.3,4.4,3.9,4.0,4.2,4.6,2.3,4.3,2.1,3.9,2.1,4.5,3.2,0.2,0.3,0.2,0.3,0.3,4.3,0.4,2.1,0.3,0.3,0.2,1.0,0.2,0.6,0.2,3.5,1.2,0.5,1.2,6.3,0.2,2.2,0.2,0.2,0.2,3.1,0.3,0.4,0.3,2.4,0.2,2.1,1.0,0.4,1.3,3.7,0.1,1.8,5.0,0.3,0.2,2.3,0.1,1.1,0.2,7.6,0.1,2.8,3.9,0.1,2.2,0.2,1.2,0.5,0.3,0.3,0.2,1.4,0.5,0.2,1.6,0.5,0.2
45,3.5,4.3,4.0,4.3,4.5,4.4,4.1,4.0,4.2,4.9,2.0,3.9,2.4,3.8,1.7,4.8,3.1,0.2,0.3,0.3,0.2,0.3,4.0,0.3,2.0,0.2,0.3,0.2,1.0,0.2,0.6,0.2,4.2,1.5,0.8,1.8,6.3,0.1,2.4,0.2,0.2,0.1,2.9,0.2,0.2,0.3,2.5,0.3,1.2,0.6,0.5,1.3,4.6,0.1,2.3,5.4,0.3,0.2,2.2,0.1,1.4,0.3,9.3,0.2,2.4,3.7,0.3,2.1,0.2,1.2,0.5,0.3,0.5,0.2,1.6,0.5,0.2,1.6,0.6,0.2
46,3.8,4.4,3.8,4.3,4.1,4.2,3.3,4.0,4.2,4.9,2.0,3.9,2.1,4.0,2.5,4.8,3.2,0.2,0.3,0.2,0.3,0.2,5.1,0.4,2.5,0.2,0.2,0.2,1.0,0.2,0.6,0.2,3.8,1.5,0.6,2.4,7.0,0.3,2.4,0.2,0.2,0.1,3.0,0.2,0.4,0.3,2.4,0.2,1.1,0.6,0.5,1.4,4.4,0.1,2.8,5.2,0.3,0.2,4.2,0.1,1.0,0.2,7.5,0.1,2.8,3.9,0.2,2.7,0.3,1.3,0.5,0.6,0.7,0.2,1.6,0.5,0.2,1.6,0.6,0.2
47,3.6,4.3,3.7,3.9,4.1,4.4,4.2,4.7,4.2,5.3,2.3,4.8,2.2,3.9,2.1,4.7,3.2,0.2,0.3,0.2,0.3,0.2,5.1,0.1,2.6,0.3,0.2,0.2,1.1,0.2,0.6,0.2,4.2,1.6,0.7,1.7,6.3,0.1,2.5,0.2,0.2,0.2,2.8,0.1,0.4,0.3,2.2,0.2,1.7,0.8,0.2,1.6,3.7,0.0,1.8,5.5,0.3,0.2,2.3,0.1,1.2,0.3,6.5,0.3,3.0,3.9,0.1,2.2,0.3,1.6,0.4,0.4,0.5,0.2,1.4,0.7,0.2,1.8,0.7,0.2
48,3.9,4.5,3.6,4.1,3.8,4.2,4.6,4.0,4.1,5.9,2.3,3.8,2.4,4.8,2.1,4.5,3.1,0.2,0.3,0.2,0.3,0.2,4.9,0.2,2.4,0.2,0.3,0.3,1.0,0.2,0.7,0.2,3.7,1.1,0.3,1.7,6.5,0.2,2.2,0.3,0.2,0.3,2.5,0.2,0.3,0.3,2.3,0.2,1.5,0.7,0.2,1.4,4.6,0.6,1.7,5.3,0.3,0.2,2.6,0.1,1.3,0.2,6.6,0.1,3.3,4.5,0.2,3.0,0.2,1.8,0.9,0.3,0.5,0.2,1.4,0.5,0.2,1.7,0.7,0.2
49,3.9,4.9,3.4,3.9,4.6,4.4,4.0,4.1,4.4,4.6,3.6,4.3,2.3,3.9,2.2,4.2,3.2,0.2,0.2,0.2,0.3,0.2,4.7,0.2,2.7,0.2,0.3,0.2,0.9,0.2,0.5,0.2,4.7,1.2,0.6,2.1,6.4,0.1,2.7,0.2,0.2,0.2,2.9,0.2,0.2,0.3,2.5,0.2,1.8,0.8,0.4,1.3,4.8,0.5,2.6,5.2,0.3,0.2,2.4,0.3,1.0,0.2,8.2,0.2,3.3,4.3,0.2,2.4,0.2,1.4,0.5,0.4,0.4,0.2,1.7,0.5,0.2,1.7,0.5,0.3
50,3.7,4.8,3.8,3.9,4.4,4.4,4.2,4.4,4.4,4.6,2.3,3.7,2.0,4.1,2.1,5.1,3.2,0.2,0.3,0.3,0.3,0.3,4.9,0.2,2.4,0.3,0.3,0.2,0.9,0.2,0.6,0.3,3.8,1.0,0.9,1.4,7.1,0.2,2.4,0.2,0.2,0.2,3.0,0.2,0.3,0.4,2.1,0.2,1.7,0.7,0.2,1.4,4.6,0.1,1.5,5.7,0.4,0.2,1.7,0.1,1.3,0.2,8.3,0.1,3.5,4.4,0.3,2.6,0.3,1.4,0.6,0.3,0.5,0.3,1.4,0.5,0.3,1.6,0.6,0.3
51,3.7,4.8,4.0,4.3,4.5,4.4,4.3,4.1,4.9,4.9,2.0,3.7,2.3,4.4,2.2,4.5,3.2,0.2,0.2,0.2,0.2,0.2,5.3,0.3,2.5,0.2,0.2,0.2,1.0,0.2,0.8,0.3,4.4,1.3,0.3,1.9,6.6,0.1,2.6,0.2,0.2,0.2,2.8,0.1,0.3,0.3,3.0,0.2,1.9,0.7,0.2,1.4,3.9,0.2,2.0,5.4,0.2,0.1,2.9,0.3,1.3,0.1,7.8,0.1,2.9,4.1,0.3,2.4,0.3,1.5,0.5,0.3,0.5,0.3,1.4,0.4,0.3,1.5,0.6,0.3
52,3.5,4.5,4.0,3.8,4.6,4.1,4.4,3.9,4.8,4.6,2.3,4.1,2.0,4.3,2.3,4.6,3.5,0.2,0.2,0.2,0.2,0.2,4.6,0.1,2.6,0.2,0.2,0.2,0.9,0.3,1.0,0.3,4.1,1.1,0.4,1.7,7.0,0.2,2.2,0.2,0.3,0.2,2.9,0.1,0.3,0.4,2.8,0.2,1.8,1.0,0.3,1.3,3.9,0.2,1.8,5.5,0.3,0.2,2.6,0.1,1.1,0.1,7.8,0.1,3.3,4.1,0.1,2.8,0.3,1.4,0.7,0.4,0.5,0.2,1.6,0.6,0.2,1.6,0.5,0.3
53,3.5,5.0,3.7,3.8,4.8,4.6,4.1,4.0,4.8,4.9,2.3,3.6,2.3,4.6,2.1,4.5,3.5,0.2,0.2,0.2,0.3,0.2,5.0,0.2,2.6,0.3,0.3,0.3,1.0,0.3,0.7,0.3,3.5,0.9,0.5,1.9,6.7,0.2,2.5,0.3,0.3,0.1,3.0,0.1,0.2,0.3,2.7,0.2,1.7,0.7,0.3,1.4,4.3,0.1,2.5,5.4,0.3,0.2,2.6,0.1,1.2,0.2,6.9,0.1,2.9,4.5,0.2,2.5,0.2,1.5,0.6,0.2,0.4,0.2,1.3,0.4,0.2,1.6,0.6,0.2
54,3.5,4.9,3.5,4.0,4.7,4.4,3.6,3.9,4.7,4.6,2.3,3.7,2.0,4.2,2.5,4.5,3.3,0.2,0.3,0.2,0.3,0.2,4.9,0.3,2.6,0.2,0.3,0.2,0.9,0.2,0.8,0.3,3.9,1.3,0.3,1.6,6.6,0.3,2.2,0.2,0.2,0.2,2.8,0.1,0.2,0.4,2.5,0.2,1.7,0.4,0.2,1.5,3.4,0.1,2.4,6.1,0.3,0.2,2.5,0.1,1.0,0.3,8.6,0.0,2.9,3.9,0.3,2.4,0.3,1.4,0.6,0.4,0.5,0.2,1.3,0.5,0.2,1.5,0.5,0.2
55,3.8,5.0,3.5,3.8,4.9,4.4,4.3,3.8,4.9,4.6,2.0,3.6,2.1,4.2,1.9,4.9,2.9,0.3,0.2,0.2,0.2,0.2,4.4,0.1,2.1,0.2,0.2,0.3,1.0,0.2,1.2,0.2,3.6,1.2,0.2,1.8,5.7,0.2,2.6,0.3,0.4,0.2,2.8,0.2,0.3,0.3,3.0,0.3,0.9,0.5,0.4,1.4,3.4,0.2,1.6,5.7,0.2,0.2,2.6,0.2,1.2,0.2,7.7,0.1,3.3,4.0,0.1,2.8,0.2,1.3,0.5,0.4,0.5,0.2,1.8,0.4,0.2,1.5,0.5,0.3
56,3.8,5.2,3.6,3.8,5.2,4.9,4.0,4.2,4.8,4.6,2.6,4.1,2.1,4.0,2.5,4.7,3.1,0.3,0.3,0.2,0.3,0.3,4.9,0.3,2.8,0.2,0.3,0.3,1.0,0.3,0.9,0.4,3.4,1.0,0.3,1.1,7.2,0.4,3.0,0.3,0.4,0.2,2.8,0.2,0.3,0.2,3.2,0.3,1.8,0.7,0.1,1.4,3.7,0.2,2.3,5.6,0.3,0.2,2.1,0.1,1.3,0.2,7.7,0.1,2.6,4.0,0.4,2.6,0.2,1.5,0.5,0.3,0.5,0.2,1.4,0.5,0.2,1.6,0.6,0.2
57,4.2,5.0,3.5,4.2,4.6,4.6,4.0,4.1,5.3,4.9,2.6,3.9,2.2,4.6,2.9,4.7,3.2,0.3,0.2,0.2,0.3,0.2,4.6,0.2,2.7,0.2,0.3,0.2,1.0,0.3,0.7,0.3,3.7,1.5,0.2,1.2,7.3,0.3,3.3,0.3,0.4,0.1,2.6,0.4,0.2,0.2,3.4,0.2,2.0,0.5,0.1,1.4,3.9,0.1,2.1,6.0,0.4,0.2,3.1,0.1,1.3,0.1,7.3,0.1,3.1,3.7,0.2,2.5,0.2,1.5,0.4,0.4,0.8,0.2,1.4,0.6,0.2,1.6,0.5,0.3
58,3.5,5.0,3.4,3.6,4.6,4.1,3.6,3.9,4.9,4.3,2.3,3.9,2.4,4.3,2.2,4.5,3.0,0.3,0.2,0.2,0.3,0.2,4.1,0.2,2.4,0.2,0.2,0.3,0.8,0.3,1.0,0.3,3.6,1.4,0.2,1.4,6.8,0.4,3.0,0.3,0.4,0.2,2.9,0.1,0.2,0.3,2.5,0.2,2.0,0.6,0.1,1.1,4.4,0.2,1.8,5.2,0.3,0.2,2.7,0.1,1.4,0.1,7.2,0.0,4.5,3.5,0.1,2.2,0.2,1.2,0.4,0.3,0.6,0.2,1.4,0.4,0.2,1.6,0.6,0.2
59,4.0,5.1,3.6,3.6,4.6,4.6,3.6,4.6,5.4,4.2,2.0,4.0,2.1,4.7,2.4,4.5,3.1,0.2,0.2,0.2,0.3,0.3,4.5,0.2,2.1,0.3,0.2,0.2,0.9,0.4,0.7,0.4,3.7,1.0,0.6,1.7,6.7,0.3,2.8,0.3,0.5,0.1,3.1,0.1,0.2,0.3,3.4,0.2,1.8,0.5,0.2,1.5,4.1,0.2,2.0,5.2,0.4,0.1,3.1,0.1,1.5,0.2,7.4,0.0,3.0,4.3,0.3,2.9,0.2,1.6,0.5,0.3,0.6,0.2,1.5,0.5,0.2,1.6,0.6,0.2
60,3.9,5.1,2.6,3.2,4.9,4.6,3.8,4.3,5.0,4.2,2.3,4.1,2.3,4.5,2.6,4.9,3.2,0.3,0.2,0.3,0.3,0.3,4.0,0.3,2.0,0.4,0.2,0.2,1.0,0.4,1.0,0.4,3.6,1.0,0.4,1.4,6.5,0.2,3.1,0.3,0.4,0.2,2.9,0.1,0.4,0.7,3.1,0.4,1.8,0.4,0.3,1.4,3.9,0.1,1.8,5.4,0.3,0.2,3.1,0.1,1.3,0.3,7.1,0.1,3.5,3.5,0.2,2.0,0.2,1.6,0.9,0.3,0.6,0.2,1.6,0.5,0.2,1.6,0.5,0.2
61,3.5,5.2,3.4,3.0,4.5,4.1,3.6,4.3,5.5,4.9,2.6,3.9,2.3,4.7,2.2,5.4,2.8,0.3,0.3,0.2,0.2,0.2,4.4,0.3,2.5,0.2,0.3,0.2,0.8,0.2,0.6,0.2,3.5,0.6,0.4,1.6,6.8,0.3,2.7,0.3,0.3,0.3,2.6,0.1,0.3,0.3,2.8,0.3,1.7,0.5,0.1,1.6,4.0,0.4,2.0,5.4,0.4,0.1,2.8,0.1,1.4,0.2,5.8,0.2,3.8,3.6,0.1,2.0,0.2,1.6,0.5,0.4,0.7,0.2,1.4,0.6,0.2,1.5,0.5,0.2
62,3.8,4.8,4.2,3.9,5.1,4.8,4.0,4.2,4.9,5.9,2.3,4.0,2.4,4.0,2.4,5.1,3.0,0.3,0.2,0.3,0.3,0.3,4.6,0.3,2.3,0.3,0.3,0.3,0.9,0.3,0.8,0.3,3.8,1.1,0.2,1.5,6.3,0.3,2.4,0.3,0.4,0.3,2.9,0.3,0.3,0.2,3.6,0.4,1.9,0.9,0.2,1.4,4.4,0.1,3.1,5.5,0.4,0.1,2.9,0.1,1.4,0.4,6.6,0.2,2.7,3.6,0.2,2.0,0.2,1.8,0.5,0.5,0.6,0.2,1.6,0.5,0.2,1.6,0.6,0.2
63,4.0,3.8,3.4,3.8,5.5,4.8,4.2,4.1,4.7,4.5,2.6,3.7,2.0,3.9,2.1,4.5,3.3,0.2,0.3,0.3,0.4,0.3,4.5,0.2,2.4,0.3,0.3,0.3,0.9,0.3,1.1,0.3,4.4,1.5,0.4,1.7,6.6,0.3,2.6,0.3,0.3,0.2,2.8,0.2,0.3,0.4,3.1,0.4,1.7,0.5,0.3,1.6,4.3,0.5,1.9,5.9,0.4,0.2,2.5,0.2,1.0,0.3,7.1,0.2,3.3,3.8,0.3,2.6,0.3,2.0,0.7,0.5,0.8,0.2,1.6,0.5,0.2,1.8,0.6,0.2
64,3.5,4.2,3.3,3.8,4.9,3.8,4.3,4.4,4.9,4.6,2.3,3.4,2.1,3.9,2.0,4.3,3.1,0.3,0.3,0.3,0.3,0.3,4.6,0.5,2.0,0.3,0.3,0.3,0.8,0.3,2.0,0.4,5.1,1.3,0.2,1.5,6.0,0.4,2.7,0.2,0.2,0.3,2.7,0.3,0.3,0.5,2.9,0.2,1.8,0.7,0.3,1.3,4.2,0.1,1.8,4.9,0.4,0.3,2.8,0.2,1.2,0.3,8.1,0.1,2.0,3.9,0.3,1.4,0.3,2.1,0.7,0.5,0.8,0.2,1.4,0.4,0.2,1.6,0.5,0.2
65,3.8,4.8,3.7,3.8,4.8,4.5,4.7,4.1,4.8,4.6,2.0,3.9,2.2,4.0,2.5,4.4,3.1,0.3,0.3,0.4,0.3,0.3,4.3,0.4,2.5,0.3,0.3,0.3,1.2,0.2,1.1,0.4,2.8,0.7,0.5,1.6,6.6,0.5,2.7,0.2,0.2,0.2,2.9,0.3,0.4,0.5,3.3,0.4,2.1,0.6,0.5,1.5,3.3,0.2,1.8,6.2,0.4,0.2,3.1,0.1,1.5,0.2,7.2,0.2,2.2,3.3,0.4,1.8,0.3,2.0,0.7,0.5,0.7,0.2,1.5,0.5,0.2,1.7,0.5,0.3
66,3.7,5.0,3.6,3.8,4.7,4.5,4.7,4.2,4.9,4.5,1.9,4.2,2.4,4.4,2.7,4.6,3.3,0.3,0.3,0.3,0.3,0.3,4.5,0.2,2.4,0.3,0.3,0.4,0.9,0.3,1.0,0.6,3.6,0.7,0.8,1.1,5.8,0.4,2.7,0.2,0.3,0.2,2.9,0.2,0.4,0.5,3.1,0.3,2.0,0.7,0.3,1.5,4.6,0.3,2.2,5.8,0.5,0.2,1.9,0.2,1.5,0.2,7.0,0.1,3.4,3.7,0.3,2.2,0.3,2.0,0.8,0.5,0.7,0.2,1.4,0.6,0.2,1.8,0.5,0.2
67,3.8,5.5,3.9,4.2,5.5,4.3,4.3,4.5,5.0,4.6,2.3,4.1,2.3,4.3,2.4,3.9,3.8,0.4,0.3,0.3,0.3,0.3,4.7,0.6,2.6,0.3,0.3,0.3,0.9,0.3,0.9,0.3,3.8,0.8,0.7,1.5,6.0,0.4,2.4,0.3,0.3,0.2,2.8,0.3,0.4,0.3,3.3,0.2,2.1,0.5,0.5,1.7,4.8,0.4,2.4,6.1,0.5,0.3,2.6,0.1,1.5,0.1,8.0,0.0,2.5,3.4,0.4,2.1,0.2,2.2,0.7,0.4,0.9,0.2,1.5,0.4,0.2,1.7,0.6,0.2
68,4.2,4.7,3.3,3.8,4.9,4.5,4.3,4.4,4.9,4.2,2.6,3.8,2.5,4.0,2.2,4.6,3.6,0.3,0.2,0.3,0.3,0.3,4.3,0.2,2.4,0.3,0.2,0.3,0.9,0.2,0.7,0.3,3.9,0.9,0.3,2.1,5.5,0.3,2.3,0.2,0.2,0.2,3.1,0.2,0.3,0.4,3.0,0.3,1.8,0.6,0.3,1.6,4.0,0.2,1.9,5.8,0.3,0.2,2.6,0.1,1.4,0.2,6.7,0.2,2.4,3.6,0.4,2.2,0.3,2.3,0.9,0.6,1.2,0.3,1.6,0.4,0.2,1.5,0.4,0.3
69,3.7,5.3,3.7,4.0,5.2,4.0,4.4,4.1,4.7,4.2,2.3,4.0,2.4,3.8,2.1,5.0,3.4,0.3,0.3,0.3,0.3,0.3,4.3,0.3,2.2,0.3,0.3,0.3,0.8,0.2,0.9,0.3,4.6,1.8,0.5,2.3,5.5,0.5,2.0,0.2,0.2,0.2,2.9,0.1,0.4,0.3,2.8,0.3,2.1,0.6,0.3,1.7,3.7,0.3,2.5,5.5,0.4,0.2,3.2,0.2,1.0,0.2,5.5,0.2,2.4,3.6,0.3,1.7,0.2,2.2,0.7,0.5,1.3,0.2,1.9,0.4,0.2,1.8,0.6,0.2
70,3.6,4.6,3.5,3.6,5.1,4.3,4.2,4.2,4.9,4.2,2.3,3.8,2.2,4.2,2.1,4.3,3.7,0.3,0.3,0.3,0.3,0.3,4.1,0.4,2.1,0.3,0.3,0.3,0.8,0.4,0.6,0.2,3.5,0.8,0.5,1.8,5.4,0.5,2.1,0.2,0.2,0.2,2.7,0.2,0.4,0.3,2.9,0.2,1.8,0.6,0.4,1.7,4.5,0.4,2.8,5.9,0.4,0.2,2.6,0.1,1.2,0.2,7.5,0.1,2.8,4.6,0.4,1.9,0.3,1.0,0.5,0.4,0.6,0.2,1.3,0.4,0.3,1.6,0.6,0.2
71,3.6,4.9,3.2,3.8,4.8,4.2,4.5,4.2,5.6,3.9,2.3,4.2,2.5,4.4,2.5,4.3,3.9,0.3,0.3,0.3,0.3,0.3,4.1,0.4,2.5,0.2,0.3,0.4,0.8,0.2,0.9,0.2,3.2,0.9,0.7,1.6,6.1,0.4,2.1,0.2,0.2,0.3,2.8,0.1,0.4,0.2,3.2,0.2,1.8,0.5,0.2,1.6,4.8,0.1,2.7,6.0,0.5,0.2,2.3,0.2,1.1,0.1,7.3,0.1,3.1,3.4,0.3,2.0,0.3,1.7,0.5,0.5,0.8,0.2,1.5,0.5,0.2,1.7,0.7,0.2
72,3.6,5.1,3.5,3.6,4.6,4.5,4.0,3.9,4.9,4.2,2.3,3.5,2.5,3.7,2.3,3.9,3.7,0.3,0.2,0.3,0.2,0.3,3.7,0.3,2.2,0.2,0.3,0.3,0.9,0.3,0.6,0.2,3.5,0.8,0.3,1.7,5.8,0.2,2.2,0.2,0.2,0.2,2.9,0.4,0.4,0.3,2.9,0.1,1.6,0.7,0.3,1.6,4.1,0.3,2.5,5.5,0.3,0.2,2.5,0.2,1.4,0.2,7.2,0.4,3.5,3.1,0.1,1.7,0.3,1.5,0.4,0.5,0.7,0.2,1.4,0.5,0.2,1.6,0.6,0.2
73,3.8,3.9,3.7,3.4,4.6,4.2,4.4,4.3,4.7,3.9,1.9,3.6,2.0,3.3,2.1,4.5,3.5,0.2,0.3,0.3,0.3,0.3,3.9,0.3,2.1,0.3,0.3,0.3,1.0,0.2,0.6,0.3,3.3,1.3,0.2,1.6,5.7,0.4,2.0,0.2,0.3,0.2,2.7,0.1,0.5,0.3,3.2,0.2,1.5,0.6,0.1,2.1,3.6,0.2,1.8,5.8,0.3,0.3,2.7,0.1,1.3,0.2,7.8,0.1,2.1,3.6,0.3,2.2,0.3,2.1,0.6,0.5,0.7,0.2,1.4,0.5,0.2,1.7,0.5,0.2
74,4.3,4.0,3.2,3.4,3.8,4.5,3.9,4.4,4.0,3.9,1.9,3.6,2.1,4.1,2.0,4.0,3.7,0.2,0.3,0.3,0.3,0.3,3.7,0.3,2.2,0.2,0.3,0.3,1.1,0.2,0.7,0.2,3.7,0.9,0.5,1.8,4.3,0.4,1.9,0.2,0.2,0.2,2.8,0.1,0.3,0.4,3.0,0.2,1.5,0.6,0.4,1.7,4.1,0.3,2.0,5.3,0.3,0.1,2.9,0.2,1.2,0.2,7.4,0.1,2.5,2.7,0.2,2.0,0.3,2.3,0.6,0.8,0.7,0.3,1.5,0.4,0.2,1.7,0.5,0.3
75,3.9,4.6,3.3,3.4,4.2,4.9,4.6,4.5,4.9,4.2,1.9,3.6,1.9,4.0,2.0,4.7,3.7,0.3,0.2,0.3,0.2,0.3,4.2,0.3,2.3,0.2,0.2,0.3,0.9,0.2,0.5,0.4,3.3,0.7,0.3,1.9,6.6,0.3,2.0,0.2,0.2,0.2,3.1,0.1,0.3,0.6,2.6,0.2,1.7,0.8,0.3,1.7,4.0,0.3,3.0,5.7,0.3,0.2,3.0,0.1,1.2,0.2,7.1,0.1,2.9,3.6,0.2,2.1,0.3,2.5,0.7,0.8,0.8,0.2,1.5,0.4,0.2,1.6,0.4,0.2
76,3.3,4.6,3.1,3.2,4.6,4.9,4.4,4.4,5.1,3.9,2.3,3.5,2.2,4.3,1.8,4.7,3.9,0.3,0.3,0.2,0.3,0.3,4.0,0.4,1.9,0.2,0.2,0.3,0.9,0.2,0.6,0.6,3.7,0.9,0.2,1.8,5.3,0.1,2.0,0.2,0.2,0.2,3.2,0.1,0.3,0.3,3.0,0.2,1.8,0.7,0.3,2.0,3.5,0.3,1.5,5.8,0.5,0.2,2.8,0.2,1.4,0.2,6.5,0.3,2.3,3.2,0.4,1.8,0.3,2.6,0.7,0.9,0.8,0.2,1.5,0.4,0.2,1.7,0.5,0.2
77,4.4,4.4,3.1,3.4,4.5,4.2,4.0,4.4,5.3,4.2,1.9,3.6,2.0,4.4,2.3,4.7,3.7,0.2,0.2,0.2,0.3,0.2,5.1,0.1,2.2,0.2,0.2,0.3,1.0,0.3,1.0,0.3,4.4,1.2,0.3,2.6,5.5,0.3,2.1,0.2,0.2,0.2,3.0,0.2,0.2,0.3,3.0,0.3,1.4,0.6,0.2,2.1,4.1,0.4,1.9,5.8,0.3,0.2,2.8,0.2,1.3,0.2,6.7,0.2,2.3,3.2,0.1,2.1,0.3,2.5,0.8,0.8,0.9,0.2,1.5,0.5,0.2,1.8,0.6,0.2
78,3.6,4.4,2.8,3.4,4.4,4.4,4.2,4.5,4.8,4.2,2.3,3.5,2.4,3.9,1.9,4.7,3.6,0.3,0.2,0.2,0.3,0.2,3.9,0.4,2.1,0.2,0.2,0.2,0.9,0.3,0.6,0.2,4.1,1.0,0.2,2.1,5.7,0.1,1.9,0.2,0.3,0.2,3.1,0.2,0.4,0.3,2.8,0.3,1.6,0.8,0.2,1.7,3.0,0.5,1.3,4.9,0.3,0.2,2.8,0.1,1.1,0.2,7.1,0.2,3.1,3.7,0.2,1.9,0.3,2.1,0.7,0.8,0.9,0.2,1.4,0.4,0.2,1.9,0.6,0.2
79,3.2,4.1,3.8,3.6,3.9,4.7,4.4,4.2,4.5,4.9,2.3,3.6,2.0,3.7,2.5,4.1,3.5,0.3,0.3,0.2,0.3,0.3,4.2,0.4,2.0,0.3,0.2,0.3,1.0,0.2,0.7,0.3,4.2,1.2,0.3,2.1,5.4,0.2,2.9,0.1,0.1,0.2,3.1,0.1,0.3,0.3,2.8,0.3,1.0,0.9,0.2,1.6,3.7,0.3,1.6,5.6,0.4,0.3,2.5,0.2,1.7,0.3,6.5,0.3,2.9,3.7,0.4,2.1,0.3,2.5,0.8,0.8,1.0,0.2,1.2,0.6,0.2,1.5,0.6,0.2
80,3.3,4.4,3.6,3.6,3.9,4.4,4.2,4.3,4.8,4.5,2.3,3.7,2.3,4.1,2.1,4.5,3.6,0.2,0.2,0.2,0.3,0.2,3.7,0.2,2.1,0.2,0.3,0.2,1.1,0.2,0.8,0.2,4.0,1.6,0.4,2.2,5.6,0.2,2.3,0.2,0.2,0.2,2.8,0.1,0.3,0.4,2.9,0.3,1.5,1.3,0.2,2.0,4.2,0.2,2.0,5.7,0.3,0.1,2.6,0.1,0.9,0.2,7.0,0.3,3.2,3.4,0.1,2.0,0.3,3.3,0.7,1.0,1.2,0.2,1.7,0.5,0.2,1.5,0.5,0.2
81,3.9,3.7,3.4,3.5,4.8,5.2,4.3,4.5,4.4,4.2,1.9,3.4,1.7,3.9,1.9,4.5,3.7,0.2,0.3,0.2,0.3,0.2,3.8,0.3,1.8,0.2,0.2,0.2,1.1,0.2,0.6,0.2,4.0,1.1,0.4,2.7,5.4,0.2,2.1,0.2,0.2,0.3,2.7,0.1,0.3,0.3,2.6,0.3,1.4,1.0,0.2,1.6,4.2,0.3,2.0,5.8,0.4,0.2,2.6,0.1,1.0,0.1,7.2,0.1,2.7,3.7,0.1,2.2,0.3,2.6,0.8,0.8,1.4,0.2,1.8,0.4,0.2,1.5,0.5,0.2
82,3.4,4.7,3.4,3.7,3.8,4.4,4.0,4.5,5.4,3.9,2.3,3.5,1.9,3.9,2.1,4.5,3.7,0.2,0.3,0.2,0.2,0.2,4.2,0.3,2.2,0.2,0.2,0.2,1.2,0.3,0.8,0.3,3.1,1.2,0.3,1.7,5.4,0.1,2.2,0.2,0.1,0.2,3.1,0.2,0.2,0.3,2.3,0.3,1.3,1.0,0.2,1.6,3.8,0.2,2.0,6.1,0.4,0.2,2.6,0.2,1.2,0.2,7.3,0.2,2.6,3.6,0.2,2.2,0.2,1.0,0.6,0.4,0.5,0.2,1.5,0.4,0.2,1.6,0.5,0.2
83,3.1,4.1,3.8,3.9,3.7,3.9,4.2,4.1,4.7,4.9,2.3,3.4,1.9,3.7,2.0,4.4,3.8,0.2,0.2,0.2,0.4,0.3,4.1,0.4,1.7,0.3,0.2,0.2,1.1,0.3,0.6,0.3,4.3,1.4,0.3,1.9,5.0,0.3,2.1,0.2,0.2,0.3,2.8,0.2,0.4,0.2,2.0,0.2,1.5,0.4,0.3,1.5,4.0,0.4,1.7,5.4,0.4,0.2,2.9,0.2,1.3,0.2,7.9,0.2,2.7,3.4,0.2,1.8,0.3,1.7,0.5,0.4,0.4,0.2,1.5,0.4,0.2,1.5,0.4,0.2
84,3.3,3.6,4.0,3.9,3.5,4.4,3.6,4.1,4.2,4.5,1.9,3.8,2.2,3.4,2.0,4.5,3.1,0.3,0.3,0.2,0.3,0.3,4.0,0.5,2.2,0.3,0.2,0.2,0.9,0.2,0.6,0.2,4.1,1.1,0.6,1.8,5.1,0.2,1.9,0.2,0.2,0.2,2.6,0.2,0.4,0.4,2.2,0.2,1.5,1.0,0.3,1.2,3.8,0.1,2.1,5.5,0.4,0.2,2.6,0.1,1.2,0.2,6.9,0.1,2.9,4.1,0.1,2.3,0.2,1.7,0.5,0.4,0.5,0.2,1.5,0.4,0.2,1.6,0.6,0.3
85,3.6,3.9,2.8,5.7,3.8,4.1,4.3,4.0,4.4,4.5,2.6,3.3,2.0,4.3,2.5,4.1,3.3,0.3,0.2,0.2,0.2,0.2,4.3,0.1,2.4,0.3,0.2,0.2,1.0,0.2,0.7,0.6,5.1,1.2,0.4,2.3,5.1,0.2,1.9,0.2,0.2,0.2,2.9,0.2,0.3,0.2,2.7,0.2,1.6,0.9,0.2,1.9,4.0,0.1,2.4,5.6,0.4,0.2,2.9,0.1,1.2,0.3,7.0,0.1,3.1,3.3,0.0,2.0,0.2,1.1,0.8,0.4,0.5,0.2,1.2,0.3,0.2,1.6,0.5,0.2
86,3.4,4.1,3.1,3.3,4.0,3.9,4.2,4.0,4.6,4.2,2.3,3.8,2.0,4.3,2.4,4.4,3.5,0.3,0.3,0.2,0.2,0.3,3.9,0.1,1.9,0.3,0.3,0.2,1.0,0.3,0.6,0.4,4.3,2.0,0.4,2.0,5.2,0.2,2.1,0.2,0.2,0.2,2.6,0.1,0.4,0.2,2.2,0.2,1.6,0.7,0.3,1.6,3.9,0.4,2.7,5.4,0.3,0.2,2.6,0.1,1.2,0.1,8.1,0.1,2.8,3.4,0.1,1.9,0.2,1.7,0.4,0.4,0.4,0.2,1.3,0.4,0.2,1.5,0.4,0.2
87,3.5,4.0,3.1,3.7,3.6,4.1,3.6,4.0,4.4,4.2,1.9,3.5,2.1,3.9,2.3,4.0,3.7,0.3,0.3,0.2,0.3,0.3,3.2,0.6,2.0,0.2,0.2,0.2,1.2,0.2,0.6,0.2,3.9,1.1,0.4,1.7,5.3,0.3,1.7,0.3,0.3,0.2,2.3,0.1,0.4,0.2,2.3,0.1,1.2,0.9,0.2,1.3,3.6,0.3,2.5,5.1,0.4,0.2,2.8,0.2,1.1,0.2,6.9,0.1,2.2,3.5,0.2,1.9,0.2,1.2,0.3,0.3,0.3,0.2,1.5,0.5,0.2,1.6,0.5,0.3
88,3.4,4.5,3.0,3.7,3.4,3.4,3.4,4.1,4.2,3.9,2.3,3.7,2.1,4.7,2.1,4.0,3.5,0.3,0.3,0.3,0.3,0.3,4.1,0.4,2.9,0.3,0.3,0.2,1.3,0.2,1.1,0.2,4.3,1.4,0.4,1.9,5.5,0.3,2.2,0.2,0.2,0.2,2.4,0.2,0.5,0.2,2.2,0.3,1.3,1.1,0.3,1.3,4.0,0.4,2.4,5.1,0.3,0.2,3.0,0.2,0.9,0.2,6.0,0.2,2.4,3.5,0.3,2.1,0.2,1.0,0.4,0.2,0.3,0.2,1.2,0.5,0.2,1.6,0.5,0.3
89,3.2,4.1,2.7,3.1,3.5,3.6,3.0,4.1,4.5,4.2,2.3,3.3,1.9,3.9,2.2,3.8,3.7,0.2,0.2,0.2,0.2,0.2,3.9,0.2,1.8,0.3,0.2,0.2,1.2,0.2,0.6,0.3,4.0,1.0,0.1,2.0,5.0,0.3,1.8,0.2,0.1,0.2,2.4,0.1,0.2,0.2,2.0,0.2,1.2,0.7,0.1,1.4,3.5,0.6,1.6,4.5,0.3,0.2,2.7,0.2,1.2,0.2,7.0,0.1,3.0,4.0,0.1,2.1,0.2,0.9,0.3,0.3,0.2,0.2,1.4,0.4,0.2,1.6,0.5,0.2
90,3.4,4.0,2.7,3.5,3.7,3.9,3.9,4.8,4.2,3.9,2.3,3.3,2.0,3.8,2.0,4.3,3.7,0.2,0.2,0.2,0.2,0.2,3.9,0.1,1.7,0.3,0.2,0.2,1.5,0.2,0.7,0.3,4.8,1.5,0.1,2.3,5.2,0.3,1.9,0.2,0.1,0.2,2.7,0.2,0.3,0.2,2.3,0.2,1.1,0.9,0.1,1.3,3.8,0.3,1.7,5.5,0.3,0.1,3.0,0.1,1.1,0.2,6.1,0.2,2.8,3.0,0.0,2.1,0.2,0.9,0.4,0.2,0.2,0.2,1.4,0.4,0.2,1.7,0.5,0.2
91,3.5,4.2,2.7,3.1,3.2,3.7,3.4,4.2,4.4,3.6,2.3,3.1,2.3,3.9,2.1,4.1,3.3,0.2,0.2,0.2,0.2,0.2,3.7,0.1,2.2,0.2,0.2,0.2,1.2,0.2,0.6,0.3,4.1,1.5,0.3,1.6,5.5,0.1,2.7,0.2,0.2,0.2,2.2,0.2,0.3,0.3,1.6,0.3,1.1,1.1,0.3,1.1,3.3,0.2,1.6,4.8,0.3,0.1,2.9,0.1,1.1,0.2,5.7,0.1,2.9,3.3,0.1,1.7,0.2,1.0,0.3,0.2,0.2,0.2,1.4,0.4,0.1,1.4,0.4,0.3
92,3.0,4.4,2.9,3.5,3.8,3.6,4.1,4.1,4.5,4.2,2.0,3.1,1.9,4.1,2.1,4.1,3.2,0.3,0.2,0.3,0.3,0.3,4.1,0.3,1.8,0.2,0.3,0.3,1.3,0.4,0.6,0.4,4.4,1.1,0.3,1.8,5.7,0.3,2.3,0.2,0.2,0.2,2.4,0.2,0.3,0.4,1.6,0.1,1.3,1.1,0.2,1.1,3.2,0.3,1.4,4.8,0.6,0.2,2.9,0.2,1.3,0.1,8.0,0.1,2.1,3.4,0.1,1.8,0.2,0.9,0.3,0.2,0.3,0.2,1.1,0.4,0.2,1.6,0.6,0.2
93,3.1,4.3,2.9,3.5,3.7,3.9,3.6,3.5,3.9,4.2,1.6,2.9,1.6,3.9,1.9,3.7,2.9,0.2,0.3,0.3,0.2,0.3,3.4,0.3,1.7,0.3,0.2,0.3,1.2,0.2,0.8,0.3,3.8,1.1,0.4,1.9,4.7,0.2,1.7,0.2,0.2,0.2,2.4,0.3,0.3,0.4,2.2,0.2,1.0,1.0,0.4,1.2,3.6,0.0,2.3,4.8,0.3,0.2,2.1,0.2,1.3,0.2,5.8,0.3,2.8,3.2,0.3,1.8,0.2,0.7,0.2,0.2,0.3,0.2,1.2,0.4,0.2,1.4,0.5,0.3
94,3.4,4.2,2.5,3.5,3.8,3.9,3.5,3.9,4.3,3.9,1.6,3.0,1.9,3.8,2.0,4.0,3.1,0.3,0.2,0.3,0.3,0.3,4.4,0.2,2.3,0.3,0.3,0.2,1.3,0.3,0.7,0.3,4.1,1.5,0.2,2.8,5.7,0.3,1.6,0.3,0.3,0.2,2.3,0.2,0.3,0.3,2.7,0.1,1.2,0.6,0.3,1.1,3.0,0.3,1.8,4.7,0.4,0.3,2.5,0.2,1.1,0.2,6.3,0.1,2.0,3.3,0.1,1.6,0.3,0.9,0.4,0.4,0.3,0.2,1.3,0.6,0.2,1.5,0.5,0.3
95,3.0,4.1,2.0,2.7,3.4,3.9,3.1,3.6,3.7,2.9,1.6,3.1,1.7,3.5,1.7,3.6,3.0,0.2,0.3,0.3,0.3,0.3,3.9,0.3,2.1,0.3,0.3,0.2,1.3,0.2,0.7,0.2,3.4,2.0,0.1,1.8,5.2,0.3,1.5,0.2,0.2,0.2,2.2,0.2,0.4,0.5,2.0,0.2,1.0,0.9,0.7,1.1,3.0,0.2,1.7,4.5,0.3,0.3,2.5,0.2,0.9,0.2,4.8,0.2,1.3,2.0,0.1,1.5,0.2,1.0,0.3,0.3,0.2,0.2,1.2,0.5,0.2,1.4,0.5,0.2
96,3.2,4.1,2.5,3.2,4.0,3.9,3.3,3.6,5.1,3.6,2.0,2.8,1.5,3.8,1.8,3.4,3.8,0.2,0.3,0.2,0.3,0.2,4.4,0.2,1.9,0.3,0.2,0.2,1.3,0.2,0.8,0.2,3.5,1.9,0.2,1.9,5.2,0.3,1.4,0.2,0.2,0.2,2.3,0.2,0.3,0.4,2.1,0.5,1.0,1.0,0.1,1.0,3.1,1.0,0.6,5.2,0.4,0.2,2.3,0.1,0.7,0.1,6.4,0.1,1.5,3.3,0.2,1.9,0.2,0.9,0.4,0.2,0.3,0.2,1.1,0.4,0.2,1.4,0.5,0.2
97,2.8,3.4,2.8,3.2,3.5,3.4,3.0,3.3,3.5,3.6,1.7,3.2,1.4,3.3,1.2,3.6,3.0,0.1,0.2,0.3,0.2,0.2,4.1,0.3,1.7,0.3,0.2,0.2,1.4,0.2,0.8,0.2,3.0,2.1,0.3,1.6,5.6,0.3,1.3,0.2,0.2,0.1,2.2,0.1,0.3,0.4,2.1,0.2,1.1,1.5,0.3,0.8,3.1,0.2,1.3,4.2,0.3,0.2,2.4,0.1,0.6,0.1,6.0,0.2,1.7,3.3,0.2,1.6,0.2,1.1,0.4,0.2,0.2,0.2,1.3,0.5,0.2,1.4,0.7,0.2
98,2.2,4.0,4.1,3.4,3.7,2.9,3.0,3.2,3.6,4.0,1.7,3.2,1.6,3.6,1.6,3.6,2.6,0.2,0.3,0.2,0.2,0.2,4.2,0.4,2.2,0.2,0.2,0.2,1.3,0.2,0.8,0.2,2.6,2.5,0.2,1.4,5.3,0.2,1.5,0.2,0.2,0.1,1.9,0.1,0.3,0.3,2.1,0.1,1.0,1.4,0.2,0.9,2.6,0.1,1.3,4.3,0.4,0.2,2.6,0.1,1.3,0.2,5.2,0.0,1.7,3.7,0.0,2.7,0.2,0.9,0.3,0.1,0.1,0.2,1.2,0.7,0.2,1.3,0.7,0.2
99,2.9,3.3,2.7,3.0,3.2,3.2,3.0,3.0,3.4,3.3,1.7,3.3,1.4,3.4,1.6,3.5,3.3,0.2,0.3,0.2,0.2,0.2,4.4,0.4,1.6,0.3,0.2,0.1,1.4,0.2,0.9,0.3,2.2,3.2,0.4,1.5,5.2,0.1,1.5,0.2,0.2,0.2,2.0,0.4,0.3,0.2,2.2,0.2,1.3,1.3,0.4,0.8,3.1,0.2,1.7,4.1,0.2,0.3,2.4,0.3,0.9,0.2,3.8,0.3,1.6,3.1,0.1,1.5,0.2,0.9,0.4,0.2,0.2,0.2,1.1,0.4,0.2,1.3,0.7,0.2
100,2.5,3.3,2.7,3.2,3.5,3.2,2.9,3.6,3.5,4.0,1.3,2.6,1.1,2.9,1.9,3.2,3.1,0.2,0.2,0.3,0.3,0.3,3.7,0.2,1.6,0.3,0.2,0.2,1.5,0.2,0.6,0.2,1.7,2.3,0.5,1.2,5.4,0.2,1.0,0.2,0.2,0.2,1.9,0.2,0.4,0.3,1.9,0.2,1.2,1.2,0.1,0.7,3.1,0.7,1.5,4.0,0.5,0.2,2.3,0.1,1.0,0.1,4.5,0.1,2.2,3.4,0.0,1.9,0.2,5.0,0.4,0.2,0.1,0.2,1.0,0.3,0.2,1.3,0.9,0.2
101,2.5,3.8,2.9,3.2,3.2,3.5,2.7,3.0,3.3,3.7,1.3,3.0,1.7,2.9,1.2,3.2,2.8,0.2,0.2,0.2,0.2,0.2,3.5,0.3,1.8,0.2,0.2,0.2,1.2,0.2,0.5,0.2,1.5,3.2,0.4,0.9,5.3,0.1,1.3,0.2,0.2,0.2,2.3,0.3,0.3,0.2,2.1,0.3,1.4,1.4,0.2,0.4,2.8,0.0,1.8,3.9,0.3,0.2,2.6,0.2,0.7,0.2,4.7,0.1,2.2,3.0,0.0,1.4,0.2,0.8,2.4,0.2,0.3,0.2,1.1,0.5,0.2,1.3,0.6,0.2
102,2.2,3.0,2.8,3.2,2.9,3.0,2.6,3.1,3.2,3.7,1.3,3.0,1.1,2.8,1.4,3.2,2.4,0.2,0.3,0.2,0.2,0.2,3.0,0.3,1.8,0.2,0.2,0.2,1.1,0.2,0.5,0.2,2.0,2.6,0.4,0.9,4.6,0.2,1.3,0.3,0.3,0.2,1.8,0.1,0.3,0.2,2.2,0.2,1.1,1.2,0.1,0.7,3.2,0.1,0.8,3.7,0.3,0.2,2.5,0.2,1.1,0.2,4.9,0.1,2.5,3.8,0.2,1.5,0.2,1.1,2.2,0.2,0.2,0.2,1.3,0.6,0.2,1.0,0.6,0.2
103,2.9,3.7,2.5,3.0,4.3,3.0,3.1,3.0,4.5,3.7,1.0,2.8,1.0,3.4,1.3,3.4,2.6,0.2,0.2,0.2,0.2,0.2,3.3,0.1,1.6,0.2,0.2,0.3,1.1,0.2,0.4,0.2,2.4,2.9,0.3,0.6,5.4,0.2,1.1,0.1,0.1,0.2,1.9,0.1,0.3,0.3,2.5,0.2,1.2,1.3,0.1,0.7,4.1,0.3,1.4,4.4,0.3,0.2,2.5,0.2,0.8,0.1,5.3,0.1,1.4,3.2,0.3,1.4,0.2,1.3,0.4,0.4,0.1,0.2,0.6,0.6,0.3,1.7,0.7,0.2
104,3.1,3.3,2.8,3.1,3.4,3.2,3.0,2.8,3.3,3.7,1.0,2.7,0.9,3.4,1.7,3.1,2.8,0.3,0.2,0.2,0.2,0.2,3.6,0.3,1.2,0.3,0.2,0.3,1.0,0.2,0.5,0.2,1.8,1.7,0.3,0.9,4.5,0.1,0.7,0.2,0.2,0.2,2.0,0.1,0.4,0.1,2.0,0.2,1.0,0.7,0.3,0.7,3.6,0.2,1.1,4.0,0.3,0.3,2.5,0.1,0.8,0.2,6.3,0.1,1.7,3.2,0.4,1.1,0.2,0.9,0.2,0.3,0.3,0.2,1.3,0.4,0.2,1.3,0.8,0.2
105,2.8,3.4,2.7,3.0,3.7,3.2,2.9,3.1,3.8,3.4,1.4,3.1,1.5,3.1,1.4,3.8,2.9,0.2,0.2,0.3,0.3,0.2,3.9,0.2,1.8,0.3,0.2,0.2,1.0,0.1,0.4,0.2,2.5,2.4,0.3,0.7,5.5,0.1,1.3,0.2,0.3,0.2,2.1,0.2,0.3,0.3,2.1,0.1,0.9,0.6,0.3,0.7,3.2,0.1,1.0,4.3,0.2,0.2,2.0,0.2,0.9,0.2,5.8,0.2,0.8,3.3,0.0,1.6,0.2,0.8,0.2,0.2,0.3,0.2,0.9,0.8,0.2,1.3,0.6,0.3
106,2.9,3.4,2.9,3.7,3.1,3.2,3.5,2.6,3.6,4.1,1.4,3.3,1.3,3.0,1.3,3.1,2.8,0.2,0.2,0.2,0.3,0.2,3.8,0.3,1.4,0.2,0.2,0.2,0.9,0.2,0.4,0.2,2.8,2.5,0.3,1.0,5.5,0.1,1.1,0.2,0.2,0.2,1.9,0.3,0.4,0.3,2.5,0.3,0.9,0.7,0.3,1.0,3.6,0.1,1.1,4.2,0.3,0.1,3.0,0.1,1.0,0.2,5.4,0.2,1.8,2.8,0.2,1.4,0.3,1.5,0.3,0.8,0.2,0.2,1.7,0.3,0.2,1.2,0.7,0.3
107,3.0,3.3,3.0,3.3,4.2,3.5,3.5,3.6,4.4,3.7,1.7,2.9,1.9,4.2,2.2,4.9,2.5,0.2,0.2,0.2,0.2,0.2,3.3,0.1,2.1,0.2,0.2,0.2,0.9,0.2,0.4,0.2,3.3,1.7,0.3,1.0,5.6,0.1,1.6,0.2,0.1,0.2,2.5,0.1,0.3,0.2,2.4,0.2,1.5,0.5,0.2,0.8,2.8,0.2,1.4,4.7,0.4,0.1,2.1,0.1,1.1,0.1,6.1,0.2,1.9,2.9,0.2,1.7,0.2,1.2,0.7,0.3,0.3,0.2,1.3,0.4,0.2,1.2,0.6,0.3
108,2.2,3.4,2.7,3.0,3.3,3.2,3.2,3.3,3.7,3.7,1.4,2.9,1.4,3.3,1.6,3.9,3.3,0.2,0.2,0.2,0.2,0.2,4.2,0.3,1.5,0.2,0.2,0.2,1.2,0.2,0.4,0.2,3.6,2.0,0.3,0.9,6.1,0.3,1.5,0.2,0.2,0.2,2.0,0.1,0.3,0.3,2.4,0.3,1.0,0.8,0.2,0.8,4.0,0.2,1.8,4.7,0.2,0.2,2.4,0.1,1.0,0.2,5.1,0.0,1.7,3.4,0.3,1.2,0.3,0.9,0.4,0.4,0.4,0.2,1.1,0.6,0.2,1.2,0.5,0.2
109,3.3,3.6,3.3,3.3,3.1,3.5,3.0,3.7,3.4,3.7,1.7,2.4,1.4,3.0,1.0,3.0,3.2,0.2,0.3,0.2,0.3,0.2,3.7,0.4,1.5,0.3,0.2,0.2,0.9,0.2,0.5,0.3,3.5,1.4,0.3,1.2,5.5,0.3,1.8,0.2,0.2,0.2,1.8,0.3,0.3,0.5,2.3,0.3,0.5,0.6,0.6,1.0,2.8,0.3,1.3,4.6,0.3,0.2,2.1,0.2,1.1,0.2,5.2,0.1,2.9,3.0,0.1,1.3,0.2,1.7,0.3,0.3,0.2,0.2,1.2,0.6,0.2,1.2,0.7,0.2
110,2.7,3.3,2.9,3.0,3.1,3.5,3.2,3.2,3.4,4.1,1.7,2.7,1.3,2.5,1.6,3.0,4.1,0.2,0.3,0.3,0.3,0.3,4.2,0.3,1.5,0.3,0.2,0.3,0.9,0.2,0.4,0.2,3.6,1.2,0.3,1.1,5.1,0.4,1.5,0.1,0.1,0.1,2.3,0.4,0.4,0.2,2.0,0.3,1.0,0.6,0.5,0.8,3.1,0.3,1.8,4.6,0.3,0.1,2.1,0.1,1.0,0.2,4.3,0.2,1.8,2.9,0.2,1.3,0.3,1.6,0.4,0.3,0.4,0.3,1.2,0.5,0.3,1.2,0.6,0.3
111,2.8,3.7,3.2,3.3,3.6,3.8,3.4,3.7,3.7,3.7,1.7,3.3,1.6,3.9,1.5,3.8,2.7,0.2,0.2,0.2,0.3,0.2,4.1,0.3,1.6,0.3,0.2,0.3,0.8,0.2,0.4,0.2,3.4,1.2,0.2,1.1,7.5,0.3,1.5,0.2,0.1,0.3,2.3,0.2,0.2,0.3,2.0,0.2,1.7,0.7,0.4,1.0,2.3,0.2,1.0,4.7,0.3,0.2,3.1,0.1,1.0,0.2,5.6,0.1,1.6,3.2,0.1,1.6,0.3,3.1,0.6,0.3,0.3,0.2,1.2,0.6,0.2,1.4,0.7,0.3
112,3.0,3.2,3.0,3.3,3.3,3.7,3.8,2.9,3.2,3.7,1.7,3.9,1.8,3.2,1.6,3.5,3.0,0.2,0.2,0.2,0.2,0.2,3.7,0.2,2.0,0.3,0.2,0.2,0.9,0.2,0.4,0.2,3.4,1.1,0.2,1.1,6.5,0.3,1.1,0.2,0.2,0.1,2.4,0.1,0.3,0.2,1.8,0.1,0.9,0.7,0.4,1.1,3.2,0.2,1.7,4.8,0.3,0.1,2.1,0.1,1.1,0.2,6.7,0.0,2.2,2.9,0.2,1.5,0.3,3.6,0.8,0.5,0.3,0.3,1.2,0.5,0.3,1.2,0.7,0.2
113,3.0,3.4,2.8,3.7,3.5,4.0,3.7,3.7,4.1,3.7,1.7,3.2,1.5,3.3,1.4,3.4,3.2,0.3,0.2,0.3,0.3,0.3,3.3,0.2,1.2,0.3,0.3,0.2,0.8,0.2,0.4,0.2,4.1,1.3,0.3,1.0,5.6,0.2,1.1,0.2,0.2,0.2,2.1,0.0,0.3,0.4,1.8,0.1,0.8,0.7,0.2,1.0,3.5,0.6,1.5,4.7,0.6,0.2,2.2,0.1,1.0,0.2,6.0,0.2,1.9,3.2,0.2,1.9,0.3,14.4,1.2,0.2,0.3,0.3,1.3,0.5,0.2,1.2,0.6,0.3
114,2.9,3.6,3.2,3.3,3.3,3.5,3.9,3.2,3.6,3.4,1.3,3.0,1.8,3.1,1.5,3.3,3.3,0.3,0.2,0.2,0.3,0.2,3.7,0.1,1.5,0.3,0.3,0.3,1.1,0.2,0.3,0.2,3.1,1.0,0.4,1.1,5.1,0.2,1.1,0.1,0.2,0.1,2.1,0.0,0.3,0.4,1.9,0.2,1.0,0.5,0.5,1.3,2.9,0.1,1.8,5.2,0.3,0.2,2.4,0.1,0.9,0.1,6.7,0.2,1.5,3.2,0.3,1.7,0.3,1.7,7.6,0.3,0.9,0.3,1.3,0.6,0.3,0.9,0.5,0.3
115,2.6,3.1,3.1,3.2,3.5,4.0,3.4,3.3,3.5,4.7,1.7,3.5,1.9,3.1,1.1,3.6,3.6,0.2,0.2,0.2,0.3,0.2,3.9,0.3,1.4,0.3,0.2,0.2,1.1,0.2,0.3,0.2,3.4,1.0,0.3,1.1,6.1,0.2,1.3,0.2,0.2,0.1,2.3,0.2,0.3,0.4,2.0,0.2,1.0,0.7,0.4,1.0,3.0,0.1,1.4,4.9,0.3,0.2,2.6,0.2,1.0,0.2,6.8,0.2,1.7,2.8,0.1,1.3,0.3,1.4,5.1,0.3,0.7,0.3,1.1,0.5,0.3,1.3,0.6,0.3
116,2.8,3.2,2.6,3.2,3.4,3.5,3.6,3.3,3.5,3.7,2.0,3.2,1.1,3.1,1.4,3.2,3.3,0.2,0.3,0.2,0.2,0.2,3.8,0.2,1.7,0.2,0.3,0.2,1.1,0.2,0.3,0.2,4.1,1.2,0.4,1.0,6.1,0.1,1.4,0.2,0.1,0.2,2.1,0.1,0.4,0.3,2.1,0.2,0.9,0.6,0.2,0.7,2.7,0.3,1.7,5.2,0.3,0.2,2.3,0.1,0.8,0.2,6.1,0.2,1.9,3.0,0.1,1.4,0.3,1.4,4.1,0.3,0.5,0.3,1.1,0.7,0.3,1.2,0.5,0.3
117,3.1,3.1,3.0,3.5,3.3,3.7,3.3,3.2,3.8,4.0,1.7,2.6,1.4,3.0,1.5,3.2,3.2,0.3,0.3,0.2,0.2,0.2,3.9,0.1,1.6,0.3,0.2,0.2,1.1,0.2,0.3,0.2,3.2,1.2,0.2,0.9,5.7,0.3,1.5,0.1,0.1,0.1,2.4,0.3,0.3,0.3,2.3,0.2,1.1,0.7,0.2,1.0,2.4,0.3,1.6,4.7,0.3,0.2,2.4,0.1,1.1,0.2,5.7,0.1,2.2,2.8,0.3,1.4,0.3,1.1,2.9,0.4,0.5,0.3,1.1,0.7,0.3,1.2,0.6,0.3
118,3.7,3.6,3.0,3.2,3.4,3.7,3.6,3.1,3.5,4.0,1.3,3.0,1.4,3.2,1.5,3.3,3.1,0.3,0.2,0.2,0.2,0.2,3.7,0.3,1.6,0.2,0.2,0.2,0.8,0.2,0.3,0.2,3.3,1.1,0.3,0.9,6.5,0.5,1.5,0.2,0.2,0.1,1.9,0.1,0.3,0.2,2.4,0.2,1.4,0.9,0.2,0.9,2.3,0.1,1.1,4.8,0.2,0.2,3.0,0.1,1.0,0.2,5.3,0.1,2.9,3.6,0.2,1.5,0.2,1.1,0.7,0.3,0.3,0.2,1.6,0.3,0.2,1.2,0.5,0.3
119,2.6,3.3,2.7,3.2,3.7,3.5,3.3,3.4,3.4,4.0,1.7,3.3,1.4,2.8,1.7,3.9,3.0,0.3,0.2,0.2,0.2,0.3,3.7,0.5,1.5,0.2,0.2,0.2,1.0,0.2,0.3,0.2,3.3,1.3,0.3,1.2,6.1,0.3,1.3,0.2,0.2,0.1,2.4,0.3,0.3,0.4,2.5,0.3,1.6,0.7,0.3,0.9,3.0,0.3,1.3,4.9,0.3,0.2,3.1,0.1,1.4,0.3,5.1,0.1,2.2,3.1,0.3,1.6,0.2,0.9,0.4,0.2,0.3,0.2,1.3,0.6,0.2,1.3,0.7,0.3
120,3.1,3.4,2.9,3.2,4.2,3.5,4.0,3.3,3.9,4.4,1.7,4.0,1.5,2.9,1.4,3.3,3.1,0.2,0.2,0.2,0.3,0.2,4.5,0.3,1.6,0.2,0.2,0.2,1.0,0.2,0.4,0.2,2.9,1.3,0.3,1.3,6.9,0.1,1.6,0.2,0.3,0.1,2.3,0.2,0.3,0.3,2.4,0.2,1.5,0.7,0.3,1.0,3.8,0.1,2.0,5.7,0.3,0.2,2.4,0.3,1.1,0.2,5.5,0.2,2.3,2.8,0.2,1.8,0.3,1.1,0.3,0.3,0.3,0.3,1.4,0.6,0.3,1.2,0.6,0.3
121,3.0,4.0,2.5,2.8,3.4,3.5,4.1,3.1,4.0,3.7,1.3,3.6,1.6,2.8,1.5,3.1,3.7,0.3,0.2,0.2,0.3,0.3,3.4,0.4,1.5,0.2,0.2,0.3,1.0,0.2,0.3,0.2,2.2,1.2,0.2,0.9,5.2,0.1,1.3,0.2,0.2,0.1,2.3,0.3,0.3,0.3,2.3,0.3,1.0,0.6,0.2,0.9,3.1,0.2,1.7,5.0,0.3,0.3,2.9,0.3,0.9,0.2,5.2,0.2,2.0,3.1,0.3,1.6,0.3,1.0,0.3,0.4,0.4,0.3,1.5,0.6,0.2,1.2,0.4,0.3
122,2.8,3.3,3.2,3.5,3.8,4.7,3.4,3.7,3.8,3.7,1.7,3.2,1.5,2.8,1.4,3.3,3.1,0.2,0.2,0.3,0.2,0.3,4.0,0.4,1.6,0.3,0.2,0.2,1.0,0.2,0.3,0.2,3.0,0.4,0.3,1.8,6.3,0.2,1.3,0.2,0.2,0.1,2.7,0.4,0.3,0.2,2.0,0.3,1.2,0.7,0.2,0.9,2.8,0.3,1.1,5.3,0.3,0.3,2.7,0.2,1.0,0.2,5.2,0.2,2.1,3.8,0.1,1.8,0.2,1.0,0.3,0.3,0.3,0.2,0.9,0.5,0.2,1.2,0.5,0.2
123,3.1,3.7,3.5,3.7,3.8,3.7,4.0,3.8,3.8,4.0,1.7,3.4,1.7,2.7,1.5,3.6,2.8,0.3,0.2,0.2,0.2,0.2,3.8,0.3,1.6,0.2,0.2,0.2,1.0,0.2,0.4,0.2,3.6,0.4,0.1,1.1,6.9,0.3,1.5,0.2,0.2,0.2,2.4,0.3,0.2,0.3,2.2,0.1,1.2,0.5,0.2,1.0,3.3,0.3,1.8,5.7,0.3,0.2,2.2,0.1,1.1,0.1,6.9,0.2,2.3,3.0,0.6,1.4,0.3,1.0,0.3,0.3,0.3,0.3,1.2,0.6,0.2,1.1,0.4,0.3
124,3.2,3.6,3.5,3.2,3.5,3.9,3.7,3.6,4.2,4.0,1.7,3.0,1.4,3.0,1.4,3.9,2.9,0.2,0.2,0.3,0.2,0.2,3.7,0.3,1.5,0.2,0.2,0.2,0.9,0.2,0.3,0.2,4.6,1.1,0.2,1.0,6.8,0.2,1.7,0.2,0.2,0.2,2.2,0.3,0.3,0.4,2.7,0.2,1.5,0.2,0.3,0.9,2.2,0.1,1.2,5.4,0.3,0.2,3.0,0.2,1.0,0.2,6.0,0.1,2.3,3.2,0.1,1.2,0.3,0.9,0.4,0.4,0.3,0.3,1.4,0.7,0.2,1.1,0.4,0.3
125,2.8,3.5,2.9,3.0,3.9,3.4,4.0,3.5,3.6,3.7,1.7,3.1,1.7,3.1,1.2,4.0,2.8,0.2,0.3,0.2,0.3,0.2,4.0,0.4,1.8,0.2,0.2,0.2,1.2,0.2,0.3,0.2,3.9,0.9,0.3,1.3,7.1,0.3,1.5,0.2,0.2,0.2,2.5,0.2,0.3,0.4,2.4,0.1,1.3,0.5,0.3,0.9,2.4,0.1,1.4,5.6,0.3,0.2,1.9,0.2,1.1,0.1,6.2,0.2,2.1,3.1,0.1,1.5,0.3,1.0,0.4,0.3,0.3,0.3,1.1,0.5,0.3,1.1,0.5,0.3
126,3.1,3.9,2.9,3.2,3.8,3.9,3.4,3.6,4.0,4.3,1.3,3.3,1.4,3.4,1.4,3.9,3.2,0.2,0.2,0.2,0.2,0.2,4.1,0.3,1.5,0.2,0.2,0.2,1.1,0.2,0.4,0.2,4.1,1.1,0.1,1.4,7.2,0.2,1.4,0.2,0.2,0.2,2.4,0.2,0.3,0.3,2.6,0.1,1.2,0.6,0.3,1.0,3.1,0.1,1.7,4.9,0.2,0.2,2.5,0.2,0.9,0.1,6.4,0.1,1.9,3.3,0.3,1.2,0.3,0.8,0.4,0.4,0.4,0.3,1.6,0.4,0.2,1.1,0.6,0.3
127,2.8,3.4,2.5,3.2,3.5,3.9,3.7,2.9,4.1,4.0,1.7,3.1,1.5,3.1,1.4,3.6,3.3,0.2,0.3,0.3,0.2,0.2,4.0,0.3,1.5,0.3,0.2,0.2,1.0,0.2,0.4,0.2,3.9,0.8,0.1,1.5,6.1,0.3,1.3,0.2,0.2,0.2,1.9,0.3,0.3,0.4,1.7,0.2,1.2,0.5,0.1,1.3,2.7,0.1,1.5,5.3,0.3,0.2,2.5,0.2,1.1,0.2,6.4,0.1,2.5,3.9,0.2,1.6,0.3,1.0,0.3,0.3,0.3,0.3,0.8,0.7,0.2,1.4,0.5,0.3
128,2.7,3.6,2.8,3.2,3.2,3.7,3.7,3.5,4.0,3.6,1.3,3.4,1.7,2.7,1.6,3.7,3.4,0.2,0.2,0.2,0.2,0.2,3.9,0.3,1.6,0.3,0.2,0.2,1.1,0.2,0.4,0.2,3.5,1.1,0.1,1.6,6.1,0.2,1.2,0.2,0.2,0.2,2.3,0.4,0.2,0.4,2.7,0.1,1.5,0.4,0.3,0.6,3.4,0.4,1.7,5.4,0.3,0.2,2.6,0.2,1.4,0.2,6.5,0.1,2.5,3.4,0.2,1.6,0.2,0.7,0.4,0.3,0.3,0.2,1.0,0.5,0.2,1.3,0.5,0.2
129,2.6,4.7,2.9,3.2,3.2,3.9,3.8,3.9,4.3,4.3,1.7,3.9,1.7,3.3,1.5,3.7,4.0,0.2,0.2,0.2,0.2,0.2,3.9,0.2,1.8,0.3,0.2,0.2,1.1,0.2,0.4,0.2,3.9,1.0,0.2,1.7,6.8,0.3,1.5,0.2,0.2,0.1,2.2,0.1,0.3,0.4,2.3,0.2,1.4,0.7,0.2,0.8,2.9,0.3,1.2,5.5,0.3,0.2,2.9,0.1,0.9,0.2,7.1,0.1,2.8,3.9,0.2,1.7,0.2,0.9,0.4,0.3,0.3,0.2,1.2,0.5,0.2,1.4,0.6,0.2
130,2.6,2.8,2.9,3.2,3.7,3.7,3.7,3.6,3.5,4.0,1.3,3.9,1.7,3.1,1.5,4.2,3.6,0.3,0.3,0.3,0.2,0.3,3.7,0.5,1.9,0.3,0.2,0.2,1.1,0.2,0.4,0.2,3.6,0.7,0.5,1.8,6.0,0.3,1.5,0.2,0.2,0.2,2.4,0.2,0.3,0.3,2.1,0.1,1.2,0.4,0.2,0.9,4.1,0.4,1.7,5.5,0.4,0.3,2.4,0.1,0.9,0.1,7.0,0.1,1.9,4.1,0.2,1.8,0.3,0.9,0.3,0.3,0.3,0.3,1.3,0.3,0.3,1.3,0.6,0.2
131,2.7,4.6,3.1,3.4,3.5,3.7,3.9,3.5,3.7,3.6,1.7,3.6,1.9,3.2,1.3,4.1,3.3,0.2,0.3,0.2,0.2,0.2,3.8,0.2,1.9,0.3,0.2,0.2,1.1,0.2,0.6,0.2,3.0,1.0,0.2,1.4,5.7,0.2,2.1,0.1,0.1,0.2,2.3,0.3,0.3,0.3,2.3,0.1,1.4,0.7,0.2,1.0,3.3,0.2,1.7,5.3,0.3,0.2,2.8,0.2,0.8,0.2,8.1,0.1,2.1,3.7,0.1,1.7,0.3,0.8,0.4,0.5,0.3,0.3,1.3,0.7,0.3,1.3,0.4,0.3
132,2.8,3.8,3.3,3.2,3.2,3.9,4.0,4.0,3.7,4.0,1.6,3.4,2.0,2.9,1.6,4.0,3.4,0.2,0.2,0.2,0.2,0.2,3.9,0.2,1.8,0.3,0.2,0.2,1.2,0.2,0.4,0.2,3.7,0.9,0.6,1.7,5.7,0.2,1.5,0.2,0.1,0.2,2.7,0.2,0.2,0.4,2.6,0.2,1.4,0.6,0.4,1.1,3.1,0.1,1.3,5.1,0.2,0.2,2.8,0.2,1.2,0.1,7.1,0.1,2.8,3.5,0.1,1.5,0.3,0.8,0.2,0.5,0.3,0.3,1.3,0.5,0.2,1.6,0.6,0.3
133,2.7,3.2,2.7,3.9,3.3,3.2,3.7,3.2,3.7,3.6,2.0,3.0,1.2,3.4,1.5,3.9,3.9,0.2,0.3,0.2,0.2,0.2,3.6,0.2,1.7,0.3,0.3,0.2,0.9,0.2,0.3,0.1,4.2,1.2,0.2,2.0,5.9,0.3,1.4,0.2,0.2,0.2,2.5,0.2,0.3,0.2,2.0,0.1,1.4,0.4,0.6,0.9,2.9,0.2,1.6,5.3,0.3,0.2,2.6,0.2,1.0,0.1,8.0,0.1,2.2,3.5,0.1,1.6,0.3,0.7,0.4,0.3,0.3,0.3,1.4,0.4,0.2,1.4,0.6,0.3
134,3.2,4.0,3.0,3.4,3.2,3.6,4.3,3.8,3.8,3.9,1.6,3.2,2.0,2.9,1.8,3.9,3.5,0.2,0.2,0.2,0.2,0.2,3.8,0.3,1.9,0.2,0.2,0.2,1.2,0.2,0.3,0.2,3.9,1.3,0.1,1.8,6.1,0.2,1.4,0.3,0.2,0.3,2.2,0.3,0.3,0.4,2.7,0.1,1.3,0.4,0.2,1.0,3.6,0.4,1.2,5.7,0.2,0.2,2.8,0.2,1.0,0.2,8.1,0.2,2.6,3.1,0.2,1.6,0.3,1.0,0.3,0.3,0.4,0.3,1.4,0.4,0.2,1.5,0.6,0.3
135,2.9,3.4,2.7,3.0,3.3,3.9,4.2,3.8,3.7,3.9,1.6,3.1,1.8,3.5,1.5,4.2,3.8,0.2,0.3,0.2,0.2,0.2,4.0,0.1,1.9,0.3,0.3,0.2,1.0,0.2,0.3,0.2,4.1,1.5,0.3,1.7,5.6,0.2,1.6,0.2,0.3,0.1,2.5,0.2,0.3,0.4,2.5,0.2,1.3,0.3,0.2,1.1,3.3,0.2,1.1,5.3,0.3,0.2,2.4,0.2,1.1,0.2,8.0,0.1,2.4,3.3,0.1,1.8,0.3,1.0,0.3,0.3,0.3,0.3,1.3,0.5,0.2,1.5,0.7,0.3
136,2.8,4.0,2.8,2.8,3.4,3.4,4.0,3.6,4.5,4.6,2.0,3.9,1.7,3.0,1.4,4.1,3.4,0.3,0.2,0.2,0.2,0.2,3.7,0.2,1.7,0.2,0.2,0.3,1.1,0.2,0.4,0.2,4.1,1.4,0.1,2.0,5.0,0.2,1.3,0.2,0.2,0.2,2.5,0.1,0.3,0.6,2.5,0.2,1.1,0.8,0.3,1.1,3.5,0.2,2.3,5.1,0.3,0.1,2.3,0.2,1.0,0.2,7.2,0.2,2.4,3.6,0.1,1.7,0.3,1.1,0.3,0.4,0.4,0.3,1.5,0.6,0.2,1.2,0.5,0.3
137,2.9,3.9,2.8,3.0,3.5,3.6,4.4,3.7,4.2,3.3,1.3,3.8,1.9,3.1,1.4,3.9,3.8,0.3,0.2,0.2,0.3,0.2,4.1,0.3,1.6,0.3,0.2,0.3,1.6,0.3,0.5,0.2,4.5,1.7,0.3,1.8,5.8,0.1,1.4,0.2,0.2,0.1,2.3,0.2,0.3,0.3,2.7,0.2,1.4,0.7,0.4,1.0,2.9,0.2,1.2,5.5,0.3,0.2,2.5,0.1,1.0,0.2,6.7,0.1,2.6,3.5,0.2,1.6,0.3,1.1,0.3,0.3,0.5,0.2,1.4,0.5,0.2,1.5,0.8,0.2
138,3.0,3.8,2.8,3.6,3.5,3.9,3.3,3.7,3.4,3.9,1.6,3.4,1.5,3.1,1.4,3.3,3.8,0.2,0.3,0.3,0.2,0.2,4.0,0.2,1.8,0.3,0.2,0.3,1.2,0.2,0.4,0.2,3.4,1.7,0.3,1.6,6.3,0.2,1.6,0.1,0.1,0.1,2.3,0.2,0.3,0.4,2.1,0.2,1.5,0.6,0.5,1.1,3.2,0.1,1.6,5.0,0.3,0.2,2.1,0.2,1.2,0.2,6.3,0.1,2.5,3.3,0.0,1.9,0.3,1.0,0.3,0.4,0.3,0.3,1.4,0.4,0.2,1.7,0.7,0.3
139,2.7,3.3,2.8,3.0,3.4,3.4,3.8,3.5,4.0,3.6,1.3,3.2,1.8,3.7,1.5,3.8,3.4,0.3,0.3,0.2,0.3,0.3,4.1,0.2,1.7,0.3,0.3,0.3,1.1,0.2,0.5,0.2,3.2,1.0,0.3,2.1,6.6,0.2,1.4,0.1,0.1,0.2,2.3,0.2,0.3,0.3,1.9,0.2,1.1,0.4,0.5,1.0,3.2,0.3,1.6,4.8,0.4,0.2,2.5,0.1,1.0,0.2,6.4,0.1,2.5,3.2,0.3,1.8,0.3,0.9,0.4,0.4,0.3,0.3,1.3,0.4,0.3,1.6,0.6,0.3
140,2.8,3.4,2.8,3.2,3.6,3.6,4.0,4.0,4.0,3.6,1.6,3.3,1.7,3.1,1.2,3.7,3.8,0.3,0.3,0.2,0.2,0.3,3.8,0.3,1.6,0.3,0.2,0.3,1.1,0.3,0.5,0.2,3.8,1.7,0.2,1.9,6.0,0.2,1.2,0.2,0.2,0.2,2.6,0.2,0.3,0.3,3.1,0.2,1.5,0.5,0.3,1.0,3.4,0.7,1.5,4.6,0.3,0.3,2.3,0.1,1.3,0.2,6.8,0.1,2.4,3.4,0.3,2.3,0.3,1.3,0.4,0.3,0.3,0.3,1.4,0.4,0.3,1.5,0.7,0.3
141,3.0,2.5,3.1,4.0,4.0,3.4,4.3,3.5,3.5,3.9,1.3,3.4,1.4,2.7,1.4,3.7,3.1,0.3,0.3,0.3,0.2,0.2,4.0,0.3,1.6,0.2,0.2,0.2,1.0,0.3,0.4,0.2,2.8,1.5,0.2,1.8,6.5,0.2,1.3,0.1,0.1,0.2,2.2,0.1,0.4,0.3,2.2,0.2,1.4,0.4,0.6,1.1,3.8,0.5,1.9,4.7,0.3,0.2,2.7,0.2,1.3,0.2,5.3,0.2,1.7,3.5,0.1,1.3,0.3,1.1,0.4,0.4,0.3,0.3,1.2,0.3,0.2,1.4,0.5,0.3
142,3.2,3.6,2.5,2.8,3.8,3.4,4.2,3.7,4.3,3.0,1.6,3.3,1.6,3.0,1.2,3.4,3.3,0.3,0.2,0.3,0.2,0.2,4.0,0.2,1.6,0.3,0.2,0.3,0.9,0.2,0.4,0.2,3.5,1.6,0.2,2.8,5.6,0.0,1.8,0.1,0.1,0.1,2.5,0.2,0.3,0.4,2.4,0.3,1.4,0.6,0.5,1.0,3.4,0.2,1.6,4.9,0.3,0.2,2.4,0.2,1.1,0.2,6.3,0.1,2.3,3.5,0.0,1.4,0.3,1.1,0.4,0.4,0.4,0.3,1.0,0.4,0.2,1.5,0.6,0.4
143,3.3,3.2,3.0,3.2,3.7,3.4,3.5,3.9,3.8,3.9,1.3,3.2,1.7,3.0,1.4,3.4,3.4,0.3,0.2,0.3,0.2,0.3,4.0,0.3,1.6,0.2,0.2,0.3,1.0,0.2,0.4,0.2,3.9,1.5,0.3,1.6,6.8,0.2,1.8,0.2,0.2,0.2,2.1,0.2,0.3,0.6,2.7,0.2,1.3,0.9,0.3,1.1,3.5,0.3,1.8,5.1,0.3,0.3,1.9,0.1,1.0,0.1,6.1,0.0,2.1,4.0,0.3,1.6,0.3,0.7,0.4,0.5,0.4,0.2,1.2,0.4,0.2,1.5,0.5,0.3
144,3.2,2.8,3.0,3.4,3.7,3.1,4.1,4.0,4.0,3.6,1.6,3.5,1.5,2.7,1.2,3.6,3.1,0.3,0.3,0.3,0.2,0.3,3.9,0.3,1.4,0.3,0.2,0.3,1.2,0.2,0.5,0.1,3.7,1.5,0.1,1.6,5.6,0.1,1.3,0.2,0.1,0.2,2.4,0.2,0.5,0.2,2.5,0.3,1.5,0.4,0.5,0.8,3.7,0.6,1.3,5.0,0.3,0.2,2.5,0.2,1.0,0.2,8.0,0.1,2.0,3.4,0.2,1.7,0.3,1.1,0.4,0.5,0.4,0.3,1.3,0.3,0.2,1.5,0.6,0.3
145,3.0,3.7,3.6,3.0,3.3,5.0,4.3,3.9,4.2,3.3,2.0,4.5,1.6,2.6,1.3,3.7,2.9,0.3,0.3,0.3,0.3,0.3,4.1,0.3,2.0,0.3,0.3,0.3,0.9,0.3,0.3,0.3,3.5,1.6,0.2,1.4,5.9,0.2,2.3,0.2,0.2,0.2,2.3,0.2,0.3,0.5,2.3,0.3,1.5,0.6,0.5,1.2,3.9,0.5,1.3,4.8,0.2,0.3,2.3,0.3,1.1,0.3,6.3,0.1,2.6,3.4,0.3,1.9,0.3,1.2,0.3,0.5,0.3,0.3,1.1,0.5,0.3,1.5,0.5,0.3
146,2.7,3.6,3.0,3.0,4.5,2.9,4.4,3.6,4.0,3.9,1.6,3.8,1.7,3.3,1.4,4.0,2.4,0.2,0.3,0.3,0.2,0.2,4.0,0.2,2.3,0.2,0.2,0.2,0.9,0.2,0.4,0.2,3.9,1.6,0.2,1.5,6.5,0.2,1.8,0.2,0.2,0.1,2.2,0.1,0.4,0.5,3.1,0.1,1.2,0.7,0.5,1.1,3.8,0.3,2.9,4.7,0.2,0.2,1.9,0.1,1.1,0.1,6.2,0.1,2.8,3.5,0.3,2.3,0.3,1.1,0.3,0.4,0.4,0.3,1.3,0.4,0.2,1.5,0.5,0.3
147,3.1,3.3,3.1,3.4,3.7,3.1,4.2,3.5,3.7,4.2,1.6,2.7,1.5,2.8,1.4,3.7,3.2,0.2,0.2,0.3,0.2,0.2,3.9,0.2,1.9,0.3,0.2,0.2,0.9,0.3,0.4,0.2,3.6,1.1,0.3,1.9,6.1,0.1,1.6,0.1,0.1,0.1,2.0,0.2,0.3,0.5,1.9,0.3,1.1,0.4,0.5,1.1,3.2,0.1,1.5,4.7,0.3,0.2,2.7,0.1,0.9,0.2,6.2,0.1,2.9,4.0,0.4,1.7,0.2,0.7,0.3,0.3,0.4,0.2,1.2,0.4,0.2,1.4,0.8,0.3
148,3.1,3.2,2.8,3.0,4.2,2.9,4.0,3.9,3.7,3.3,1.6,3.1,1.9,2.9,1.7,4.0,3.2,0.2,0.2,0.3,0.2,0.2,3.5,0.2,1.8,0.3,0.2,0.2,0.9,0.3,0.4,0.2,3.3,1.4,0.3,1.6,5.1,0.2,1.6,0.2,0.2,0.2,2.0,0.1,0.3,0.2,2.6,0.2,1.6,0.5,0.4,1.2,2.5,0.5,1.4,5.0,0.2,0.3,2.6,0.2,1.0,0.2,6.4,0.2,2.1,3.6,0.2,1.5,0.3,1.0,0.3,0.3,0.3,0.3,1.3,0.3,0.2,1.5,0.5,0.3
149,3.2,3.2,3.1,3.4,4.2,3.8,4.1,3.8,3.7,3.6,2.0,3.2,1.5,3.4,1.5,4.1,4.0,0.3,0.3,0.3,0.3,0.3,4.2,0.4,1.6,0.3,0.2,0.2,1.0,0.3,0.5,0.2,3.5,1.1,0.2,1.6,5.8,0.3,1.6,0.2,0.2,0.3,2.0,0.1,0.3,0.3,3.0,0.2,1.3,0.6,0.5,1.3,3.5,0.4,1.7,4.9,0.2,0.4,2.6,0.2,1.1,0.2,6.8,0.2,2.4,3.7,0.1,1.8,0.3,0.6,0.5,0.5,0.4,0.2,1.3,0.4,0.2,1.5,0.6,0.3
150,3.0,3.0,2.6,3.2,4.0,3.1,4.6,3.2,4.3,3.6,1.6,3.2,1.8,2.2,1.3,4.0,2.7,0.2,0.2,0.2,0.3,0.2,3.3,0.3,1.5,0.3,0.2,0.2,1.0,0.3,0.4,0.2,3.8,1.1,0.2,2.0,5.8,0.2,1.7,0.2,0.2,0.2,2.0,0.1,0.3,0.3,3.3,0.2,1.5,0.4,0.4,1.1,3.5,0.5,1.7,5.1,0.3,0.2,1.8,0.2,1.1,0.2,7.1,0.1,2.4,3.4,0.2,1.3,0.3,0.9,0.3,0.3,0.4,0.3,1.2,0.5,0.3,1.1,0.4,0.3
151,3.5,3.6,3.1,3.2,4.2,3.4,4.1,3.8,3.3,3.6,1.6,3.3,1.2,2.6,1.5,3.4,2.9,0.3,0.2,0.3,0.3,0.2,3.5,0.2,1.8,0.3,0.2,0.3,1.0,0.3,0.4,0.2,3.6,1.9,0.4,1.6,5.2,0.1,1.8,0.3,0.3,0.2,2.3,0.2,0.3,0.4,3.3,0.2,1.3,0.7,0.5,1.2,3.6,0.3,1.6,5.2,0.2,0.3,2.8,0.1,1.0,0.2,6.4,0.2,2.5,3.3,0.1,1.7,0.3,0.8,0.3,0.4,0.4,0.3,1.3,0.4,0.3,1.3,0.5,0.2
152,3.8,3.6,3.2,3.1,4.4,3.8,4.1,3.7,3.5,4.2,1.6,3.3,1.5,2.7,1.4,4.2,3.1,0.3,0.3,0.3,0.3,0.3,4.5,0.3,1.8,0.3,0.2,0.3,1.0,0.2,0.4,0.2,3.2,1.1,0.3,1.3,5.1,0.2,1.6,0.2,0.2,0.2,2.1,0.2,0.4,0.3,3.1,0.2,2.0,0.6,0.4,1.3,3.4,0.2,1.8,5.4,0.3,0.2,3.1,0.2,1.1,0.2,6.0,0.2,2.4,3.4,0.3,1.8,0.3,0.9,0.3,0.4,0.5,0.2,1.5,0.4,0.2,1.4,0.5,0.3
153,3.4,3.7,3.0,3.1,3.8,3.8,4.4,3.6,3.3,3.6,2.0,3.1,1.7,2.9,1.4,4.1,3.9,0.3,0.2,0.2,0.2,0.2,3.7,0.3,1.6,0.3,0.2,0.2,1.0,0.2,0.4,0.2,3.5,1.6,0.3,1.3,5.4,0.3,1.6,0.2,0.2,0.2,2.3,0.1,0.3,0.3,3.5,0.2,1.2,0.9,0.3,1.1,4.3,0.3,1.7,5.2,0.2,0.2,2.2,0.1,1.1,0.2,6.9,0.2,2.4,3.2,0.2,1.9,0.2,1.0,0.4,0.3,0.3,0.2,1.3,0.5,0.2,1.4,0.5,0.2
154,2.9,3.2,3.1,3.1,3.9,3.6,4.0,3.6,3.9,3.6,2.0,2.9,2.0,3.0,1.4,4.0,3.1,0.2,0.3,0.2,0.2,0.2,3.6,0.2,1.8,0.2,0.2,0.2,1.1,0.2,0.4,0.2,3.6,1.8,0.2,1.3,6.3,0.1,1.6,0.1,0.2,0.1,2.1,0.2,0.3,0.4,3.0,0.2,0.7,0.6,0.5,1.0,3.6,0.3,1.4,4.6,0.2,0.2,2.5,0.1,1.2,0.2,6.6,0.2,2.3,3.2,0.1,1.8,0.3,0.9,0.6,0.4,0.4,0.2,1.3,0.5,0.2,1.4,0.4,0.3
155,3.0,3.7,2.9,2.9,4.0,3.6,4.2,3.4,3.9,3.6,1.6,3.4,1.5,2.7,1.4,4.1,3.7,0.3,0.3,0.3,0.2,0.2,3.3,0.3,1.7,0.3,0.2,0.2,1.0,0.2,0.4,0.2,2.8,1.3,0.2,1.4,5.2,0.1,1.3,0.2,0.2,0.2,2.2,0.1,0.4,0.3,2.9,0.2,1.3,0.6,0.4,1.0,3.3,0.4,1.5,5.0,0.2,0.2,2.6,0.2,1.0,0.3,6.7,0.1,2.8,3.2,0.1,1.9,0.3,1.0,0.3,0.3,0.3,0.3,1.3,0.4,0.3,1.5,0.5,0.3
156,2.5,3.8,2.9,2.9,4.5,3.6,3.8,3.6,3.8,3.2,1.6,3.3,1.7,3.1,1.7,4.1,3.0,0.2,0.3,0.3,0.2,0.2,3.2,0.3,2.0,0.2,0.2,0.2,0.8,0.2,0.4,0.2,3.5,1.5,0.2,2.0,4.6,0.1,1.3,0.2,0.2,0.2,1.9,0.1,0.4,0.2,3.1,0.2,1.2,0.6,0.5,0.8,3.2,0.4,1.4,5.1,0.3,0.2,2.5,0.1,1.2,0.2,7.2,0.1,2.6,3.7,0.1,1.9,0.3,0.9,0.3,0.3,0.4,0.3,1.3,0.5,0.3,1.4,0.4,0.3
157,2.9,3.5,3.4,2.9,4.7,3.6,3.6,3.6,3.8,3.6,1.6,3.1,1.8,3.2,1.5,4.1,2.9,0.2,0.2,0.2,0.2,0.2,3.7,0.2,1.6,0.2,0.2,0.2,1.1,0.2,0.3,0.2,3.5,1.1,0.5,1.4,4.8,0.1,1.6,0.2,0.2,0.2,2.2,0.2,0.2,0.3,3.3,0.3,1.2,0.8,0.3,0.6,3.0,0.2,1.6,5.2,0.2,0.2,3.0,0.1,1.1,0.2,6.8,0.1,2.3,3.6,0.2,1.8,0.3,0.9,0.3,0.4,0.3,0.3,1.2,0.4,0.2,1.6,0.5,0.4
158,3.0,3.5,3.1,3.3,4.1,3.3,3.9,3.8,3.7,3.6,1.6,3.1,1.5,2.9,1.4,4.1,2.7,0.3,0.2,0.3,0.3,0.3,3.3,0.3,1.7,0.3,0.3,0.3,1.1,0.2,0.4,0.2,3.6,1.1,0.6,1.8,4.7,0.4,1.6,0.2,0.2,0.3,2.2,0.1,0.4,0.4,3.0,0.3,1.3,0.6,0.4,1.0,2.9,0.1,1.6,5.2,0.3,0.2,2.4,0.2,1.4,0.2,6.8,0.1,2.2,3.4,0.2,1.9,0.3,0.9,0.3,0.5,0.4,0.3,1.2,0.4,0.2,1.6,0.4,0.3
159,3.2,3.9,3.2,3.1,4.4,3.3,3.9,3.8,4.0,3.6,1.9,3.4,1.8,3.0,1.6,3.8,3.0,0.3,0.2,0.3,0.2,0.3,3.3,0.2,1.6,0.3,0.3,0.2,0.9,0.2,0.4,0.2,4.1,1.4,0.3,1.8,4.5,0.1,1.5,0.2,0.2,0.3,2.0,0.1,0.5,0.4,3.3,0.1,1.4,0.7,0.5,1.0,3.4,0.3,2.0,5.3,0.2,0.2,2.8,0.2,1.1,0.2,5.8,0.2,2.7,3.0,0.1,1.7,0.3,1.0,0.2,0.4,0.4,0.3,1.4,0.4,0.2,1.6,0.7,0.3
160,3.7,3.6,3.2,3.1,4.2,3.6,3.6,3.9,3.6,3.9,1.9,3.3,1.7,3.3,1.4,3.8,3.9,0.2,0.3,0.3,0.2,0.3,3.7,0.2,1.6,0.3,0.3,0.2,1.0,0.2,0.5,0.3,4.4,0.9,0.3,2.0,4.9,0.1,1.7,0.2,0.1,0.2,2.6,0.2,0.5,0.3,2.9,0.3,1.4,0.6,0.4,0.8,3.2,0.2,1.6,5.3,0.2,0.2,2.5,0.1,1.2,0.2,7.3,0.1,2.2,3.1,0.5,1.9,0.3,1.0,0.2,0.3,0.4,0.2,1.3,0.3,0.2,1.5,0.5,0.3
161,3.7,3.5,3.2,3.3,4.1,3.8,3.3,4.1,3.4,3.9,1.6,2.9,1.8,3.3,1.6,3.9,3.4,0.3,0.3,0.3,0.2,0.3,3.1,0.2,1.6,0.2,0.3,0.3,1.1,0.2,0.5,0.2,3.9,1.9,0.2,1.7,5.2,0.2,2.0,0.2,0.2,0.2,2.7,0.2,0.5,0.4,2.7,0.3,1.4,0.3,0.5,0.9,3.6,0.3,1.6,4.9,0.3,0.2,2.3,0.2,1.3,0.2,7.7,0.1,2.3,3.4,0.2,2.0,0.3,1.0,0.3,0.4,0.4,0.3,1.0,0.4,0.3,1.8,0.4,0.4
162,3.3,3.4,3.1,2.9,4.6,3.3,3.6,4.1,3.9,3.5,1.6,4.1,1.9,3.2,1.5,4.0,2.9,0.3,0.2,0.3,0.2,0.2,3.3,0.3,1.8,0.2,0.3,0.2,1.1,0.3,0.4,0.2,3.9,1.1,0.4,1.7,4.6,0.2,1.9,0.2,0.2,0.2,2.8,0.3,0.5,0.3,2.9,0.2,1.4,0.6,0.4,0.9,3.1,0.4,1.5,5.4,0.2,0.2,2.7,0.1,1.1,0.2,6.9,0.2,2.7,3.1,0.1,1.7,0.2,1.2,0.4,0.3,0.4,0.2,1.5,0.4,0.2,1.5,0.6,0.3
163,3.4,3.9,3.3,3.3,4.3,3.8,3.8,4.1,3.6,3.6,1.9,3.9,1.8,3.2,1.8,4.3,3.9,0.2,0.2,0.3,0.2,0.2,3.7,0.3,2.0,0.2,0.2,0.2,1.2,0.2,0.5,0.2,3.7,1.2,0.2,1.6,5.4,0.1,1.8,0.2,0.2,0.2,2.5,0.1,0.4,0.3,3.3,0.3,1.5,0.4,0.3,1.4,3.1,0.3,1.6,5.5,0.3,0.2,2.3,0.1,1.2,0.2,7.1,0.1,2.7,3.5,0.2,1.8,0.3,1.0,0.3,0.3,0.3,0.3,1.3,0.4,0.2,1.4,0.4,0.3
164,3.6,3.6,3.3,3.3,4.1,3.5,3.5,3.5,3.8,3.5,1.3,3.4,1.9,3.3,1.8,4.0,3.1,0.3,0.3,0.3,0.2,0.3,3.4,0.3,1.7,0.3,0.3,0.2,1.0,0.2,0.4,0.2,3.3,1.1,0.3,1.6,5.5,0.2,2.0,0.2,0.2,0.2,2.5,0.2,0.4,0.3,2.8,0.2,1.3,0.5,0.3,1.3,3.0,0.1,1.6,5.6,0.3,0.2,2.3,0.2,1.1,0.3,6.9,0.1,2.7,3.4,0.1,1.8,0.3,1.0,0.3,0.3,0.2,0.3,1.0,0.4,0.3,1.5,0.3,0.3
165,4.0,3.8,3.4,3.3,4.4,3.8,3.4,4.2,4.0,3.5,1.9,3.6,2.0,3.9,1.9,4.1,3.3,0.2,0.3,0.3,0.3,0.3,3.8,0.2,2.0,0.3,0.3,0.2,1.1,0.2,0.5,0.2,3.7,1.5,0.2,1.6,4.7,0.2,1.7,0.2,0.2,0.2,2.6,0.2,0.5,0.3,2.7,0.3,1.2,0.4,0.7,1.2,2.8,0.1,1.6,5.7,0.3,0.2,3.3,0.2,1.2,0.2,7.2,0.2,2.3,3.2,0.2,2.4,0.3,1.0,0.3,0.3,0.4,0.3,1.6,0.3,0.2,1.5,0.4,0.3
166,3.4,3.4,3.5,3.1,5.2,3.5,3.4,4.3,3.7,3.5,1.9,3.4,1.8,3.6,2.0,4.4,3.5,0.2,0.3,0.3,0.3,0.3,3.8,0.4,1.9,0.2,0.3,0.2,1.1,0.3,0.4,0.2,3.1,1.4,0.2,1.8,5.2,0.3,1.7,0.2,0.2,0.2,2.6,0.3,0.5,0.3,3.0,0.2,1.5,0.5,0.1,1.1,2.9,0.5,1.6,5.6,0.3,0.2,2.5,0.2,1.7,0.2,7.2,0.1,3.2,3.4,0.2,1.9,0.3,1.0,0.3,0.3,0.4,0.3,1.3,0.4,0.3,1.6,0.4,0.3
167,3.6,3.1,3.3,3.3,4.7,3.5,3.7,4.3,3.3,3.9,1.9,3.1,1.6,3.1,1.7,3.4,3.4,0.3,0.2,0.3,0.3,0.3,4.3,0.3,2.2,0.3,0.3,0.2,1.1,0.3,0.5,0.4,3.4,1.6,0.2,1.8,5.1,0.2,1.5,0.1,0.1,0.2,2.8,0.1,0.5,0.4,3.9,0.3,1.4,0.5,0.7,1.2,4.1,0.1,2.6,4.8,0.3,0.2,2.2,0.2,1.1,0.2,7.2,0.2,3.0,3.6,0.0,1.9,0.2,1.1,0.3,0.3,0.4,0.2,1.2,0.3,0.1,1.6,0.5,0.3
168,3.7,3.6,3.3,3.5,4.2,3.8,4.0,4.2,3.8,4.8,2.3,3.4,1.8,3.9,1.7,4.1,3.6,0.2,0.3,0.3,0.3,0.3,3.3,0.2,1.9,0.3,0.4,0.3,1.1,0.3,0.4,0.3,3.4,1.7,0.3,1.5,6.3,0.2,1.9,0.2,0.2,0.2,2.7,0.1,0.6,0.4,2.9,0.3,1.3,0.8,0.7,1.1,2.9,0.4,1.6,5.4,0.3,0.2,2.4,0.2,1.2,0.2,7.3,0.2,2.5,3.2,0.2,1.8,0.3,1.0,0.2,0.4,0.4,0.3,1.3,0.4,0.2,1.7,0.7,0.3
169,4.0,3.2,3.3,2.7,4.6,3.5,3.8,4.4,3.5,3.8,1.9,3.6,1.7,3.4,2.0,4.0,3.5,0.2,0.3,0.3,0.2,0.2,4.2,0.2,2.0,0.3,0.2,0.2,1.0,0.2,0.5,0.3,3.4,2.3,0.4,1.5,5.6,0.1,1.7,0.2,0.2,0.2,2.3,0.0,0.5,0.3,2.9,0.2,1.4,0.4,0.3,1.3,3.5,0.2,1.6,5.3,0.2,0.2,2.3,0.2,1.1,0.2,7.8,0.2,2.7,3.4,0.2,1.7,0.3,1.2,0.3,0.3,0.5,0.2,1.3,0.4,0.2,1.7,0.7,0.3
170,4.1,3.3,3.6,3.5,4.1,3.7,3.1,3.9,4.3,4.2,1.9,3.3,2.0,3.6,2.8,3.6,3.8,0.3,0.3,0.3,0.2,0.3,4.3,0.2,2.5,0.3,0.2,0.3,1.0,0.3,0.5,0.2,2.9,2.4,0.4,1.4,5.3,0.2,1.7,0.2,0.2,0.2,2.6,0.2,0.5,0.2,2.8,0.5,1.7,0.3,0.3,1.1,2.9,0.1,1.6,5.6,0.3,0.2,2.7,0.3,1.3,0.2,7.7,0.1,2.3,4.3,0.2,2.6,0.3,1.1,0.3,0.3,0.4,0.3,1.4,0.4,0.3,1.7,0.6,0.3
171,4.0,3.4,3.3,3.7,4.8,4.2,3.6,4.1,3.7,4.2,1.9,3.2,1.8,3.8,1.7,4.1,3.7,0.3,0.3,0.2,0.3,0.3,4.1,0.4,2.0,0.2,0.3,0.3,1.1,0.3,0.5,0.2,2.6,2.5,0.3,1.6,5.0,0.5,1.8,0.2,0.2,0.2,2.5,0.1,0.5,0.3,3.0,0.3,1.7,0.7,0.3,1.1,2.6,0.2,1.3,5.5,0.3,0.2,2.5,0.1,1.4,0.2,7.3,0.1,1.7,3.7,0.2,2.1,0.3,1.2,0.5,0.3,0.4,0.3,1.3,0.6,0.2,1.7,0.5,0.3
172,4.1,3.4,3.6,3.5,4.0,4.0,4.0,4.0,3.8,3.5,1.6,3.6,1.9,3.4,1.5,4.0,3.6,0.3,0.3,0.3,0.2,0.3,3.6,0.5,1.8,0.2,0.2,0.2,1.0,0.3,0.4,0.2,2.9,3.1,0.3,1.6,5.4,0.3,1.9,0.2,0.2,0.2,2.3,0.2,0.4,0.4,3.1,0.2,1.4,0.7,0.3,1.2,3.1,0.3,1.8,5.6,0.4,0.2,2.2,0.1,1.2,0.1,7.3,0.1,2.4,3.5,0.3,2.0,0.3,1.5,0.4,0.3,0.3,0.3,1.5,0.5,0.2,1.8,0.6,0.3
173,3.7,3.6,3.6,3.3,4.4,3.5,4.3,3.7,4.0,3.8,1.9,3.9,1.8,3.5,1.9,3.8,3.4,0.2,0.3,0.3,0.3,0.3,3.7,0.3,2.0,0.2,0.3,0.3,0.9,0.2,0.4,0.2,2.3,2.5,0.6,2.3,4.8,0.2,1.8,0.2,0.2,0.2,2.4,0.2,0.4,0.4,3.2,0.4,1.5,0.6,0.3,1.1,2.9,0.3,1.8,5.4,0.3,0.2,2.4,0.1,1.3,0.1,7.9,0.1,2.6,3.6,0.3,2.0,0.3,1.2,0.6,0.5,0.6,0.3,1.4,0.5,0.2,1.6,0.5,0.3
174,3.4,3.7,3.4,3.1,4.2,4.0,4.2,4.2,3.9,3.8,1.9,3.5,1.8,3.7,1.9,3.9,3.6,0.2,0.3,0.3,0.3,0.3,3.7,0.4,2.0,0.3,0.3,0.3,0.9,0.3,0.5,0.2,2.8,1.3,0.3,1.7,5.3,0.2,1.7,0.2,0.2,0.2,2.6,0.1,0.4,0.3,2.9,0.3,1.5,0.6,0.4,1.2,2.7,0.3,1.3,5.2,0.4,0.2,2.7,0.1,1.3,0.2,6.3,0.2,2.7,4.0,0.3,2.0,0.3,1.2,0.4,0.4,0.4,0.2,1.5,0.5,0.2,1.7,0.6,0.3
175,3.5,3.6,3.3,3.3,4.2,3.5,5.0,4.3,4.1,4.5,2.2,3.3,2.0,3.7,1.7,3.9,3.0,0.3,0.3,0.3,0.2,0.3,3.6,0.3,1.9,0.3,0.2,0.2,0.9,0.2,0.5,0.2,3.3,2.8,0.2,1.9,4.7,0.3,1.7,0.2,0.2,0.1,2.5,0.1,0.5,0.3,3.0,0.4,1.6,0.8,0.2,1.0,3.0,0.3,1.4,5.1,0.3,0.2,2.7,0.2,1.5,0.2,6.0,0.2,2.7,3.9,0.2,2.0,0.3,1.4,0.4,0.4,0.5,0.3,1.5,0.4,0.2,1.7,0.5,0.3
176,4.0,3.5,3.5,3.1,4.2,3.7,4.0,4.0,3.9,4.5,2.2,3.6,2.1,3.5,1.7,4.1,3.0,0.2,0.2,0.3,0.3,0.3,3.8,0.3,2.1,0.3,0.3,0.2,1.0,0.3,0.5,0.2,3.8,2.9,0.3,2.0,5.0,0.2,1.5,0.2,0.2,0.1,2.1,0.2,0.5,0.3,3.0,0.5,1.4,0.7,0.3,0.9,2.9,0.2,1.0,5.3,0.3,0.2,2.8,0.2,1.3,0.1,6.7,0.1,3.1,3.5,0.0,2.1,0.3,1.3,0.3,0.4,0.4,0.2,1.5,0.5,0.2,1.7,0.5,0.3
177,3.8,3.0,3.9,3.7,4.7,4.0,4.1,4.4,3.7,4.2,1.9,3.4,1.9,3.1,1.6,4.3,3.0,0.2,0.3,0.3,0.3,0.3,3.8,0.3,1.8,0.3,0.2,0.2,1.1,0.2,0.4,0.2,2.8,2.5,0.5,1.9,5.2,0.2,1.8,0.2,0.2,0.2,2.3,0.3,0.5,0.3,3.0,0.3,1.5,0.6,0.2,1.0,3.5,0.3,1.5,5.5,0.3,0.2,2.4,0.1,1.3,0.1,7.1,0.1,2.6,4.0,0.1,1.9,0.3,1.1,0.4,0.3,0.4,0.3,1.3,0.6,0.3,1.7,0.5,0.3
178,4.4,3.9,3.4,3.7,4.1,4.0,3.9,4.1,3.9,4.2,1.9,3.6,1.7,3.6,1.8,3.9,3.1,0.2,0.2,0.3,0.2,0.3,4.0,0.4,1.7,0.3,0.2,0.2,0.8,0.2,0.5,0.2,3.6,2.4,0.3,1.9,5.1,0.2,1.5,0.2,0.2,0.2,2.2,0.1,0.4,0.3,3.2,0.4,1.5,0.4,0.4,1.1,3.4,0.3,2.0,5.5,0.3,0.3,3.0,0.2,1.2,0.2,7.2,0.1,2.5,3.7,0.2,1.9,0.3,1.3,0.4,0.3,0.4,0.3,1.6,0.5,0.2,1.8,0.6,0.3
179,4.0,3.8,3.9,3.9,4.4,4.0,3.7,4.3,4.1,4.5,1.9,3.8,2.0,3.7,2.0,4.3,3.2,0.3,0.3,0.3,0.3,0.3,4.3,0.4,2.2,0.3,0.3,0.2,1.2,0.3,0.6,0.2,2.9,2.2,0.5,2.1,5.3,0.2,1.9,0.2,0.2,0.2,2.3,0.3,0.5,0.2,2.8,0.3,1.5,0.5,0.6,1.0,3.5,0.4,1.4,5.6,0.4,0.2,3.3,0.2,1.6,0.1,7.1,0.1,2.2,3.3,0.1,2.0,0.3,1.3,0.4,0.3,0.4,0.2,1.6,0.6,0.3,1.6,0.5,0.2
180,4.6,3.7,3.6,3.7,4.9,4.2,3.5,4.0,3.9,4.5,2.2,3.7,2.2,3.6,1.9,4.0,4.8,0.2,0.3,0.2,0.3,0.3,4.3,0.3,2.4,0.3,0.2,0.2,1.0,0.2,0.5,0.3,4.2,2.6,0.4,2.0,5.1,0.1,1.9,0.2,0.2,0.2,2.2,0.2,0.4,0.3,2.7,0.3,1.4,0.6,0.3,1.4,3.5,0.1,2.4,6.1,0.4,0.2,2.9,0.1,1.6,0.2,7.5,0.1,2.5,3.9,0.1,2.3,0.3,1.3,0.4,0.3,0.4,0.3,1.7,0.6,0.2,1.8,0.6,0.3
181,3.9,3.6,3.6,3.3,4.3,3.7,4.1,3.5,4.0,4.2,2.2,2.8,2.3,3.3,1.6,3.2,3.9,0.3,0.3,0.3,0.4,0.3,4.1,0.4,1.9,0.3,0.3,0.2,1.0,0.2,0.9,0.3,3.2,2.5,0.5,2.8,4.5,0.2,1.4,0.2,0.2,0.1,2.3,0.2,0.4,0.4,3.2,0.6,1.5,0.5,0.5,1.3,3.4,0.4,1.3,5.9,0.4,0.3,2.1,0.1,1.8,0.2,7.4,0.1,2.7,3.2,0.1,2.0,0.3,1.1,0.4,0.4,0.5,0.2,1.7,0.5,0.2,1.7,0.5,0.3
182,4.1,3.6,3.9,3.4,4.2,4.4,4.2,4.3,4.2,4.5,2.2,3.6,2.2,4.2,1.6,3.8,3.9,0.2,0.2,0.3,0.3,0.3,3.8,0.3,2.1,0.3,0.3,0.2,1.0,0.2,0.6,0.4,2.9,3.2,0.5,1.8,5.4,0.2,1.6,0.2,0.2,0.3,2.4,0.2,0.6,0.3,3.1,0.5,1.3,0.6,0.3,1.6,3.3,0.2,2.0,5.6,0.3,0.2,3.0,0.1,1.2,0.2,7.0,0.1,3.0,3.6,0.1,2.0,0.2,1.3,0.4,0.3,0.4,0.2,1.4,0.5,0.2,1.8,0.5,0.3
183,4.6,3.5,3.3,3.4,4.3,4.4,4.2,4.3,4.0,4.2,2.2,3.4,1.7,3.0,1.8,4.4,3.5,0.3,0.3,0.3,0.2,0.3,4.1,0.4,2.1,0.3,0.2,0.2,1.2,0.2,0.5,0.2,3.6,3.8,0.8,2.0,5.4,0.2,2.1,0.2,0.3,0.2,2.6,0.2,0.4,0.3,2.7,0.2,1.3,0.8,0.3,0.8,3.7,0.3,2.4,5.6,0.3,0.1,2.6,0.1,1.1,0.2,7.5,0.1,2.2,4.0,0.4,2.1,0.2,1.3,0.4,0.3,0.4,0.2,1.6,0.5,0.2,1.8,0.5,0.3
184,4.0,4.0,3.2,3.2,4.0,3.7,4.4,4.2,4.7,4.2,2.2,3.8,2.2,3.3,1.8,3.3,3.9,0.3,0.2,0.3,0.2,0.3,4.1,0.2,2.4,0.3,0.2,0.4,1.2,0.3,0.5,0.2,2.7,2.5,0.7,1.7,5.3,0.2,1.7,0.2,0.2,0.2,2.8,0.2,0.4,0.3,3.3,0.5,1.6,0.5,0.3,1.0,3.5,0.3,1.6,5.5,0.3,0.2,2.8,0.2,1.2,0.2,6.1,0.1,2.7,3.2,0.1,1.9,0.3,1.3,0.4,0.3,0.5,0.2,1.5,0.5,0.2,1.7,0.5,0.3
185,3.9,4.0,2.8,3.2,3.9,3.9,4.8,4.0,4.7,3.5,1.6,3.2,1.8,3.7,1.5,3.2,3.6,0.2,0.2,0.3,0.2,0.2,4.0,0.3,2.3,0.3,0.2,0.2,1.2,0.2,0.5,0.2,3.0,2.2,0.7,1.8,4.8,0.2,1.8,0.2,0.2,0.2,2.4,0.2,0.4,0.3,2.6,0.3,1.2,0.6,0.2,1.1,2.8,0.1,1.7,5.5,0.3,0.2,2.9,0.1,1.4,0.2,7.1,0.1,3.1,2.9,0.1,1.7,0.3,1.4,0.4,0.3,0.5,0.2,1.6,0.7,0.2,1.8,0.5,0.3
186,4.0,4.4,3.3,3.7,3.9,4.2,4.1,3.6,4.4,4.2,2.2,3.3,2.1,3.7,1.9,4.1,3.8,0.2,0.2,0.3,0.2,0.2,3.9,0.2,2.2,0.2,0.2,0.2,1.2,0.2,0.5,0.2,3.4,2.3,0.5,2.2,3.9,0.2,1.8,0.2,0.2,0.2,2.3,0.2,0.3,0.2,3.0,0.3,1.4,0.4,0.3,1.2,3.3,0.1,1.7,5.3,0.3,0.2,2.8,0.3,1.5,0.2,7.7,0.1,2.8,4.1,0.1,2.4,0.4,1.3,0.4,0.3,0.5,0.4,1.5,0.5,0.4,1.8,0.5,0.4
187,3.7,3.5,3.3,3.0,4.4,3.7,4.0,4.7,4.2,3.8,1.9,3.1,2.1,3.3,2.3,4.1,3.5,0.2,0.2,0.3,0.2,0.2,4.1,0.3,1.9,0.2,0.2,0.2,0.9,0.2,0.4,0.5,3.4,1.6,1.1,1.6,5.2,0.3,1.9,0.2,0.2,0.2,2.1,0.2,0.3,0.2,2.8,0.5,1.3,0.4,0.3,1.0,3.1,0.1,1.7,5.9,0.3,0.2,2.4,0.2,1.5,0.2,7.4,0.1,3.0,2.9,0.0,1.7,0.2,1.2,0.3,0.3,0.5,0.2,2.0,0.3,0.1,1.8,0.5,0.3
188,4.1,3.8,3.4,3.8,4.3,3.5,4.3,4.0,4.5,4.1,2.2,3.0,1.8,3.4,1.6,4.4,3.5,0.2,0.2,0.3,0.2,0.2,3.8,0.3,2.0,0.3,0.2,0.2,1.1,0.2,0.4,0.2,4.2,2.1,0.6,2.0,5.0,0.2,2.2,0.2,0.2,0.2,2.6,0.2,0.4,0.3,2.8,0.3,1.3,0.6,0.4,1.0,2.6,0.2,1.3,5.5,0.3,0.2,2.8,0.1,1.8,0.2,7.6,0.1,2.9,3.1,0.0,1.6,0.3,1.2,0.3,0.3,0.4,0.3,1.4,0.6,0.2,1.9,0.8,0.3
189,4.2,3.9,3.7,3.6,4.7,3.7,3.7,4.1,4.6,4.5,2.2,3.4,2.1,3.4,2.0,4.2,2.8,0.2,0.2,0.3,0.2,0.2,3.6,0.3,2.2,0.3,0.2,0.3,1.1,0.2,0.4,0.3,4.4,1.7,0.9,2.2,4.7,0.3,1.6,0.2,0.3,0.2,2.3,0.3,0.3,0.4,2.9,0.4,1.7,0.5,0.4,1.0,2.8,0.2,1.3,5.4,0.3,0.2,2.7,0.2,1.3,0.1,5.9,0.1,4.0,3.5,0.1,1.7,0.2,1.2,0.3,0.3,0.4,0.2,1.9,0.5,0.2,1.8,0.6,0.3
190,4.3,3.4,3.8,3.6,3.6,3.9,3.7,4.3,4.1,4.1,2.2,3.4,2.0,3.7,2.0,4.2,3.2,0.3,0.2,0.3,0.2,0.3,4.2,0.4,2.2,0.3,0.2,0.3,1.0,0.2,0.5,0.2,4.4,1.8,1.0,2.0,5.2,0.2,1.9,0.2,0.2,0.2,2.1,0.2,0.5,0.3,2.8,0.5,1.4,0.8,0.2,1.2,3.0,0.2,1.2,5.2,0.3,0.2,2.4,0.1,1.1,0.2,7.1,0.1,3.3,3.1,0.2,2.0,0.3,1.2,0.4,0.4,0.4,0.3,1.0,0.4,0.2,1.9,0.6,0.3
191,3.8,3.7,3.6,3.4,4.2,3.9,3.8,4.1,4.2,3.8,2.6,3.5,2.0,3.8,2.2,4.0,3.2,0.2,0.3,0.3,0.3,0.2,4.1,0.2,2.0,0.3,0.2,0.2,1.0,0.3,0.4,0.2,5.0,1.5,1.0,2.1,5.1,0.3,2.2,0.2,0.2,0.2,2.2,0.2,0.3,0.4,3.0,0.4,1.3,0.5,0.4,1.0,2.8,0.1,1.5,5.5,0.2,0.2,2.2,0.1,1.2,0.2,7.0,0.0,3.0,3.7,0.2,1.9,0.3,1.1,0.4,0.3,0.5,0.2,1.4,0.5,0.2,1.8,0.6,0.3
192,3.9,3.5,3.5,4.2,4.2,3.7,3.5,3.9,4.5,4.8,2.2,3.3,2.3,3.2,2.1,3.8,3.6,0.2,0.2,0.3,0.3,0.3,4.3,0.5,2.2,0.3,0.2,0.3,0.9,0.2,0.3,0.2,4.0,0.3,0.8,1.9,5.9,0.3,2.0,0.2,0.2,0.3,2.2,0.2,0.4,0.3,2.9,0.5,1.8,0.5,0.4,1.0,3.3,0.3,1.3,5.4,0.2,0.2,2.3,0.2,1.1,0.2,7.1,0.1,3.2,3.3,0.2,2.0,0.2,1.2,0.2,0.3,0.3,0.2,1.4,0.3,0.2,1.6,0.5,0.3
193,3.6,3.8,3.6,3.8,4.2,3.7,3.7,3.8,4.6,4.1,2.2,3.6,2.0,3.0,2.3,4.1,3.4,0.2,0.2,0.3,0.3,0.3,4.7,0.4,2.4,0.2,0.2,0.4,1.0,0.2,0.5,0.3,4.4,1.9,0.7,1.9,5.8,0.5,2.2,0.2,0.2,0.2,2.5,0.2,0.3,0.2,3.1,0.4,1.4,0.4,0.4,1.4,3.4,0.1,1.8,5.5,0.3,0.3,2.0,0.1,1.3,0.2,6.8,0.3,3.1,4.2,0.2,2.1,0.3,1.2,0.3,0.4,0.6,0.3,1.6,0.4,0.2,1.7,0.5,0.3
194,3.6,3.9,3.8,3.6,4.4,3.7,3.8,4.2,4.3,3.8,2.2,4.0,2.1,3.3,2.1,4.3,3.4,0.2,0.3,0.3,0.2,0.3,3.7,0.4,2.1,0.3,0.2,0.2,1.0,0.2,0.4,0.2,5.1,1.7,0.5,2.0,5.5,0.4,2.3,0.2,0.2,0.2,2.4,0.3,0.3,0.2,2.9,0.4,2.0,0.7,0.4,1.0,3.4,0.3,1.7,5.2,0.3,0.1,2.4,0.0,1.1,0.2,7.3,0.2,3.2,4.0,0.2,2.3,0.3,1.2,0.4,0.2,0.5,0.3,1.5,0.7,0.3,1.7,0.4,0.3
195,3.5,3.8,3.9,3.4,4.6,3.7,3.6,4.2,4.0,4.1,2.2,3.9,2.2,3.5,1.9,4.2,3.5,0.2,0.3,0.3,0.3,0.3,4.3,0.3,2.2,0.3,0.2,0.3,1.2,0.2,0.5,0.2,4.0,1.3,0.3,1.8,5.7,0.1,2.4,0.2,0.1,0.2,2.3,0.2,0.3,0.3,2.7,0.4,1.4,0.5,0.5,1.1,3.5,0.2,1.8,5.1,0.3,0.2,2.8,0.2,1.4,0.2,5.8,0.1,3.1,3.6,0.2,1.9,0.2,1.1,0.4,0.3,0.5,0.2,1.5,0.4,0.2,1.7,0.5,0.3
196,3.2,4.0,4.2,4.4,4.5,3.9,3.5,3.9,4.0,4.8,1.9,4.0,2.1,3.3,2.0,4.2,3.4,0.2,0.2,0.3,0.3,0.2,4.4,0.2,2.1,0.3,0.2,0.3,1.0,0.2,0.4,0.3,4.3,1.3,0.3,1.3,5.5,0.1,2.3,0.2,0.2,0.2,2.2,0.2,0.4,0.2,2.4,0.4,1.3,0.3,0.4,1.2,3.3,0.3,1.6,5.0,0.3,0.1,2.6,0.1,1.4,0.2,7.9,0.1,3.4,4.0,0.2,2.0,0.3,0.9,0.5,0.3,0.5,0.3,1.5,0.4,0.3,1.7,0.6,0.3
197,3.9,4.2,4.4,3.8,4.6,3.5,3.9,4.1,4.7,4.8,2.2,3.8,2.5,3.3,1.8,4.3,3.2,0.3,0.2,0.2,0.2,0.2,4.6,0.5,1.9,0.2,0.2,0.2,1.1,0.2,0.5,0.2,5.6,2.3,0.5,2.1,5.7,0.2,2.1,0.2,0.1,0.2,2.2,0.1,0.4,0.2,2.8,0.3,1.0,0.4,0.5,1.3,3.4,0.2,2.0,5.4,0.3,0.2,2.8,0.2,1.1,0.2,7.1,0.2,2.7,3.6,0.1,2.1,0.3,1.2,0.3,0.2,0.4,0.3,1.5,0.4,0.2,1.8,0.9,0.3
198,3.7,3.8,4.0,3.8,4.7,4.1,4.1,4.4,4.4,4.4,2.2,3.9,2.4,3.3,1.8,4.2,3.7,0.2,0.2,0.3,0.2,0.2,4.6,0.2,2.1,0.3,0.2,0.2,1.1,0.2,0.5,0.2,4.5,1.5,0.3,2.2,5.4,0.2,2.0,0.2,0.2,0.2,2.5,0.2,0.4,0.2,2.8,0.2,1.3,0.7,0.4,1.0,3.4,0.2,2.0,6.1,0.3,0.2,2.0,0.2,1.6,0.1,7.8,0.1,2.9,3.8,0.1,2.4,0.3,1.1,0.3,0.3,0.6,0.2,1.3,0.4,0.2,1.9,0.7,0.3
199,4.0,4.5,3.2,4.0,4.5,4.2,4.1,4.1,5.2,5.4,2.2,4.0,2.1,4.2,1.8,5.9,3.8,0.2,0.3,0.2,0.2,0.2,4.4,0.2,2.2,0.2,0.2,0.2,1.1,0.2,0.5,0.2,4.9,1.4,0.3,2.5,5.3,0.1,2.2,0.2,0.2,0.2,2.3,0.1,0.3,0.2,3.0,0.2,1.8,0.5,0.3,1.2,3.2,0.1,1.5,5.7,0.3,0.2,2.6,0.2,1.1,0.1,8.4,0.1,2.5,4.2,0.3,2.3,0.2,1.1,0.4,0.3,0.5,0.2,1.5,0.5,0.2,1.8,0.6,0.2
200,3.3,4.1,3.5,3.4,4.7,3.7,4.2,4.4,5.0,3.8,1.9,3.9,2.1,3.7,1.9,4.6,3.6,0.2,0.2,0.3,0.3,0.2,4.5,0.2,2.2,0.3,0.2,0.2,1.2,0.4,0.5,0.3,4.4,1.3,0.3,1.9,5.6,0.1,2.2,0.2,0.2,0.2,2.4,0.1,0.2,0.2,3.2,0.3,1.6,0.5,0.5,1.0,3.6,0.2,1.6,5.6,0.3,0.2,2.6,0.2,1.3,0.2,7.3,0.2,2.5,4.1,0.4,2.3,0.3,1.1,0.4,0.3,0.5,0.3,1.1,0.5,0.2,1.8,0.6,0.3
201,3.4,4.1,3.7,3.4,4.6,3.9,4.0,4.4,5.4,4.1,2.2,3.6,2.2,3.7,1.9,4.6,3.0,0.2,0.2,0.2,0.2,0.2,3.6,0.3,2.1,0.2,0.2,0.2,1.1,0.3,0.5,0.2,4.1,1.0,0.2,2.5,5.7,0.1,2.4,0.2,0.2,0.2,2.2,0.1,0.3,0.2,3.4,0.2,1.8,0.3,0.3,1.2,3.0,0.3,1.5,5.6,0.2,0.2,2.8,0.1,1.2,0.2,7.3,0.2,2.2,3.5,0.1,2.2,0.3,1.1,0.3,0.3,0.5,0.3,1.4,0.3,0.3,1.9,0.6,0.3
202,3.3,4.1,3.7,4.2,4.6,3.4,4.2,4.3,5.4,4.4,2.9,3.3,2.3,3.8,2.1,4.3,3.4,0.2,0.2,0.3,0.2,0.2,3.8,0.2,2.1,0.2,0.2,0.3,1.3,0.3,0.4,0.2,4.6,1.6,0.2,2.7,5.6,0.3,2.6,0.2,0.2,0.2,2.5,0.1,0.3,0.2,3.2,0.1,1.6,0.8,0.3,1.3,3.7,0.1,2.0,5.7,0.4,0.2,2.5,0.2,1.3,0.1,7.7,0.1,2.5,4.1,0.0,2.0,0.2,1.5,0.3,0.4,0.5,0.2,1.6,0.5,0.2,1.6,0.5,0.2
203,3.5,4.1,3.4,3.4,4.7,3.7,4.4,4.5,5.3,3.8,2.2,3.4,2.2,3.3,2.0,4.5,3.5,0.2,0.2,0.2,0.2,0.2,3.7,0.2,1.8,0.2,0.2,0.2,1.2,0.3,0.4,0.2,5.0,1.8,0.2,2.1,5.1,0.1,2.0,0.2,0.2,0.2,2.3,0.1,0.3,0.2,3.1,0.3,1.7,0.5,0.2,1.4,2.8,0.1,1.5,5.4,0.4,0.2,3.1,0.1,1.5,0.1,7.4,0.2,2.9,3.5,0.2,1.6,0.3,1.0,0.4,0.3,0.6,0.3,1.6,0.4,0.2,1.9,0.5,0.4
204,3.3,4.2,3.1,3.2,4.4,3.9,4.7,4.0,5.5,3.8,2.2,3.3,1.9,2.9,1.9,4.2,3.6,0.2,0.2,0.2,0.2,0.2,4.0,0.2,2.0,0.2,0.2,0.2,1.2,0.2,0.5,0.2,4.4,1.6,0.1,2.6,4.5,0.2,2.1,0.2,0.2,0.3,2.6,0.2,0.2,0.2,3.4,0.3,1.8,0.4,0.2,1.3,2.9,0.1,1.8,5.2,0.2,0.2,3.0,0.2,1.4,0.2,5.9,0.1,3.5,3.8,0.2,1.9,0.2,1.1,0.3,0.3,0.5,0.2,1.6,0.6,0.2,1.8,0.6,0.2
205,3.8,4.2,3.8,3.0,4.4,3.9,4.5,4.5,5.5,3.5,1.9,3.3,1.9,4.3,1.8,3.9,3.4,0.2,0.2,0.2,0.2,0.2,3.9,0.2,1.9,0.3,0.2,0.2,1.2,0.3,0.3,0.2,4.7,1.2,0.2,2.8,4.9,0.1,2.2,0.2,0.2,0.2,2.5,0.3,0.4,0.2,3.3,0.2,1.7,0.7,0.4,1.2,3.0,0.1,1.7,5.2,0.3,0.2,2.8,0.1,1.4,0.1,7.5,0.1,3.0,3.5,0.1,1.9,0.3,1.1,0.3,0.3,0.5,0.3,1.4,0.5,0.2,1.6,0.5,0.3
206,3.9,4.3,3.7,3.8,4.3,4.1,4.8,4.3,5.2,4.1,2.2,3.3,1.9,3.4,1.6,4.5,3.5,0.2,0.2,0.2,0.2,0.2,4.2,0.3,2.1,0.2,0.2,0.2,1.3,0.3,0.3,0.2,4.8,1.0,0.2,2.9,5.9,0.1,2.1,0.2,0.2,0.1,2.3,0.1,0.3,0.2,3.3,0.3,1.7,0.4,0.5,1.3,3.1,0.1,2.0,5.6,0.2,0.2,2.6,0.2,1.3,0.1,7.7,0.2,3.1,3.2,0.2,1.9,0.3,1.1,0.4,0.4,0.5,0.2,1.6,0.5,0.2,1.7,0.5,0.3
207,3.6,3.7,4.0,3.8,3.8,4.1,4.9,4.2,5.3,4.1,2.2,3.3,2.1,3.2,2.1,4.5,3.4,0.2,0.3,0.3,0.3,0.3,4.4,0.3,2.1,0.3,0.2,0.2,0.9,0.3,0.4,0.2,4.9,1.2,0.2,2.5,5.2,0.3,2.2,0.2,0.2,0.1,2.3,0.3,0.5,0.2,3.3,0.2,1.6,0.4,0.3,1.1,3.1,0.2,1.9,5.6,0.3,0.2,2.4,0.2,1.3,0.1,8.3,0.2,3.0,3.7,0.2,2.8,0.3,1.1,0.3,0.4,0.5,0.3,1.4,0.5,0.2,1.7,0.6,0.3
208,3.9,3.9,3.3,3.6,5.3,4.6,4.9,4.4,5.4,4.1,2.5,3.1,2.5,3.6,2.3,4.5,3.5,0.2,0.3,0.2,0.2,0.2,4.0,0.3,2.2,0.2,0.2,0.2,1.2,0.2,0.6,0.2,5.4,1.3,0.2,3.0,4.8,0.2,2.4,0.2,0.2,0.1,2.2,0.2,0.3,0.2,3.3,0.2,1.6,0.6,0.4,0.7,3.0,0.1,2.1,5.4,0.3,0.2,2.6,0.3,1.5,0.1,7.9,0.2,3.0,3.8,0.2,2.1,0.3,1.3,0.3,0.5,0.6,0.3,1.5,0.5,0.2,1.7,0.4,0.3
209,4.1,3.9,2.9,4.2,4.6,4.3,4.9,5.0,4.8,4.1,1.9,3.4,2.2,3.6,2.2,5.0,4.0,0.2,0.2,0.2,0.2,0.2,4.3,0.1,2.6,0.3,0.2,0.2,1.2,0.3,0.5,0.3,5.7,1.5,0.3,3.1,5.5,0.2,2.3,0.2,0.2,0.2,2.3,0.2,0.3,0.2,3.4,0.3,1.8,0.6,0.1,1.1,3.3,0.1,1.8,5.6,0.4,0.2,2.6,0.1,1.5,0.1,8.1,0.2,3.2,4.1,0.1,2.1,0.3,0.9,0.2,0.3,0.6,0.2,1.6,0.4,0.2,1.8,0.5,0.3
210,4.1,4.0,3.5,4.0,4.5,3.9,5.1,4.7,5.3,4.4,2.2,3.6,2.1,3.6,2.3,4.8,3.9,0.2,0.3,0.2,0.3,0.2,4.5,0.3,2.1,0.2,0.2,0.2,1.4,0.3,0.5,0.2,5.8,2.0,0.3,2.8,5.1,0.2,2.4,0.2,0.2,0.2,2.3,0.3,0.2,0.3,3.1,0.3,1.8,0.6,0.5,1.2,3.2,0.2,1.8,5.7,0.3,0.2,2.5,0.1,1.1,0.2,8.1,0.1,3.2,3.4,0.2,1.7,0.3,1.3,0.2,0.4,0.5,0.3,1.8,0.4,0.2,1.8,0.5,0.3
211,4.0,4.0,3.8,4.0,4.5,3.9,5.0,4.7,4.7,5.4,2.2,3.5,2.1,3.5,1.9,4.7,3.6,0.2,0.2,0.2,0.3,0.2,3.8,0.3,2.1,0.2,0.2,0.2,1.2,0.3,0.5,0.2,5.1,1.9,0.2,2.9,5.3,0.1,2.7,0.2,0.2,0.2,2.4,0.2,0.2,0.3,3.0,0.2,1.7,0.4,0.4,1.2,3.3,0.1,2.4,5.3,0.4,0.2,2.8,0.1,1.2,0.2,8.0,0.1,3.3,3.3,0.1,2.0,0.3,1.4,0.4,0.4,0.5,0.3,1.4,0.5,0.2,1.8,0.6,0.3
212,3.5,4.9,3.6,4.0,4.2,4.3,5.3,4.6,5.0,4.4,2.2,3.6,2.3,3.8,2.1,5.0,3.6,0.2,0.3,0.2,0.2,0.2,4.1,0.2,2.3,0.2,0.2,0.2,1.2,0.3,0.5,0.2,6.1,1.9,0.2,2.7,5.2,0.1,2.4,0.1,0.1,0.2,2.8,0.1,0.2,0.2,3.1,0.3,1.6,0.4,0.2,1.3,3.4,0.3,2.2,5.3,0.2,0.2,2.5,0.2,1.0,0.2,7.8,0.1,3.4,3.9,0.3,2.3,0.3,1.2,0.2,0.4,0.5,0.2,1.9,0.5,0.2,1.7,0.6,0.3
213,3.4,4.0,2.9,3.4,4.4,4.1,5.3,4.6,4.8,3.8,2.2,3.5,2.1,3.4,2.1,4.8,3.7,0.2,0.2,0.2,0.2,0.2,4.2,0.1,2.5,0.3,0.2,0.2,1.1,0.3,0.4,0.2,5.2,1.9,0.2,3.0,5.2,0.2,2.2,0.1,0.1,0.2,2.4,0.1,0.2,0.1,3.1,0.2,1.6,0.6,0.4,1.1,3.4,0.1,2.3,5.2,0.3,0.3,2.4,0.2,1.5,0.2,7.0,0.2,3.6,3.8,0.1,2.5,0.3,1.4,0.2,0.4,0.6,0.2,1.5,0.6,0.2,1.6,0.5,0.3
214,3.5,4.3,3.2,3.4,5.5,4.1,4.9,4.9,5.4,4.4,1.9,4.0,2.0,3.2,1.8,4.5,3.7,0.2,0.2,0.2,0.3,0.2,4.4,0.2,2.2,0.3,0.2,0.2,1.2,0.3,0.4,0.2,4.4,1.3,0.4,2.5,4.8,0.2,2.4,0.1,0.1,0.1,2.8,0.2,0.2,0.2,3.0,0.2,1.5,0.5,0.4,0.9,3.1,0.1,2.1,5.6,0.3,0.2,2.5,0.1,1.6,0.2,7.6,0.1,3.2,3.8,0.1,2.2,0.3,1.2,0.3,0.4,0.6,0.2,1.5,0.5,0.2,1.6,0.5,0.2
215,3.7,4.4,3.1,4.0,4.8,3.9,4.9,4.2,5.7,4.1,1.9,4.1,2.5,3.9,1.8,4.7,4.3,0.2,0.2,0.3,0.2,0.2,4.1,0.3,2.4,0.3,0.2,0.2,1.1,0.2,0.6,0.2,3.9,1.5,0.2,2.7,5.3,0.2,2.5,0.2,0.2,0.2,3.1,0.3,0.2,0.2,3.5,0.3,2.0,0.6,0.4,1.0,3.3,0.4,2.1,5.4,0.2,0.2,2.6,0.1,1.5,0.3,7.0,0.2,3.0,4.4,0.1,2.6,0.3,1.6,0.2,0.4,0.6,0.3,1.6,0.6,0.3,1.6,0.4,0.3
216,3.8,4.5,2.9,3.8,4.8,4.3,4.8,4.8,5.3,4.4,2.5,3.7,2.0,3.8,1.9,4.7,3.7,0.2,0.2,0.2,0.2,0.2,4.2,0.4,2.2,0.1,0.2,0.2,1.1,0.2,0.6,0.2,5.4,1.3,0.2,3.1,5.1,0.2,2.4,0.1,0.1,0.1,2.7,0.1,0.3,0.2,2.9,0.2,1.6,0.6,0.2,1.3,3.2,0.1,1.9,5.5,0.3,0.2,3.0,0.2,1.4,0.1,6.1,0.1,2.9,3.7,0.1,1.8,0.3,1.3,0.3,0.4,0.6,0.2,1.7,0.5,0.2,1.7,0.5,0.3
217,3.6,4.5,3.1,4.2,4.7,3.6,4.3,5.0,5.1,4.1,2.2,3.7,2.0,3.7,2.4,4.7,3.6,0.2,0.2,0.2,0.2,0.2,4.1,0.3,2.5,0.2,0.2,0.2,1.2,0.2,0.5,0.2,4.5,1.8,0.1,2.1,5.7,0.3,2.6,0.1,0.1,0.2,2.4,0.2,0.3,0.2,3.2,0.3,2.1,0.5,0.3,1.0,3.5,0.1,1.9,5.0,0.2,0.2,3.0,0.2,1.3,0.1,7.3,0.2,3.0,3.8,0.2,2.4,0.2,1.1,0.4,0.4,0.5,0.2,1.6,0.4,0.2,1.9,0.9,0.2
218,3.5,3.7,3.0,4.0,4.9,3.9,4.6,4.7,5.1,4.1,1.9,4.1,2.3,3.1,2.1,4.7,3.6,0.2,0.3,0.2,0.2,0.2,4.1,0.2,2.3,0.3,0.2,0.3,1.1,0.3,0.6,0.2,4.4,1.9,0.3,2.7,5.0,0.2,2.7,0.1,0.2,0.1,2.4,0.2,0.2,0.3,3.2,0.2,1.5,0.4,0.5,1.2,2.9,0.1,1.2,5.6,0.3,0.2,2.5,0.2,1.5,0.1,7.3,0.1,3.4,3.4,0.2,1.9,0.3,1.3,0.2,0.4,0.5,0.2,1.6,0.6,0.2,1.7,0.7,0.3
219,3.8,4.5,3.3,3.8,4.6,3.6,4.5,4.7,5.4,4.1,2.5,3.8,2.3,4.0,2.0,5.0,3.5,0.2,0.2,0.2,0.2,0.2,3.7,0.3,2.5,0.2,0.1,0.2,1.1,0.3,0.5,0.3,4.5,1.7,0.2,3.0,5.1,0.2,1.9,0.1,0.1,0.2,2.2,0.1,0.2,0.3,3.4,0.4,1.6,0.3,0.4,1.1,2.6,0.2,1.8,5.6,0.3,0.2,2.4,0.1,1.4,0.1,7.0,0.1,3.4,3.6,0.1,2.2,0.3,1.4,0.2,0.4,0.7,0.2,1.7,0.4,0.2,1.5,0.6,0.3
220,4.1,4.7,3.6,4.2,4.8,3.9,4.5,4.6,5.5,4.1,1.9,3.9,2.2,4.7,1.9,4.5,3.9,0.2,0.2,0.2,0.3,0.2,4.0,0.3,2.2,0.2,0.2,0.2,1.3,0.3,0.6,0.3,3.7,1.7,0.1,2.4,5.6,0.3,1.9,0.2,0.1,0.2,2.6,0.1,0.1,0.2,3.3,0.4,1.8,0.5,0.4,1.4,3.3,0.2,2.1,5.9,0.3,0.2,2.6,0.2,1.2,0.2,6.9,0.1,3.2,3.7,0.2,2.4,0.3,1.3,0.2,0.3,0.5,0.2,1.6,0.5,0.2,1.8,0.5,0.3
221,3.3,4.1,3.4,4.0,4.4,3.9,3.9,4.5,4.2,4.4,2.5,3.7,2.3,4.0,1.9,4.3,3.5,0.2,0.2,0.2,0.2,0.2,3.7,0.2,2.3,0.2,0.2,0.2,1.2,0.3,0.5,0.3,3.5,1.5,0.1,2.0,5.1,0.1,2.2,0.2,0.2,0.1,2.8,0.1,0.2,0.2,3.5,0.1,1.8,0.4,0.3,1.3,3.6,0.1,1.8,5.3,0.2,0.2,2.5,0.2,1.3,0.2,6.9,0.1,2.8,3.6,0.2,2.5,0.3,1.3,0.2,0.4,0.6,0.2,1.3,0.5,0.2,1.7,0.4,0.2
222,3.6,4.4,3.5,4.0,4.5,3.6,4.3,4.3,4.6,4.4,2.2,3.8,2.2,4.1,2.0,4.2,3.6,0.2,0.3,0.2,0.2,0.2,3.9,0.3,2.7,0.2,0.2,0.2,1.1,0.3,0.6,0.2,2.9,1.1,0.3,1.8,5.8,0.1,2.4,0.2,0.2,0.2,2.5,0.1,0.3,0.2,3.3,0.3,1.5,0.5,0.3,1.3,4.0,0.1,2.3,5.2,0.3,0.2,2.5,0.1,1.4,0.2,5.7,0.1,3.1,3.9,0.2,2.2,0.3,1.3,0.3,0.4,0.5,0.2,1.6,0.5,0.2,1.7,0.4,0.2
223,3.7,4.3,3.4,3.8,4.7,3.9,4.3,4.5,4.6,4.1,2.2,3.9,2.4,4.0,2.4,4.0,3.6,0.2,0.2,0.2,0.3,0.2,4.1,0.2,2.7,0.3,0.2,0.2,1.1,0.3,0.6,0.3,3.0,1.6,0.1,1.9,5.1,0.2,2.3,0.2,0.1,0.2,2.9,0.2,0.3,0.3,3.4,0.2,1.5,0.5,0.3,1.4,3.7,0.2,1.9,5.4,0.3,0.2,2.6,0.1,1.6,0.1,6.4,0.1,3.2,3.8,0.2,2.5,0.3,1.3,0.3,0.5,0.6,0.3,1.6,0.5,0.2,1.5,0.5,0.3
224,4.0,4.3,3.5,3.8,4.6,4.3,4.3,4.5,4.4,4.1,2.2,3.6,2.7,3.9,2.2,3.9,4.0,0.2,0.2,0.2,0.2,0.2,4.2,0.2,2.2,0.1,0.2,0.2,1.2,0.2,0.5,0.3,2.9,1.4,0.4,1.9,5.5,0.2,2.3,0.2,0.2,0.1,2.3,0.1,0.2,0.2,3.2,0.2,1.7,0.5,0.4,1.4,3.7,0.1,2.2,5.4,0.3,0.1,2.4,0.1,1.4,0.1,6.9,0.1,3.3,3.7,0.2,1.9,0.3,2.4,0.4,0.4,0.7,0.2,1.8,0.4,0.2,1.7,0.5,0.3
225,4.1,4.4,3.2,4.0,4.7,4.1,4.5,4.2,4.3,4.1,2.2,3.8,2.2,4.1,2.2,4.3,3.9,0.2,0.2,0.2,0.2,0.2,4.0,0.3,2.2,0.2,0.2,0.2,1.1,0.2,0.4,0.2,3.0,1.7,0.1,1.6,5.9,0.3,2.5,0.2,0.2,0.2,2.7,0.1,0.3,0.3,3.3,0.2,1.4,0.4,0.3,1.4,3.5,0.2,1.9,5.4,0.3,0.1,2.5,0.1,1.3,0.2,6.9,0.1,3.3,3.6,0.3,2.0,0.3,1.4,0.4,0.4,0.6,0.2,1.5,0.4,0.2,1.8,0.5,0.3
226,3.6,4.4,3.3,4.2,4.7,4.1,4.9,4.0,4.0,4.1,2.2,4.7,2.3,3.6,2.3,4.3,4.0,0.2,0.2,0.2,0.3,0.2,4.0,0.2,2.5,0.3,0.2,0.2,1.1,0.2,0.4,0.3,3.6,1.6,0.2,1.7,6.5,0.2,2.5,0.2,0.2,0.1,2.4,0.2,0.3,0.3,3.4,0.3,1.5,0.3,0.3,1.4,3.5,0.3,1.8,5.2,0.3,0.2,2.7,0.2,1.8,0.2,6.7,0.2,3.5,3.7,0.2,2.9,0.3,1.5,0.9,0.4,0.7,0.3,1.5,0.4,0.3,1.8,0.5,0.3
227,4.0,3.9,3.4,4.0,4.2,4.1,4.7,3.9,3.7,4.4,2.2,3.8,2.2,3.7,1.9,4.6,3.4,0.2,0.2,0.2,0.3,0.2,4.3,0.3,2.5,0.2,0.2,0.2,1.2,0.2,0.4,0.3,2.7,2.0,0.2,1.9,5.5,0.3,2.2,0.2,0.2,0.2,2.6,0.2,0.3,0.3,3.2,0.1,1.4,0.3,0.3,1.6,3.8,0.1,2.4,5.3,0.3,0.2,2.6,0.1,1.5,0.2,7.7,0.2,3.5,3.4,0.3,2.2,0.3,1.7,0.4,0.4,0.6,0.3,1.7,0.4,0.2,1.8,0.5,0.3
228,3.7,4.4,3.8,3.8,4.0,3.6,4.4,4.7,4.0,4.1,1.9,4.9,2.4,3.9,2.1,4.5,3.5,0.2,0.3,0.2,0.3,0.2,4.2,0.2,2.5,0.2,0.2,0.2,1.2,0.2,0.6,0.2,3.0,2.4,0.2,1.7,5.9,0.2,2.3,0.2,0.2,0.2,2.3,0.2,0.2,0.2,3.3,0.2,1.4,0.4,0.3,1.3,3.7,0.2,2.1,5.4,0.3,0.2,2.4,0.1,1.7,0.2,7.8,0.2,2.9,4.0,0.1,2.4,0.3,1.5,0.4,0.5,0.7,0.3,1.5,0.4,0.3,1.7,0.4,0.3
229,3.4,5.0,3.2,3.9,4.7,3.8,5.1,4.2,4.3,4.4,2.2,4.2,2.5,4.6,2.2,4.8,3.0,0.2,0.2,0.3,0.3,0.2,4.7,0.4,2.4,0.2,0.2,0.2,1.2,0.2,0.4,0.3,1.7,1.5,0.4,2.3,5.7,0.2,2.1,0.2,0.2,0.2,2.4,0.1,0.2,0.3,2.9,0.3,1.4,0.6,0.4,1.3,3.5,0.5,2.2,5.4,0.3,0.2,2.9,0.2,1.4,0.2,7.4,0.1,3.2,3.8,0.1,1.7,0.3,1.8,0.4,0.4,0.6,0.3,1.6,0.4,0.2,1.8,0.4,0.3
230,3.6,4.5,3.4,3.7,4.8,3.6,3.9,4.5,4.2,4.1,2.2,3.6,2.1,4.0,2.2,4.6,3.4,0.2,0.1,0.2,0.2,0.2,4.2,0.1,2.3,0.2,0.2,0.2,1.3,0.2,0.5,0.3,3.6,0.9,0.3,1.6,5.0,0.1,2.0,0.2,0.2,0.2,2.6,0.1,0.2,0.3,3.3,0.2,1.6,0.6,0.2,1.3,3.7,0.0,2.0,5.2,0.3,0.2,2.6,0.1,1.6,0.1,7.0,0.1,3.3,4.0,0.1,2.2,0.3,1.7,0.3,0.5,0.7,0.2,1.7,0.3,0.2,1.9,0.5,0.3
231,3.3,3.7,3.6,3.4,4.3,3.6,3.9,3.5,4.0,3.5,1.6,3.0,1.9,3.6,1.9,4.2,3.7,0.3,0.2,0.2,0.3,0.2,3.7,0.2,1.9,0.2,0.2,0.2,3.1,0.3,0.9,0.3,2.7,5.5,0.2,1.3,5.0,0.3,1.6,0.2,0.2,0.2,2.5,0.0,0.2,0.4,2.5,0.3,1.4,1.2,0.4,1.2,3.4,0.3,1.5,5.2,0.3,0.2,2.5,0.1,1.3,0.1,4.8,0.1,2.2,2.6,0.2,0.9,0.3,2.1,0.4,0.4,0.7,0.3,1.6,1.2,0.3,1.7,1.0,0.3
232,3.4,3.8,3.6,3.5,4.3,3.7,4.0,3.6,4.1,3.6,1.7,3.1,2.0,3.6,1.9,4.2,3.7,0.3,0.2,0.2,0.3,0.2,3.8,0.2,1.9,0.2,0.2,0.2,3.0,0.3,0.9,0.3,2.7,5.2,0.2,1.3,5.0,0.3,1.6,0.2,0.2,0.2,2.5,0.0,0.2,0.4,2.6,0.3,1.4,1.2,0.4,1.2,3.4,0.3,1.5,5.2,0.3,0.2,2.5,0.1,1.3,0.1,5.0,0.1,2.3,2.7,0.2,1.0,0.3,2.1,0.4,0.4,0.7,0.3,1.6,1.1,0.3,1.7,1.0,0.3
233,3.4,3.8,3.6,3.6,4.4,3.7,4.0,3.7,4.1,3.7,1.7,3.2,2.0,3.7,2.0,4.3,3.7,0.3,0.2,0.2,0.3,0.2,3.9,0.2,2.0,0.2,0.2,0.2,2.8,0.3,0.8,0.3,2.8,4.9,0.2,1.4,5.0,0.3,1.7,0.2,0.2,0.2,2.6,0.0,0.2,0.4,2.7,0.3,1.4,1.1,0.4,1.2,3.4,0.3,1.6,5.3,0.3,0.2,2.5,0.1,1.3,0.1,5.3,0.1,2.4,2.9,0.2,1.1,0.3,2.0,0.4,0.4,0.7,0.3,1.7,1.1,0.3,1.7,0.9,0.3
234,3.5,3.9,3.6,3.6,4.4,3.8,4.1,3.7,4.2,3.7,1.8,3.3,2.1,3.7,2.0,4.3,3.7,0.3,0.2,0.2,0.3,0.2,3.9,0.2,2.0,0.2,0.2,0.2,2.7,0.3,0.8,0.3,2.8,4.5,0.2,1.4,5.0,0.3,1.7,0.2,0.2,0.2,2.6,0.0,0.2,0.4,2.8,0.3,1.5,1.1,0.4,1.2,3.4,0.3,1.6,5.3,0.3,0.2,2.5,0.1,1.3,0.1,5.5,0.1,2.5,3.0,0.2,1.1,0.3,2.0,0.4,0.4,0.7,0.3,1.7,1.0,0.3,1.7,0.9,0.3
235,3.6,4.0,3.6,3.7,4.5,3.8,4.1,3.8,4.3,3.8,1.9,3.4,2.1,3.8,2.1,4.3,3.8,0.3,0.2,0.2,0.3,0.2,4.0,0.2,2.0,0.2,0.2,0.2,2.6,0.4,0.8,0.3,2.9,4.2,0.2,1.4,5.0,0.3,1.8,0.2,0.2,0.2,2.7,0.1,0.2,0.4,2.9,0.3,1.5,1.0,0.4,1.2,3.5,0.3,1.7,5.4,0.4,0.2,2.6,0.1,1.3,0.1,5.8,0.1,2.6,3.1,0.2,1.2,0.3,2.0,0.4,0.4,0.7,0.3,1.7,0.9,0.3,1.7,0.8,0.3
236,3.7,4.0,3.6,3.8,4.5,3.9,4.2,3.9,4.3,3.9,2.0,3.5,2.2,3.8,2.1,4.4,3.8,0.3,0.2,0.2,0.3,0.2,4.1,0.2,2.1,0.2,0.2,0.2,2.4,0.4,0.7,0.3,2.9,3.9,0.2,1.5,5.0,0.3,1.8,0.2,0.2,0.2,2.7,0.1,0.2,0.4,3.0,0.3,1.5,1.0,0.4,1.2,3.5,0.3,1.7,5.4,0.4,0.2,2.6,0.1,1.3,0.1,6.0,0.1,2.7,3.2,0.2,1.3,0.3,1.9,0.4,0.4,0.7,0.3,1.8,0.9,0.3,1.7,0.8,0.3
237,3.7,4.1,3.6,3.9,4.6,4.0,4.2,4.0,4.4,4.0,2.0,3.6,2.2,3.8,2.1,4.4,3.8,0.3,0.2,0.2,0.3,0.2,4.2,0.2,2.1,0.2,0.2,0.2,2.3,0.4,0.7,0.3,3.0,3.6,0.2,1.5,5.0,0.3,1.9,0.2,0.2,0.2,2.7,0.1,0.2,0.4,3.1,0.3,1.5,0.9,0.4,1.2,3.5,0.3,1.7,5.4,0.4,0.2,2.6,0.1,1.3,0.1,6.2,0.1,2.8,3.4,0.2,1.4,0.3,1.9,0.4,0.4,0.7,0.3,1.8,0.8,0.3,1.7,0.7,0.3
238,3.8,4.2,3.6,4.0,4.6,4.0,4.3,4.1,4.5,4.1,2.1,3.7,2.3,3.9,2.2,4.4,3.8,0.3,0.2,0.2,0.3,0.2,4.3,0.2,2.1,0.2,0.2,0.2,2.2,0.4,0.7,0.3,3.0,3.3,0.2,1.5,5.0,0.3,1.9,0.2,0.2,0.2,2.8,0.1,0.2,0.4,3.2,0.3,1.5,0.9,0.4,1.2,3.5,0.3,1.8,5.5,0.4,0.2,2.6,0.1,1.3,0.1,6.5,0.1,2.9,3.5,0.2,1.5,0.3,1.9,0.4,0.4,0.7,0.3,1.8,0.7,0.3,1.7,0.7,0.3
239,3.9,4.2,3.6,4.0,4.7,4.1,4.3,4.1,4.5,4.1,2.2,3.7,2.3,3.9,2.2,4.5,3.8,0.3,0.3,0.3,0.3,0.3,4.3,0.3,2.2,0.2,0.2,0.3,2.0,0.4,0.6,0.4,3.1,2.9,0.2,1.6,4.9,0.2,2.0,0.2,0.2,0.2,2.8,0.1,0.2,0.3,3.2,0.3,1.6,0.8,0.4,1.3,3.5,0.4,1.8,5.5,0.4,0.2,2.6,0.1,1.3,0.2,6.7,0.0,3.1,3.6,0.1,1.5,0.3,1.8,0.3,0.4,0.7,0.2,1.9,0.7,0.2,1.6,0.6,0.3
240,4.0,4.3,3.6,4.1,4.7,4.1,4.4,4.2,4.6,4.2,2.3,3.8,2.4,4.0,2.3,4.5,3.8,0.3,0.3,0.3,0.3,0.3,4.4,0.3,2.2,0.2,0.2,0.3,1.9,0.4,0.6,0.4,3.1,2.6,0.2,1.6,4.9,0.2,2.0,0.2,0.2,0.2,2.9,0.1,0.2,0.3,3.3,0.3,1.6,0.8,0.4,1.3,3.5,0.4,1.9,5.6,0.4,0.2,2.6,0.1,1.3,0.2,7.0,0.0,3.2,3.7,0.1,1.6,0.3,1.8,0.3,0.4,0.7,0.2,1.9,0.6,0.2,1.6,0.6,0.3
241,4.0,4.4,3.6,4.2,4.8,4.2,4.4,4.3,4.7,4.3,2.3,3.9,2.4,4.0,2.3,4.5,3.8,0.3,0.3,0.3,0.3,0.3,4.5,0.3,2.2,0.2,0.2,0.3,1.8,0.4,0.6,0.4,3.2,2.3,0.2,1.6,4.9,0.2,2.1,0.2,0.2,0.2,2.9,0.1,0.2,0.3,3.4,0.3,1.6,0.7,0.4,1.3,3.5,0.4,1.9,5.6,0.4,0.2,2.6,0.1,1.3,0.2,7.2,0.0,3.3,3.9,0.1,1.7,0.3,1.8,0.3,0.4,0.7,0.2,1.9,0.5,0.2,1.6,0.5,0.3
242,4.1,4.4,3.6,4.3,4.8,4.3,4.5,4.4,4.7,4.4,2.4,4.0,2.5,4.0,2.3,4.6,3.8,0.3,0.3,0.3,0.3,0.3,4.6,0.3,2.3,0.2,0.2,0.3,1.6,0.4,0.5,0.4,3.2,2.0,0.2,1.7,4.9,0.2,2.1,0.2,0.2,0.2,2.9,0.1,0.2,0.3,3.5,0.3,1.6,0.7,0.4,1.3,3.5,0.4,1.9,5.6,0.4,0.2,2.6,0.1,1.3,0.2,7.4,0.0,3.4,4.0,0.1,1.8,0.3,1.7,0.3,0.4,0.7,0.2,2.0,0.5,0.2,1.6,0.5,0.3
243,4.2,4.5,3.6,4.4,4.9,4.3,4.5,4.5,4.8,4.5,2.5,4.1,2.5,4.1,2.4,4.6,3.9,0.3,0.3,0.3,0.3,0.3,4.7,0.3,2.3,0.2,0.2,0.3,1.5,0.5,0.5,0.4,3.3,1.7,0.2,1.7,4.9,0.2,2.2,0.2,0.2,0.2,3.0,0.2,0.2,0.3,3.6,0.3,1.6,0.6,0.4,1.3,3.6,0.4,2.0,5.7,0.5,0.2,2.7,0.1,1.3,0.2,7.7,0.0,3.5,4.1,0.1,1.9,0.3,1.7,0.3,0.4,0.7,0.2,2.0,0.4,0.2,1.6,0.4,0.3
244,4.3,4.6,3.6,4.4,4.9,4.4,4.6,4.5,4.9,4.5,2.6,4.2,2.6,4.1,2.4,4.6,3.9,0.3,0.3,0.3,0.3,0.3,4.7,0.3,2.3,0.2,0.2,0.3,1.4,0.5,0.5,0.4,3.3,1.3,0.2,1.7,4.9,0.2,2.2,0.2,0.2,0.2,3.0,0.2,0.2,0.3,3.7,0.3,1.7,0.6,0.4,1.3,3.6,0.4,2.0,5.7,0.5,0.2,2.7,0.1,1.3,0.2,7.9,0.0,3.6,4.2,0.1,1.9,0.3,1.7,0.3,0.4,0.7,0.2,2.0,0.3,0.2,1.6,0.4,0.3
245,4.3,4.6,3.6,4.5,5.0,4.4,4.6,4.6,4.9,4.6,2.6,4.3,2.6,4.2,2.5,4.7,3.9,0.3,0.3,0.3,0.3,0.3,4.8,0.3,2.4,0.2,0.2,0.3,1.2,0.5,0.4,0.4,3.4,1.0,0.2,1.8,4.9,0.2,2.3,0.2,0.2,0.2,3.1,0.2,0.2,0.3,3.8,0.3,1.7,0.5,0.4,1.3,3.6,0.4,2.1,5.8,0.5,0.2,2.7,0.1,1.3,0.2,8.2,0.0,3.7,4.4,0.1,2.0,0.3,1.6,0.3,0.4,0.7,0.2,2.1,0.3,0.2,1.6,0.3,0.3
246,4.4,4.7,3.6,4.6,5.0,4.5,4.7,4.7,5.0,4.7,2.7,4.4,2.7,4.2,2.5,4.7,3.9,0.3,0.3,0.3,0.3,0.3,4.9,0.3,2.4,0.2,0.2,0.3,1.1,0.5,0.4,0.4,3.4,0.7,0.2,1.8,4.9,0.2,2.3,0.2,0.2,0.2,3.1,0.2,0.2,0.3,3.9,0.3,1.7,0.5,0.4,1.3,3.6,0.4,2.1,5.8,0.5,0.2,2.7,0.1,1.3,0.2,8.4,0.0,3.8,4.5,0.1,2.1,0.3,1.6,0.3,0.4,0.7,0.2,2.1,0.2,0.2,1.6,0.3,0.3
247,4.4,5.0,3.6,4.4,5.0,4.5,5.2,5.0,4.8,4.4,2.7,4.2,2.4,4.2,2.4,5.0,3.9,0.2,0.2,0.2,0.2,0.2,5.0,0.4,2.6,0.2,0.2,0.2,1.3,0.2,0.4,0.2,3.3,1.1,0.2,1.6,4.5,0.2,2.2,0.2,0.1,0.2,3.4,0.1,0.2,0.2,3.9,0.1,1.8,0.5,0.4,1.3,3.7,0.2,2.0,6.2,0.4,0.2,2.8,0.1,1.3,0.2,8.9,0.2,3.5,4.6,0.2,2.4,0.3,1.6,0.3,0.5,0.8,0.2,2.0,0.4,0.2,1.7,0.3,0.3
248,4.0,4.6,3.0,4.6,5.0,4.3,5.0,4.8,4.6,4.4,3.0,4.4,2.6,3.9,2.5,4.7,3.6,0.2,0.2,0.3,0.2,0.2,4.2,0.4,2.7,0.2,0.2,0.3,1.0,0.4,0.3,0.3,3.7,1.1,0.2,1.8,4.9,0.3,2.5,0.2,0.2,0.2,3.5,0.2,0.3,0.2,4.1,0.4,1.7,0.4,0.3,1.3,3.3,0.3,1.8,5.6,0.4,0.1,3.5,0.1,1.5,0.2,8.8,0.1,3.4,3.9,0.1,2.3,0.3,1.6,0.3,0.6,0.8,0.2,1.7,0.3,0.2,1.7,0.3,0.3
249,4.4,4.6,3.7,5.0,4.9,4.7,4.8,5.2,4.0,4.4,3.0,4.5,2.8,4.1,2.2,5.0,4.2,0.3,0.2,0.3,0.2,0.2,4.9,0.3,2.9,0.2,0.2,0.3,1.4,0.4,0.5,0.4,2.7,0.5,0.3,1.8,4.7,0.1,2.6,0.2,0.1,0.2,3.2,0.1,0.2,0.3,4.1,0.4,1.8,0.4,0.9,1.8,2.9,0.2,1.4,6.2,0.3,0.2,2.4,0.1,2.0,0.1,8.9,0.2,4.3,4.1,0.3,2.4,0.3,1.5,0.3,0.4,0.8,0.3,1.2,0.4,0.3,2.0,0.4,0.2
250,4.1,4.4,4.3,5.1,5.3,4.1,4.9,4.9,4.3,4.3,3.0,4.1,2.4,4.2,2.6,5.1,4.0,0.2,0.2,0.3,0.3,0.2,4.5,0.4,2.2,0.2,0.2,0.3,1.0,0.3,0.6,0.4,3.7,1.0,0.4,2.0,5.0,0.2,2.4,0.2,0.2,0.1,3.3,0.1,0.2,0.4,4.4,0.3,2.1,0.3,0.6,1.3,3.6,0.1,2.2,6.3,0.3,0.2,3.6,0.1,1.4,0.2,8.4,0.2,3.1,4.1,0.3,2.4,0.4,1.5,0.3,0.7,0.9,0.3,1.6,0.3,0.3,1.8,0.4,0.4
251,3.6,4.8,4.2,4.7,6.0,4.5,5.2,5.0,5.1,4.3,3.3,3.8,2.4,4.2,2.6,5.4,4.1,0.3,0.2,0.3,0.2,0.2,4.7,0.3,2.7,0.2,0.2,0.3,1.1,0.3,0.5,0.2,3.5,0.8,0.2,1.9,5.6,0.1,2.9,0.2,0.2,0.2,3.4,0.1,0.3,0.2,3.8,0.3,1.9,0.2,0.7,1.4,3.6,0.1,2.4,6.3,0.3,0.2,2.9,0.1,1.7,0.1,8.4,0.1,3.1,4.3,0.3,2.4,0.3,1.8,0.2,0.4,0.8,0.3,1.8,0.4,0.3,1.8,0.3,0.3
252,4.1,4.8,4.1,4.7,4.9,4.3,5.0,5.0,4.4,4.7,3.0,4.1,3.1,3.4,2.2,5.2,4.1,0.3,0.2,0.3,0.3,0.2,4.4,0.3,2.5,0.2,0.2,0.3,1.1,0.3,0.5,0.3,3.7,0.8,0.1,2.3,5.0,0.2,2.4,0.2,0.2,0.1,3.2,0.2,0.1,0.3,4.0,0.4,1.9,0.4,0.5,1.3,3.6,0.2,2.4,6.0,0.4,0.2,2.9,0.3,1.5,0.2,8.1,0.2,3.4,4.3,0.3,2.5,0.3,1.5,0.6,0.4,0.8,0.3,1.8,0.3,0.3,1.7,0.3,0.3
253,4.1,4.6,3.2,4.5,4.9,4.5,5.0,4.2,5.0,4.7,3.0,3.8,3.0,4.1,2.5,5.1,3.8,0.3,0.3,0.3,0.3,0.3,4.1,0.3,2.5,0.2,0.3,0.3,1.3,0.4,0.5,0.3,3.5,1.0,0.2,2.0,4.2,0.1,2.3,0.2,0.2,0.2,3.2,0.2,0.1,0.4,4.3,0.2,1.7,0.3,0.4,1.7,3.4,0.3,2.5,5.7,0.6,0.2,2.8,0.3,1.9,0.2,7.4,0.1,3.2,3.6,0.2,2.9,0.3,1.5,0.3,0.5,0.9,0.3,1.7,0.3,0.2,1.8,0.4,0.3
254,3.8,4.4,4.6,5.1,5.1,4.0,5.4,5.1,4.7,4.6,3.3,4.3,2.3,4.6,2.1,5.2,4.0,0.2,0.3,0.2,0.2,0.2,4.6,0.3,2.2,0.2,0.2,0.3,1.1,0.2,0.3,0.2,3.5,0.7,0.1,1.8,5.2,0.2,2.3,0.2,0.2,0.2,3.1,0.1,0.2,0.2,2.7,0.3,1.6,0.4,0.3,1.6,3.4,0.0,1.7,6.2,0.4,0.1,3.0,0.2,1.6,0.2,7.0,0.1,3.1,4.4,0.1,2.7,0.3,1.4,0.3,0.4,0.8,0.3,1.7,0.4,0.3,2.0,0.4,0.4
255,3.9,4.4,3.7,4.7,5.1,4.4,5.1,4.6,4.9,4.3,2.6,4.2,2.4,4.2,3.4,5.3,4.1,0.2,0.3,0.3,0.2,0.2,3.7,0.3,2.8,0.2,0.2,0.3,1.1,0.2,0.3,0.2,4.1,0.6,0.3,2.3,5.1,0.2,3.4,0.2,0.2,0.2,3.3,0.3,0.1,0.3,3.6,0.2,1.7,0.3,0.3,1.8,3.3,0.0,2.0,6.0,0.3,0.2,2.7,0.4,1.7,0.2,7.3,0.1,3.7,4.2,0.2,2.6,0.3,1.3,0.2,0.4,0.8,0.3,1.8,0.4,0.3,1.9,0.4,0.3
256,4.1,4.4,3.2,4.4,4.8,4.0,5.1,4.9,5.0,4.6,2.3,4.7,2.6,4.1,2.9,4.7,3.4,0.2,0.2,0.3,0.2,0.2,4.8,0.2,3.2,0.2,0.2,0.3,1.4,0.3,0.4,0.3,4.2,0.6,0.1,2.1,4.7,0.2,3.0,0.2,0.2,0.2,3.2,0.2,0.2,0.3,3.7,0.1,1.7,0.2,0.4,1.7,4.2,0.2,3.1,5.8,0.3,0.2,2.7,0.2,2.0,0.1,7.4,0.2,3.3,4.0,0.2,2.4,0.3,1.4,0.2,0.4,0.8,0.2,1.7,0.3,0.2,2.0,0.3,0.3
257,4.4,4.3,3.3,4.2,5.1,4.2,4.6,5.0,4.3,4.3,3.0,3.6,2.4,3.6,2.3,4.7,3.6,0.2,0.2,0.2,0.3,0.2,4.6,0.3,2.5,0.2,0.2,0.3,1.5,0.3,0.4,0.2,4.2,0.9,0.1,2.5,5.0,0.2,2.8,0.2,0.3,0.2,3.2,0.2,0.2,0.2,3.5,0.2,1.9,0.6,0.4,1.3,3.5,0.4,2.2,6.0,0.3,0.1,2.7,0.1,1.9,0.1,8.0,0.1,4.1,3.8,0.2,2.3,0.3,1.4,0.3,0.4,0.7,0.3,1.6,0.3,0.2,2.1,0.4,0.3
258,4.4,4.4,3.5,4.8,4.8,4.6,5.5,4.6,4.3,4.3,3.0,4.0,2.6,3.7,2.4,4.9,3.7,0.2,0.1,0.3,0.2,0.2,4.1,0.3,2.4,0.2,0.2,0.2,1.7,0.3,0.4,0.2,4.5,0.6,0.1,2.1,4.8,0.2,2.0,0.2,0.3,0.1,3.2,0.1,0.2,0.3,3.8,0.1,2.0,0.5,0.3,1.5,3.1,0.2,1.6,5.7,0.3,0.2,2.6,0.1,1.7,0.3,7.5,0.1,3.5,3.7,0.2,2.6,0.3,1.3,0.2,0.6,0.8,0.3,1.9,0.3,0.3,2.0,0.5,0.3
259,4.3,4.0,3.1,4.0,5.0,4.6,5.4,4.9,4.0,3.9,2.3,5.0,2.6,4.1,2.2,5.9,4.0,0.1,0.2,0.2,0.3,0.2,4.4,0.3,2.6,0.2,0.2,0.2,1.2,0.2,0.3,0.2,3.9,0.7,0.3,2.0,5.1,0.2,2.4,0.3,0.3,0.2,3.0,0.2,0.2,0.2,3.3,0.4,1.4,0.1,0.3,1.6,3.2,0.3,2.4,5.6,0.3,0.2,2.6,0.1,1.2,0.1,7.1,0.1,2.9,3.8,0.2,2.1,0.2,1.7,0.2,0.4,0.6,0.2,2.2,0.2,0.1,2.0,0.4,0.3
260,4.0,5.8,3.4,4.4,4.6,4.6,5.2,4.4,5.0,3.9,2.9,4.1,2.6,3.5,2.1,4.9,3.8,0.2,0.2,0.2,0.2,0.2,3.8,0.3,2.4,0.2,0.2,0.2,1.1,0.2,0.4,0.3,3.0,0.9,0.2,2.1,4.9,0.3,3.0,0.3,0.3,0.3,2.9,0.2,0.2,0.3,3.6,0.1,1.8,0.5,0.4,1.3,3.8,0.2,2.6,5.2,0.3,0.2,2.4,0.1,1.6,0.2,6.9,0.1,2.3,4.0,0.2,2.8,0.3,1.4,0.3,0.4,0.8,0.3,1.5,0.4,0.3,2.2,0.5,0.3
261,3.7,4.9,3.0,4.0,5.0,4.2,4.9,4.3,4.7,4.3,2.6,4.0,2.8,3.7,2.5,5.1,3.8,0.2,0.2,0.2,0.2,0.2,3.8,0.3,2.2,0.1,0.2,0.2,1.3,0.2,0.3,0.5,3.8,1.1,0.2,2.1,4.8,0.3,2.0,0.3,0.3,0.2,3.1,0.3,0.1,0.3,3.1,0.2,1.9,0.6,0.4,1.2,3.5,0.1,2.4,5.2,0.2,0.1,2.3,0.1,1.6,0.1,6.9,0.1,2.9,4.1,0.3,2.5,0.3,1.6,0.4,0.4,0.7,0.3,1.6,0.3,0.3,2.1,0.5,0.3
262,4.0,4.9,2.9,4.0,4.7,3.9,5.0,4.1,4.3,4.2,2.3,4.0,3.0,3.7,2.1,5.3,3.4,0.2,0.1,0.1,0.2,0.2,3.5,0.2,1.8,0.2,0.1,0.1,1.1,0.2,0.4,0.2,3.5,0.7,0.1,2.1,4.5,0.1,1.9,0.2,0.2,0.2,2.9,0.1,0.1,0.1,3.3,0.5,1.0,0.5,0.1,1.3,3.3,0.1,2.2,5.0,0.2,0.1,2.4,0.2,1.5,0.2,6.3,0.1,3.0,4.0,0.2,2.5,0.3,1.6,0.2,0.5,0.6,0.3,1.6,0.3,0.3,2.0,0.4,0.3
263,4.0,4.0,3.0,3.8,4.8,4.2,4.8,4.4,4.2,4.6,2.3,4.4,2.9,3.6,2.4,4.9,3.6,0.2,0.2,0.2,0.3,0.2,3.1,0.3,2.4,0.1,0.1,0.2,1.2,0.3,0.4,0.2,3.7,0.9,0.2,1.8,4.2,0.2,1.7,0.2,0.2,0.2,2.9,0.2,0.1,0.2,3.5,0.4,1.5,1.1,0.2,1.2,3.6,0.3,2.1,4.9,0.4,0.1,2.6,0.2,1.4,0.1,6.8,0.1,3.5,3.6,0.1,1.9,0.3,1.5,0.2,0.5,0.6,0.3,1.9,0.2,0.3,2.1,0.4,0.3
264,3.6,4.1,2.9,4.2,5.2,4.2,4.6,4.3,4.3,4.3,2.6,4.3,2.9,3.5,2.6,5.1,3.7,0.2,0.2,0.2,0.3,0.2,3.5,0.3,2.7,0.2,0.2,0.2,1.1,0.3,0.3,0.2,3.6,0.8,0.3,2.6,4.7,0.3,2.0,0.2,0.2,0.2,2.9,0.2,0.2,0.3,2.9,0.2,1.8,0.4,0.3,1.4,3.3,0.2,1.8,4.7,0.2,0.2,2.4,0.2,1.5,0.0,7.1,0.0,3.4,4.1,0.2,2.9,0.3,1.5,0.4,0.5,0.7,0.3,1.6,0.3,0.2,2.1,0.6,0.3
265,4.2,5.6,3.2,4.0,4.9,4.8,4.3,4.3,4.3,3.6,2.3,4.3,2.2,3.5,2.3,5.2,3.9,0.2,0.2,0.2,0.2,0.2,3.9,0.3,1.6,0.1,0.1,0.2,1.7,0.2,0.3,0.2,4.4,0.6,0.2,2.1,4.8,0.2,2.1,0.2,0.2,0.2,3.0,0.1,0.2,0.2,2.3,0.4,1.4,0.3,0.1,1.4,4.1,0.3,1.9,4.8,0.2,0.1,2.7,0.2,1.2,0.1,7.2,0.2,3.8,3.5,0.3,2.2,0.2,1.5,0.2,0.4,0.6,0.2,2.1,0.4,0.2,1.9,0.6,0.3
266,3.5,3.9,2.8,4.6,4.7,5.0,4.4,4.2,4.0,3.9,2.3,4.4,3.0,3.1,2.2,4.8,3.8,0.2,0.1,0.2,0.2,0.2,4.0,0.3,2.4,0.2,0.1,0.1,1.2,0.3,0.4,0.2,4.4,1.1,0.3,2.9,4.4,0.2,1.9,0.1,0.2,0.1,3.2,0.2,0.2,0.2,2.9,0.3,1.5,0.3,0.5,1.0,3.9,0.1,2.0,4.6,0.1,0.2,2.7,0.1,1.5,0.2,7.7,0.3,3.5,3.7,0.3,2.1,0.3,1.7,0.2,0.4,0.7,0.2,1.6,0.4,0.2,1.7,0.4,0.3
267,3.7,4.0,2.9,4.6,4.8,4.1,4.2,4.3,4.0,4.2,2.3,4.3,3.3,3.2,2.2,4.7,3.3,0.1,0.1,0.2,0.2,0.2,4.0,0.3,2.0,0.2,0.1,0.1,1.3,0.2,0.4,0.2,3.6,1.7,0.2,2.5,5.0,0.1,1.9,0.1,0.2,0.1,2.5,0.2,0.2,0.2,3.5,0.2,1.4,0.6,0.2,0.9,3.0,0.0,2.2,4.7,0.2,0.1,2.5,0.1,1.6,0.2,7.2,0.2,3.0,4.2,0.2,2.5,0.2,1.6,0.2,0.5,0.6,0.2,1.5,0.4,0.2,1.9,0.4,0.2
268,3.7,3.5,3.4,4.8,5.0,3.9,4.7,4.5,3.8,4.5,2.3,4.1,2.2,3.0,2.0,4.4,4.0,0.2,0.2,0.2,0.2,0.2,3.8,0.4,2.2,0.2,0.1,0.1,1.1,0.3,0.4,0.2,3.7,1.2,0.3,1.7,4.9,0.2,1.9,0.2,0.2,0.2,2.8,0.1,0.2,0.2,2.6,0.3,1.3,0.4,0.1,1.5,3.2,0.0,2.0,5.2,0.3,0.2,2.5,0.1,1.4,0.1,6.7,0.1,3.1,3.5,0.2,2.1,0.3,1.6,0.2,0.4,0.6,0.2,1.6,0.4,0.2,1.9,0.5,0.3
269,3.5,4.3,3.2,4.2,5.4,4.6,4.6,4.4,4.2,3.9,2.9,4.1,3.0,3.7,2.1,4.9,4.0,0.2,0.2,0.2,0.2,0.2,4.3,0.1,2.7,0.2,0.2,0.2,1.3,0.3,0.4,0.2,4.5,1.1,0.1,2.2,4.7,0.1,2.7,0.1,0.1,0.2,2.7,0.1,0.1,0.3,2.0,0.2,1.1,0.4,0.2,1.4,2.2,0.3,1.9,4.5,0.3,0.2,2.7,0.1,1.4,0.1,6.3,0.1,3.4,3.6,0.1,2.7,0.3,1.7,0.3,0.5,0.6,0.2,1.8,0.4,0.2,1.8,0.5,0.3
270,3.4,3.6,2.9,4.1,5.0,4.3,4.4,4.4,3.6,4.2,2.2,4.6,2.6,2.9,1.7,4.9,3.5,0.2,0.3,0.2,0.1,0.2,3.9,0.3,2.2,0.2,0.1,0.2,1.4,0.4,0.5,0.2,4.1,1.5,0.1,2.6,4.7,0.2,2.2,0.2,0.1,0.2,2.3,0.1,0.2,0.2,2.5,0.4,1.5,0.3,0.3,1.1,3.0,0.0,1.9,4.6,0.4,0.2,2.6,0.2,1.4,0.1,7.8,0.2,4.0,4.2,0.4,2.2,0.2,1.7,0.3,0.4,0.6,0.2,1.7,0.3,0.2,1.8,0.4,0.2
271,3.4,3.4,2.7,3.4,4.8,3.7,4.3,3.9,3.9,3.2,2.6,4.1,2.5,2.9,1.9,4.5,3.2,0.3,0.1,0.2,0.2,0.2,3.6,0.2,1.9,0.2,0.2,0.2,1.4,0.3,0.4,0.2,4.0,1.2,0.3,2.5,4.7,0.2,2.1,0.2,0.2,0.2,2.4,0.2,0.2,0.3,2.7,0.3,1.7,0.4,0.1,1.0,3.0,0.2,1.8,4.5,0.3,0.2,2.5,0.2,1.4,0.1,5.6,0.2,3.5,3.4,0.3,2.1,0.2,1.6,0.2,0.5,0.6,0.2,1.5,0.3,0.2,1.8,0.6,0.2
272,3.7,3.5,3.0,4.1,4.8,3.9,4.3,4.5,3.4,4.2,1.9,3.6,2.6,2.9,2.0,4.9,3.8,0.1,0.3,0.2,0.2,0.2,3.7,0.5,2.3,0.2,0.2,0.2,1.4,0.2,0.4,0.2,4.1,1.1,0.2,2.6,4.6,0.1,2.1,0.2,0.1,0.2,2.4,0.2,0.2,0.3,2.0,0.6,1.0,0.4,0.4,1.3,2.9,0.3,2.0,4.5,0.3,0.2,2.7,0.1,1.3,0.1,6.9,0.1,3.5,3.6,0.2,1.9,0.2,1.4,0.2,0.3,0.5,0.2,1.7,0.5,0.2,1.7,0.3,0.2
273,4.2,3.9,3.4,4.3,4.4,3.7,4.6,3.9,4.0,3.9,2.3,4.1,2.5,3.0,2.1,4.8,3.2,0.2,0.2,0.2,0.3,0.2,3.8,0.3,1.9,0.2,0.2,0.2,1.2,0.2,0.4,0.2,3.5,1.4,0.1,2.2,3.8,0.2,1.7,0.2,0.2,0.1,2.5,0.1,0.3,0.2,2.4,0.3,1.4,0.4,0.1,1.3,3.2,0.3,1.6,4.4,0.3,0.2,2.5,0.1,1.5,0.2,6.1,0.2,3.4,3.7,0.2,2.1,0.2,1.5,0.3,0.5,0.6,0.2,1.5,0.3,0.2,1.8,0.3,0.2
274,3.5,3.6,3.0,3.9,4.3,3.9,4.2,4.2,4.1,3.9,2.3,3.7,2.3,2.8,1.6,4.2,3.3,0.1,0.2,0.3,0.2,0.2,3.8,0.3,2.4,0.2,0.2,0.1,1.1,0.3,0.3,0.2,3.2,1.0,0.4,2.3,4.7,0.1,2.1,0.1,0.2,0.1,2.6,0.1,0.3,0.3,1.6,0.3,1.4,0.6,0.2,1.4,2.8,0.3,1.5,4.7,0.3,0.2,2.8,0.1,1.7,0.2,6.2,0.1,2.2,3.3,0.3,1.8,0.2,1.5,0.3,0.4,0.5,0.2,1.6,0.4,0.1,1.8,0.3,0.2
275,3.0,3.4,3.2,3.9,3.9,3.9,3.7,4.2,3.7,3.9,2.3,3.8,2.3,3.0,1.9,4.2,3.0,0.2,0.3,0.2,0.2,0.2,4.3,0.1,2.1,0.3,0.2,0.2,1.3,0.2,0.4,0.2,3.0,1.0,0.2,2.3,4.6,0.1,2.0,0.2,0.2,0.2,2.6,0.2,0.3,0.2,2.3,0.3,1.6,0.5,0.1,1.3,3.0,0.3,1.7,3.9,0.3,0.2,2.6,0.1,1.4,0.2,5.8,0.1,2.7,3.6,0.2,1.9,0.3,1.4,0.3,0.4,0.6,0.2,1.6,0.4,0.2,1.8,0.4,0.3
276,3.2,3.4,2.7,3.9,4.1,3.9,4.4,4.2,3.7,3.9,2.3,3.7,2.3,2.6,1.7,4.5,3.0,0.2,0.3,0.2,0.2,0.2,4.1,0.2,2.1,0.2,0.2,0.2,1.3,0.3,0.3,0.2,2.8,0.8,0.3,1.7,4.4,0.1,1.9,0.2,0.2,0.2,3.0,0.1,0.3,0.2,2.5,0.2,1.1,0.4,0.2,1.2,3.2,0.3,1.9,4.7,0.3,0.2,2.6,0.1,1.5,0.1,6.7,0.2,2.9,3.5,0.2,2.0,0.3,1.5,0.3,0.4,0.6,0.2,1.6,0.4,0.2,1.9,0.5,0.3
277,3.2,3.6,3.9,3.7,4.5,3.7,4.5,3.7,3.8,4.2,2.6,3.8,2.4,3.6,2.0,4.9,3.8,0.4,0.2,0.2,0.2,0.2,3.6,0.2,2.0,0.4,0.2,0.3,1.1,0.2,0.3,0.2,3.2,1.1,0.2,2.3,4.6,0.2,1.7,0.1,0.1,0.1,2.4,0.3,0.3,0.3,2.4,0.1,1.8,0.5,0.3,1.2,2.9,0.1,1.4,4.6,0.3,0.2,2.6,0.1,1.3,0.2,6.7,0.1,2.6,3.8,0.4,2.9,0.3,1.4,0.2,0.4,0.6,0.3,1.5,0.3,0.2,2.0,0.4,0.3
278,3.7,3.7,3.3,3.9,4.4,3.6,5.1,4.2,3.6,3.9,1.9,3.8,1.9,3.3,2.1,4.7,3.1,0.2,0.3,0.2,0.2,0.2,3.5,0.3,2.1,0.2,0.2,0.2,1.3,0.3,0.4,0.2,3.3,0.9,0.1,2.2,4.6,0.1,1.8,0.1,0.1,0.1,2.5,0.2,0.4,0.1,3.0,0.5,1.6,0.4,0.2,1.2,3.2,0.4,1.7,4.7,0.3,0.2,2.1,0.1,1.4,0.1,7.1,0.1,3.0,3.8,0.2,2.4,0.2,1.4,0.2,0.4,0.5,0.2,1.4,0.3,0.2,2.0,0.5,0.2
279,3.4,3.3,2.9,3.7,4.4,3.4,4.1,3.4,3.7,3.5,2.2,4.0,2.1,2.9,1.7,4.3,2.9,0.2,0.2,0.2,0.2,0.2,3.8,0.2,2.2,0.2,0.2,0.1,1.2,0.3,0.4,0.2,3.1,1.2,0.3,1.7,4.1,0.2,1.8,0.2,0.2,0.2,2.2,0.1,0.3,0.3,2.7,0.1,1.4,0.3,0.1,1.3,3.1,0.4,1.2,4.9,0.3,0.1,2.4,0.1,1.3,0.1,7.6,0.1,2.9,3.1,0.2,1.5,0.3,1.6,0.2,0.4,0.5,0.2,1.5,0.5,0.2,1.9,0.3,0.3
280,3.7,3.8,2.9,3.7,4.5,3.6,4.5,3.5,3.8,3.5,2.3,3.7,1.9,3.0,2.0,5.2,3.0,0.2,0.2,0.2,0.3,0.2,3.6,0.5,1.8,0.2,0.2,0.2,1.3,0.2,0.6,0.2,2.3,0.8,0.3,2.1,4.0,0.1,2.2,0.2,0.2,0.2,2.5,0.2,0.2,0.2,2.5,0.2,1.3,0.7,0.3,1.1,2.7,0.3,1.5,4.5,0.5,0.2,2.5,0.1,1.3,0.2,5.9,0.1,3.2,3.4,0.3,2.4,0.3,1.2,0.2,0.4,0.6,0.2,1.6,0.3,0.2,1.5,0.4,0.3
281,3.7,3.7,2.9,4.7,4.1,4.1,4.9,3.6,4.1,3.5,2.2,4.0,2.2,3.1,1.8,4.1,3.5,0.2,0.2,0.2,0.2,0.2,3.2,0.3,2.0,0.2,0.2,0.1,1.3,0.2,0.7,0.2,2.9,1.1,0.3,2.1,4.8,0.2,2.3,0.2,0.2,0.1,2.5,0.1,0.2,0.2,2.8,0.1,1.6,0.6,0.1,1.0,3.1,0.2,1.9,4.5,0.3,0.2,2.4,0.1,1.6,0.1,6.8,0.2,2.8,3.9,0.3,2.3,0.2,1.2,0.2,0.3,0.5,0.2,1.5,0.4,0.2,1.8,0.4,0.3
282,3.5,3.4,3.1,3.7,4.0,3.2,3.4,3.2,3.8,3.5,2.6,2.9,1.9,2.9,1.7,4.1,3.2,0.1,0.2,0.2,0.2,0.2,3.2,0.2,2.2,0.2,0.2,0.2,1.4,0.2,0.4,0.2,3.0,1.2,0.3,1.7,3.7,0.3,1.6,0.2,0.1,0.2,2.6,0.2,0.2,0.2,2.5,0.1,1.2,0.4,0.2,1.4,2.9,0.1,1.7,4.1,0.1,0.1,2.6,0.1,1.4,0.2,5.3,0.1,2.6,3.4,0.2,2.4,0.3,1.3,0.2,0.4,0.5,0.2,1.3,0.4,0.2,1.6,0.3,0.3
283,3.2,3.6,3.6,4.1,3.9,3.6,3.7,3.2,3.8,3.8,1.6,3.1,2.2,2.9,1.7,4.2,3.3,0.2,0.2,0.2,0.2,0.2,3.2,0.2,1.7,0.1,0.1,0.2,1.2,0.3,0.5,0.2,3.0,0.9,0.2,1.7,4.1,0.1,1.6,0.2,0.2,0.2,2.4,0.2,0.1,0.2,2.6,0.2,1.6,0.7,0.4,1.3,3.0,0.2,1.6,4.1,0.2,0.2,2.1,0.1,1.3,0.2,5.1,0.1,3.1,3.8,0.1,2.4,0.3,1.1,0.2,0.3,0.5,0.3,1.7,0.3,0.2,1.7,0.5,0.3
284,3.3,3.1,3.1,4.1,4.1,3.0,3.9,3.5,3.7,3.8,1.9,3.5,2.1,3.0,1.6,4.1,2.9,0.2,0.2,0.2,0.2,0.2,3.7,0.1,1.5,0.2,0.1,0.2,1.5,0.4,0.4,0.2,3.0,1.0,0.5,1.3,4.1,0.1,1.5,0.2,0.2,0.1,2.3,0.1,0.1,0.2,2.9,0.1,1.4,0.7,0.2,1.2,2.6,0.1,0.8,4.5,0.3,0.2,2.4,0.1,1.2,0.1,6.1,0.2,2.9,3.9,0.2,2.8,0.2,1.2,0.2,0.4,0.5,0.2,1.6,0.4,0.2,1.6,0.4,0.3
285,3.3,3.8,3.0,3.9,4.8,3.6,4.0,3.7,3.5,3.8,2.2,3.7,2.0,3.2,1.6,4.1,3.2,0.2,0.2,0.2,0.2,0.2,4.1,0.1,1.7,0.2,0.2,0.2,1.2,0.3,0.4,0.2,3.5,0.9,0.3,1.9,4.1,0.2,1.6,0.1,0.1,0.2,2.2,0.2,0.1,0.1,2.8,0.4,1.2,0.4,0.4,1.2,2.9,0.1,1.7,4.6,0.1,0.1,2.9,0.1,1.0,0.1,6.5,0.2,3.0,4.1,0.3,2.5,0.3,1.1,0.2,0.4,0.5,0.2,1.4,0.4,0.2,1.7,0.3,0.3
286,3.3,3.6,2.9,3.9,4.0,4.0,4.1,3.8,3.3,3.8,1.9,3.4,2.0,3.0,1.8,4.5,3.5,0.2,0.2,0.2,0.2,0.2,3.4,0.1,1.7,0.2,0.2,0.2,1.3,0.2,0.4,0.2,3.1,1.5,0.2,1.7,3.9,0.3,1.6,0.2,0.2,0.2,2.3,0.2,0.1,0.1,2.4,0.2,1.2,0.6,0.2,1.0,2.9,0.3,1.6,4.3,0.2,0.2,2.1,0.1,1.3,0.0,6.5,0.2,3.0,4.1,0.1,2.9,0.2,1.0,0.2,0.3,0.5,0.2,1.6,0.4,0.2,1.7,0.3,0.3
287,3.1,3.7,2.8,4.5,4.3,4.3,3.9,3.1,3.7,3.8,1.3,3.0,2.0,3.0,1.7,4.3,3.6,0.2,0.2,0.2,0.2,0.2,3.2,0.3,1.9,0.1,0.2,0.2,1.2,0.1,0.4,0.2,3.3,1.2,0.3,1.8,4.1,0.4,1.7,0.1,0.1,0.1,2.3,0.1,0.1,0.2,2.6,0.2,1.1,0.3,0.3,1.1,2.8,0.0,1.5,4.3,0.3,0.2,2.3,0.1,1.5,0.1,6.5,0.1,2.4,3.8,0.1,2.5,0.3,0.9,0.2,0.3,0.5,0.3,1.5,0.4,0.2,1.6,0.3,0.4
288,3.4,4.4,2.8,3.5,4.4,3.6,3.6,3.3,4.5,1.9,1.9,3.2,2.0,3.7,1.9,4.2,3.3,0.2,0.2,0.2,0.2,0.2,3.1,0.1,1.4,0.2,0.2,0.2,1.3,0.3,0.5,0.2,3.4,1.9,0.3,1.5,4.0,0.2,1.4,0.2,0.2,0.2,2.2,0.2,0.1,0.1,2.6,0.2,1.2,0.5,0.3,1.1,3.0,0.1,1.6,4.1,0.2,0.2,2.5,0.2,1.4,0.2,5.4,0.2,2.3,3.9,0.1,2.9,0.2,1.0,0.2,0.3,0.4,0.2,1.7,0.5,0.2,1.7,0.3,0.3
289,3.7,3.2,2.6,3.9,4.4,3.4,4.1,4.0,3.2,4.2,2.6,3.7,1.9,2.6,1.6,3.9,3.2,0.2,0.2,0.2,0.3,0.2,3.8,0.3,2.4,0.2,0.2,0.2,1.3,0.3,0.5,0.2,2.7,0.6,0.4,2.2,4.2,0.2,2.0,0.2,0.2,0.1,2.5,0.2,0.2,0.1,2.7,0.3,1.5,0.5,0.3,1.1,2.7,0.1,2.0,4.3,0.3,0.2,2.2,0.1,1.3,0.2,5.9,0.2,2.7,4.0,0.0,2.9,0.2,1.1,0.1,0.4,0.4,0.2,1.6,0.4,0.2,1.7,0.3,0.3
290,3.4,3.4,2.6,3.7,4.2,3.6,3.5,3.4,3.7,3.8,1.9,3.4,2.2,3.0,1.7,3.9,3.1,0.1,0.2,0.2,0.2,0.2,3.7,0.1,1.7,0.2,0.2,0.2,1.1,0.3,0.6,0.2,3.6,0.9,0.2,1.8,4.2,0.2,2.2,0.2,0.2,0.2,2.7,0.1,0.1,0.2,2.7,0.2,1.0,0.5,0.2,1.1,2.8,0.2,1.6,4.7,0.2,0.2,2.2,0.1,1.3,0.2,6.6,0.1,2.9,3.6,0.1,2.6,0.2,1.0,0.6,0.3,0.4,0.2,1.5,0.4,0.2,1.6,0.4,0.2
291,3.4,3.2,2.7,3.7,4.2,3.8,3.8,3.6,3.7,4.1,2.2,3.2,2.2,3.0,1.6,3.5,3.3,0.2,0.2,0.1,0.1,0.1,3.8,0.1,2.1,0.2,0.1,0.1,1.1,0.3,0.5,0.2,3.0,1.2,0.1,2.3,3.7,0.1,2.0,0.2,0.2,0.1,2.4,0.1,0.1,0.2,2.8,0.3,1.2,0.6,0.2,1.4,3.0,0.2,1.8,4.6,0.2,0.2,2.3,0.1,1.3,0.1,6.5,0.2,2.6,3.7,0.0,2.5,0.2,1.0,0.3,0.3,0.5,0.2,1.5,0.4,0.1,1.6,0.5,0.3
292,3.3,3.7,2.3,3.9,4.4,3.8,3.5,3.2,3.8,3.8,2.2,3.2,1.6,3.1,1.8,4.7,3.4,0.2,0.2,0.2,0.2,0.2,3.6,0.1,1.9,0.2,0.2,0.2,1.3,0.3,0.5,0.2,3.9,1.2,0.3,2.0,4.4,0.2,2.0,0.1,0.1,0.1,2.1,0.1,0.2,0.2,3.0,0.3,1.1,1.0,0.3,1.3,2.9,0.1,1.6,4.9,0.2,0.1,2.5,0.2,1.3,0.1,6.8,0.1,2.7,3.7,0.1,2.5,0.3,1.1,0.2,0.8,0.5,0.2,1.5,0.3,0.2,1.6,0.4,0.3
293,3.8,4.6,3.1,4.8,4.1,3.4,3.5,3.1,4.4,4.5,2.2,4.4,2.3,3.3,1.7,4.0,3.0,0.2,0.2,0.2,0.2,0.2,3.4,0.3,1.9,0.3,0.1,0.1,1.4,0.2,0.6,0.2,3.1,1.0,0.2,2.0,4.3,0.2,2.1,0.2,0.2,0.1,2.2,0.1,0.1,0.2,2.9,0.4,1.2,0.3,0.2,1.4,3.0,0.2,1.6,4.7,0.3,0.1,2.3,0.1,1.5,0.2,7.6,0.1,2.9,3.0,0.1,2.1,0.3,0.8,0.2,0.8,0.6,0.3,1.4,0.4,0.2,1.8,0.4,0.3
294,3.4,3.6,2.7,3.9,3.9,3.2,3.8,3.6,3.7,3.5,2.2,3.3,1.9,3.0,1.6,3.9,3.0,0.2,0.2,0.2,0.2,0.2,3.4,0.2,2.0,0.3,0.1,0.1,1.6,0.2,0.5,0.2,3.4,1.6,0.1,2.1,4.2,0.2,1.9,0.2,0.2,0.2,2.1,0.1,0.2,0.3,3.4,0.2,1.5,0.5,0.3,1.2,2.8,0.2,1.2,4.5,0.3,0.2,2.0,0.1,1.5,0.1,6.1,0.2,2.4,2.0,0.2,1.9,0.3,0.8,0.2,0.4,0.5,0.2,1.4,0.3,0.2,1.6,0.4,0.3
295,3.4,3.4,2.5,3.5,3.9,3.6,3.9,3.6,3.7,3.5,1.9,3.4,1.9,2.9,1.7,3.9,3.1,0.2,0.2,0.1,0.2,0.2,3.8,0.1,1.8,0.2,0.1,0.2,1.4,0.2,0.5,0.2,3.0,1.5,0.1,2.0,4.1,0.2,0.9,0.2,0.2,0.2,2.6,0.1,0.3,0.1,3.1,0.4,1.3,0.5,0.3,1.4,2.6,0.1,1.4,4.5,0.2,0.1,2.3,0.1,1.5,0.1,5.7,0.1,2.2,3.4,0.1,2.0,0.2,0.8,0.3,0.4,0.5,0.2,1.4,0.3,0.2,1.4,0.3,0.2
