Hires: Total nonfarm in Alabama,Layoffs and Discharges: Total nonfarm in Alabama,Hires: Total nonfarm in Alaska,Layoffs and Discharges: Total nonfarm in Alaska,Hires: Total nonfarm in Arizona,Hires: Total nonfarm in California,Hires: Total nonfarm in Colorado,Quits: Total nonfarm in Colorado,Hires: Total nonfarm in Connecticut,Job Openings: Total nonfarm in Connecticut,Hires: Total nonfarm in Delaware,Hires: Total nonfarm in District of Columbia,Quits: Total nonfarm in District of Columbia,Hires: Total nonfarm in Florida,Hires: Total nonfarm in Georgia,Layoffs and Discharges: Total nonfarm in Georgia,Hires: Total nonfarm in Hawaii,Quits: Total nonfarm in Hawaii,Hires: Total nonfarm in Illinois,Quits: Total nonfarm in Illinois,Hires: Total nonfarm in Indiana,Hires: Total nonfarm in Kansas,Hires: Total nonfarm in Kentucky,Hires: Total nonfarm in Louisiana,Quits: Total nonfarm in Louisiana,Layoffs and Discharges: Total nonfarm in Maine,Quits: Total nonfarm in Maine,Hires: Total nonfarm in Maryland,Quits: Total nonfarm in Maryland,Hires: Total nonfarm in Massachusetts,Quits: Total nonfarm in Massachusetts,Hires: Total nonfarm in Michigan,Quits: Total nonfarm in Michigan,Hires: Total nonfarm in Minnesota,Hires: Total nonfarm in Missouri,Quits: Total nonfarm in Missouri,Hires: Total nonfarm in Nebraska,Hires: Total nonfarm in Nevada,Quits: Total nonfarm in Nevada,Hires: Total nonfarm in New Hampshire,Hires: Total nonfarm in New Jersey,Quits: Total nonfarm in New Jersey,Hires: Total nonfarm in New Mexico,Hires: Total nonfarm in New York,Quits: Total nonfarm in New York,Hires: Total nonfarm in North Carolina,Hires: Total nonfarm in North Dakota,Hires: Total nonfarm in Ohio,Quits: Total nonfarm in Ohio,Quits: Total nonfarm in Oklahoma,Hires: Total nonfarm in Oregon,Layoffs and Discharges: Total nonfarm in Oregon,Hires: Total nonfarm in Pennsylvania,Quits: Total nonfarm in Pennsylvania,Hires: Total nonfarm in Rhode Island,Hires: Total nonfarm in South Carolina,Layoffs and Discharges: Total nonfarm in South Carolina,Hires: Total nonfarm in Tennessee,Hires: Total nonfarm in Utah,Hires: Total nonfarm in Vermont,Quits: Total nonfarm in Vermont,Hires: Total nonfarm in Virginia,Quits: Total nonfarm in Virginia,Hires: Total nonfarm in Washington,Quits: Total nonfarm in Washington,Hires: Total nonfarm in West Virginia,Quits: Total nonfarm in West Virginia,Hires: Total nonfarm in Wisconsin,Quits: Total nonfarm in Wisconsin,Quits: Total nonfarm in Wyoming
53.0,27.0,12.0,10.0,92.0,562.0,110.0,47.0,45.0,51.0,16.0,15.0,8.0,252.0,139.0,61.0,19.0,9.0,165.0,116.0,79.0,36.0,31.0,67.0,33.0,14.0,12.0,80.0,41.0,81.0,48.0,125.0,78.0,88.0,84.0,63.0,29.0,40.0,24.0,22.0,109.0,58.0,28.0,193.0,118.0,121.0,10.0,176.0,95.0,31.0,55.0,46.0,135.0,77.0,14.0,45.0,22.0,84.0,43.0,13.0,5.0,108.0,67.0,102.0,64.0,25.0,15.0,75.0,55.0,6.0
84.0,35.0,18.0,9.0,142.0,685.0,97.0,67.0,54.0,63.0,21.0,22.0,20.0,398.0,186.0,93.0,21.0,15.0,235.0,157.0,143.0,73.0,76.0,93.0,56.0,13.0,14.0,85.0,65.0,114.0,67.0,205.0,135.0,125.0,125.0,79.0,56.0,52.0,29.0,31.0,159.0,88.0,41.0,270.0,138.0,155.0,14.0,236.0,144.0,46.0,74.0,58.0,170.0,114.0,19.0,69.0,37.0,126.0,46.0,12.0,6.0,134.0,93.0,132.0,87.0,28.0,20.0,121.0,76.0,7.0
58.0,23.0,20.0,4.0,114.0,520.0,107.0,45.0,43.0,54.0,14.0,16.0,10.0,266.0,143.0,41.0,26.0,8.0,181.0,111.0,90.0,43.0,60.0,65.0,40.0,7.0,11.0,74.0,48.0,92.0,51.0,138.0,78.0,78.0,117.0,72.0,29.0,52.0,21.0,20.0,126.0,64.0,32.0,232.0,125.0,132.0,12.0,158.0,94.0,35.0,69.0,21.0,154.0,94.0,17.0,60.0,18.0,85.0,45.0,9.0,6.0,98.0,60.0,109.0,53.0,24.0,16.0,85.0,54.0,5.0
80.0,25.0,15.0,7.0,95.0,585.0,101.0,63.0,53.0,59.0,23.0,18.0,8.0,284.0,170.0,52.0,19.0,10.0,192.0,113.0,117.0,54.0,42.0,80.0,37.0,9.0,11.0,101.0,43.0,105.0,57.0,162.0,80.0,92.0,134.0,67.0,34.0,48.0,25.0,22.0,144.0,59.0,31.0,229.0,130.0,147.0,14.0,208.0,114.0,31.0,70.0,32.0,200.0,96.0,17.0,75.0,19.0,119.0,45.0,11.0,7.0,136.0,63.0,125.0,68.0,34.0,15.0,101.0,64.0,6.0
96.0,28.0,20.0,5.0,108.0,514.0,114.0,72.0,65.0,69.0,21.0,24.0,14.0,284.0,184.0,52.0,19.0,15.0,214.0,128.0,136.0,65.0,114.0,110.0,57.0,10.0,11.0,111.0,56.0,134.0,65.0,188.0,105.0,121.0,166.0,95.0,52.0,48.0,29.0,32.0,194.0,95.0,38.0,296.0,153.0,177.0,17.0,237.0,128.0,43.0,70.0,26.0,279.0,128.0,25.0,80.0,22.0,130.0,58.0,13.0,10.0,174.0,93.0,141.0,84.0,37.0,18.0,120.0,63.0,7.0
86.0,26.0,33.0,6.0,93.0,590.0,123.0,62.0,67.0,60.0,21.0,20.0,9.0,331.0,191.0,68.0,21.0,11.0,229.0,115.0,156.0,62.0,100.0,94.0,50.0,9.0,12.0,105.0,51.0,112.0,53.0,190.0,79.0,148.0,164.0,108.0,51.0,50.0,23.0,35.0,182.0,72.0,39.0,330.0,142.0,163.0,26.0,248.0,120.0,41.0,83.0,34.0,185.0,88.0,22.0,69.0,23.0,127.0,57.0,18.0,11.0,150.0,69.0,136.0,61.0,42.0,19.0,132.0,69.0,7.0
73.0,26.0,29.0,7.0,89.0,526.0,131.0,49.0,71.0,55.0,26.0,25.0,8.0,271.0,172.0,79.0,21.0,11.0,242.0,115.0,113.0,62.0,90.0,84.0,48.0,10.0,12.0,113.0,46.0,153.0,57.0,163.0,92.0,141.0,146.0,92.0,45.0,44.0,23.0,39.0,223.0,77.0,38.0,363.0,128.0,162.0,19.0,230.0,135.0,39.0,74.0,23.0,229.0,112.0,27.0,69.0,28.0,109.0,47.0,19.0,7.0,143.0,74.0,133.0,61.0,38.0,18.0,128.0,63.0,7.0
75.0,23.0,30.0,7.0,100.0,660.0,116.0,63.0,62.0,53.0,21.0,24.0,14.0,289.0,216.0,62.0,24.0,13.0,222.0,138.0,109.0,60.0,95.0,95.0,64.0,12.0,14.0,111.0,60.0,147.0,72.0,198.0,122.0,115.0,167.0,103.0,42.0,49.0,27.0,32.0,189.0,130.0,36.0,297.0,167.0,161.0,16.0,234.0,144.0,51.0,76.0,27.0,206.0,123.0,20.0,102.0,38.0,116.0,50.0,16.0,8.0,141.0,92.0,141.0,72.0,31.0,19.0,113.0,59.0,8.0
77.0,28.0,19.0,10.0,114.0,598.0,99.0,68.0,55.0,47.0,17.0,25.0,18.0,282.0,177.0,61.0,20.0,13.0,243.0,193.0,144.0,69.0,102.0,103.0,56.0,14.0,18.0,108.0,68.0,112.0,86.0,161.0,105.0,123.0,136.0,110.0,41.0,45.0,32.0,32.0,140.0,93.0,36.0,243.0,181.0,199.0,19.0,227.0,190.0,55.0,65.0,30.0,178.0,113.0,21.0,85.0,31.0,145.0,43.0,16.0,8.0,179.0,116.0,106.0,79.0,36.0,23.0,123.0,81.0,10.0
70.0,20.0,16.0,11.0,86.0,588.0,73.0,51.0,67.0,47.0,19.0,22.0,12.0,248.0,148.0,49.0,20.0,10.0,240.0,126.0,111.0,63.0,79.0,80.0,44.0,12.0,20.0,94.0,63.0,142.0,70.0,192.0,73.0,130.0,147.0,78.0,42.0,40.0,27.0,29.0,164.0,78.0,33.0,288.0,196.0,149.0,20.0,215.0,130.0,41.0,69.0,37.0,192.0,99.0,22.0,67.0,28.0,119.0,40.0,14.0,9.0,143.0,84.0,104.0,68.0,32.0,19.0,103.0,69.0,11.0
83.0,33.0,15.0,14.0,113.0,558.0,112.0,50.0,66.0,49.0,25.0,26.0,13.0,274.0,207.0,71.0,21.0,14.0,210.0,104.0,103.0,54.0,91.0,105.0,68.0,15.0,22.0,115.0,50.0,118.0,65.0,182.0,91.0,122.0,122.0,63.0,42.0,44.0,30.0,29.0,200.0,98.0,38.0,306.0,167.0,142.0,17.0,220.0,130.0,46.0,69.0,42.0,228.0,129.0,20.0,77.0,38.0,135.0,52.0,15.0,8.0,171.0,96.0,111.0,65.0,32.0,18.0,98.0,50.0,8.0
67.0,32.0,11.0,12.0,96.0,460.0,102.0,47.0,40.0,41.0,19.0,17.0,9.0,243.0,158.0,71.0,18.0,8.0,179.0,75.0,77.0,34.0,72.0,70.0,30.0,17.0,14.0,96.0,42.0,89.0,43.0,134.0,63.0,79.0,79.0,45.0,32.0,45.0,21.0,23.0,135.0,74.0,26.0,246.0,100.0,159.0,11.0,188.0,98.0,27.0,55.0,32.0,148.0,73.0,15.0,63.0,31.0,102.0,45.0,11.0,7.0,118.0,61.0,91.0,52.0,28.0,13.0,74.0,40.0,7.0
58.0,33.0,10.0,8.0,68.0,418.0,65.0,39.0,48.0,39.0,14.0,18.0,8.0,226.0,139.0,55.0,16.0,8.0,197.0,84.0,69.0,41.0,56.0,53.0,28.0,13.0,11.0,70.0,34.0,73.0,48.0,81.0,53.0,66.0,76.0,47.0,25.0,34.0,22.0,23.0,119.0,74.0,21.0,145.0,109.0,101.0,10.0,128.0,81.0,27.0,38.0,33.0,130.0,63.0,13.0,47.0,26.0,94.0,38.0,12.0,5.0,108.0,68.0,71.0,44.0,23.0,14.0,63.0,32.0,5.0
68.0,40.0,16.0,8.0,113.0,527.0,86.0,51.0,52.0,51.0,20.0,26.0,13.0,308.0,141.0,70.0,22.0,13.0,195.0,109.0,82.0,56.0,73.0,84.0,44.0,15.0,18.0,79.0,53.0,95.0,63.0,138.0,96.0,81.0,102.0,73.0,37.0,55.0,29.0,31.0,159.0,93.0,37.0,240.0,156.0,133.0,12.0,183.0,121.0,37.0,66.0,45.0,191.0,99.0,23.0,75.0,38.0,105.0,45.0,15.0,7.0,136.0,93.0,103.0,61.0,60.0,27.0,95.0,64.0,7.0
59.0,22.0,18.0,5.0,77.0,416.0,79.0,46.0,36.0,33.0,14.0,17.0,8.0,279.0,153.0,58.0,19.0,7.0,166.0,78.0,96.0,42.0,61.0,66.0,31.0,7.0,11.0,73.0,34.0,64.0,28.0,108.0,47.0,61.0,75.0,39.0,27.0,35.0,20.0,17.0,104.0,52.0,22.0,168.0,105.0,142.0,11.0,154.0,91.0,23.0,45.0,79.0,153.0,80.0,13.0,58.0,20.0,89.0,42.0,9.0,5.0,112.0,60.0,85.0,44.0,26.0,13.0,66.0,34.0,5.0
57.0,23.0,14.0,4.0,84.0,478.0,87.0,47.0,43.0,42.0,17.0,19.0,6.0,249.0,146.0,50.0,19.0,9.0,183.0,81.0,94.0,44.0,62.0,68.0,37.0,6.0,7.0,87.0,38.0,100.0,34.0,121.0,64.0,69.0,99.0,42.0,31.0,44.0,18.0,21.0,117.0,43.0,27.0,210.0,111.0,123.0,11.0,172.0,89.0,24.0,64.0,20.0,170.0,80.0,14.0,64.0,21.0,91.0,37.0,9.0,5.0,137.0,63.0,83.0,48.0,29.0,13.0,62.0,41.0,5.0
76.0,29.0,21.0,7.0,138.0,525.0,106.0,65.0,56.0,43.0,24.0,22.0,10.0,286.0,177.0,76.0,18.0,12.0,273.0,98.0,115.0,68.0,86.0,102.0,53.0,11.0,11.0,105.0,54.0,116.0,50.0,174.0,67.0,124.0,134.0,52.0,42.0,59.0,26.0,30.0,136.0,84.0,36.0,265.0,110.0,152.0,17.0,262.0,119.0,35.0,70.0,22.0,206.0,104.0,21.0,90.0,36.0,116.0,58.0,13.0,9.0,172.0,91.0,122.0,62.0,36.0,19.0,104.0,49.0,8.0
73.0,33.0,31.0,6.0,94.0,459.0,127.0,66.0,52.0,37.0,24.0,21.0,9.0,255.0,165.0,62.0,23.0,11.0,225.0,89.0,115.0,55.0,77.0,85.0,45.0,6.0,14.0,97.0,41.0,102.0,54.0,164.0,70.0,107.0,123.0,47.0,38.0,52.0,21.0,34.0,134.0,57.0,34.0,316.0,111.0,132.0,19.0,245.0,96.0,32.0,60.0,21.0,238.0,107.0,20.0,79.0,22.0,116.0,48.0,16.0,11.0,162.0,81.0,119.0,55.0,50.0,17.0,103.0,55.0,7.0
77.0,30.0,33.0,8.0,91.0,534.0,116.0,48.0,55.0,34.0,25.0,27.0,8.0,247.0,157.0,52.0,22.0,9.0,226.0,93.0,106.0,51.0,78.0,86.0,40.0,16.0,13.0,118.0,47.0,128.0,55.0,181.0,73.0,121.0,111.0,54.0,40.0,44.0,21.0,34.0,160.0,68.0,38.0,296.0,122.0,142.0,18.0,247.0,95.0,36.0,70.0,21.0,219.0,107.0,21.0,76.0,20.0,116.0,51.0,18.0,6.0,171.0,88.0,130.0,46.0,36.0,22.0,124.0,47.0,6.0
83.0,29.0,27.0,7.0,96.0,572.0,102.0,64.0,62.0,41.0,25.0,28.0,12.0,283.0,211.0,92.0,24.0,12.0,252.0,108.0,107.0,65.0,81.0,84.0,53.0,10.0,12.0,125.0,65.0,116.0,61.0,153.0,95.0,101.0,119.0,62.0,35.0,57.0,28.0,37.0,172.0,83.0,41.0,252.0,134.0,143.0,14.0,204.0,135.0,47.0,81.0,32.0,224.0,122.0,20.0,87.0,29.0,135.0,51.0,16.0,6.0,168.0,101.0,133.0,63.0,35.0,18.0,93.0,55.0,7.0
75.0,26.0,20.0,8.0,107.0,564.0,99.0,77.0,56.0,40.0,15.0,20.0,16.0,304.0,188.0,61.0,20.0,14.0,211.0,133.0,141.0,58.0,86.0,79.0,57.0,12.0,18.0,102.0,67.0,85.0,59.0,200.0,98.0,105.0,122.0,81.0,40.0,46.0,29.0,27.0,124.0,79.0,39.0,248.0,148.0,144.0,16.0,205.0,120.0,41.0,69.0,24.0,203.0,134.0,20.0,75.0,32.0,113.0,42.0,15.0,7.0,143.0,114.0,108.0,87.0,31.0,21.0,114.0,66.0,11.0
65.0,26.0,19.0,11.0,108.0,581.0,99.0,72.0,57.0,41.0,19.0,32.0,10.0,270.0,163.0,61.0,24.0,11.0,235.0,102.0,124.0,50.0,62.0,78.0,46.0,15.0,17.0,102.0,53.0,104.0,59.0,167.0,76.0,97.0,97.0,50.0,33.0,47.0,24.0,23.0,148.0,69.0,37.0,230.0,130.0,151.0,15.0,180.0,111.0,33.0,93.0,28.0,197.0,111.0,19.0,60.0,25.0,107.0,49.0,12.0,7.0,158.0,91.0,129.0,70.0,28.0,18.0,102.0,55.0,11.0
77.0,31.0,14.0,11.0,113.0,560.0,89.0,48.0,51.0,49.0,19.0,31.0,9.0,343.0,164.0,99.0,21.0,9.0,209.0,104.0,100.0,57.0,81.0,83.0,45.0,14.0,17.0,118.0,50.0,101.0,61.0,190.0,77.0,96.0,100.0,45.0,34.0,48.0,20.0,26.0,157.0,64.0,35.0,257.0,128.0,143.0,15.0,215.0,99.0,36.0,74.0,34.0,187.0,123.0,17.0,84.0,28.0,120.0,48.0,12.0,6.0,174.0,81.0,103.0,53.0,29.0,16.0,95.0,42.0,8.0
63.0,17.0,11.0,13.0,94.0,511.0,92.0,41.0,45.0,42.0,17.0,17.0,8.0,277.0,123.0,44.0,19.0,7.0,182.0,74.0,84.0,38.0,67.0,69.0,30.0,15.0,11.0,90.0,43.0,81.0,35.0,125.0,56.0,76.0,73.0,42.0,28.0,40.0,20.0,23.0,132.0,42.0,26.0,210.0,100.0,107.0,11.0,185.0,82.0,26.0,49.0,32.0,154.0,75.0,15.0,61.0,23.0,89.0,41.0,11.0,6.0,132.0,68.0,82.0,39.0,27.0,13.0,68.0,39.0,7.0
46.0,31.0,11.0,8.0,83.0,396.0,82.0,46.0,38.0,29.0,14.0,17.0,7.0,239.0,109.0,84.0,20.0,8.0,179.0,68.0,73.0,30.0,47.0,62.0,29.0,12.0,8.0,85.0,43.0,69.0,30.0,107.0,55.0,64.0,61.0,46.0,28.0,35.0,23.0,23.0,118.0,51.0,24.0,174.0,86.0,102.0,9.0,130.0,88.0,29.0,38.0,36.0,143.0,60.0,13.0,52.0,29.0,78.0,43.0,13.0,4.0,93.0,52.0,77.0,52.0,24.0,14.0,60.0,41.0,6.0
95.0,53.0,22.0,8.0,123.0,507.0,99.0,55.0,54.0,53.0,19.0,25.0,13.0,338.0,185.0,120.0,23.0,13.0,222.0,87.0,127.0,49.0,69.0,85.0,44.0,16.0,11.0,89.0,47.0,85.0,42.0,152.0,70.0,103.0,90.0,47.0,52.0,58.0,28.0,25.0,129.0,71.0,38.0,251.0,122.0,148.0,14.0,164.0,104.0,42.0,85.0,35.0,173.0,87.0,17.0,72.0,32.0,115.0,45.0,18.0,6.0,139.0,68.0,115.0,60.0,31.0,17.0,85.0,46.0,7.0
62.0,25.0,16.0,6.0,82.0,449.0,77.0,40.0,37.0,36.0,14.0,14.0,7.0,322.0,128.0,47.0,18.0,8.0,142.0,91.0,72.0,36.0,53.0,65.0,31.0,8.0,12.0,68.0,39.0,70.0,31.0,110.0,51.0,64.0,75.0,39.0,25.0,40.0,19.0,19.0,84.0,45.0,24.0,188.0,91.0,111.0,11.0,129.0,63.0,24.0,48.0,57.0,168.0,79.0,14.0,55.0,25.0,73.0,35.0,9.0,5.0,116.0,64.0,87.0,43.0,19.0,13.0,57.0,38.0,5.0
65.0,22.0,14.0,4.0,84.0,478.0,68.0,44.0,40.0,34.0,18.0,17.0,6.0,266.0,122.0,45.0,16.0,12.0,192.0,72.0,84.0,42.0,70.0,70.0,43.0,8.0,8.0,93.0,42.0,89.0,30.0,116.0,49.0,71.0,85.0,36.0,26.0,44.0,20.0,19.0,97.0,50.0,27.0,217.0,83.0,117.0,11.0,154.0,75.0,26.0,52.0,20.0,148.0,71.0,14.0,62.0,19.0,95.0,35.0,8.0,5.0,129.0,75.0,85.0,44.0,28.0,13.0,64.0,40.0,5.0
76.0,30.0,20.0,6.0,115.0,517.0,102.0,51.0,51.0,40.0,23.0,18.0,10.0,297.0,174.0,55.0,18.0,11.0,267.0,82.0,119.0,52.0,71.0,90.0,46.0,14.0,9.0,107.0,39.0,109.0,34.0,142.0,63.0,126.0,119.0,58.0,38.0,55.0,23.0,27.0,131.0,51.0,39.0,211.0,99.0,165.0,16.0,239.0,105.0,28.0,65.0,21.0,195.0,84.0,18.0,68.0,30.0,109.0,48.0,12.0,7.0,181.0,77.0,117.0,50.0,33.0,15.0,97.0,40.0,6.0
86.0,29.0,32.0,4.0,104.0,543.0,101.0,61.0,51.0,39.0,24.0,23.0,8.0,291.0,162.0,78.0,20.0,9.0,206.0,79.0,108.0,45.0,80.0,79.0,44.0,10.0,14.0,106.0,50.0,127.0,42.0,171.0,62.0,115.0,92.0,55.0,35.0,47.0,21.0,28.0,133.0,52.0,35.0,260.0,96.0,146.0,20.0,200.0,87.0,28.0,63.0,16.0,217.0,82.0,20.0,73.0,27.0,112.0,46.0,17.0,8.0,163.0,67.0,93.0,45.0,38.0,16.0,96.0,48.0,7.0
79.0,30.0,33.0,8.0,98.0,572.0,111.0,50.0,57.0,40.0,26.0,23.0,8.0,288.0,158.0,69.0,20.0,9.0,214.0,97.0,102.0,51.0,69.0,83.0,43.0,8.0,9.0,110.0,50.0,173.0,43.0,161.0,70.0,98.0,87.0,47.0,36.0,53.0,24.0,33.0,139.0,54.0,39.0,299.0,109.0,145.0,17.0,189.0,87.0,34.0,81.0,25.0,188.0,90.0,21.0,80.0,26.0,119.0,54.0,17.0,6.0,172.0,88.0,140.0,52.0,37.0,15.0,112.0,41.0,6.0
94.0,31.0,25.0,8.0,98.0,588.0,89.0,54.0,58.0,43.0,22.0,22.0,10.0,283.0,158.0,64.0,23.0,11.0,219.0,101.0,129.0,53.0,71.0,94.0,54.0,12.0,14.0,112.0,65.0,134.0,49.0,131.0,75.0,97.0,89.0,54.0,41.0,51.0,27.0,29.0,169.0,72.0,36.0,288.0,133.0,147.0,11.0,170.0,99.0,40.0,77.0,34.0,173.0,90.0,18.0,81.0,28.0,102.0,47.0,14.0,5.0,166.0,82.0,127.0,58.0,33.0,18.0,85.0,57.0,7.0
67.0,56.0,19.0,9.0,138.0,537.0,115.0,67.0,53.0,40.0,17.0,14.0,14.0,292.0,166.0,73.0,21.0,12.0,176.0,104.0,138.0,46.0,78.0,77.0,45.0,19.0,13.0,89.0,57.0,101.0,57.0,161.0,72.0,104.0,111.0,71.0,33.0,50.0,29.0,28.0,127.0,69.0,39.0,241.0,137.0,153.0,16.0,150.0,141.0,40.0,68.0,31.0,196.0,115.0,25.0,68.0,30.0,113.0,48.0,16.0,7.0,154.0,103.0,102.0,58.0,29.0,20.0,86.0,65.0,9.0
74.0,32.0,17.0,10.0,120.0,542.0,88.0,53.0,68.0,37.0,20.0,22.0,12.0,232.0,141.0,75.0,20.0,12.0,195.0,110.0,113.0,52.0,65.0,68.0,38.0,16.0,18.0,91.0,54.0,145.0,57.0,171.0,80.0,91.0,96.0,53.0,32.0,48.0,26.0,25.0,173.0,64.0,34.0,297.0,123.0,150.0,16.0,173.0,91.0,29.0,79.0,32.0,180.0,97.0,20.0,59.0,28.0,106.0,43.0,14.0,7.0,164.0,76.0,107.0,63.0,28.0,18.0,104.0,53.0,11.0
78.0,32.0,15.0,12.0,135.0,589.0,109.0,63.0,59.0,46.0,19.0,21.0,12.0,324.0,143.0,73.0,20.0,10.0,216.0,103.0,112.0,49.0,76.0,93.0,42.0,17.0,14.0,104.0,56.0,121.0,42.0,149.0,69.0,81.0,95.0,48.0,34.0,57.0,28.0,26.0,160.0,60.0,42.0,274.0,116.0,160.0,14.0,193.0,94.0,30.0,84.0,35.0,178.0,96.0,19.0,81.0,31.0,134.0,56.0,13.0,6.0,165.0,86.0,122.0,63.0,30.0,17.0,90.0,43.0,10.0
64.0,22.0,11.0,11.0,79.0,469.0,85.0,45.0,51.0,37.0,16.0,13.0,7.0,301.0,120.0,49.0,19.0,6.0,167.0,66.0,91.0,37.0,64.0,66.0,30.0,13.0,12.0,84.0,43.0,106.0,41.0,113.0,59.0,74.0,81.0,41.0,26.0,44.0,20.0,25.0,136.0,54.0,29.0,237.0,95.0,113.0,12.0,176.0,88.0,25.0,53.0,26.0,127.0,55.0,14.0,61.0,29.0,96.0,49.0,12.0,6.0,127.0,61.0,81.0,36.0,27.0,18.0,73.0,42.0,7.0
52.0,35.0,12.0,8.0,75.0,420.0,81.0,39.0,42.0,28.0,15.0,14.0,7.0,257.0,106.0,68.0,19.0,7.0,172.0,75.0,67.0,33.0,52.0,54.0,33.0,14.0,8.0,70.0,43.0,110.0,32.0,89.0,47.0,68.0,55.0,39.0,20.0,41.0,21.0,26.0,103.0,55.0,23.0,216.0,81.0,106.0,10.0,113.0,91.0,26.0,49.0,33.0,131.0,58.0,14.0,62.0,29.0,82.0,47.0,18.0,4.0,105.0,56.0,82.0,34.0,27.0,15.0,61.0,38.0,5.0
87.0,40.0,19.0,8.0,103.0,484.0,86.0,50.0,60.0,37.0,37.0,19.0,11.0,375.0,156.0,73.0,20.0,12.0,192.0,82.0,99.0,46.0,67.0,96.0,45.0,16.0,12.0,95.0,52.0,94.0,43.0,141.0,70.0,79.0,106.0,59.0,32.0,56.0,29.0,27.0,139.0,65.0,35.0,260.0,108.0,147.0,13.0,152.0,104.0,35.0,67.0,38.0,183.0,76.0,19.0,90.0,40.0,114.0,46.0,16.0,5.0,133.0,71.0,96.0,43.0,32.0,19.0,95.0,52.0,6.0
66.0,24.0,13.0,5.0,83.0,391.0,73.0,44.0,35.0,41.0,15.0,17.0,8.0,342.0,111.0,38.0,18.0,8.0,159.0,69.0,71.0,39.0,57.0,72.0,33.0,8.0,9.0,79.0,40.0,73.0,40.0,107.0,49.0,76.0,63.0,34.0,26.0,42.0,22.0,19.0,107.0,47.0,25.0,189.0,83.0,118.0,10.0,138.0,66.0,25.0,51.0,18.0,148.0,72.0,15.0,63.0,29.0,88.0,34.0,10.0,4.0,116.0,69.0,79.0,39.0,25.0,14.0,71.0,36.0,5.0
73.0,22.0,16.0,5.0,92.0,510.0,86.0,49.0,45.0,43.0,19.0,19.0,8.0,346.0,163.0,37.0,19.0,10.0,215.0,82.0,117.0,46.0,74.0,83.0,45.0,9.0,10.0,110.0,49.0,107.0,36.0,122.0,59.0,79.0,100.0,44.0,29.0,57.0,22.0,22.0,120.0,46.0,32.0,238.0,91.0,139.0,13.0,208.0,79.0,32.0,73.0,26.0,185.0,73.0,16.0,85.0,20.0,93.0,45.0,9.0,6.0,157.0,74.0,105.0,51.0,33.0,15.0,79.0,48.0,5.0
85.0,22.0,21.0,7.0,120.0,586.0,115.0,61.0,60.0,52.0,23.0,17.0,12.0,301.0,168.0,69.0,22.0,11.0,294.0,95.0,130.0,57.0,77.0,87.0,50.0,15.0,11.0,109.0,52.0,123.0,41.0,185.0,65.0,99.0,102.0,52.0,35.0,66.0,25.0,29.0,124.0,57.0,40.0,305.0,127.0,195.0,16.0,229.0,105.0,37.0,78.0,22.0,293.0,105.0,24.0,93.0,38.0,101.0,65.0,15.0,9.0,174.0,79.0,141.0,58.0,38.0,18.0,96.0,45.0,6.0
78.0,25.0,34.0,7.0,98.0,544.0,101.0,61.0,58.0,49.0,27.0,24.0,8.0,289.0,178.0,56.0,20.0,10.0,242.0,92.0,124.0,42.0,74.0,78.0,41.0,7.0,11.0,114.0,42.0,110.0,43.0,190.0,69.0,99.0,95.0,51.0,34.0,51.0,25.0,32.0,157.0,54.0,36.0,277.0,113.0,199.0,17.0,234.0,101.0,32.0,71.0,22.0,224.0,84.0,23.0,89.0,33.0,121.0,56.0,16.0,8.0,170.0,81.0,104.0,52.0,45.0,17.0,97.0,50.0,8.0
81.0,34.0,35.0,7.0,95.0,559.0,139.0,60.0,57.0,37.0,27.0,27.0,13.0,353.0,159.0,50.0,21.0,11.0,278.0,102.0,102.0,49.0,76.0,86.0,41.0,9.0,11.0,121.0,55.0,146.0,49.0,170.0,78.0,97.0,101.0,55.0,34.0,57.0,33.0,33.0,182.0,75.0,39.0,307.0,136.0,158.0,17.0,208.0,91.0,37.0,86.0,18.0,239.0,110.0,22.0,95.0,24.0,115.0,55.0,18.0,6.0,182.0,80.0,119.0,58.0,42.0,23.0,119.0,52.0,7.0
99.0,25.0,25.0,6.0,96.0,557.0,97.0,54.0,60.0,48.0,24.0,21.0,14.0,305.0,184.0,56.0,23.0,13.0,237.0,117.0,121.0,62.0,83.0,91.0,60.0,13.0,13.0,127.0,67.0,115.0,67.0,156.0,79.0,88.0,89.0,61.0,31.0,56.0,35.0,30.0,172.0,93.0,33.0,330.0,144.0,171.0,13.0,200.0,104.0,40.0,86.0,29.0,203.0,114.0,21.0,91.0,30.0,111.0,51.0,14.0,7.0,169.0,89.0,104.0,66.0,37.0,21.0,95.0,51.0,7.0
85.0,36.0,20.0,7.0,126.0,548.0,111.0,87.0,56.0,46.0,15.0,19.0,15.0,339.0,188.0,46.0,22.0,17.0,243.0,120.0,131.0,47.0,94.0,97.0,54.0,11.0,14.0,93.0,66.0,128.0,61.0,167.0,88.0,115.0,97.0,70.0,35.0,51.0,37.0,29.0,115.0,84.0,37.0,260.0,148.0,176.0,14.0,196.0,114.0,42.0,72.0,23.0,239.0,138.0,20.0,84.0,32.0,113.0,47.0,16.0,7.0,165.0,103.0,110.0,77.0,32.0,23.0,93.0,67.0,11.0
79.0,22.0,18.0,11.0,100.0,574.0,88.0,53.0,74.0,52.0,20.0,23.0,11.0,298.0,130.0,49.0,21.0,11.0,239.0,105.0,106.0,51.0,73.0,80.0,46.0,19.0,16.0,101.0,65.0,150.0,51.0,145.0,69.0,104.0,96.0,48.0,33.0,57.0,26.0,30.0,169.0,86.0,33.0,321.0,133.0,149.0,15.0,202.0,112.0,32.0,81.0,35.0,249.0,113.0,24.0,75.0,22.0,117.0,48.0,16.0,7.0,145.0,90.0,110.0,55.0,33.0,17.0,94.0,49.0,11.0
83.0,29.0,14.0,11.0,123.0,573.0,93.0,53.0,61.0,56.0,23.0,21.0,12.0,428.0,156.0,51.0,21.0,9.0,223.0,98.0,111.0,58.0,80.0,87.0,57.0,14.0,14.0,111.0,57.0,138.0,47.0,137.0,65.0,96.0,111.0,51.0,33.0,63.0,29.0,27.0,173.0,65.0,34.0,332.0,125.0,162.0,15.0,223.0,93.0,35.0,79.0,28.0,219.0,108.0,21.0,82.0,34.0,99.0,50.0,14.0,6.0,154.0,83.0,120.0,74.0,33.0,19.0,97.0,48.0,8.0
72.0,25.0,11.0,10.0,88.0,499.0,95.0,43.0,59.0,43.0,17.0,15.0,10.0,312.0,131.0,46.0,19.0,7.0,200.0,84.0,100.0,38.0,71.0,80.0,44.0,14.0,11.0,86.0,46.0,102.0,55.0,132.0,60.0,72.0,72.0,50.0,30.0,46.0,24.0,24.0,132.0,56.0,25.0,263.0,110.0,137.0,11.0,188.0,81.0,32.0,57.0,23.0,179.0,74.0,16.0,62.0,28.0,105.0,47.0,13.0,7.0,156.0,68.0,93.0,46.0,29.0,19.0,78.0,41.0,8.0
73.0,32.0,11.0,8.0,76.0,381.0,91.0,39.0,54.0,44.0,13.0,16.0,10.0,253.0,111.0,69.0,17.0,8.0,164.0,83.0,88.0,36.0,63.0,59.0,36.0,13.0,10.0,76.0,43.0,74.0,43.0,87.0,48.0,58.0,67.0,41.0,25.0,44.0,26.0,22.0,117.0,62.0,28.0,225.0,110.0,113.0,10.0,142.0,92.0,28.0,55.0,28.0,155.0,87.0,15.0,51.0,38.0,94.0,39.0,19.0,5.0,102.0,68.0,98.0,48.0,26.0,16.0,60.0,39.0,6.0
83.0,34.0,17.0,7.0,134.0,478.0,87.0,48.0,61.0,42.0,19.0,18.0,11.0,355.0,165.0,69.0,21.0,13.0,264.0,95.0,98.0,45.0,76.0,83.0,51.0,19.0,15.0,105.0,74.0,101.0,67.0,159.0,70.0,81.0,100.0,53.0,40.0,58.0,32.0,27.0,131.0,78.0,34.0,270.0,151.0,161.0,11.0,205.0,119.0,39.0,81.0,36.0,185.0,98.0,17.0,92.0,36.0,113.0,44.0,15.0,10.0,148.0,86.0,103.0,62.0,31.0,20.0,88.0,49.0,6.0
74.0,21.0,14.0,4.0,92.0,472.0,91.0,42.0,45.0,39.0,15.0,19.0,9.0,309.0,147.0,62.0,19.0,9.0,168.0,75.0,99.0,42.0,67.0,73.0,33.0,7.0,9.0,78.0,38.0,77.0,33.0,117.0,52.0,82.0,83.0,51.0,27.0,52.0,24.0,18.0,123.0,54.0,29.0,181.0,88.0,140.0,11.0,160.0,79.0,27.0,62.0,19.0,165.0,90.0,14.0,71.0,22.0,93.0,40.0,9.0,5.0,109.0,57.0,92.0,47.0,27.0,14.0,69.0,32.0,5.0
88.0,26.0,15.0,4.0,105.0,479.0,97.0,47.0,47.0,37.0,17.0,22.0,8.0,343.0,180.0,60.0,20.0,11.0,217.0,98.0,111.0,49.0,72.0,83.0,32.0,8.0,11.0,118.0,40.0,89.0,49.0,115.0,62.0,77.0,95.0,40.0,32.0,62.0,28.0,24.0,136.0,56.0,33.0,254.0,116.0,145.0,12.0,182.0,97.0,32.0,80.0,20.0,220.0,88.0,18.0,81.0,35.0,110.0,50.0,11.0,6.0,130.0,71.0,116.0,52.0,31.0,15.0,75.0,38.0,6.0
90.0,29.0,23.0,5.0,125.0,614.0,113.0,61.0,66.0,46.0,23.0,20.0,10.0,319.0,221.0,65.0,22.0,12.0,276.0,101.0,132.0,64.0,83.0,105.0,55.0,10.0,11.0,121.0,59.0,130.0,46.0,205.0,75.0,109.0,111.0,57.0,37.0,74.0,34.0,34.0,167.0,74.0,47.0,314.0,123.0,168.0,17.0,209.0,91.0,37.0,73.0,20.0,257.0,121.0,24.0,95.0,32.0,129.0,65.0,14.0,9.0,174.0,74.0,131.0,62.0,36.0,17.0,109.0,43.0,7.0
83.0,33.0,37.0,7.0,106.0,540.0,126.0,63.0,54.0,39.0,21.0,20.0,12.0,306.0,184.0,62.0,23.0,11.0,243.0,101.0,145.0,56.0,86.0,82.0,45.0,6.0,13.0,128.0,68.0,126.0,50.0,253.0,78.0,108.0,111.0,61.0,43.0,64.0,31.0,32.0,164.0,85.0,39.0,283.0,120.0,161.0,20.0,219.0,111.0,35.0,80.0,24.0,239.0,109.0,22.0,96.0,35.0,127.0,60.0,18.0,9.0,143.0,83.0,136.0,58.0,38.0,19.0,114.0,51.0,8.0
98.0,35.0,38.0,8.0,105.0,617.0,154.0,73.0,63.0,39.0,27.0,26.0,11.0,386.0,227.0,69.0,25.0,12.0,251.0,96.0,127.0,58.0,94.0,87.0,45.0,10.0,11.0,130.0,56.0,173.0,46.0,176.0,70.0,102.0,125.0,62.0,40.0,68.0,34.0,37.0,199.0,67.0,41.0,343.0,125.0,154.0,18.0,219.0,121.0,38.0,95.0,34.0,214.0,115.0,24.0,96.0,36.0,110.0,59.0,17.0,6.0,157.0,75.0,145.0,70.0,39.0,17.0,128.0,50.0,8.0
100.0,32.0,31.0,5.0,126.0,650.0,117.0,73.0,62.0,51.0,23.0,21.0,13.0,398.0,180.0,57.0,26.0,13.0,211.0,127.0,116.0,57.0,77.0,95.0,60.0,8.0,13.0,112.0,71.0,113.0,69.0,168.0,82.0,128.0,121.0,69.0,38.0,64.0,34.0,34.0,207.0,73.0,38.0,311.0,179.0,192.0,14.0,222.0,109.0,43.0,95.0,22.0,217.0,114.0,21.0,104.0,33.0,124.0,57.0,15.0,6.0,144.0,89.0,132.0,60.0,37.0,19.0,87.0,53.0,8.0
101.0,28.0,22.0,7.0,153.0,648.0,110.0,80.0,51.0,42.0,18.0,17.0,15.0,361.0,211.0,54.0,25.0,16.0,238.0,138.0,128.0,56.0,97.0,98.0,68.0,13.0,18.0,112.0,79.0,100.0,60.0,152.0,95.0,109.0,124.0,75.0,36.0,65.0,45.0,29.0,150.0,110.0,43.0,292.0,176.0,188.0,16.0,211.0,156.0,48.0,91.0,28.0,230.0,143.0,22.0,107.0,33.0,119.0,57.0,15.0,9.0,160.0,103.0,123.0,92.0,34.0,22.0,92.0,70.0,14.0
86.0,29.0,19.0,13.0,134.0,588.0,114.0,79.0,73.0,49.0,19.0,25.0,12.0,339.0,154.0,44.0,24.0,15.0,226.0,111.0,131.0,49.0,85.0,88.0,117.0,15.0,19.0,119.0,67.0,129.0,66.0,145.0,78.0,92.0,112.0,61.0,39.0,81.0,32.0,36.0,184.0,75.0,40.0,385.0,160.0,157.0,15.0,247.0,149.0,31.0,95.0,37.0,216.0,140.0,25.0,82.0,35.0,117.0,63.0,15.0,9.0,149.0,88.0,139.0,92.0,34.0,17.0,97.0,60.0,13.0
101.0,30.0,16.0,12.0,130.0,608.0,108.0,62.0,49.0,51.0,20.0,21.0,12.0,371.0,188.0,80.0,23.0,13.0,208.0,112.0,109.0,50.0,84.0,133.0,87.0,12.0,16.0,99.0,68.0,103.0,67.0,150.0,66.0,88.0,106.0,53.0,34.0,63.0,31.0,25.0,143.0,69.0,43.0,304.0,134.0,147.0,13.0,209.0,129.0,36.0,90.0,39.0,198.0,98.0,17.0,92.0,30.0,104.0,59.0,12.0,6.0,152.0,96.0,132.0,66.0,32.0,20.0,91.0,48.0,10.0
66.0,21.0,12.0,11.0,117.0,536.0,104.0,63.0,45.0,45.0,18.0,16.0,9.0,322.0,121.0,53.0,22.0,10.0,206.0,97.0,106.0,42.0,73.0,96.0,54.0,10.0,13.0,85.0,40.0,97.0,51.0,113.0,65.0,69.0,86.0,48.0,30.0,60.0,31.0,24.0,121.0,57.0,33.0,241.0,85.0,127.0,12.0,203.0,113.0,27.0,73.0,24.0,180.0,90.0,15.0,70.0,20.0,90.0,62.0,11.0,6.0,129.0,65.0,113.0,55.0,28.0,15.0,77.0,46.0,12.0
52.0,31.0,11.0,7.0,96.0,423.0,118.0,65.0,38.0,42.0,16.0,15.0,9.0,289.0,115.0,82.0,20.0,9.0,171.0,80.0,63.0,32.0,60.0,74.0,36.0,10.0,10.0,96.0,45.0,68.0,46.0,104.0,46.0,65.0,65.0,38.0,23.0,55.0,31.0,20.0,103.0,50.0,29.0,189.0,145.0,100.0,9.0,142.0,92.0,32.0,67.0,25.0,112.0,75.0,11.0,65.0,40.0,76.0,48.0,14.0,6.0,113.0,67.0,92.0,62.0,28.0,15.0,61.0,40.0,8.0
85.0,26.0,24.0,7.0,131.0,541.0,92.0,62.0,66.0,55.0,23.0,21.0,15.0,382.0,179.0,44.0,22.0,14.0,188.0,101.0,108.0,51.0,77.0,114.0,60.0,12.0,14.0,90.0,58.0,88.0,54.0,109.0,75.0,93.0,96.0,60.0,32.0,70.0,35.0,27.0,123.0,62.0,42.0,225.0,159.0,138.0,13.0,185.0,90.0,38.0,86.0,36.0,182.0,109.0,13.0,91.0,31.0,106.0,58.0,16.0,7.0,140.0,88.0,125.0,64.0,40.0,26.0,75.0,56.0,7.0
70.0,22.0,16.0,4.0,114.0,495.0,78.0,51.0,40.0,46.0,15.0,19.0,9.0,361.0,157.0,35.0,26.0,11.0,174.0,91.0,96.0,39.0,71.0,86.0,40.0,7.0,9.0,74.0,38.0,73.0,43.0,110.0,58.0,72.0,90.0,51.0,27.0,56.0,32.0,21.0,103.0,68.0,31.0,198.0,92.0,141.0,13.0,168.0,93.0,32.0,65.0,21.0,179.0,83.0,15.0,86.0,22.0,89.0,47.0,12.0,5.0,127.0,76.0,93.0,56.0,29.0,17.0,66.0,44.0,6.0
78.0,21.0,15.0,4.0,97.0,565.0,96.0,48.0,55.0,46.0,17.0,18.0,10.0,427.0,145.0,47.0,20.0,10.0,257.0,104.0,134.0,47.0,81.0,83.0,35.0,5.0,9.0,96.0,47.0,91.0,47.0,131.0,68.0,81.0,130.0,51.0,32.0,65.0,31.0,25.0,170.0,64.0,35.0,229.0,104.0,138.0,14.0,200.0,97.0,34.0,63.0,31.0,193.0,95.0,16.0,98.0,27.0,109.0,53.0,10.0,7.0,135.0,63.0,107.0,52.0,31.0,15.0,81.0,43.0,7.0
86.0,21.0,22.0,7.0,115.0,621.0,115.0,67.0,64.0,71.0,22.0,21.0,11.0,348.0,193.0,33.0,20.0,12.0,219.0,101.0,113.0,65.0,73.0,104.0,53.0,11.0,11.0,93.0,43.0,134.0,42.0,194.0,68.0,115.0,106.0,58.0,36.0,65.0,33.0,30.0,133.0,55.0,39.0,335.0,127.0,160.0,16.0,201.0,96.0,43.0,70.0,26.0,210.0,122.0,24.0,104.0,26.0,128.0,68.0,14.0,9.0,143.0,82.0,123.0,56.0,34.0,17.0,98.0,43.0,8.0
85.0,29.0,31.0,6.0,104.0,612.0,100.0,58.0,66.0,49.0,24.0,22.0,11.0,412.0,185.0,71.0,22.0,11.0,258.0,128.0,146.0,52.0,81.0,106.0,50.0,6.0,13.0,106.0,51.0,119.0,61.0,217.0,76.0,109.0,124.0,59.0,42.0,62.0,32.0,34.0,163.0,59.0,35.0,328.0,145.0,173.0,22.0,230.0,106.0,46.0,81.0,46.0,234.0,97.0,22.0,98.0,28.0,149.0,64.0,17.0,9.0,154.0,82.0,125.0,71.0,38.0,19.0,106.0,50.0,9.0
105.0,25.0,38.0,7.0,123.0,640.0,142.0,64.0,60.0,50.0,30.0,29.0,12.0,395.0,186.0,61.0,26.0,12.0,217.0,97.0,128.0,59.0,80.0,85.0,49.0,8.0,11.0,116.0,53.0,153.0,59.0,210.0,81.0,118.0,118.0,65.0,41.0,71.0,39.0,35.0,130.0,66.0,59.0,315.0,132.0,180.0,21.0,228.0,134.0,46.0,100.0,25.0,229.0,110.0,23.0,95.0,29.0,141.0,64.0,17.0,6.0,174.0,95.0,154.0,79.0,40.0,17.0,131.0,54.0,8.0
93.0,25.0,27.0,5.0,125.0,661.0,118.0,57.0,70.0,57.0,21.0,26.0,16.0,421.0,173.0,54.0,27.0,13.0,214.0,104.0,144.0,71.0,83.0,99.0,60.0,8.0,15.0,105.0,59.0,133.0,66.0,162.0,109.0,115.0,122.0,62.0,37.0,68.0,40.0,33.0,190.0,101.0,40.0,327.0,163.0,168.0,16.0,226.0,127.0,52.0,106.0,23.0,247.0,140.0,23.0,117.0,32.0,130.0,61.0,15.0,7.0,161.0,97.0,136.0,77.0,30.0,20.0,113.0,54.0,9.0
97.0,48.0,20.0,7.0,152.0,591.0,113.0,89.0,58.0,59.0,18.0,18.0,21.0,389.0,192.0,66.0,28.0,15.0,243.0,155.0,122.0,61.0,112.0,107.0,60.0,8.0,18.0,94.0,68.0,104.0,80.0,142.0,111.0,91.0,122.0,77.0,37.0,63.0,40.0,30.0,158.0,107.0,46.0,260.0,207.0,200.0,17.0,238.0,175.0,53.0,87.0,27.0,218.0,143.0,21.0,106.0,38.0,132.0,62.0,16.0,8.0,154.0,119.0,132.0,85.0,34.0,22.0,107.0,72.0,12.0
86.0,25.0,19.0,12.0,119.0,578.0,107.0,56.0,62.0,56.0,20.0,29.0,12.0,346.0,191.0,67.0,22.0,11.0,177.0,105.0,107.0,57.0,85.0,99.0,50.0,11.0,17.0,111.0,55.0,134.0,72.0,122.0,77.0,97.0,113.0,63.0,36.0,67.0,37.0,29.0,136.0,76.0,39.0,302.0,176.0,171.0,17.0,223.0,129.0,41.0,105.0,31.0,235.0,112.0,23.0,98.0,43.0,129.0,60.0,13.0,8.0,155.0,95.0,123.0,71.0,37.0,18.0,104.0,62.0,12.0
105.0,24.0,14.0,12.0,126.0,642.0,94.0,61.0,56.0,64.0,20.0,24.0,11.0,431.0,158.0,62.0,23.0,12.0,198.0,119.0,102.0,62.0,89.0,103.0,62.0,19.0,14.0,91.0,69.0,122.0,58.0,157.0,78.0,112.0,127.0,66.0,40.0,68.0,36.0,23.0,162.0,78.0,36.0,261.0,129.0,208.0,14.0,209.0,129.0,53.0,86.0,31.0,205.0,99.0,17.0,103.0,32.0,124.0,62.0,12.0,6.0,148.0,89.0,132.0,66.0,31.0,19.0,110.0,67.0,9.0
74.0,25.0,14.0,8.0,116.0,582.0,98.0,52.0,46.0,58.0,18.0,17.0,11.0,380.0,148.0,64.0,26.0,9.0,211.0,96.0,96.0,45.0,88.0,72.0,39.0,8.0,14.0,70.0,43.0,85.0,49.0,134.0,57.0,88.0,86.0,45.0,35.0,66.0,33.0,22.0,128.0,56.0,35.0,242.0,112.0,151.0,13.0,182.0,94.0,32.0,74.0,27.0,173.0,99.0,17.0,75.0,38.0,116.0,68.0,10.0,7.0,142.0,84.0,110.0,60.0,28.0,15.0,98.0,55.0,9.0
59.0,29.0,11.0,6.0,89.0,420.0,93.0,51.0,39.0,52.0,17.0,13.0,9.0,272.0,131.0,63.0,20.0,9.0,157.0,109.0,67.0,43.0,67.0,66.0,45.0,11.0,10.0,69.0,41.0,71.0,36.0,100.0,63.0,75.0,75.0,47.0,26.0,52.0,32.0,21.0,96.0,57.0,25.0,193.0,114.0,98.0,11.0,132.0,90.0,36.0,70.0,23.0,155.0,84.0,13.0,63.0,32.0,82.0,50.0,14.0,5.0,99.0,75.0,76.0,56.0,22.0,16.0,72.0,43.0,6.0
106.0,31.0,15.0,6.0,107.0,548.0,79.0,53.0,54.0,57.0,30.0,25.0,14.0,368.0,169.0,75.0,26.0,16.0,196.0,139.0,103.0,55.0,81.0,101.0,52.0,14.0,13.0,78.0,52.0,107.0,51.0,130.0,65.0,103.0,119.0,68.0,38.0,56.0,35.0,28.0,126.0,74.0,32.0,242.0,115.0,198.0,12.0,207.0,112.0,46.0,64.0,32.0,204.0,108.0,15.0,95.0,39.0,127.0,50.0,13.0,5.0,135.0,77.0,89.0,60.0,34.0,23.0,94.0,61.0,8.0
68.0,21.0,14.0,3.0,96.0,447.0,82.0,53.0,44.0,57.0,13.0,19.0,9.0,282.0,121.0,31.0,21.0,11.0,182.0,115.0,103.0,51.0,66.0,80.0,45.0,7.0,8.0,59.0,40.0,72.0,36.0,106.0,48.0,78.0,90.0,48.0,30.0,54.0,29.0,17.0,86.0,52.0,25.0,184.0,86.0,150.0,13.0,192.0,93.0,38.0,55.0,17.0,132.0,69.0,13.0,66.0,17.0,89.0,40.0,8.0,4.0,118.0,68.0,101.0,48.0,23.0,17.0,85.0,49.0,6.0
75.0,22.0,15.0,4.0,108.0,503.0,129.0,52.0,47.0,56.0,17.0,19.0,10.0,358.0,150.0,54.0,20.0,11.0,232.0,134.0,125.0,55.0,78.0,90.0,43.0,5.0,9.0,88.0,40.0,84.0,49.0,140.0,52.0,85.0,127.0,47.0,37.0,67.0,36.0,21.0,129.0,57.0,36.0,232.0,103.0,165.0,14.0,200.0,105.0,36.0,77.0,18.0,193.0,88.0,15.0,75.0,21.0,121.0,58.0,10.0,6.0,139.0,59.0,112.0,52.0,32.0,15.0,92.0,53.0,6.0
99.0,34.0,21.0,5.0,122.0,571.0,105.0,67.0,58.0,56.0,22.0,22.0,13.0,349.0,191.0,59.0,21.0,16.0,253.0,130.0,129.0,56.0,92.0,102.0,61.0,7.0,10.0,92.0,54.0,116.0,50.0,173.0,53.0,110.0,112.0,50.0,42.0,70.0,32.0,27.0,170.0,65.0,37.0,315.0,124.0,194.0,16.0,187.0,99.0,48.0,79.0,29.0,194.0,96.0,21.0,100.0,30.0,131.0,73.0,12.0,9.0,147.0,85.0,139.0,52.0,37.0,20.0,121.0,56.0,8.0
90.0,32.0,35.0,6.0,104.0,551.0,130.0,71.0,60.0,49.0,23.0,22.0,12.0,358.0,191.0,55.0,27.0,12.0,248.0,129.0,143.0,53.0,87.0,97.0,53.0,6.0,11.0,105.0,45.0,114.0,48.0,231.0,53.0,124.0,106.0,64.0,44.0,69.0,37.0,33.0,158.0,97.0,37.0,299.0,117.0,190.0,23.0,266.0,118.0,46.0,78.0,24.0,198.0,103.0,19.0,92.0,35.0,125.0,74.0,16.0,8.0,142.0,74.0,138.0,67.0,38.0,20.0,127.0,62.0,9.0
93.0,22.0,37.0,9.0,129.0,583.0,121.0,70.0,57.0,52.0,27.0,27.0,10.0,361.0,170.0,51.0,26.0,12.0,252.0,137.0,117.0,62.0,96.0,115.0,58.0,6.0,12.0,116.0,45.0,124.0,60.0,155.0,70.0,121.0,125.0,59.0,42.0,70.0,45.0,36.0,159.0,78.0,40.0,303.0,119.0,215.0,21.0,232.0,111.0,42.0,92.0,27.0,183.0,119.0,21.0,92.0,36.0,128.0,65.0,16.0,7.0,144.0,93.0,139.0,56.0,41.0,16.0,143.0,57.0,7.0
98.0,34.0,24.0,6.0,116.0,619.0,112.0,94.0,66.0,56.0,20.0,25.0,14.0,360.0,184.0,48.0,23.0,17.0,218.0,132.0,119.0,63.0,92.0,111.0,69.0,6.0,11.0,109.0,62.0,130.0,48.0,124.0,76.0,100.0,112.0,60.0,38.0,69.0,55.0,32.0,156.0,77.0,35.0,319.0,140.0,188.0,15.0,194.0,103.0,53.0,82.0,26.0,244.0,115.0,21.0,85.0,28.0,133.0,57.0,16.0,7.0,141.0,88.0,123.0,82.0,32.0,21.0,107.0,59.0,10.0
84.0,34.0,21.0,8.0,161.0,618.0,101.0,94.0,65.0,55.0,18.0,18.0,17.0,377.0,171.0,47.0,23.0,15.0,246.0,156.0,145.0,58.0,96.0,100.0,67.0,11.0,14.0,96.0,77.0,114.0,56.0,161.0,78.0,108.0,130.0,78.0,40.0,70.0,44.0,33.0,153.0,90.0,48.0,260.0,177.0,214.0,18.0,190.0,158.0,54.0,83.0,24.0,240.0,137.0,21.0,86.0,30.0,134.0,64.0,16.0,7.0,149.0,110.0,143.0,81.0,33.0,21.0,111.0,81.0,12.0
93.0,28.0,16.0,11.0,119.0,559.0,96.0,74.0,60.0,46.0,21.0,26.0,11.0,328.0,181.0,101.0,22.0,11.0,252.0,132.0,125.0,57.0,87.0,85.0,45.0,12.0,16.0,102.0,49.0,93.0,47.0,139.0,73.0,106.0,134.0,50.0,40.0,61.0,35.0,28.0,166.0,81.0,40.0,307.0,137.0,172.0,19.0,231.0,108.0,39.0,78.0,27.0,212.0,113.0,20.0,95.0,32.0,124.0,60.0,13.0,7.0,135.0,70.0,127.0,64.0,34.0,18.0,113.0,61.0,11.0
86.0,27.0,15.0,13.0,155.0,657.0,112.0,78.0,53.0,55.0,20.0,24.0,12.0,356.0,194.0,89.0,24.0,12.0,233.0,142.0,124.0,58.0,94.0,104.0,52.0,12.0,14.0,106.0,61.0,105.0,50.0,142.0,68.0,103.0,112.0,52.0,40.0,75.0,31.0,25.0,146.0,77.0,38.0,268.0,115.0,193.0,18.0,199.0,101.0,40.0,88.0,45.0,202.0,106.0,17.0,77.0,28.0,119.0,70.0,12.0,6.0,137.0,77.0,123.0,66.0,33.0,19.0,112.0,63.0,11.0
70.0,26.0,11.0,9.0,115.0,477.0,86.0,45.0,53.0,44.0,19.0,18.0,9.0,322.0,139.0,66.0,20.0,7.0,206.0,92.0,105.0,46.0,81.0,73.0,37.0,13.0,13.0,77.0,36.0,103.0,43.0,122.0,54.0,90.0,81.0,47.0,32.0,54.0,24.0,27.0,121.0,57.0,27.0,250.0,106.0,172.0,13.0,153.0,96.0,26.0,61.0,31.0,206.0,89.0,17.0,60.0,22.0,107.0,58.0,13.0,7.0,116.0,62.0,95.0,49.0,29.0,14.0,93.0,62.0,9.0
56.0,24.0,10.0,7.0,84.0,409.0,82.0,48.0,40.0,41.0,14.0,14.0,8.0,270.0,113.0,93.0,16.0,8.0,168.0,104.0,73.0,36.0,58.0,63.0,37.0,15.0,8.0,76.0,36.0,83.0,31.0,99.0,60.0,63.0,61.0,42.0,25.0,46.0,32.0,22.0,104.0,50.0,24.0,190.0,91.0,115.0,12.0,119.0,81.0,32.0,44.0,33.0,173.0,61.0,13.0,48.0,38.0,71.0,43.0,15.0,5.0,106.0,66.0,69.0,52.0,25.0,17.0,59.0,50.0,7.0
84.0,28.0,13.0,7.0,116.0,457.0,75.0,56.0,47.0,59.0,21.0,18.0,14.0,351.0,196.0,106.0,20.0,14.0,201.0,118.0,89.0,63.0,86.0,88.0,50.0,14.0,13.0,84.0,49.0,93.0,53.0,117.0,64.0,88.0,105.0,43.0,36.0,55.0,31.0,22.0,142.0,72.0,28.0,231.0,134.0,147.0,12.0,195.0,115.0,37.0,63.0,39.0,160.0,98.0,25.0,77.0,29.0,128.0,47.0,15.0,7.0,126.0,77.0,116.0,73.0,31.0,20.0,88.0,54.0,8.0
62.0,21.0,16.0,4.0,101.0,434.0,82.0,50.0,38.0,45.0,15.0,19.0,8.0,300.0,149.0,46.0,20.0,11.0,177.0,95.0,87.0,46.0,61.0,75.0,36.0,9.0,9.0,62.0,38.0,64.0,43.0,89.0,50.0,59.0,85.0,49.0,29.0,52.0,35.0,16.0,102.0,73.0,31.0,191.0,105.0,139.0,13.0,151.0,70.0,30.0,58.0,21.0,131.0,72.0,12.0,73.0,19.0,96.0,48.0,9.0,5.0,128.0,65.0,107.0,61.0,26.0,15.0,82.0,36.0,7.0
71.0,16.0,15.0,5.0,100.0,506.0,94.0,50.0,48.0,49.0,15.0,16.0,8.0,256.0,157.0,73.0,19.0,10.0,160.0,88.0,111.0,46.0,65.0,76.0,41.0,7.0,8.0,79.0,38.0,86.0,34.0,176.0,56.0,67.0,82.0,49.0,32.0,66.0,28.0,23.0,126.0,65.0,32.0,222.0,103.0,138.0,13.0,179.0,90.0,29.0,66.0,23.0,179.0,72.0,15.0,63.0,20.0,94.0,54.0,10.0,6.0,139.0,66.0,109.0,62.0,27.0,16.0,95.0,46.0,7.0
77.0,26.0,20.0,4.0,117.0,553.0,107.0,66.0,62.0,52.0,20.0,18.0,9.0,273.0,151.0,74.0,20.0,15.0,192.0,92.0,114.0,55.0,84.0,89.0,56.0,8.0,13.0,96.0,53.0,129.0,49.0,179.0,83.0,92.0,115.0,58.0,36.0,74.0,29.0,27.0,163.0,89.0,35.0,292.0,139.0,166.0,14.0,197.0,73.0,37.0,78.0,27.0,189.0,106.0,23.0,75.0,29.0,105.0,61.0,12.0,10.0,150.0,79.0,155.0,58.0,32.0,18.0,107.0,52.0,8.0
67.0,26.0,38.0,6.0,122.0,469.0,128.0,58.0,50.0,47.0,19.0,17.0,10.0,262.0,135.0,63.0,23.0,13.0,212.0,97.0,103.0,48.0,69.0,77.0,43.0,8.0,12.0,93.0,38.0,96.0,40.0,201.0,74.0,97.0,130.0,51.0,37.0,71.0,39.0,29.0,145.0,54.0,36.0,288.0,142.0,163.0,18.0,189.0,96.0,34.0,73.0,22.0,171.0,92.0,17.0,72.0,26.0,94.0,65.0,16.0,9.0,129.0,70.0,125.0,67.0,32.0,15.0,126.0,48.0,10.0
81.0,25.0,34.0,7.0,92.0,521.0,124.0,49.0,61.0,43.0,24.0,23.0,10.0,282.0,142.0,97.0,22.0,14.0,217.0,106.0,116.0,63.0,83.0,92.0,49.0,8.0,11.0,108.0,41.0,101.0,46.0,167.0,67.0,99.0,122.0,60.0,37.0,56.0,29.0,31.0,176.0,87.0,38.0,357.0,120.0,179.0,20.0,219.0,103.0,42.0,83.0,31.0,179.0,102.0,21.0,78.0,26.0,118.0,56.0,15.0,7.0,133.0,80.0,133.0,61.0,38.0,18.0,147.0,64.0,7.0
70.0,24.0,23.0,6.0,101.0,529.0,101.0,65.0,50.0,48.0,20.0,22.0,11.0,259.0,146.0,81.0,23.0,14.0,218.0,102.0,95.0,52.0,74.0,81.0,51.0,8.0,13.0,95.0,54.0,110.0,55.0,132.0,69.0,90.0,102.0,58.0,30.0,50.0,34.0,28.0,174.0,79.0,36.0,309.0,146.0,170.0,13.0,209.0,102.0,43.0,82.0,33.0,171.0,120.0,17.0,69.0,30.0,102.0,56.0,13.0,6.0,124.0,98.0,135.0,72.0,32.0,18.0,100.0,45.0,9.0
69.0,34.0,21.0,9.0,147.0,471.0,104.0,67.0,54.0,58.0,15.0,17.0,15.0,268.0,161.0,61.0,22.0,14.0,190.0,109.0,126.0,51.0,91.0,94.0,47.0,15.0,13.0,105.0,61.0,99.0,58.0,161.0,109.0,91.0,103.0,61.0,35.0,56.0,34.0,28.0,145.0,69.0,41.0,245.0,146.0,159.0,14.0,173.0,170.0,42.0,81.0,37.0,187.0,94.0,19.0,85.0,31.0,131.0,61.0,14.0,6.0,126.0,92.0,144.0,83.0,31.0,19.0,97.0,63.0,11.0
62.0,26.0,16.0,12.0,104.0,450.0,93.0,62.0,56.0,43.0,17.0,21.0,9.0,243.0,131.0,61.0,18.0,11.0,185.0,128.0,96.0,53.0,65.0,74.0,56.0,14.0,14.0,95.0,46.0,100.0,54.0,145.0,81.0,90.0,111.0,64.0,32.0,53.0,27.0,25.0,163.0,69.0,36.0,277.0,129.0,137.0,17.0,176.0,114.0,31.0,86.0,35.0,174.0,95.0,19.0,71.0,28.0,98.0,55.0,12.0,6.0,116.0,66.0,128.0,66.0,28.0,17.0,89.0,57.0,12.0
58.0,36.0,13.0,16.0,102.0,473.0,84.0,45.0,51.0,48.0,17.0,20.0,10.0,297.0,138.0,67.0,17.0,9.0,178.0,97.0,87.0,57.0,73.0,114.0,37.0,11.0,12.0,93.0,46.0,102.0,51.0,159.0,75.0,86.0,109.0,51.0,35.0,62.0,31.0,22.0,153.0,60.0,40.0,234.0,95.0,147.0,14.0,193.0,122.0,29.0,80.0,44.0,150.0,86.0,16.0,77.0,35.0,104.0,53.0,12.0,5.0,120.0,75.0,117.0,64.0,30.0,17.0,92.0,47.0,9.0
48.0,37.0,11.0,11.0,89.0,373.0,69.0,36.0,42.0,41.0,15.0,13.0,6.0,251.0,89.0,62.0,17.0,6.0,161.0,55.0,71.0,42.0,61.0,68.0,29.0,12.0,10.0,65.0,29.0,68.0,34.0,112.0,48.0,53.0,79.0,36.0,27.0,44.0,25.0,18.0,80.0,44.0,22.0,203.0,79.0,92.0,11.0,141.0,83.0,26.0,59.0,38.0,112.0,60.0,12.0,54.0,36.0,75.0,45.0,8.0,5.0,103.0,52.0,89.0,39.0,23.0,11.0,70.0,32.0,7.0
39.0,55.0,10.0,9.0,72.0,283.0,79.0,36.0,37.0,43.0,11.0,11.0,6.0,206.0,93.0,65.0,16.0,7.0,142.0,77.0,60.0,36.0,47.0,48.0,26.0,15.0,8.0,54.0,30.0,68.0,30.0,92.0,44.0,54.0,62.0,32.0,24.0,39.0,24.0,17.0,83.0,42.0,22.0,174.0,80.0,80.0,9.0,116.0,61.0,20.0,50.0,54.0,110.0,64.0,10.0,51.0,80.0,61.0,53.0,12.0,4.0,77.0,42.0,73.0,44.0,18.0,10.0,71.0,39.0,6.0
64.0,51.0,14.0,9.0,88.0,345.0,70.0,36.0,47.0,42.0,13.0,19.0,8.0,257.0,166.0,87.0,15.0,8.0,148.0,93.0,60.0,44.0,55.0,71.0,35.0,16.0,9.0,82.0,43.0,80.0,40.0,106.0,63.0,69.0,79.0,44.0,26.0,37.0,17.0,29.0,97.0,45.0,29.0,210.0,79.0,124.0,11.0,139.0,63.0,31.0,51.0,48.0,153.0,67.0,14.0,68.0,41.0,87.0,36.0,11.0,4.0,119.0,55.0,89.0,35.0,26.0,12.0,79.0,44.0,6.0
47.0,32.0,13.0,4.0,68.0,301.0,63.0,33.0,31.0,43.0,11.0,14.0,6.0,245.0,107.0,58.0,17.0,7.0,122.0,50.0,79.0,32.0,43.0,65.0,21.0,12.0,6.0,53.0,37.0,70.0,27.0,68.0,42.0,47.0,59.0,35.0,25.0,33.0,27.0,17.0,89.0,28.0,25.0,161.0,62.0,105.0,10.0,93.0,47.0,22.0,54.0,32.0,169.0,45.0,12.0,60.0,41.0,64.0,33.0,9.0,3.0,100.0,48.0,86.0,36.0,20.0,10.0,62.0,39.0,6.0
50.0,23.0,13.0,5.0,72.0,330.0,65.0,24.0,42.0,37.0,11.0,15.0,7.0,219.0,125.0,75.0,16.0,6.0,125.0,52.0,69.0,45.0,47.0,59.0,25.0,11.0,6.0,76.0,29.0,76.0,25.0,114.0,35.0,63.0,86.0,36.0,31.0,37.0,13.0,18.0,93.0,37.0,24.0,193.0,66.0,95.0,11.0,140.0,61.0,23.0,49.0,28.0,149.0,63.0,11.0,51.0,25.0,74.0,39.0,7.0,4.0,125.0,40.0,94.0,38.0,24.0,10.0,83.0,32.0,4.0
56.0,28.0,16.0,7.0,99.0,418.0,73.0,42.0,49.0,36.0,16.0,17.0,9.0,220.0,134.0,65.0,16.0,9.0,144.0,54.0,78.0,45.0,63.0,70.0,32.0,13.0,7.0,102.0,32.0,105.0,34.0,130.0,47.0,88.0,88.0,38.0,29.0,42.0,20.0,28.0,168.0,38.0,27.0,224.0,82.0,136.0,12.0,139.0,62.0,25.0,55.0,38.0,162.0,53.0,19.0,76.0,37.0,85.0,49.0,12.0,6.0,103.0,38.0,91.0,53.0,26.0,11.0,89.0,26.0,6.0
53.0,31.0,32.0,8.0,66.0,430.0,103.0,44.0,53.0,40.0,18.0,17.0,7.0,214.0,114.0,67.0,16.0,7.0,160.0,55.0,82.0,38.0,57.0,62.0,28.0,11.0,8.0,93.0,35.0,85.0,29.0,129.0,45.0,76.0,118.0,38.0,31.0,46.0,17.0,26.0,113.0,37.0,29.0,220.0,92.0,128.0,18.0,142.0,63.0,23.0,64.0,22.0,177.0,80.0,17.0,63.0,36.0,83.0,48.0,14.0,6.0,115.0,61.0,88.0,35.0,27.0,11.0,91.0,32.0,5.0
59.0,38.0,28.0,9.0,71.0,403.0,97.0,40.0,55.0,33.0,15.0,21.0,7.0,181.0,106.0,58.0,17.0,8.0,180.0,68.0,82.0,42.0,52.0,76.0,35.0,13.0,8.0,98.0,29.0,114.0,47.0,142.0,44.0,76.0,90.0,35.0,31.0,36.0,22.0,28.0,148.0,53.0,30.0,297.0,90.0,110.0,17.0,141.0,55.0,26.0,62.0,25.0,188.0,71.0,20.0,60.0,34.0,77.0,42.0,13.0,4.0,118.0,43.0,96.0,42.0,30.0,11.0,92.0,37.0,6.0
62.0,31.0,27.0,8.0,87.0,468.0,87.0,35.0,49.0,31.0,13.0,21.0,9.0,222.0,123.0,96.0,20.0,9.0,175.0,72.0,75.0,36.0,59.0,74.0,41.0,9.0,8.0,78.0,43.0,99.0,38.0,104.0,59.0,70.0,90.0,46.0,26.0,46.0,20.0,23.0,150.0,49.0,32.0,269.0,91.0,118.0,10.0,162.0,72.0,31.0,69.0,43.0,155.0,63.0,16.0,86.0,36.0,85.0,54.0,12.0,4.0,108.0,50.0,114.0,46.0,26.0,13.0,73.0,36.0,5.0
63.0,31.0,17.0,10.0,84.0,402.0,80.0,46.0,50.0,38.0,12.0,16.0,11.0,266.0,130.0,72.0,17.0,11.0,187.0,76.0,108.0,42.0,74.0,70.0,32.0,14.0,8.0,84.0,41.0,121.0,55.0,112.0,44.0,72.0,97.0,49.0,31.0,41.0,24.0,25.0,101.0,46.0,31.0,240.0,93.0,113.0,13.0,166.0,91.0,30.0,59.0,27.0,170.0,76.0,15.0,73.0,28.0,96.0,45.0,12.0,4.0,113.0,55.0,113.0,71.0,24.0,12.0,82.0,48.0,8.0
53.0,29.0,14.0,16.0,66.0,451.0,67.0,46.0,45.0,45.0,13.0,18.0,7.0,218.0,133.0,53.0,16.0,8.0,152.0,93.0,93.0,38.0,60.0,57.0,32.0,14.0,12.0,74.0,35.0,93.0,51.0,123.0,42.0,72.0,77.0,44.0,30.0,42.0,15.0,21.0,127.0,39.0,28.0,280.0,98.0,132.0,15.0,148.0,67.0,22.0,64.0,37.0,158.0,76.0,16.0,67.0,41.0,73.0,51.0,9.0,5.0,122.0,60.0,95.0,46.0,28.0,11.0,84.0,37.0,7.0
52.0,30.0,12.0,13.0,81.0,400.0,80.0,42.0,46.0,43.0,14.0,18.0,7.0,249.0,112.0,80.0,16.0,6.0,166.0,65.0,86.0,42.0,63.0,68.0,29.0,14.0,10.0,72.0,47.0,104.0,38.0,122.0,35.0,81.0,92.0,40.0,32.0,39.0,19.0,25.0,110.0,46.0,24.0,243.0,81.0,134.0,12.0,154.0,74.0,26.0,63.0,29.0,169.0,82.0,16.0,59.0,37.0,97.0,42.0,13.0,4.0,128.0,51.0,88.0,41.0,23.0,11.0,76.0,31.0,6.0
58.0,32.0,9.0,9.0,70.0,388.0,71.0,30.0,45.0,32.0,12.0,13.0,6.0,219.0,86.0,54.0,16.0,6.0,123.0,57.0,82.0,36.0,57.0,50.0,24.0,17.0,9.0,58.0,31.0,75.0,26.0,73.0,35.0,53.0,68.0,23.0,26.0,37.0,16.0,20.0,95.0,27.0,21.0,238.0,71.0,109.0,10.0,133.0,51.0,21.0,44.0,22.0,156.0,58.0,13.0,63.0,45.0,77.0,49.0,9.0,4.0,92.0,55.0,102.0,45.0,30.0,9.0,54.0,33.0,6.0
36.0,23.0,8.0,10.0,62.0,260.0,65.0,25.0,34.0,32.0,10.0,14.0,6.0,223.0,81.0,52.0,15.0,4.0,120.0,54.0,57.0,27.0,39.0,41.0,22.0,17.0,6.0,48.0,28.0,49.0,25.0,115.0,45.0,52.0,56.0,31.0,19.0,36.0,19.0,16.0,88.0,37.0,18.0,171.0,80.0,81.0,9.0,76.0,48.0,18.0,36.0,28.0,111.0,49.0,9.0,38.0,28.0,57.0,33.0,12.0,3.0,75.0,36.0,60.0,36.0,19.0,9.0,57.0,29.0,3.0
50.0,26.0,13.0,8.0,76.0,362.0,70.0,28.0,41.0,36.0,12.0,19.0,8.0,220.0,93.0,48.0,20.0,8.0,116.0,53.0,90.0,34.0,45.0,65.0,30.0,16.0,9.0,90.0,44.0,84.0,31.0,100.0,48.0,68.0,69.0,34.0,27.0,38.0,16.0,19.0,111.0,48.0,27.0,200.0,71.0,103.0,10.0,152.0,61.0,23.0,53.0,45.0,181.0,74.0,13.0,56.0,26.0,84.0,34.0,11.0,4.0,89.0,55.0,77.0,28.0,20.0,12.0,86.0,34.0,3.0
46.0,21.0,11.0,3.0,73.0,302.0,55.0,27.0,39.0,34.0,9.0,10.0,6.0,185.0,105.0,50.0,14.0,7.0,123.0,51.0,77.0,36.0,41.0,51.0,25.0,7.0,6.0,52.0,30.0,50.0,27.0,90.0,37.0,61.0,70.0,35.0,24.0,38.0,17.0,16.0,83.0,29.0,22.0,185.0,61.0,98.0,12.0,110.0,48.0,19.0,43.0,16.0,118.0,55.0,10.0,49.0,23.0,66.0,29.0,9.0,3.0,79.0,34.0,57.0,33.0,17.0,11.0,95.0,24.0,4.0
59.0,20.0,12.0,4.0,94.0,353.0,79.0,28.0,41.0,32.0,15.0,16.0,5.0,198.0,104.0,36.0,15.0,6.0,169.0,50.0,99.0,47.0,59.0,64.0,26.0,10.0,7.0,96.0,35.0,72.0,47.0,149.0,45.0,75.0,103.0,35.0,29.0,43.0,18.0,22.0,128.0,39.0,28.0,201.0,80.0,137.0,14.0,132.0,58.0,22.0,54.0,20.0,174.0,64.0,13.0,57.0,23.0,82.0,41.0,8.0,5.0,123.0,48.0,106.0,35.0,26.0,10.0,69.0,34.0,3.0
64.0,25.0,15.0,6.0,77.0,407.0,91.0,48.0,62.0,68.0,19.0,17.0,6.0,236.0,125.0,47.0,15.0,8.0,180.0,59.0,101.0,47.0,69.0,90.0,32.0,10.0,11.0,117.0,34.0,103.0,39.0,162.0,47.0,99.0,128.0,59.0,36.0,46.0,18.0,27.0,110.0,46.0,30.0,232.0,98.0,171.0,16.0,168.0,60.0,29.0,53.0,20.0,184.0,69.0,19.0,71.0,22.0,112.0,45.0,12.0,8.0,149.0,65.0,101.0,42.0,29.0,12.0,85.0,38.0,5.0
67.0,26.0,33.0,8.0,87.0,450.0,97.0,43.0,66.0,45.0,19.0,16.0,8.0,237.0,144.0,40.0,17.0,8.0,199.0,62.0,119.0,49.0,67.0,62.0,32.0,8.0,8.0,96.0,33.0,108.0,35.0,203.0,57.0,97.0,106.0,53.0,36.0,52.0,25.0,31.0,105.0,31.0,38.0,347.0,93.0,139.0,19.0,162.0,65.0,30.0,59.0,28.0,175.0,66.0,20.0,69.0,22.0,115.0,57.0,14.0,7.0,123.0,54.0,101.0,43.0,29.0,12.0,101.0,42.0,5.0
62.0,28.0,33.0,7.0,67.0,447.0,113.0,41.0,45.0,36.0,18.0,22.0,7.0,236.0,133.0,54.0,20.0,10.0,187.0,75.0,90.0,52.0,66.0,80.0,35.0,10.0,9.0,100.0,44.0,107.0,44.0,157.0,76.0,96.0,107.0,56.0,34.0,54.0,22.0,29.0,118.0,43.0,36.0,349.0,129.0,125.0,19.0,184.0,76.0,31.0,71.0,17.0,216.0,91.0,19.0,66.0,33.0,111.0,47.0,13.0,4.0,116.0,69.0,103.0,44.0,30.0,12.0,121.0,35.0,5.0
62.0,31.0,20.0,6.0,84.0,482.0,85.0,37.0,51.0,43.0,18.0,20.0,10.0,242.0,123.0,50.0,20.0,7.0,175.0,83.0,103.0,53.0,65.0,78.0,41.0,15.0,8.0,83.0,47.0,112.0,50.0,182.0,65.0,83.0,117.0,46.0,32.0,39.0,21.0,28.0,115.0,53.0,27.0,297.0,121.0,129.0,15.0,143.0,74.0,30.0,57.0,31.0,192.0,86.0,17.0,70.0,28.0,92.0,42.0,16.0,4.0,134.0,80.0,102.0,41.0,28.0,12.0,101.0,41.0,4.0
73.0,32.0,16.0,8.0,100.0,402.0,90.0,50.0,45.0,47.0,13.0,16.0,11.0,282.0,133.0,66.0,16.0,9.0,171.0,98.0,122.0,42.0,75.0,69.0,38.0,9.0,11.0,74.0,46.0,101.0,56.0,140.0,93.0,83.0,110.0,57.0,31.0,50.0,25.0,24.0,107.0,52.0,32.0,266.0,143.0,146.0,16.0,154.0,102.0,36.0,55.0,24.0,155.0,102.0,16.0,73.0,41.0,113.0,47.0,11.0,6.0,133.0,64.0,99.0,54.0,25.0,14.0,100.0,48.0,7.0
55.0,20.0,14.0,11.0,69.0,401.0,89.0,48.0,50.0,37.0,15.0,17.0,9.0,234.0,128.0,44.0,18.0,8.0,151.0,64.0,98.0,46.0,64.0,58.0,26.0,11.0,12.0,71.0,50.0,91.0,39.0,137.0,71.0,71.0,88.0,43.0,30.0,44.0,17.0,23.0,118.0,50.0,27.0,349.0,114.0,113.0,16.0,160.0,83.0,26.0,61.0,28.0,177.0,97.0,18.0,58.0,28.0,82.0,51.0,11.0,5.0,106.0,57.0,92.0,50.0,24.0,13.0,94.0,42.0,7.0
66.0,28.0,13.0,17.0,77.0,418.0,95.0,49.0,39.0,41.0,16.0,19.0,8.0,291.0,130.0,44.0,17.0,7.0,175.0,65.0,99.0,48.0,73.0,77.0,35.0,13.0,9.0,69.0,41.0,101.0,37.0,118.0,90.0,80.0,90.0,37.0,32.0,45.0,17.0,20.0,98.0,48.0,26.0,295.0,78.0,135.0,15.0,199.0,100.0,28.0,66.0,33.0,179.0,83.0,14.0,64.0,19.0,101.0,41.0,12.0,3.0,118.0,53.0,93.0,44.0,25.0,13.0,85.0,36.0,6.0
62.0,24.0,9.0,8.0,73.0,396.0,74.0,27.0,35.0,35.0,14.0,14.0,7.0,286.0,125.0,52.0,16.0,6.0,156.0,69.0,80.0,34.0,71.0,50.0,23.0,16.0,8.0,69.0,33.0,73.0,27.0,118.0,62.0,57.0,73.0,26.0,26.0,41.0,17.0,20.0,102.0,30.0,21.0,223.0,73.0,118.0,12.0,120.0,64.0,31.0,45.0,25.0,144.0,55.0,13.0,58.0,19.0,75.0,38.0,11.0,4.0,107.0,39.0,70.0,36.0,24.0,10.0,65.0,26.0,5.0
45.0,26.0,8.0,8.0,80.0,312.0,75.0,23.0,31.0,27.0,13.0,12.0,7.0,211.0,94.0,62.0,14.0,5.0,96.0,88.0,60.0,30.0,51.0,39.0,25.0,16.0,7.0,50.0,25.0,62.0,30.0,124.0,64.0,51.0,56.0,32.0,24.0,35.0,16.0,17.0,69.0,36.0,19.0,212.0,74.0,89.0,10.0,111.0,72.0,26.0,35.0,40.0,123.0,67.0,10.0,51.0,30.0,74.0,36.0,13.0,3.0,107.0,44.0,53.0,32.0,17.0,12.0,55.0,26.0,3.0
58.0,34.0,13.0,5.0,81.0,377.0,79.0,38.0,36.0,39.0,12.0,20.0,8.0,200.0,123.0,73.0,17.0,9.0,131.0,64.0,95.0,37.0,50.0,66.0,27.0,11.0,8.0,63.0,30.0,98.0,35.0,126.0,72.0,73.0,73.0,43.0,25.0,45.0,22.0,21.0,104.0,31.0,24.0,184.0,92.0,105.0,12.0,135.0,50.0,25.0,61.0,26.0,140.0,58.0,12.0,60.0,43.0,111.0,44.0,10.0,4.0,135.0,63.0,74.0,41.0,21.0,13.0,100.0,44.0,4.0
58.0,20.0,12.0,3.0,76.0,327.0,61.0,41.0,29.0,32.0,11.0,14.0,5.0,199.0,106.0,37.0,17.0,6.0,138.0,58.0,90.0,38.0,42.0,60.0,25.0,6.0,6.0,45.0,25.0,60.0,34.0,147.0,53.0,61.0,96.0,34.0,28.0,45.0,20.0,15.0,88.0,32.0,22.0,160.0,74.0,106.0,15.0,112.0,43.0,25.0,44.0,12.0,132.0,56.0,13.0,60.0,31.0,77.0,35.0,8.0,3.0,94.0,47.0,62.0,29.0,19.0,10.0,75.0,36.0,3.0
56.0,19.0,12.0,4.0,74.0,382.0,80.0,39.0,38.0,34.0,13.0,14.0,6.0,241.0,122.0,41.0,17.0,7.0,201.0,74.0,121.0,44.0,53.0,65.0,33.0,7.0,7.0,75.0,26.0,82.0,33.0,141.0,71.0,58.0,100.0,34.0,29.0,42.0,23.0,19.0,117.0,34.0,28.0,248.0,107.0,112.0,15.0,148.0,57.0,22.0,54.0,21.0,193.0,55.0,14.0,62.0,20.0,101.0,43.0,9.0,4.0,130.0,52.0,75.0,39.0,24.0,10.0,72.0,36.0,4.0
74.0,26.0,14.0,5.0,73.0,436.0,80.0,39.0,46.0,44.0,22.0,18.0,9.0,269.0,147.0,73.0,15.0,8.0,221.0,78.0,113.0,50.0,71.0,72.0,36.0,9.0,8.0,94.0,29.0,123.0,40.0,166.0,67.0,94.0,101.0,42.0,36.0,49.0,21.0,23.0,111.0,34.0,28.0,244.0,100.0,128.0,19.0,188.0,58.0,28.0,58.0,22.0,217.0,67.0,18.0,76.0,22.0,111.0,56.0,12.0,8.0,112.0,50.0,98.0,39.0,33.0,13.0,80.0,33.0,5.0
80.0,25.0,29.0,11.0,87.0,393.0,99.0,38.0,46.0,36.0,18.0,27.0,7.0,274.0,146.0,47.0,16.0,8.0,210.0,64.0,127.0,50.0,76.0,76.0,34.0,7.0,8.0,91.0,31.0,85.0,42.0,183.0,67.0,89.0,93.0,42.0,37.0,46.0,24.0,23.0,93.0,31.0,27.0,334.0,119.0,121.0,21.0,165.0,70.0,30.0,60.0,31.0,191.0,78.0,17.0,79.0,21.0,129.0,51.0,15.0,7.0,125.0,61.0,97.0,37.0,34.0,13.0,90.0,33.0,6.0
75.0,26.0,34.0,6.0,71.0,487.0,123.0,36.0,61.0,34.0,22.0,21.0,11.0,291.0,134.0,58.0,20.0,10.0,204.0,79.0,105.0,58.0,71.0,71.0,43.0,7.0,8.0,98.0,37.0,122.0,38.0,133.0,64.0,105.0,118.0,51.0,35.0,51.0,27.0,28.0,136.0,41.0,33.0,300.0,112.0,123.0,22.0,197.0,80.0,29.0,76.0,33.0,198.0,84.0,19.0,80.0,18.0,100.0,53.0,16.0,4.0,127.0,56.0,117.0,39.0,35.0,12.0,116.0,53.0,5.0
74.0,28.0,23.0,6.0,99.0,494.0,76.0,42.0,51.0,41.0,23.0,20.0,10.0,259.0,134.0,55.0,21.0,10.0,176.0,85.0,105.0,47.0,62.0,83.0,38.0,7.0,7.0,87.0,38.0,110.0,38.0,168.0,86.0,88.0,85.0,59.0,26.0,45.0,27.0,24.0,122.0,43.0,31.0,370.0,111.0,150.0,19.0,152.0,80.0,36.0,64.0,34.0,153.0,84.0,17.0,71.0,23.0,98.0,50.0,14.0,4.0,122.0,66.0,104.0,49.0,28.0,13.0,91.0,41.0,5.0
81.0,28.0,17.0,8.0,115.0,429.0,102.0,49.0,37.0,35.0,13.0,18.0,14.0,259.0,142.0,70.0,19.0,10.0,190.0,109.0,120.0,55.0,85.0,88.0,48.0,8.0,11.0,89.0,59.0,97.0,55.0,156.0,104.0,97.0,118.0,63.0,33.0,47.0,27.0,22.0,94.0,59.0,34.0,253.0,152.0,166.0,20.0,149.0,111.0,34.0,61.0,36.0,160.0,74.0,16.0,69.0,28.0,117.0,53.0,11.0,5.0,142.0,86.0,85.0,62.0,29.0,15.0,103.0,51.0,9.0
67.0,24.0,15.0,12.0,95.0,458.0,74.0,37.0,43.0,40.0,18.0,19.0,9.0,237.0,103.0,61.0,21.0,9.0,187.0,94.0,118.0,46.0,72.0,71.0,35.0,10.0,11.0,98.0,38.0,98.0,50.0,145.0,82.0,85.0,99.0,40.0,29.0,48.0,19.0,21.0,128.0,46.0,27.0,292.0,124.0,139.0,21.0,138.0,70.0,34.0,89.0,24.0,174.0,82.0,17.0,56.0,38.0,95.0,58.0,12.0,6.0,159.0,70.0,102.0,49.0,28.0,15.0,122.0,43.0,8.0
64.0,29.0,12.0,15.0,106.0,453.0,80.0,40.0,39.0,42.0,15.0,21.0,8.0,257.0,118.0,47.0,16.0,8.0,200.0,73.0,123.0,46.0,76.0,92.0,45.0,15.0,10.0,84.0,30.0,99.0,36.0,162.0,78.0,80.0,103.0,37.0,30.0,43.0,21.0,19.0,105.0,40.0,23.0,244.0,120.0,171.0,18.0,137.0,71.0,28.0,52.0,32.0,174.0,76.0,14.0,71.0,24.0,101.0,43.0,12.0,4.0,153.0,67.0,94.0,47.0,31.0,13.0,99.0,42.0,6.0
66.0,30.0,10.0,8.0,79.0,416.0,83.0,24.0,33.0,35.0,15.0,14.0,7.0,296.0,105.0,67.0,17.0,6.0,165.0,54.0,96.0,51.0,59.0,55.0,26.0,12.0,8.0,61.0,34.0,73.0,31.0,130.0,64.0,69.0,77.0,37.0,26.0,39.0,18.0,20.0,87.0,31.0,20.0,212.0,63.0,135.0,16.0,127.0,50.0,28.0,67.0,43.0,165.0,69.0,13.0,58.0,21.0,89.0,43.0,10.0,4.0,118.0,57.0,80.0,29.0,26.0,11.0,72.0,30.0,6.0
46.0,35.0,8.0,7.0,60.0,298.0,65.0,28.0,28.0,33.0,12.0,12.0,6.0,214.0,68.0,58.0,13.0,6.0,116.0,70.0,78.0,29.0,50.0,53.0,30.0,10.0,7.0,52.0,23.0,60.0,28.0,102.0,65.0,55.0,70.0,31.0,20.0,32.0,19.0,18.0,74.0,38.0,17.0,178.0,63.0,97.0,14.0,100.0,49.0,23.0,43.0,25.0,137.0,55.0,10.0,39.0,30.0,74.0,35.0,12.0,3.0,94.0,63.0,54.0,39.0,20.0,10.0,61.0,34.0,4.0
71.0,34.0,14.0,6.0,69.0,433.0,65.0,29.0,41.0,44.0,17.0,17.0,8.0,267.0,143.0,56.0,19.0,10.0,137.0,65.0,117.0,47.0,54.0,74.0,39.0,9.0,10.0,95.0,38.0,89.0,45.0,153.0,57.0,82.0,83.0,40.0,30.0,37.0,17.0,25.0,108.0,54.0,28.0,262.0,115.0,141.0,16.0,121.0,66.0,27.0,49.0,35.0,153.0,85.0,16.0,60.0,23.0,102.0,42.0,11.0,5.0,114.0,48.0,91.0,41.0,27.0,14.0,104.0,41.0,5.0
73.0,24.0,13.0,3.0,73.0,378.0,58.0,28.0,35.0,37.0,12.0,15.0,6.0,240.0,111.0,33.0,20.0,7.0,117.0,70.0,91.0,36.0,59.0,66.0,26.0,6.0,7.0,62.0,28.0,76.0,40.0,144.0,41.0,63.0,76.0,36.0,25.0,35.0,18.0,15.0,94.0,38.0,26.0,205.0,77.0,134.0,15.0,130.0,72.0,30.0,56.0,19.0,126.0,59.0,13.0,50.0,22.0,100.0,36.0,9.0,4.0,95.0,65.0,65.0,41.0,23.0,13.0,86.0,32.0,4.0
64.0,20.0,15.0,6.0,86.0,392.0,71.0,29.0,47.0,43.0,14.0,14.0,6.0,278.0,146.0,41.0,15.0,7.0,208.0,82.0,130.0,44.0,66.0,64.0,37.0,6.0,10.0,85.0,35.0,80.0,33.0,146.0,60.0,70.0,94.0,45.0,34.0,48.0,22.0,18.0,101.0,40.0,25.0,240.0,95.0,112.0,18.0,143.0,76.0,25.0,51.0,17.0,150.0,61.0,12.0,57.0,22.0,112.0,43.0,9.0,5.0,116.0,59.0,101.0,40.0,29.0,14.0,104.0,31.0,5.0
84.0,34.0,18.0,6.0,90.0,486.0,88.0,40.0,46.0,46.0,18.0,16.0,8.0,259.0,168.0,60.0,18.0,9.0,191.0,69.0,125.0,40.0,70.0,79.0,39.0,7.0,9.0,77.0,36.0,80.0,38.0,156.0,78.0,98.0,93.0,47.0,30.0,47.0,26.0,23.0,119.0,49.0,30.0,251.0,113.0,171.0,18.0,173.0,79.0,30.0,66.0,17.0,176.0,75.0,16.0,75.0,27.0,120.0,63.0,15.0,9.0,146.0,60.0,100.0,37.0,35.0,14.0,96.0,37.0,7.0
79.0,43.0,33.0,7.0,85.0,474.0,113.0,53.0,44.0,42.0,21.0,20.0,8.0,272.0,156.0,98.0,19.0,8.0,188.0,82.0,144.0,53.0,79.0,81.0,40.0,7.0,8.0,79.0,31.0,102.0,36.0,157.0,67.0,100.0,100.0,49.0,41.0,52.0,22.0,27.0,126.0,38.0,36.0,259.0,109.0,174.0,26.0,173.0,89.0,35.0,67.0,37.0,190.0,77.0,17.0,73.0,36.0,141.0,59.0,12.0,6.0,158.0,66.0,97.0,42.0,34.0,15.0,127.0,45.0,7.0
73.0,23.0,29.0,9.0,83.0,464.0,104.0,36.0,52.0,36.0,20.0,21.0,8.0,278.0,172.0,44.0,18.0,9.0,211.0,74.0,139.0,56.0,77.0,73.0,40.0,6.0,9.0,90.0,40.0,128.0,42.0,124.0,64.0,90.0,105.0,54.0,35.0,42.0,20.0,32.0,173.0,49.0,30.0,287.0,115.0,165.0,27.0,191.0,80.0,31.0,74.0,34.0,189.0,99.0,21.0,75.0,26.0,100.0,48.0,15.0,5.0,133.0,60.0,113.0,42.0,29.0,15.0,137.0,46.0,6.0
69.0,22.0,25.0,7.0,86.0,500.0,82.0,47.0,42.0,42.0,20.0,19.0,10.0,249.0,149.0,49.0,23.0,9.0,162.0,87.0,113.0,47.0,71.0,81.0,42.0,8.0,9.0,76.0,41.0,100.0,47.0,143.0,70.0,81.0,112.0,45.0,31.0,42.0,24.0,23.0,111.0,63.0,33.0,315.0,103.0,171.0,20.0,145.0,78.0,41.0,64.0,25.0,171.0,88.0,16.0,70.0,23.0,103.0,51.0,12.0,4.0,126.0,80.0,122.0,55.0,30.0,14.0,94.0,38.0,8.0
80.0,32.0,20.0,12.0,123.0,468.0,95.0,56.0,40.0,43.0,16.0,17.0,13.0,244.0,158.0,67.0,20.0,10.0,198.0,103.0,160.0,51.0,78.0,77.0,46.0,9.0,14.0,86.0,52.0,79.0,49.0,126.0,85.0,108.0,92.0,63.0,43.0,47.0,26.0,24.0,114.0,63.0,37.0,268.0,147.0,180.0,20.0,158.0,96.0,42.0,57.0,28.0,162.0,118.0,16.0,80.0,40.0,131.0,55.0,11.0,6.0,145.0,85.0,94.0,48.0,30.0,18.0,114.0,56.0,8.0
70.0,27.0,12.0,13.0,100.0,384.0,83.0,41.0,49.0,40.0,16.0,20.0,7.0,246.0,139.0,63.0,15.0,8.0,180.0,83.0,101.0,40.0,66.0,65.0,31.0,11.0,11.0,87.0,42.0,92.0,49.0,121.0,62.0,88.0,73.0,50.0,30.0,38.0,17.0,24.0,117.0,56.0,27.0,349.0,110.0,167.0,19.0,162.0,78.0,28.0,55.0,21.0,185.0,83.0,22.0,70.0,23.0,111.0,48.0,11.0,5.0,138.0,58.0,87.0,46.0,28.0,14.0,97.0,46.0,8.0
62.0,28.0,13.0,12.0,120.0,470.0,93.0,44.0,35.0,45.0,17.0,23.0,8.0,316.0,139.0,92.0,20.0,8.0,181.0,74.0,110.0,44.0,64.0,76.0,38.0,15.0,9.0,87.0,46.0,80.0,34.0,104.0,59.0,88.0,99.0,42.0,27.0,48.0,22.0,17.0,88.0,45.0,39.0,265.0,98.0,165.0,19.0,171.0,70.0,27.0,66.0,46.0,153.0,67.0,12.0,75.0,25.0,116.0,55.0,9.0,4.0,131.0,63.0,94.0,36.0,25.0,14.0,92.0,39.0,8.0
58.0,21.0,10.0,10.0,89.0,485.0,92.0,36.0,37.0,38.0,15.0,17.0,6.0,263.0,144.0,39.0,18.0,7.0,163.0,57.0,95.0,35.0,58.0,50.0,24.0,12.0,8.0,68.0,33.0,85.0,28.0,102.0,42.0,80.0,78.0,34.0,24.0,44.0,17.0,20.0,93.0,41.0,22.0,242.0,85.0,112.0,15.0,161.0,65.0,21.0,46.0,16.0,163.0,64.0,13.0,63.0,26.0,83.0,47.0,11.0,4.0,107.0,49.0,76.0,30.0,21.0,11.0,78.0,37.0,7.0
42.0,26.0,8.0,6.0,70.0,340.0,72.0,34.0,29.0,36.0,11.0,12.0,8.0,182.0,86.0,49.0,17.0,6.0,117.0,77.0,75.0,27.0,49.0,52.0,30.0,10.0,7.0,51.0,34.0,53.0,30.0,81.0,40.0,73.0,61.0,36.0,21.0,40.0,20.0,18.0,87.0,43.0,16.0,198.0,84.0,115.0,13.0,117.0,66.0,22.0,28.0,20.0,127.0,57.0,11.0,47.0,28.0,77.0,41.0,11.0,3.0,98.0,44.0,53.0,30.0,18.0,11.0,57.0,33.0,5.0
64.0,28.0,14.0,7.0,86.0,414.0,97.0,57.0,44.0,45.0,15.0,17.0,9.0,237.0,135.0,50.0,15.0,10.0,123.0,71.0,105.0,38.0,55.0,79.0,35.0,10.0,14.0,71.0,41.0,77.0,43.0,121.0,58.0,86.0,98.0,50.0,25.0,41.0,21.0,23.0,100.0,50.0,25.0,194.0,128.0,149.0,14.0,136.0,67.0,34.0,57.0,45.0,203.0,88.0,13.0,63.0,32.0,117.0,49.0,10.0,5.0,174.0,62.0,73.0,38.0,25.0,14.0,79.0,46.0,7.0
75.0,14.0,13.0,3.0,104.0,407.0,83.0,42.0,32.0,37.0,14.0,17.0,9.0,246.0,119.0,40.0,20.0,7.0,128.0,70.0,83.0,30.0,58.0,70.0,31.0,5.0,7.0,76.0,39.0,75.0,28.0,96.0,56.0,55.0,77.0,38.0,20.0,42.0,21.0,16.0,76.0,40.0,20.0,189.0,83.0,130.0,13.0,110.0,62.0,26.0,49.0,12.0,129.0,59.0,12.0,70.0,23.0,108.0,40.0,9.0,4.0,110.0,55.0,73.0,32.0,22.0,13.0,57.0,34.0,5.0
53.0,20.0,13.0,4.0,87.0,431.0,85.0,40.0,39.0,41.0,15.0,15.0,8.0,237.0,141.0,46.0,18.0,8.0,165.0,77.0,96.0,34.0,56.0,63.0,32.0,10.0,7.0,73.0,30.0,72.0,31.0,110.0,48.0,68.0,81.0,41.0,29.0,48.0,18.0,18.0,87.0,34.0,23.0,259.0,73.0,146.0,15.0,156.0,89.0,28.0,50.0,23.0,172.0,73.0,14.0,65.0,23.0,113.0,45.0,10.0,4.0,98.0,50.0,83.0,39.0,25.0,10.0,90.0,40.0,4.0
75.0,26.0,16.0,5.0,101.0,489.0,104.0,62.0,45.0,47.0,27.0,17.0,9.0,313.0,155.0,40.0,18.0,10.0,196.0,86.0,116.0,43.0,74.0,79.0,35.0,10.0,8.0,84.0,42.0,136.0,40.0,133.0,59.0,105.0,103.0,46.0,31.0,48.0,18.0,22.0,126.0,59.0,34.0,285.0,99.0,177.0,15.0,197.0,100.0,37.0,53.0,21.0,174.0,72.0,17.0,91.0,22.0,120.0,53.0,11.0,8.0,116.0,66.0,99.0,45.0,34.0,15.0,90.0,45.0,6.0
75.0,32.0,28.0,7.0,97.0,490.0,113.0,55.0,43.0,37.0,35.0,18.0,8.0,260.0,157.0,68.0,18.0,10.0,217.0,87.0,110.0,48.0,83.0,76.0,42.0,11.0,10.0,81.0,37.0,105.0,44.0,176.0,53.0,120.0,118.0,48.0,36.0,52.0,25.0,28.0,134.0,52.0,26.0,258.0,90.0,178.0,27.0,202.0,97.0,35.0,57.0,19.0,211.0,100.0,19.0,90.0,28.0,132.0,56.0,14.0,8.0,134.0,55.0,111.0,48.0,35.0,15.0,142.0,53.0,7.0
75.0,26.0,32.0,13.0,84.0,528.0,125.0,49.0,49.0,43.0,26.0,21.0,9.0,283.0,147.0,55.0,19.0,9.0,189.0,82.0,94.0,49.0,79.0,69.0,35.0,7.0,9.0,103.0,39.0,104.0,36.0,149.0,64.0,102.0,117.0,68.0,31.0,54.0,23.0,28.0,171.0,50.0,31.0,315.0,119.0,168.0,21.0,188.0,119.0,37.0,62.0,23.0,169.0,86.0,18.0,88.0,21.0,144.0,62.0,13.0,5.0,133.0,71.0,84.0,39.0,35.0,15.0,98.0,43.0,6.0
62.0,29.0,21.0,6.0,107.0,565.0,116.0,70.0,53.0,38.0,19.0,21.0,9.0,284.0,140.0,44.0,24.0,11.0,211.0,98.0,93.0,44.0,72.0,82.0,46.0,8.0,8.0,93.0,50.0,111.0,45.0,120.0,87.0,92.0,94.0,66.0,39.0,38.0,26.0,25.0,121.0,53.0,36.0,267.0,119.0,173.0,18.0,188.0,123.0,41.0,70.0,26.0,188.0,104.0,16.0,86.0,29.0,113.0,43.0,12.0,5.0,130.0,56.0,87.0,51.0,27.0,18.0,79.0,49.0,7.0
72.0,28.0,19.0,10.0,115.0,544.0,113.0,84.0,46.0,46.0,16.0,19.0,13.0,297.0,157.0,62.0,18.0,14.0,219.0,129.0,112.0,56.0,92.0,99.0,49.0,9.0,12.0,80.0,46.0,103.0,50.0,149.0,70.0,119.0,113.0,71.0,49.0,46.0,32.0,25.0,102.0,74.0,40.0,253.0,148.0,191.0,21.0,217.0,130.0,43.0,62.0,19.0,182.0,122.0,17.0,98.0,28.0,138.0,50.0,13.0,6.0,150.0,78.0,82.0,54.0,35.0,18.0,93.0,58.0,9.0
67.0,29.0,13.0,11.0,95.0,553.0,100.0,48.0,40.0,43.0,19.0,24.0,8.0,280.0,134.0,75.0,19.0,9.0,200.0,106.0,99.0,45.0,66.0,73.0,35.0,18.0,16.0,87.0,47.0,97.0,61.0,124.0,64.0,109.0,104.0,57.0,41.0,46.0,23.0,21.0,132.0,62.0,29.0,319.0,128.0,162.0,21.0,181.0,106.0,34.0,75.0,23.0,181.0,91.0,17.0,67.0,26.0,115.0,44.0,11.0,7.0,123.0,70.0,95.0,48.0,32.0,14.0,118.0,56.0,8.0
58.0,33.0,12.0,10.0,122.0,563.0,105.0,46.0,38.0,41.0,16.0,17.0,9.0,303.0,150.0,51.0,19.0,8.0,243.0,99.0,79.0,41.0,69.0,81.0,34.0,10.0,12.0,80.0,40.0,99.0,44.0,110.0,68.0,97.0,104.0,68.0,37.0,49.0,23.0,20.0,114.0,49.0,28.0,242.0,114.0,167.0,17.0,154.0,87.0,36.0,60.0,20.0,189.0,95.0,14.0,77.0,23.0,113.0,54.0,10.0,5.0,115.0,78.0,97.0,46.0,28.0,16.0,86.0,55.0,8.0
56.0,19.0,10.0,10.0,114.0,444.0,108.0,44.0,32.0,41.0,22.0,15.0,7.0,332.0,159.0,62.0,18.0,6.0,202.0,96.0,100.0,37.0,68.0,64.0,27.0,12.0,11.0,73.0,27.0,94.0,38.0,90.0,56.0,76.0,83.0,46.0,33.0,47.0,23.0,22.0,97.0,36.0,22.0,194.0,100.0,146.0,16.0,152.0,63.0,26.0,56.0,24.0,160.0,62.0,12.0,68.0,23.0,103.0,52.0,10.0,5.0,114.0,43.0,71.0,33.0,26.0,12.0,90.0,39.0,8.0
46.0,28.0,9.0,6.0,85.0,347.0,83.0,52.0,28.0,35.0,10.0,11.0,7.0,220.0,101.0,55.0,14.0,8.0,182.0,93.0,80.0,29.0,45.0,48.0,28.0,12.0,6.0,61.0,44.0,73.0,31.0,88.0,45.0,85.0,70.0,42.0,25.0,39.0,22.0,17.0,70.0,39.0,19.0,159.0,83.0,101.0,13.0,93.0,71.0,25.0,46.0,28.0,129.0,71.0,10.0,59.0,29.0,73.0,39.0,10.0,3.0,94.0,53.0,62.0,45.0,21.0,13.0,55.0,38.0,6.0
62.0,28.0,17.0,7.0,93.0,465.0,87.0,60.0,38.0,46.0,16.0,21.0,10.0,289.0,171.0,51.0,19.0,11.0,181.0,89.0,78.0,40.0,61.0,76.0,45.0,11.0,11.0,70.0,39.0,94.0,43.0,105.0,48.0,72.0,89.0,62.0,32.0,52.0,24.0,20.0,92.0,46.0,28.0,180.0,111.0,154.0,16.0,137.0,81.0,35.0,55.0,28.0,192.0,97.0,13.0,91.0,40.0,100.0,46.0,11.0,5.0,123.0,68.0,91.0,45.0,29.0,16.0,79.0,33.0,6.0
50.0,15.0,13.0,3.0,100.0,462.0,78.0,55.0,30.0,39.0,13.0,14.0,8.0,288.0,128.0,44.0,17.0,8.0,150.0,72.0,96.0,38.0,55.0,56.0,29.0,5.0,7.0,66.0,34.0,68.0,39.0,93.0,51.0,60.0,105.0,36.0,26.0,48.0,25.0,15.0,76.0,43.0,22.0,155.0,91.0,140.0,17.0,128.0,60.0,28.0,47.0,14.0,133.0,60.0,13.0,65.0,22.0,98.0,38.0,8.0,4.0,90.0,47.0,66.0,33.0,23.0,16.0,64.0,36.0,5.0
57.0,18.0,14.0,6.0,105.0,456.0,103.0,52.0,35.0,45.0,15.0,15.0,8.0,301.0,150.0,39.0,18.0,9.0,177.0,72.0,111.0,45.0,65.0,60.0,35.0,6.0,12.0,84.0,39.0,76.0,39.0,117.0,55.0,77.0,99.0,63.0,32.0,55.0,26.0,15.0,110.0,37.0,27.0,222.0,102.0,173.0,17.0,165.0,74.0,32.0,63.0,17.0,171.0,66.0,13.0,79.0,26.0,107.0,51.0,8.0,5.0,120.0,62.0,93.0,46.0,26.0,14.0,87.0,42.0,5.0
68.0,21.0,18.0,5.0,100.0,530.0,117.0,67.0,45.0,57.0,19.0,18.0,9.0,327.0,164.0,36.0,20.0,10.0,229.0,117.0,121.0,52.0,79.0,78.0,41.0,11.0,9.0,84.0,42.0,170.0,48.0,150.0,65.0,120.0,127.0,60.0,47.0,51.0,25.0,22.0,101.0,52.0,30.0,260.0,91.0,165.0,22.0,244.0,85.0,33.0,61.0,19.0,198.0,104.0,17.0,93.0,23.0,108.0,54.0,11.0,9.0,124.0,60.0,114.0,40.0,34.0,15.0,111.0,47.0,6.0
66.0,21.0,31.0,8.0,85.0,487.0,135.0,50.0,46.0,49.0,24.0,19.0,11.0,340.0,176.0,67.0,19.0,10.0,268.0,91.0,113.0,54.0,84.0,72.0,39.0,19.0,10.0,85.0,37.0,105.0,50.0,175.0,62.0,124.0,109.0,60.0,42.0,58.0,26.0,29.0,125.0,43.0,30.0,253.0,112.0,170.0,27.0,240.0,106.0,37.0,64.0,17.0,223.0,83.0,19.0,89.0,28.0,110.0,53.0,15.0,7.0,127.0,66.0,110.0,53.0,34.0,17.0,127.0,59.0,7.0
68.0,19.0,34.0,7.0,106.0,660.0,132.0,62.0,44.0,47.0,24.0,23.0,10.0,297.0,207.0,50.0,23.0,11.0,252.0,130.0,127.0,54.0,83.0,82.0,44.0,6.0,8.0,110.0,48.0,127.0,63.0,138.0,73.0,105.0,105.0,59.0,35.0,55.0,25.0,31.0,136.0,75.0,33.0,245.0,88.0,164.0,25.0,199.0,102.0,37.0,69.0,29.0,202.0,77.0,17.0,104.0,27.0,115.0,57.0,13.0,5.0,168.0,75.0,123.0,45.0,34.0,16.0,107.0,62.0,6.0
71.0,18.0,23.0,5.0,124.0,543.0,122.0,74.0,50.0,53.0,21.0,21.0,10.0,338.0,192.0,55.0,19.0,11.0,251.0,161.0,106.0,49.0,88.0,88.0,47.0,8.0,9.0,101.0,50.0,111.0,55.0,128.0,66.0,106.0,116.0,74.0,37.0,49.0,32.0,26.0,146.0,61.0,35.0,266.0,123.0,158.0,22.0,184.0,97.0,40.0,78.0,22.0,199.0,101.0,17.0,91.0,32.0,109.0,49.0,12.0,5.0,158.0,79.0,110.0,63.0,33.0,21.0,106.0,62.0,8.0
72.0,25.0,18.0,9.0,119.0,568.0,112.0,73.0,45.0,54.0,15.0,16.0,16.0,331.0,182.0,90.0,18.0,16.0,244.0,145.0,98.0,53.0,98.0,85.0,51.0,7.0,11.0,87.0,58.0,91.0,70.0,153.0,114.0,93.0,110.0,86.0,34.0,56.0,33.0,25.0,105.0,51.0,38.0,227.0,145.0,172.0,19.0,207.0,120.0,47.0,64.0,17.0,192.0,119.0,17.0,92.0,29.0,118.0,54.0,12.0,5.0,158.0,95.0,100.0,68.0,32.0,18.0,90.0,71.0,11.0
69.0,22.0,15.0,10.0,137.0,574.0,111.0,65.0,58.0,53.0,19.0,24.0,10.0,286.0,161.0,79.0,22.0,10.0,236.0,161.0,88.0,48.0,85.0,78.0,42.0,12.0,16.0,87.0,62.0,135.0,80.0,147.0,92.0,93.0,116.0,70.0,36.0,63.0,28.0,30.0,142.0,46.0,27.0,286.0,143.0,159.0,23.0,220.0,97.0,43.0,79.0,19.0,213.0,92.0,19.0,81.0,29.0,94.0,53.0,10.0,6.0,142.0,80.0,129.0,67.0,32.0,16.0,103.0,67.0,11.0
83.0,25.0,14.0,9.0,137.0,581.0,135.0,68.0,53.0,57.0,21.0,19.0,11.0,323.0,184.0,94.0,20.0,10.0,254.0,131.0,112.0,45.0,91.0,101.0,47.0,9.0,12.0,79.0,45.0,100.0,41.0,152.0,72.0,103.0,112.0,62.0,41.0,58.0,28.0,25.0,132.0,47.0,37.0,237.0,120.0,178.0,22.0,182.0,80.0,38.0,66.0,19.0,217.0,104.0,15.0,107.0,28.0,100.0,53.0,11.0,5.0,133.0,73.0,121.0,65.0,31.0,17.0,99.0,47.0,9.0
59.0,20.0,11.0,8.0,123.0,464.0,92.0,45.0,37.0,45.0,22.0,17.0,9.0,331.0,157.0,49.0,18.0,7.0,247.0,86.0,118.0,41.0,72.0,75.0,40.0,10.0,12.0,65.0,33.0,78.0,49.0,134.0,67.0,78.0,92.0,50.0,33.0,39.0,22.0,24.0,108.0,39.0,24.0,231.0,75.0,140.0,20.0,181.0,65.0,28.0,51.0,20.0,184.0,77.0,14.0,83.0,29.0,95.0,46.0,11.0,5.0,103.0,46.0,85.0,41.0,22.0,13.0,87.0,39.0,9.0
60.0,26.0,11.0,7.0,90.0,387.0,88.0,49.0,42.0,43.0,14.0,13.0,7.0,279.0,131.0,55.0,16.0,8.0,165.0,63.0,70.0,35.0,52.0,61.0,36.0,13.0,10.0,64.0,34.0,72.0,53.0,115.0,73.0,78.0,68.0,43.0,28.0,36.0,23.0,26.0,82.0,53.0,19.0,180.0,100.0,112.0,15.0,138.0,57.0,29.0,45.0,25.0,147.0,81.0,12.0,59.0,28.0,77.0,40.0,16.0,5.0,99.0,57.0,83.0,46.0,21.0,15.0,69.0,37.0,6.0
70.0,29.0,14.0,7.0,113.0,450.0,97.0,56.0,40.0,56.0,17.0,21.0,11.0,341.0,188.0,81.0,22.0,12.0,186.0,104.0,95.0,47.0,66.0,88.0,51.0,12.0,10.0,68.0,44.0,87.0,55.0,131.0,74.0,78.0,110.0,63.0,31.0,46.0,26.0,21.0,98.0,51.0,28.0,203.0,133.0,131.0,22.0,192.0,92.0,35.0,50.0,32.0,187.0,118.0,12.0,94.0,31.0,106.0,42.0,13.0,5.0,144.0,65.0,99.0,64.0,27.0,17.0,96.0,49.0,6.0
63.0,17.0,14.0,3.0,103.0,457.0,95.0,57.0,37.0,46.0,14.0,16.0,7.0,283.0,151.0,47.0,22.0,13.0,153.0,83.0,81.0,42.0,52.0,64.0,35.0,5.0,8.0,65.0,32.0,75.0,38.0,102.0,67.0,75.0,102.0,61.0,29.0,49.0,29.0,20.0,144.0,45.0,25.0,200.0,85.0,132.0,15.0,177.0,82.0,27.0,47.0,14.0,160.0,77.0,14.0,69.0,18.0,81.0,48.0,10.0,4.0,96.0,67.0,86.0,69.0,21.0,14.0,92.0,47.0,6.0
79.0,19.0,14.0,5.0,98.0,470.0,121.0,62.0,40.0,42.0,18.0,16.0,8.0,303.0,160.0,55.0,18.0,11.0,183.0,103.0,104.0,52.0,67.0,70.0,44.0,6.0,9.0,80.0,30.0,112.0,38.0,122.0,59.0,71.0,124.0,70.0,37.0,50.0,28.0,21.0,144.0,46.0,29.0,245.0,121.0,154.0,18.0,212.0,89.0,29.0,58.0,23.0,181.0,73.0,16.0,91.0,32.0,101.0,50.0,10.0,5.0,115.0,64.0,120.0,49.0,28.0,13.0,111.0,49.0,7.0
80.0,18.0,17.0,4.0,97.0,585.0,105.0,56.0,47.0,53.0,23.0,18.0,9.0,334.0,182.0,70.0,18.0,11.0,228.0,97.0,122.0,57.0,81.0,74.0,49.0,6.0,9.0,104.0,40.0,98.0,42.0,178.0,75.0,118.0,153.0,77.0,45.0,53.0,27.0,22.0,122.0,55.0,30.0,288.0,131.0,206.0,22.0,276.0,103.0,39.0,59.0,17.0,231.0,102.0,20.0,89.0,22.0,119.0,57.0,11.0,8.0,137.0,68.0,120.0,45.0,33.0,15.0,108.0,40.0,8.0
73.0,22.0,34.0,7.0,118.0,515.0,121.0,74.0,47.0,55.0,29.0,20.0,11.0,345.0,240.0,54.0,22.0,11.0,247.0,115.0,117.0,57.0,96.0,82.0,47.0,6.0,11.0,104.0,45.0,109.0,53.0,189.0,67.0,119.0,130.0,68.0,37.0,54.0,26.0,29.0,143.0,58.0,30.0,277.0,120.0,175.0,22.0,246.0,111.0,42.0,69.0,18.0,253.0,99.0,19.0,96.0,27.0,140.0,63.0,16.0,8.0,170.0,69.0,121.0,63.0,32.0,17.0,128.0,55.0,8.0
82.0,19.0,33.0,8.0,112.0,645.0,121.0,72.0,52.0,46.0,25.0,22.0,10.0,327.0,198.0,51.0,23.0,12.0,238.0,101.0,131.0,57.0,90.0,85.0,49.0,6.0,9.0,105.0,50.0,106.0,56.0,147.0,70.0,122.0,137.0,81.0,42.0,52.0,31.0,27.0,131.0,50.0,33.0,313.0,135.0,187.0,23.0,201.0,112.0,40.0,77.0,22.0,219.0,108.0,19.0,97.0,26.0,142.0,61.0,14.0,6.0,152.0,72.0,142.0,61.0,33.0,17.0,132.0,65.0,7.0
75.0,18.0,25.0,6.0,114.0,625.0,122.0,60.0,58.0,62.0,24.0,22.0,12.0,342.0,190.0,43.0,26.0,14.0,202.0,128.0,110.0,45.0,79.0,81.0,50.0,5.0,11.0,103.0,52.0,101.0,55.0,146.0,92.0,85.0,128.0,82.0,33.0,48.0,29.0,27.0,123.0,60.0,36.0,325.0,168.0,185.0,18.0,196.0,110.0,46.0,76.0,20.0,206.0,108.0,18.0,92.0,26.0,152.0,57.0,16.0,7.0,138.0,90.0,130.0,64.0,29.0,21.0,82.0,67.0,7.0
79.0,20.0,18.0,10.0,128.0,601.0,106.0,72.0,59.0,52.0,16.0,18.0,15.0,401.0,187.0,50.0,22.0,14.0,216.0,133.0,114.0,50.0,98.0,97.0,64.0,11.0,16.0,85.0,63.0,102.0,77.0,158.0,110.0,90.0,135.0,88.0,36.0,57.0,28.0,30.0,123.0,67.0,36.0,291.0,195.0,200.0,17.0,237.0,150.0,49.0,65.0,22.0,213.0,133.0,17.0,98.0,26.0,143.0,58.0,15.0,8.0,175.0,107.0,112.0,70.0,34.0,21.0,86.0,68.0,11.0
80.0,24.0,15.0,11.0,127.0,606.0,106.0,61.0,61.0,58.0,18.0,28.0,11.0,295.0,173.0,79.0,23.0,11.0,173.0,87.0,115.0,52.0,77.0,73.0,40.0,15.0,16.0,92.0,53.0,109.0,63.0,161.0,100.0,94.0,126.0,71.0,37.0,55.0,26.0,23.0,154.0,72.0,27.0,288.0,161.0,195.0,20.0,206.0,123.0,32.0,67.0,25.0,237.0,110.0,20.0,87.0,29.0,113.0,50.0,12.0,7.0,136.0,79.0,102.0,59.0,33.0,15.0,91.0,54.0,10.0
82.0,24.0,14.0,12.0,141.0,643.0,129.0,67.0,50.0,62.0,22.0,20.0,9.0,332.0,195.0,95.0,22.0,10.0,247.0,96.0,122.0,52.0,78.0,84.0,39.0,10.0,13.0,81.0,45.0,109.0,40.0,176.0,88.0,87.0,124.0,83.0,47.0,57.0,29.0,24.0,140.0,67.0,38.0,311.0,133.0,199.0,19.0,240.0,132.0,31.0,77.0,24.0,216.0,100.0,16.0,87.0,29.0,118.0,57.0,13.0,5.0,143.0,68.0,126.0,61.0,27.0,14.0,89.0,55.0,9.0
69.0,23.0,12.0,9.0,133.0,540.0,122.0,80.0,50.0,57.0,23.0,16.0,8.0,278.0,151.0,43.0,24.0,9.0,207.0,87.0,111.0,45.0,86.0,58.0,38.0,12.0,13.0,83.0,38.0,80.0,38.0,126.0,73.0,80.0,127.0,72.0,36.0,57.0,26.0,29.0,116.0,58.0,24.0,272.0,97.0,157.0,17.0,203.0,109.0,26.0,63.0,22.0,214.0,91.0,16.0,80.0,25.0,96.0,59.0,13.0,6.0,129.0,64.0,103.0,50.0,27.0,13.0,84.0,43.0,11.0
59.0,30.0,10.0,7.0,101.0,413.0,112.0,57.0,37.0,55.0,13.0,16.0,9.0,297.0,131.0,53.0,19.0,9.0,177.0,100.0,87.0,37.0,63.0,54.0,44.0,14.0,10.0,69.0,48.0,93.0,52.0,99.0,74.0,70.0,98.0,81.0,30.0,41.0,27.0,22.0,98.0,44.0,19.0,203.0,128.0,128.0,14.0,179.0,83.0,40.0,50.0,28.0,158.0,73.0,13.0,72.0,24.0,71.0,44.0,14.0,5.0,111.0,75.0,80.0,51.0,21.0,15.0,96.0,51.0,6.0
68.0,21.0,15.0,5.0,119.0,540.0,102.0,52.0,43.0,63.0,17.0,19.0,14.0,319.0,158.0,79.0,25.0,15.0,199.0,114.0,100.0,47.0,61.0,86.0,43.0,10.0,12.0,81.0,49.0,98.0,48.0,224.0,86.0,75.0,105.0,59.0,33.0,48.0,26.0,23.0,102.0,58.0,26.0,235.0,155.0,165.0,15.0,192.0,96.0,41.0,59.0,23.0,204.0,126.0,14.0,93.0,29.0,118.0,54.0,12.0,6.0,108.0,87.0,98.0,50.0,22.0,18.0,107.0,58.0,6.0
64.0,23.0,13.0,4.0,90.0,528.0,93.0,50.0,38.0,51.0,14.0,16.0,7.0,293.0,147.0,51.0,20.0,11.0,163.0,109.0,101.0,44.0,64.0,71.0,36.0,6.0,9.0,62.0,40.0,70.0,44.0,138.0,71.0,73.0,109.0,73.0,31.0,45.0,27.0,19.0,87.0,48.0,24.0,221.0,104.0,180.0,16.0,195.0,96.0,28.0,52.0,22.0,172.0,93.0,14.0,71.0,23.0,118.0,47.0,10.0,5.0,109.0,77.0,101.0,41.0,20.0,15.0,91.0,46.0,6.0
70.0,31.0,13.0,4.0,107.0,470.0,106.0,68.0,56.0,58.0,18.0,18.0,8.0,300.0,160.0,48.0,19.0,11.0,216.0,104.0,118.0,50.0,82.0,68.0,41.0,7.0,10.0,99.0,37.0,88.0,41.0,159.0,79.0,84.0,105.0,65.0,42.0,52.0,26.0,20.0,107.0,41.0,24.0,274.0,141.0,196.0,16.0,248.0,108.0,37.0,60.0,16.0,181.0,81.0,16.0,85.0,26.0,121.0,53.0,10.0,7.0,122.0,60.0,96.0,55.0,30.0,13.0,99.0,49.0,6.0
82.0,17.0,21.0,5.0,123.0,580.0,163.0,80.0,56.0,61.0,20.0,22.0,10.0,316.0,184.0,58.0,24.0,14.0,214.0,121.0,123.0,46.0,91.0,85.0,47.0,11.0,14.0,93.0,57.0,123.0,42.0,156.0,86.0,91.0,121.0,53.0,38.0,63.0,36.0,26.0,111.0,45.0,32.0,305.0,122.0,195.0,17.0,238.0,122.0,36.0,76.0,18.0,215.0,78.0,19.0,90.0,30.0,137.0,75.0,12.0,10.0,155.0,84.0,118.0,55.0,27.0,15.0,127.0,58.0,9.0
81.0,24.0,37.0,7.0,106.0,601.0,128.0,80.0,50.0,59.0,21.0,18.0,11.0,311.0,207.0,65.0,25.0,14.0,212.0,111.0,162.0,53.0,82.0,79.0,48.0,6.0,11.0,97.0,57.0,118.0,47.0,199.0,91.0,109.0,124.0,77.0,46.0,58.0,33.0,27.0,119.0,55.0,30.0,318.0,149.0,168.0,23.0,269.0,154.0,40.0,78.0,23.0,199.0,85.0,19.0,86.0,37.0,159.0,77.0,14.0,7.0,145.0,70.0,130.0,49.0,27.0,18.0,128.0,63.0,8.0
82.0,21.0,37.0,5.0,103.0,648.0,159.0,68.0,60.0,61.0,28.0,21.0,12.0,273.0,225.0,60.0,27.0,15.0,252.0,125.0,120.0,67.0,78.0,84.0,49.0,6.0,11.0,98.0,68.0,149.0,62.0,188.0,96.0,120.0,109.0,66.0,41.0,62.0,31.0,30.0,162.0,54.0,40.0,352.0,141.0,169.0,21.0,221.0,127.0,39.0,89.0,17.0,221.0,98.0,22.0,91.0,27.0,138.0,66.0,17.0,7.0,152.0,90.0,145.0,59.0,34.0,17.0,152.0,67.0,8.0
94.0,30.0,24.0,6.0,124.0,635.0,137.0,73.0,53.0,67.0,22.0,23.0,13.0,323.0,266.0,68.0,30.0,14.0,237.0,119.0,110.0,56.0,88.0,93.0,49.0,7.0,11.0,93.0,58.0,129.0,65.0,168.0,97.0,89.0,109.0,64.0,37.0,54.0,38.0,29.0,118.0,72.0,33.0,339.0,158.0,205.0,18.0,210.0,122.0,42.0,78.0,19.0,207.0,127.0,16.0,98.0,33.0,126.0,61.0,15.0,6.0,127.0,96.0,122.0,88.0,30.0,21.0,102.0,62.0,8.0
92.0,33.0,18.0,10.0,120.0,628.0,123.0,81.0,67.0,60.0,15.0,19.0,15.0,323.0,245.0,55.0,35.0,23.0,232.0,161.0,129.0,66.0,86.0,82.0,60.0,10.0,19.0,96.0,73.0,128.0,70.0,145.0,114.0,102.0,116.0,81.0,38.0,55.0,36.0,31.0,122.0,75.0,42.0,304.0,184.0,221.0,19.0,249.0,157.0,51.0,74.0,20.0,204.0,156.0,20.0,100.0,31.0,152.0,69.0,14.0,8.0,134.0,93.0,116.0,70.0,38.0,19.0,105.0,72.0,10.0
82.0,21.0,15.0,12.0,106.0,545.0,141.0,74.0,60.0,61.0,16.0,20.0,11.0,266.0,207.0,64.0,27.0,15.0,194.0,112.0,110.0,55.0,74.0,94.0,49.0,13.0,17.0,97.0,53.0,148.0,70.0,152.0,99.0,87.0,127.0,66.0,37.0,59.0,29.0,25.0,139.0,79.0,27.0,288.0,154.0,172.0,19.0,234.0,133.0,36.0,85.0,19.0,231.0,121.0,21.0,92.0,26.0,103.0,64.0,12.0,7.0,131.0,86.0,119.0,77.0,34.0,16.0,84.0,61.0,11.0
77.0,28.0,13.0,10.0,102.0,618.0,121.0,98.0,48.0,57.0,19.0,19.0,10.0,276.0,220.0,61.0,19.0,11.0,223.0,123.0,129.0,52.0,70.0,88.0,49.0,7.0,15.0,90.0,57.0,129.0,62.0,163.0,88.0,100.0,157.0,61.0,42.0,50.0,28.0,25.0,126.0,69.0,28.0,279.0,133.0,187.0,18.0,242.0,147.0,39.0,68.0,20.0,241.0,116.0,17.0,80.0,24.0,112.0,66.0,12.0,6.0,146.0,82.0,137.0,72.0,29.0,19.0,88.0,55.0,9.0
86.0,19.0,12.0,10.0,99.0,553.0,101.0,52.0,51.0,58.0,16.0,15.0,7.0,288.0,158.0,37.0,24.0,9.0,232.0,99.0,124.0,46.0,67.0,64.0,40.0,10.0,16.0,95.0,37.0,122.0,55.0,149.0,65.0,81.0,103.0,51.0,35.0,59.0,30.0,23.0,98.0,49.0,24.0,248.0,126.0,149.0,16.0,205.0,109.0,30.0,65.0,23.0,195.0,101.0,15.0,77.0,24.0,102.0,62.0,11.0,7.0,125.0,60.0,108.0,56.0,25.0,15.0,83.0,44.0,10.0
70.0,22.0,10.0,6.0,69.0,426.0,104.0,69.0,43.0,58.0,13.0,13.0,9.0,234.0,201.0,80.0,16.0,10.0,173.0,107.0,79.0,38.0,68.0,60.0,36.0,12.0,10.0,71.0,38.0,95.0,40.0,101.0,78.0,65.0,69.0,59.0,27.0,37.0,30.0,22.0,97.0,42.0,20.0,239.0,136.0,104.0,10.0,159.0,90.0,28.0,48.0,22.0,155.0,96.0,15.0,65.0,22.0,74.0,52.0,15.0,5.0,99.0,77.0,73.0,59.0,20.0,15.0,77.0,52.0,6.0
74.0,20.0,15.0,7.0,117.0,570.0,103.0,56.0,55.0,70.0,17.0,25.0,15.0,341.0,252.0,59.0,26.0,18.0,215.0,140.0,127.0,61.0,68.0,89.0,50.0,11.0,13.0,87.0,53.0,107.0,61.0,144.0,89.0,89.0,117.0,62.0,35.0,48.0,31.0,24.0,101.0,67.0,32.0,289.0,155.0,148.0,16.0,180.0,115.0,40.0,66.0,25.0,202.0,117.0,16.0,93.0,27.0,107.0,66.0,12.0,6.0,137.0,76.0,87.0,72.0,27.0,17.0,95.0,56.0,7.0
64.0,18.0,13.0,2.0,100.0,493.0,76.0,56.0,38.0,63.0,15.0,16.0,8.0,320.0,180.0,40.0,19.0,11.0,175.0,103.0,79.0,45.0,65.0,76.0,42.0,8.0,9.0,71.0,44.0,84.0,41.0,101.0,66.0,59.0,100.0,55.0,27.0,46.0,25.0,18.0,84.0,42.0,22.0,229.0,99.0,122.0,14.0,163.0,105.0,31.0,58.0,17.0,166.0,99.0,15.0,77.0,19.0,107.0,49.0,9.0,5.0,122.0,73.0,81.0,55.0,23.0,15.0,78.0,39.0,5.0
74.0,24.0,12.0,4.0,102.0,506.0,116.0,57.0,45.0,64.0,16.0,19.0,10.0,312.0,194.0,50.0,19.0,11.0,225.0,122.0,142.0,41.0,73.0,89.0,49.0,5.0,10.0,86.0,45.0,87.0,46.0,126.0,76.0,73.0,114.0,60.0,40.0,57.0,30.0,23.0,109.0,54.0,27.0,264.0,124.0,144.0,15.0,190.0,126.0,34.0,65.0,15.0,218.0,91.0,16.0,91.0,23.0,106.0,56.0,10.0,6.0,138.0,80.0,110.0,58.0,28.0,17.0,97.0,43.0,6.0
74.0,19.0,16.0,3.0,130.0,563.0,105.0,71.0,79.0,93.0,22.0,20.0,11.0,336.0,198.0,74.0,21.0,15.0,232.0,103.0,138.0,45.0,80.0,84.0,50.0,9.0,11.0,93.0,48.0,99.0,39.0,153.0,79.0,120.0,116.0,49.0,40.0,56.0,35.0,27.0,132.0,47.0,36.0,299.0,157.0,178.0,19.0,196.0,120.0,37.0,80.0,18.0,299.0,131.0,26.0,105.0,23.0,113.0,67.0,15.0,9.0,167.0,82.0,121.0,62.0,34.0,21.0,112.0,47.0,8.0
89.0,26.0,35.0,5.0,116.0,554.0,123.0,72.0,76.0,65.0,21.0,19.0,10.0,327.0,237.0,144.0,20.0,13.0,248.0,118.0,164.0,52.0,86.0,98.0,51.0,7.0,12.0,87.0,50.0,123.0,60.0,186.0,93.0,115.0,115.0,67.0,44.0,65.0,29.0,33.0,138.0,53.0,31.0,344.0,146.0,215.0,24.0,265.0,122.0,40.0,82.0,13.0,311.0,121.0,23.0,104.0,34.0,133.0,79.0,18.0,9.0,171.0,96.0,118.0,57.0,36.0,17.0,119.0,52.0,8.0
91.0,20.0,34.0,4.0,119.0,672.0,129.0,69.0,62.0,63.0,27.0,21.0,13.0,321.0,211.0,99.0,23.0,17.0,314.0,158.0,153.0,64.0,84.0,88.0,57.0,7.0,10.0,112.0,50.0,136.0,60.0,202.0,89.0,127.0,142.0,57.0,40.0,52.0,33.0,34.0,156.0,64.0,35.0,332.0,140.0,207.0,23.0,213.0,124.0,43.0,81.0,15.0,278.0,134.0,24.0,107.0,36.0,139.0,71.0,18.0,7.0,180.0,105.0,134.0,62.0,34.0,19.0,157.0,53.0,9.0
86.0,25.0,24.0,4.0,127.0,604.0,102.0,72.0,58.0,70.0,24.0,27.0,16.0,283.0,230.0,61.0,24.0,16.0,259.0,161.0,131.0,61.0,88.0,86.0,61.0,7.0,12.0,112.0,71.0,139.0,63.0,165.0,91.0,99.0,145.0,74.0,42.0,51.0,35.0,31.0,152.0,84.0,31.0,322.0,152.0,191.0,19.0,226.0,122.0,49.0,99.0,25.0,204.0,118.0,23.0,102.0,33.0,130.0,78.0,23.0,7.0,166.0,97.0,159.0,70.0,43.0,23.0,111.0,56.0,8.0
89.0,25.0,18.0,8.0,162.0,608.0,101.0,108.0,41.0,70.0,17.0,20.0,16.0,377.0,229.0,70.0,23.0,18.0,243.0,187.0,147.0,57.0,116.0,89.0,58.0,13.0,15.0,96.0,78.0,100.0,72.0,185.0,98.0,103.0,117.0,77.0,42.0,56.0,46.0,28.0,111.0,82.0,42.0,277.0,182.0,215.0,18.0,202.0,141.0,46.0,81.0,25.0,217.0,163.0,18.0,108.0,38.0,151.0,77.0,12.0,7.0,175.0,106.0,134.0,84.0,40.0,23.0,109.0,76.0,11.0
79.0,24.0,13.0,10.0,128.0,577.0,96.0,83.0,58.0,68.0,19.0,25.0,13.0,261.0,184.0,76.0,23.0,14.0,225.0,138.0,134.0,54.0,84.0,84.0,51.0,18.0,15.0,105.0,61.0,103.0,65.0,167.0,100.0,112.0,110.0,69.0,40.0,56.0,30.0,26.0,151.0,89.0,27.0,304.0,164.0,165.0,19.0,188.0,113.0,41.0,89.0,28.0,230.0,128.0,19.0,91.0,32.0,113.0,76.0,11.0,7.0,142.0,90.0,130.0,75.0,38.0,16.0,86.0,84.0,11.0
88.0,23.0,14.0,10.0,134.0,613.0,115.0,59.0,65.0,72.0,18.0,27.0,13.0,404.0,203.0,75.0,23.0,12.0,247.0,125.0,128.0,55.0,78.0,88.0,55.0,9.0,13.0,105.0,61.0,120.0,67.0,167.0,88.0,104.0,98.0,55.0,38.0,57.0,31.0,30.0,156.0,72.0,28.0,323.0,144.0,232.0,18.0,186.0,124.0,49.0,81.0,23.0,237.0,115.0,20.0,104.0,29.0,126.0,88.0,14.0,7.0,139.0,96.0,146.0,79.0,30.0,19.0,95.0,50.0,10.0
82.0,34.0,11.0,8.0,133.0,542.0,114.0,51.0,46.0,62.0,21.0,17.0,10.0,307.0,180.0,77.0,22.0,10.0,190.0,108.0,107.0,49.0,79.0,71.0,44.0,19.0,13.0,88.0,43.0,90.0,41.0,140.0,88.0,91.0,94.0,44.0,33.0,51.0,30.0,24.0,103.0,57.0,26.0,237.0,114.0,211.0,15.0,193.0,95.0,36.0,72.0,19.0,179.0,109.0,14.0,89.0,27.0,119.0,79.0,11.0,6.0,120.0,68.0,95.0,52.0,27.0,16.0,89.0,42.0,9.0
62.0,25.0,10.0,6.0,113.0,404.0,86.0,60.0,31.0,56.0,17.0,17.0,8.0,246.0,225.0,48.0,20.0,11.0,165.0,123.0,86.0,39.0,58.0,57.0,40.0,10.0,11.0,71.0,50.0,71.0,38.0,127.0,92.0,67.0,76.0,70.0,26.0,45.0,39.0,22.0,95.0,58.0,20.0,187.0,142.0,120.0,12.0,134.0,97.0,33.0,61.0,22.0,128.0,89.0,11.0,69.0,33.0,112.0,64.0,12.0,5.0,103.0,61.0,66.0,52.0,22.0,16.0,79.0,51.0,6.0
92.0,37.0,12.0,5.0,128.0,502.0,106.0,58.0,47.0,68.0,19.0,24.0,13.0,315.0,197.0,83.0,20.0,14.0,189.0,128.0,109.0,54.0,78.0,90.0,49.0,14.0,14.0,89.0,47.0,99.0,52.0,176.0,81.0,82.0,97.0,50.0,39.0,52.0,29.0,29.0,100.0,61.0,27.0,243.0,153.0,199.0,16.0,191.0,110.0,40.0,75.0,28.0,209.0,107.0,13.0,99.0,45.0,132.0,81.0,10.0,5.0,126.0,70.0,135.0,63.0,26.0,15.0,93.0,49.0,7.0
77.0,22.0,15.0,3.0,111.0,491.0,96.0,54.0,32.0,55.0,16.0,20.0,8.0,248.0,212.0,57.0,18.0,10.0,179.0,92.0,131.0,46.0,63.0,81.0,44.0,4.0,9.0,92.0,45.0,73.0,36.0,127.0,72.0,70.0,102.0,50.0,32.0,50.0,26.0,20.0,94.0,51.0,23.0,217.0,117.0,165.0,14.0,181.0,97.0,40.0,66.0,19.0,160.0,98.0,16.0,81.0,16.0,136.0,60.0,9.0,5.0,99.0,66.0,88.0,45.0,23.0,18.0,78.0,43.0,6.0
83.0,20.0,13.0,4.0,98.0,558.0,128.0,67.0,41.0,61.0,19.0,22.0,10.0,272.0,201.0,52.0,20.0,12.0,262.0,111.0,146.0,50.0,75.0,93.0,50.0,6.0,10.0,86.0,46.0,97.0,40.0,142.0,85.0,84.0,114.0,64.0,37.0,53.0,34.0,20.0,104.0,59.0,27.0,241.0,104.0,192.0,16.0,195.0,120.0,40.0,64.0,23.0,231.0,113.0,17.0,77.0,15.0,149.0,71.0,10.0,6.0,117.0,76.0,104.0,65.0,31.0,18.0,95.0,49.0,7.0
88.0,21.0,17.0,4.0,123.0,605.0,114.0,77.0,59.0,73.0,25.0,23.0,13.0,298.0,194.0,37.0,20.0,17.0,278.0,101.0,156.0,53.0,87.0,90.0,56.0,6.0,15.0,116.0,48.0,113.0,62.0,149.0,97.0,111.0,110.0,56.0,41.0,65.0,40.0,30.0,142.0,74.0,35.0,277.0,145.0,220.0,17.0,231.0,140.0,46.0,79.0,17.0,242.0,117.0,21.0,123.0,26.0,158.0,89.0,12.0,10.0,130.0,97.0,133.0,74.0,35.0,18.0,116.0,60.0,8.0
91.0,25.0,36.0,4.0,132.0,586.0,151.0,78.0,63.0,68.0,27.0,21.0,12.0,316.0,214.0,51.0,24.0,16.0,277.0,117.0,160.0,67.0,92.0,87.0,58.0,6.0,13.0,99.0,47.0,138.0,59.0,222.0,109.0,155.0,110.0,59.0,49.0,65.0,37.0,33.0,163.0,75.0,33.0,357.0,151.0,247.0,27.0,280.0,143.0,59.0,78.0,23.0,212.0,118.0,25.0,106.0,20.0,167.0,84.0,16.0,9.0,153.0,87.0,129.0,67.0,43.0,23.0,141.0,64.0,9.0
98.0,28.0,37.0,6.0,136.0,613.0,135.0,80.0,59.0,68.0,28.0,34.0,13.0,280.0,190.0,45.0,24.0,15.0,270.0,145.0,163.0,57.0,104.0,84.0,54.0,14.0,12.0,114.0,59.0,147.0,61.0,209.0,110.0,123.0,115.0,71.0,40.0,66.0,41.0,36.0,196.0,75.0,37.0,366.0,159.0,244.0,22.0,238.0,144.0,53.0,87.0,29.0,243.0,130.0,24.0,105.0,20.0,169.0,88.0,19.0,7.0,173.0,95.0,145.0,78.0,40.0,21.0,160.0,63.0,8.0
83.0,22.0,22.0,3.0,145.0,601.0,135.0,88.0,56.0,75.0,23.0,23.0,18.0,281.0,210.0,51.0,24.0,16.0,222.0,163.0,154.0,53.0,79.0,91.0,59.0,14.0,12.0,103.0,62.0,136.0,72.0,158.0,112.0,100.0,126.0,83.0,40.0,61.0,41.0,32.0,141.0,82.0,34.0,389.0,156.0,216.0,17.0,231.0,168.0,61.0,91.0,20.0,245.0,136.0,23.0,108.0,29.0,160.0,78.0,22.0,6.0,152.0,95.0,134.0,77.0,38.0,26.0,108.0,68.0,8.0
84.0,26.0,21.0,8.0,160.0,661.0,129.0,106.0,59.0,75.0,17.0,19.0,18.0,361.0,209.0,53.0,24.0,19.0,285.0,179.0,182.0,58.0,106.0,99.0,68.0,12.0,16.0,81.0,70.0,111.0,76.0,184.0,136.0,107.0,124.0,90.0,45.0,64.0,51.0,33.0,136.0,88.0,48.0,302.0,188.0,246.0,19.0,219.0,174.0,54.0,97.0,23.0,232.0,142.0,22.0,100.0,25.0,183.0,83.0,14.0,8.0,165.0,116.0,147.0,95.0,43.0,25.0,112.0,80.0,13.0
74.0,26.0,15.0,9.0,110.0,570.0,101.0,81.0,50.0,73.0,19.0,31.0,13.0,289.0,199.0,45.0,21.0,14.0,236.0,143.0,152.0,58.0,78.0,83.0,57.0,14.0,16.0,106.0,60.0,134.0,68.0,193.0,121.0,107.0,113.0,66.0,43.0,50.0,37.0,20.0,146.0,85.0,26.0,307.0,178.0,199.0,21.0,191.0,130.0,49.0,88.0,28.0,177.0,109.0,19.0,90.0,26.0,154.0,72.0,10.0,8.0,132.0,91.0,128.0,77.0,40.0,19.0,110.0,74.0,12.0
87.0,20.0,14.0,9.0,152.0,724.0,99.0,88.0,52.0,73.0,23.0,27.0,13.0,365.0,198.0,63.0,25.0,14.0,270.0,156.0,148.0,59.0,107.0,90.0,54.0,10.0,12.0,119.0,62.0,117.0,48.0,180.0,116.0,110.0,116.0,78.0,46.0,63.0,36.0,22.0,145.0,72.0,32.0,295.0,118.0,237.0,19.0,201.0,137.0,51.0,87.0,25.0,204.0,104.0,17.0,127.0,28.0,155.0,89.0,13.0,6.0,188.0,87.0,121.0,74.0,32.0,20.0,108.0,64.0,11.0
68.0,21.0,13.0,9.0,141.0,579.0,103.0,55.0,52.0,58.0,19.0,17.0,10.0,318.0,195.0,49.0,24.0,12.0,227.0,125.0,127.0,48.0,80.0,65.0,42.0,11.0,13.0,86.0,58.0,124.0,40.0,154.0,97.0,81.0,91.0,63.0,38.0,53.0,32.0,22.0,122.0,50.0,30.0,265.0,121.0,188.0,16.0,208.0,126.0,45.0,78.0,25.0,165.0,82.0,17.0,92.0,31.0,140.0,84.0,12.0,6.0,152.0,82.0,115.0,47.0,29.0,20.0,114.0,67.0,10.0
57.0,21.0,12.0,6.0,116.0,401.0,84.0,55.0,39.0,57.0,16.0,16.0,10.0,254.0,146.0,64.0,21.0,10.0,183.0,117.0,97.0,39.0,67.0,65.0,42.0,11.0,11.0,59.0,44.0,81.0,51.0,141.0,77.0,66.0,75.0,47.0,31.0,53.0,40.0,19.0,110.0,68.0,23.0,201.0,117.0,153.0,14.0,158.0,125.0,48.0,67.0,24.0,125.0,97.0,13.0,80.0,37.0,119.0,63.0,13.0,6.0,112.0,69.0,90.0,53.0,24.0,19.0,82.0,48.0,7.0
74.0,27.0,16.0,5.0,122.0,529.0,108.0,59.0,50.0,63.0,21.0,25.0,16.0,379.0,187.0,56.0,37.0,24.0,205.0,125.0,116.0,48.0,76.0,101.0,58.0,10.0,12.0,103.0,68.0,117.0,58.0,142.0,99.0,109.0,96.0,71.0,36.0,60.0,38.0,23.0,118.0,95.0,31.0,239.0,149.0,201.0,25.0,179.0,135.0,51.0,87.0,28.0,171.0,96.0,17.0,107.0,40.0,130.0,78.0,12.0,6.0,146.0,73.0,125.0,82.0,31.0,21.0,102.0,61.0,8.0
71.0,20.0,16.0,3.0,96.0,438.0,83.0,57.0,36.0,57.0,16.0,22.0,10.0,319.0,161.0,41.0,18.0,14.0,179.0,122.0,103.0,47.0,72.0,87.0,55.0,6.0,8.0,86.0,63.0,85.0,39.0,162.0,84.0,63.0,85.0,46.0,31.0,44.0,27.0,17.0,119.0,59.0,29.0,209.0,111.0,207.0,14.0,163.0,99.0,56.0,54.0,18.0,132.0,72.0,16.0,92.0,31.0,133.0,61.0,9.0,4.0,130.0,83.0,73.0,62.0,25.0,20.0,83.0,55.0,6.0
76.0,19.0,14.0,4.0,109.0,485.0,101.0,60.0,64.0,62.0,19.0,19.0,11.0,326.0,156.0,48.0,20.0,13.0,171.0,108.0,135.0,50.0,78.0,81.0,58.0,6.0,12.0,91.0,55.0,101.0,58.0,153.0,92.0,77.0,108.0,58.0,34.0,57.0,37.0,22.0,118.0,75.0,34.0,267.0,133.0,238.0,15.0,210.0,133.0,53.0,78.0,16.0,190.0,121.0,17.0,94.0,33.0,136.0,78.0,10.0,7.0,138.0,90.0,130.0,65.0,34.0,18.0,97.0,59.0,7.0
90.0,26.0,21.0,4.0,146.0,591.0,154.0,75.0,71.0,70.0,26.0,22.0,13.0,335.0,183.0,49.0,20.0,16.0,231.0,106.0,161.0,63.0,86.0,96.0,59.0,8.0,11.0,108.0,62.0,122.0,50.0,193.0,112.0,97.0,131.0,66.0,43.0,66.0,43.0,28.0,139.0,73.0,46.0,329.0,120.0,281.0,20.0,252.0,139.0,44.0,97.0,18.0,272.0,130.0,26.0,117.0,29.0,151.0,99.0,13.0,9.0,168.0,89.0,189.0,61.0,35.0,20.0,130.0,75.0,10.0
89.0,20.0,34.0,6.0,130.0,619.0,119.0,75.0,62.0,70.0,24.0,21.0,12.0,333.0,195.0,43.0,21.0,15.0,240.0,127.0,147.0,68.0,92.0,86.0,62.0,7.0,12.0,96.0,59.0,138.0,49.0,222.0,108.0,121.0,109.0,67.0,45.0,64.0,38.0,34.0,177.0,68.0,36.0,342.0,165.0,262.0,24.0,236.0,159.0,56.0,82.0,29.0,243.0,138.0,24.0,104.0,27.0,132.0,75.0,18.0,11.0,166.0,96.0,151.0,60.0,36.0,20.0,127.0,82.0,9.0
91.0,19.0,34.0,6.0,120.0,675.0,129.0,79.0,66.0,61.0,29.0,29.0,12.0,324.0,202.0,44.0,22.0,18.0,246.0,115.0,137.0,62.0,86.0,95.0,64.0,7.0,13.0,129.0,85.0,184.0,68.0,189.0,108.0,129.0,124.0,85.0,41.0,59.0,45.0,37.0,177.0,73.0,37.0,334.0,179.0,279.0,23.0,213.0,136.0,46.0,93.0,21.0,254.0,141.0,26.0,106.0,20.0,139.0,73.0,19.0,7.0,186.0,102.0,168.0,72.0,34.0,20.0,154.0,70.0,8.0
98.0,21.0,24.0,5.0,132.0,626.0,136.0,81.0,56.0,65.0,27.0,34.0,21.0,365.0,220.0,46.0,28.0,20.0,217.0,139.0,184.0,55.0,87.0,94.0,78.0,5.0,11.0,133.0,68.0,132.0,61.0,161.0,125.0,107.0,115.0,83.0,37.0,62.0,45.0,32.0,138.0,105.0,41.0,413.0,186.0,244.0,19.0,215.0,178.0,55.0,97.0,31.0,220.0,110.0,21.0,115.0,27.0,140.0,73.0,20.0,7.0,169.0,110.0,156.0,96.0,31.0,24.0,111.0,74.0,10.0
87.0,28.0,20.0,8.0,156.0,716.0,127.0,104.0,60.0,68.0,18.0,22.0,20.0,403.0,191.0,52.0,26.0,19.0,235.0,180.0,166.0,65.0,97.0,101.0,66.0,9.0,16.0,110.0,77.0,126.0,109.0,179.0,149.0,111.0,126.0,76.0,46.0,67.0,49.0,35.0,147.0,93.0,51.0,294.0,214.0,258.0,26.0,245.0,147.0,68.0,89.0,23.0,237.0,147.0,21.0,111.0,28.0,148.0,73.0,13.0,8.0,168.0,132.0,160.0,98.0,35.0,25.0,124.0,76.0,12.0
74.0,31.0,16.0,12.0,136.0,618.0,113.0,90.0,54.0,66.0,18.0,29.0,11.0,378.0,187.0,67.0,25.0,16.0,205.0,120.0,148.0,58.0,82.0,89.0,52.0,14.0,18.0,115.0,68.0,151.0,80.0,187.0,114.0,109.0,103.0,72.0,41.0,57.0,36.0,23.0,151.0,101.0,36.0,321.0,147.0,275.0,22.0,231.0,167.0,49.0,96.0,29.0,192.0,102.0,21.0,100.0,63.0,135.0,67.0,11.0,8.0,155.0,93.0,158.0,87.0,37.0,18.0,112.0,70.0,14.0
76.0,17.0,16.0,13.0,160.0,676.0,116.0,82.0,65.0,83.0,23.0,28.0,15.0,405.0,200.0,61.0,25.0,15.0,237.0,155.0,164.0,54.0,78.0,95.0,52.0,11.0,17.0,112.0,59.0,119.0,70.0,164.0,114.0,109.0,115.0,68.0,48.0,67.0,36.0,24.0,130.0,93.0,40.0,334.0,148.0,216.0,22.0,199.0,118.0,46.0,94.0,46.0,209.0,108.0,19.0,113.0,32.0,159.0,70.0,12.0,6.0,206.0,98.0,125.0,90.0,30.0,23.0,116.0,65.0,13.0
71.0,15.0,12.0,10.0,110.0,584.0,92.0,60.0,61.0,61.0,20.0,18.0,10.0,371.0,195.0,43.0,21.0,11.0,201.0,113.0,155.0,44.0,88.0,83.0,45.0,14.0,13.0,104.0,51.0,123.0,56.0,139.0,95.0,83.0,138.0,67.0,35.0,56.0,30.0,22.0,117.0,75.0,31.0,289.0,119.0,199.0,17.0,226.0,112.0,37.0,70.0,26.0,179.0,76.0,17.0,80.0,27.0,141.0,55.0,12.0,6.0,141.0,73.0,109.0,51.0,28.0,18.0,90.0,60.0,13.0
57.0,26.0,12.0,7.0,79.0,454.0,103.0,71.0,38.0,58.0,15.0,19.0,11.0,305.0,166.0,83.0,19.0,14.0,187.0,113.0,104.0,36.0,65.0,61.0,53.0,10.0,10.0,81.0,55.0,93.0,48.0,119.0,86.0,63.0,82.0,56.0,34.0,43.0,35.0,21.0,111.0,67.0,29.0,196.0,114.0,160.0,13.0,156.0,96.0,38.0,70.0,52.0,161.0,98.0,13.0,65.0,33.0,118.0,50.0,12.0,5.0,154.0,82.0,92.0,60.0,23.0,18.0,80.0,58.0,8.0
76.0,21.0,16.0,6.0,126.0,622.0,113.0,70.0,60.0,69.0,20.0,28.0,16.0,416.0,196.0,66.0,30.0,15.0,191.0,136.0,125.0,52.0,79.0,86.0,48.0,9.0,13.0,107.0,72.0,106.0,62.0,146.0,97.0,72.0,111.0,82.0,39.0,73.0,38.0,25.0,127.0,77.0,39.0,313.0,162.0,214.0,17.0,167.0,112.0,46.0,101.0,30.0,177.0,116.0,16.0,110.0,30.0,151.0,70.0,13.0,6.0,167.0,97.0,159.0,76.0,31.0,20.0,82.0,67.0,8.0
72.0,17.0,16.0,3.0,108.0,566.0,90.0,64.0,53.0,62.0,15.0,20.0,10.0,351.0,175.0,62.0,21.0,12.0,181.0,124.0,117.0,43.0,71.0,73.0,46.0,6.0,11.0,93.0,48.0,90.0,53.0,136.0,76.0,67.0,99.0,77.0,32.0,59.0,29.0,19.0,108.0,48.0,26.0,269.0,116.0,194.0,16.0,163.0,106.0,33.0,70.0,20.0,146.0,95.0,15.0,94.0,26.0,109.0,54.0,9.0,5.0,116.0,73.0,96.0,67.0,24.0,18.0,77.0,48.0,7.0
69.0,90.0,13.0,25.0,96.0,472.0,107.0,49.0,46.0,59.0,16.0,18.0,9.0,332.0,146.0,293.0,18.0,11.0,163.0,101.0,114.0,38.0,73.0,60.0,40.0,51.0,7.0,74.0,45.0,105.0,40.0,136.0,81.0,82.0,95.0,65.0,37.0,65.0,44.0,21.0,115.0,73.0,29.0,205.0,119.0,154.0,18.0,173.0,102.0,30.0,66.0,152.0,214.0,67.0,15.0,88.0,127.0,121.0,53.0,8.0,5.0,112.0,70.0,118.0,56.0,28.0,13.0,100.0,53.0,4.0
72.0,85.3,14.5,23.5,97.6,488.4,111.7,51.7,48.1,61.0,16.8,18.9,9.1,338.6,155.5,277.3,18.9,11.3,173.9,105.1,118.4,40.7,76.3,62.6,41.9,47.9,7.6,77.6,46.3,110.4,41.7,142.7,82.7,85.8,99.3,67.3,37.9,67.0,43.9,22.1,119.9,74.8,30.1,217.6,122.9,165.7,18.5,179.5,105.0,31.2,68.0,142.9,215.4,71.0,15.8,89.9,119.8,123.3,55.1,8.7,5.2,118.1,72.9,121.1,57.9,28.6,13.5,103.9,54.9,4.3
75.0,80.7,15.9,22.1,99.2,504.8,116.3,54.3,50.1,63.0,17.6,19.7,9.3,345.2,165.1,261.7,19.7,11.7,184.9,109.3,122.8,43.5,79.5,65.2,43.7,44.9,8.2,81.2,47.7,115.8,43.5,149.3,84.5,89.6,103.7,69.7,38.9,69.0,43.7,23.3,124.9,76.6,31.1,230.2,126.9,177.3,19.1,186.1,108.0,32.4,70.0,133.7,216.8,75.0,16.6,91.9,112.6,125.5,57.1,9.3,5.4,124.1,75.9,124.3,59.9,29.2,14.1,107.7,56.7,4.5
78.0,76.0,17.4,20.6,100.8,521.2,121.0,57.0,52.2,65.0,18.4,20.6,9.4,351.8,174.6,246.0,20.6,12.0,195.8,113.4,127.2,46.2,82.8,67.8,45.6,41.8,8.8,84.8,49.0,121.2,45.2,156.0,86.2,93.4,108.0,72.0,39.8,71.0,43.6,24.4,129.8,78.4,32.2,242.8,130.8,189.0,19.6,192.6,111.0,33.6,72.0,124.6,218.2,79.0,17.4,93.8,105.4,127.8,59.2,10.0,5.6,130.2,78.8,127.4,61.8,29.8,14.6,111.6,58.6,4.8
81.0,71.3,18.9,19.1,102.4,537.6,125.7,59.7,54.3,67.0,19.2,21.5,9.5,358.4,184.1,230.3,21.5,12.3,206.7,117.5,131.6,48.9,86.1,70.4,47.5,38.7,9.4,88.4,50.3,126.6,46.9,162.7,87.9,97.2,112.3,74.3,40.7,73.0,43.5,25.5,134.7,80.2,33.3,255.4,134.7,200.7,20.1,199.1,114.0,34.8,74.0,115.5,219.6,83.0,18.2,95.7,98.2,130.1,61.3,10.7,5.8,136.3,81.7,130.5,63.7,30.4,15.1,115.5,60.5,5.1
84.0,66.7,20.3,17.7,104.0,554.0,130.3,62.3,56.3,69.0,20.0,22.3,9.7,365.0,193.7,214.7,22.3,12.7,217.7,121.7,136.0,51.7,89.3,73.0,49.3,35.7,10.0,92.0,51.7,132.0,48.7,169.3,89.7,101.0,116.7,76.7,41.7,75.0,43.3,26.7,139.7,82.0,34.3,268.0,138.7,212.3,20.7,205.7,117.0,36.0,76.0,106.3,221.0,87.0,19.0,97.7,91.0,132.3,63.3,11.3,6.0,142.3,84.7,133.7,65.7,31.0,15.7,119.3,62.3,5.3
87.0,62.0,21.8,16.2,105.6,570.4,135.0,65.0,58.4,71.0,20.8,23.2,9.8,371.6,203.2,199.0,23.2,13.0,228.6,125.8,140.4,54.4,92.6,75.6,51.2,32.6,10.6,95.6,53.0,137.4,50.4,176.0,91.4,104.8,121.0,79.0,42.6,77.0,43.2,27.8,144.6,83.8,35.4,280.6,142.6,224.0,21.2,212.2,120.0,37.2,78.0,97.2,222.4,91.0,19.8,99.6,83.8,134.6,65.4,12.0,6.2,148.4,87.6,136.8,67.6,31.6,16.2,123.2,64.2,5.6
90.0,57.3,23.3,14.7,107.2,586.8,139.7,67.7,60.5,73.0,21.6,24.1,9.9,378.2,212.7,183.3,24.1,13.3,239.5,129.9,144.8,57.1,95.9,78.2,53.1,29.5,11.2,99.2,54.3,142.8,52.1,182.7,93.1,108.6,125.3,81.3,43.5,79.0,43.1,28.9,149.5,85.6,36.5,293.2,146.5,235.7,21.7,218.7,123.0,38.4,80.0,88.1,223.8,95.0,20.6,101.5,76.6,136.9,67.5,12.7,6.4,154.5,90.5,139.9,69.5,32.2,16.7,127.1,66.1,5.9
93.0,52.7,24.7,13.3,108.8,603.2,144.3,70.3,62.5,75.0,22.4,24.9,10.1,384.8,222.3,167.7,24.9,13.7,250.5,134.1,149.2,59.9,99.1,80.8,54.9,26.5,11.8,102.8,55.7,148.2,53.9,189.3,94.9,112.4,129.7,83.7,44.5,81.0,42.9,30.1,154.5,87.4,37.5,305.8,150.5,247.3,22.3,225.3,126.0,39.6,82.0,78.9,225.2,99.0,21.4,103.5,69.4,139.1,69.5,13.3,6.6,160.5,93.5,143.1,71.5,32.8,17.3,130.9,67.9,6.1
96.0,48.0,26.2,11.8,110.4,619.6,149.0,73.0,64.6,77.0,23.2,25.8,10.2,391.4,231.8,152.0,25.8,14.0,261.4,138.2,153.6,62.6,102.4,83.4,56.8,23.4,12.4,106.4,57.0,153.6,55.6,196.0,96.6,116.2,134.0,86.0,45.4,83.0,42.8,31.2,159.4,89.2,38.6,318.4,154.4,259.0,22.8,231.8,129.0,40.8,84.0,69.8,226.6,103.0,22.2,105.4,62.2,141.4,71.6,14.0,6.8,166.6,96.4,146.2,73.4,33.4,17.8,134.8,69.8,6.4
99.0,43.3,27.7,10.3,112.0,636.0,153.7,75.7,66.7,79.0,24.0,26.7,10.3,398.0,241.3,136.3,26.7,14.3,272.3,142.3,158.0,65.3,105.7,86.0,58.7,20.3,13.0,110.0,58.3,159.0,57.3,202.7,98.3,120.0,138.3,88.3,46.3,85.0,42.7,32.3,164.3,91.0,39.7,331.0,158.3,270.7,23.3,238.3,132.0,42.0,86.0,60.7,228.0,107.0,23.0,107.3,55.0,143.7,73.7,14.7,7.0,172.7,99.3,149.3,75.3,34.0,18.3,138.7,71.7,6.7
102.0,38.7,29.1,8.9,113.6,652.4,158.3,78.3,68.7,81.0,24.8,27.5,10.5,404.6,250.9,120.7,27.5,14.7,283.3,146.5,162.4,68.1,108.9,88.6,60.5,17.3,13.6,113.6,59.7,164.4,59.1,209.3,100.1,123.8,142.7,90.7,47.3,87.0,42.5,33.5,169.3,92.8,40.7,343.6,162.3,282.3,23.9,244.9,135.0,43.2,88.0,51.5,229.4,111.0,23.8,109.3,47.8,145.9,75.7,15.3,7.2,178.7,102.3,152.5,77.3,34.6,18.9,142.5,73.5,6.9
105.0,34.0,30.6,7.4,115.2,668.8,163.0,81.0,70.8,83.0,25.6,28.4,10.6,411.2,260.4,105.0,28.4,15.0,294.2,150.6,166.8,70.8,112.2,91.2,62.4,14.2,14.2,117.2,61.0,169.8,60.8,216.0,101.8,127.6,147.0,93.0,48.2,89.0,42.4,34.6,174.2,94.6,41.8,356.2,166.2,294.0,24.4,251.4,138.0,44.4,90.0,42.4,230.8,115.0,24.6,111.2,40.6,148.2,77.8,16.0,7.4,184.8,105.2,155.6,79.2,35.2,19.4,146.4,75.4,7.2
108.0,29.3,32.1,5.9,116.8,685.2,167.7,83.7,72.9,85.0,26.4,29.3,10.7,417.8,269.9,89.3,29.3,15.3,305.1,154.7,171.2,73.5,115.5,93.8,64.3,11.1,14.8,120.8,62.3,175.2,62.5,222.7,103.5,131.4,151.3,95.3,49.1,91.0,42.3,35.7,179.1,96.4,42.9,368.8,170.1,305.7,24.9,257.9,141.0,45.6,92.0,33.3,232.2,119.0,25.4,113.1,33.4,150.5,79.9,16.7,7.6,190.9,108.1,158.7,81.1,35.8,19.9,150.3,77.3,7.5
111.0,24.7,33.5,4.5,118.4,701.6,172.3,86.3,74.9,87.0,27.2,30.1,10.9,424.4,279.5,73.7,30.1,15.7,316.1,158.9,175.6,76.3,118.7,96.4,66.1,8.1,15.4,124.4,63.7,180.6,64.3,229.3,105.3,135.2,155.7,97.7,50.1,93.0,42.1,36.9,184.1,98.2,43.9,381.4,174.1,317.3,25.5,264.5,144.0,46.8,94.0,24.1,233.6,123.0,26.2,115.1,26.2,152.7,81.9,17.3,7.8,196.9,111.1,161.9,83.1,36.4,20.5,154.1,79.1,7.7
114.0,20.0,35.0,3.0,120.0,718.0,177.0,89.0,77.0,89.0,28.0,31.0,11.0,431.0,289.0,58.0,31.0,16.0,327.0,163.0,180.0,79.0,122.0,99.0,68.0,5.0,16.0,128.0,65.0,186.0,66.0,236.0,107.0,139.0,160.0,100.0,51.0,95.0,42.0,38.0,189.0,100.0,45.0,394.0,178.0,329.0,26.0,271.0,147.0,48.0,96.0,15.0,235.0,127.0,27.0,117.0,19.0,155.0,84.0,18.0,8.0,203.0,114.0,165.0,85.0,37.0,21.0,158.0,81.0,8.0
105.0,30.0,30.0,3.0,146.0,720.0,162.0,110.0,61.0,112.0,30.0,27.0,14.0,443.0,257.0,56.0,36.0,18.0,302.0,164.0,177.0,74.0,114.0,103.0,65.0,5.0,16.0,137.0,81.0,168.0,74.0,258.0,157.0,129.0,128.0,96.0,45.0,112.0,48.0,38.0,198.0,120.0,54.0,370.0,219.0,249.0,22.0,247.0,162.0,68.0,113.0,15.0,225.0,129.0,24.0,120.0,23.0,170.0,84.0,18.0,8.0,175.0,107.0,168.0,96.0,38.0,26.0,126.0,78.0,11.0
112.0,21.0,22.0,7.0,164.0,768.0,148.0,126.0,65.0,103.0,20.0,21.0,15.0,476.0,263.0,40.0,26.0,21.0,255.0,226.0,176.0,65.0,125.0,104.0,71.0,7.0,21.0,90.0,77.0,123.0,92.0,232.0,175.0,112.0,132.0,106.0,53.0,101.0,55.0,32.0,167.0,122.0,56.0,337.0,244.0,246.0,23.0,241.0,180.0,58.0,95.0,18.0,192.0,159.0,23.0,119.0,22.0,176.0,82.0,12.0,10.0,194.0,130.0,148.0,108.0,36.0,28.0,107.0,101.0,14.0
109.0,34.0,16.0,6.0,144.0,686.0,116.0,126.0,63.0,99.0,21.0,30.0,14.0,429.0,259.0,65.0,24.0,21.0,266.0,182.0,156.0,55.0,95.0,90.0,89.0,8.0,22.0,106.0,68.0,149.0,100.0,200.0,129.0,93.0,123.0,89.0,38.0,80.0,62.0,26.0,196.0,92.0,41.0,346.0,186.0,227.0,21.0,234.0,167.0,49.0,95.0,14.0,210.0,136.0,25.0,101.0,24.0,142.0,68.0,11.0,9.0,177.0,116.0,151.0,84.0,38.0,26.0,117.0,85.0,14.0
117.0,21.0,14.0,5.0,163.0,835.0,127.0,116.0,58.0,111.0,29.0,31.0,15.0,540.0,281.0,49.0,23.0,15.0,283.0,148.0,156.0,64.0,108.0,140.0,65.0,7.0,18.0,103.0,65.0,134.0,80.0,199.0,125.0,105.0,119.0,84.0,40.0,88.0,45.0,33.0,184.0,101.0,45.0,341.0,163.0,250.0,19.0,234.0,145.0,57.0,89.0,15.0,264.0,151.0,25.0,126.0,21.0,169.0,77.0,13.0,8.0,186.0,101.0,149.0,98.0,35.0,22.0,119.0,74.0,13.0
94.0,17.0,13.0,6.0,136.0,722.0,122.0,71.0,59.0,106.0,21.0,21.0,13.0,494.0,228.0,45.0,23.0,11.0,274.0,160.0,146.0,55.0,102.0,98.0,66.0,10.0,23.0,92.0,54.0,109.0,75.0,199.0,119.0,98.0,99.0,68.0,36.0,73.0,36.0,27.0,141.0,88.0,37.0,298.0,163.0,203.0,17.0,202.0,111.0,52.0,83.0,28.0,233.0,117.0,19.0,121.0,17.0,158.0,76.0,11.0,10.0,137.0,82.0,123.0,74.0,32.0,22.0,109.0,79.0,13.0
72.0,28.0,12.0,4.0,109.0,532.0,103.0,77.0,44.0,99.0,16.0,17.0,13.0,306.0,201.0,80.0,19.0,13.0,225.0,143.0,116.0,41.0,75.0,72.0,60.0,7.0,17.0,76.0,54.0,95.0,85.0,163.0,114.0,76.0,78.0,77.0,30.0,45.0,37.0,23.0,111.0,75.0,25.0,229.0,167.0,158.0,14.0,167.0,128.0,50.0,70.0,31.0,179.0,106.0,15.0,80.0,39.0,122.0,54.0,12.0,7.0,125.0,106.0,82.0,62.0,26.0,22.0,91.0,80.0,8.0
101.0,24.0,17.0,4.0,166.0,661.0,139.0,85.0,51.0,105.0,22.0,20.0,17.0,417.0,260.0,60.0,26.0,18.0,242.0,149.0,133.0,51.0,82.0,111.0,62.0,7.0,15.0,102.0,87.0,156.0,82.0,163.0,141.0,78.0,90.0,71.0,40.0,80.0,48.0,31.0,154.0,107.0,37.0,287.0,176.0,251.0,13.0,201.0,137.0,55.0,86.0,18.0,173.0,138.0,19.0,115.0,21.0,161.0,88.0,15.0,7.0,145.0,107.0,144.0,97.0,35.0,25.0,106.0,71.0,9.0
88.0,16.0,16.0,2.0,148.0,583.0,112.0,75.0,48.0,114.0,19.0,20.0,13.0,410.0,282.0,43.0,23.0,13.0,219.0,137.0,115.0,44.0,80.0,88.0,51.0,4.0,13.0,111.0,56.0,103.0,66.0,162.0,88.0,73.0,80.0,62.0,30.0,67.0,36.0,24.0,152.0,85.0,34.0,273.0,153.0,220.0,13.0,170.0,133.0,42.0,76.0,18.0,206.0,109.0,21.0,103.0,16.0,155.0,70.0,10.0,7.0,143.0,73.0,130.0,63.0,28.0,19.0,93.0,65.0,8.0
94.0,20.0,15.0,2.0,144.0,559.0,120.0,82.0,59.0,110.0,22.0,23.0,12.0,453.0,225.0,78.0,21.0,15.0,255.0,138.0,140.0,45.0,112.0,95.0,69.0,3.0,12.0,105.0,69.0,103.0,62.0,188.0,92.0,86.0,99.0,66.0,37.0,65.0,46.0,26.0,174.0,90.0,31.0,276.0,153.0,249.0,18.0,200.0,118.0,52.0,80.0,9.0,212.0,110.0,21.0,108.0,19.0,158.0,70.0,10.0,8.0,161.0,89.0,140.0,100.0,34.0,21.0,107.0,65.0,9.0
108.0,24.0,20.0,4.0,148.0,706.0,163.0,92.0,70.0,119.0,30.0,23.0,17.0,415.0,268.0,57.0,23.0,15.0,263.0,166.0,144.0,52.0,106.0,91.0,65.0,5.0,16.0,133.0,74.0,138.0,81.0,197.0,135.0,128.0,121.0,89.0,42.0,92.0,43.0,35.0,171.0,106.0,44.0,347.0,213.0,241.0,18.0,236.0,148.0,52.0,88.0,12.0,220.0,133.0,26.0,110.0,23.0,173.0,88.0,14.0,10.0,195.0,125.0,152.0,101.0,35.0,27.0,107.0,91.0,11.0
100.0,26.0,38.0,4.0,150.0,648.0,161.0,88.0,72.0,122.0,25.0,25.0,15.0,459.0,305.0,70.0,21.0,15.0,301.0,139.0,154.0,58.0,102.0,100.0,63.0,4.0,15.0,115.0,62.0,148.0,64.0,186.0,123.0,136.0,119.0,78.0,41.0,91.0,41.0,34.0,182.0,72.0,36.0,404.0,181.0,252.0,25.0,290.0,139.0,52.0,84.0,14.0,227.0,162.0,25.0,124.0,21.0,164.0,80.0,15.0,12.0,169.0,104.0,130.0,68.0,39.0,23.0,121.0,78.0,11.0
118.0,21.0,39.0,4.0,149.0,698.0,156.0,75.0,81.0,110.0,30.0,29.0,18.0,468.0,333.0,57.0,24.0,16.0,289.0,145.0,167.0,64.0,105.0,102.0,69.0,7.0,19.0,148.0,84.0,170.0,75.0,214.0,99.0,156.0,143.0,89.0,48.0,67.0,43.0,42.0,218.0,90.0,37.0,347.0,187.0,276.0,27.0,285.0,146.0,67.0,94.0,16.0,239.0,131.0,30.0,119.0,20.0,189.0,77.0,17.0,9.0,194.0,116.0,149.0,85.0,40.0,28.0,153.0,76.0,8.0
109.0,20.0,23.0,5.0,177.0,654.0,116.0,86.0,81.0,125.0,35.0,31.0,19.0,377.0,309.0,77.0,29.0,14.0,276.0,145.0,151.0,83.0,100.0,105.0,70.0,4.0,16.0,152.0,77.0,151.0,98.0,177.0,128.0,128.0,114.0,112.0,43.0,69.0,52.0,38.0,176.0,119.0,46.0,383.0,203.0,268.0,20.0,245.0,139.0,59.0,97.0,23.0,195.0,145.0,23.0,123.0,19.0,184.0,75.0,16.0,7.0,214.0,120.0,173.0,93.0,46.0,32.0,131.0,86.0,10.0
104.0,27.0,26.0,14.0,184.0,778.0,128.0,93.0,59.0,112.0,22.0,23.0,24.0,447.0,305.0,84.0,26.0,21.0,287.0,175.0,165.0,64.0,134.0,117.0,76.0,7.0,21.0,100.0,97.0,108.0,106.0,179.0,119.0,124.0,145.0,87.0,44.0,89.0,55.0,28.0,130.0,137.0,56.0,299.0,232.0,252.0,21.0,251.0,179.0,75.0,119.0,29.0,230.0,189.0,23.0,115.0,26.0,186.0,91.0,11.0,10.0,186.0,130.0,133.0,99.0,38.0,30.0,117.0,92.0,15.0
115.0,17.0,16.0,9.0,151.0,579.0,105.0,94.0,58.0,131.0,23.0,26.0,19.0,408.0,250.0,43.0,25.0,17.0,259.0,184.0,137.0,54.0,104.0,90.0,62.0,9.0,20.0,105.0,84.0,148.0,94.0,168.0,119.0,102.0,114.0,73.0,38.0,78.0,45.0,26.0,169.0,121.0,37.0,308.0,176.0,217.0,20.0,202.0,151.0,58.0,106.0,17.0,179.0,119.0,20.0,107.0,19.0,153.0,84.0,10.0,9.0,163.0,121.0,145.0,100.0,40.0,23.0,109.0,87.0,13.0
127.0,19.0,13.0,10.0,168.0,715.0,153.0,70.0,57.0,113.0,30.0,25.0,20.0,431.0,261.0,57.0,23.0,11.0,244.0,149.0,134.0,62.0,92.0,104.0,61.0,7.0,18.0,131.0,83.0,143.0,69.0,167.0,110.0,107.0,107.0,72.0,41.0,77.0,45.0,27.0,153.0,98.0,42.0,288.0,160.0,257.0,18.0,230.0,139.0,51.0,102.0,29.0,183.0,115.0,20.0,115.0,23.0,178.0,78.0,13.0,7.0,186.0,129.0,137.0,82.0,38.0,25.0,107.0,66.0,12.0
93.0,20.0,12.0,8.0,133.0,601.0,109.0,77.0,62.0,191.0,22.0,20.0,12.0,366.0,203.0,46.0,20.0,11.0,221.0,119.0,143.0,50.0,91.0,74.0,60.0,7.0,16.0,109.0,72.0,109.0,58.0,160.0,85.0,95.0,97.0,58.0,37.0,61.0,44.0,24.0,131.0,72.0,30.0,247.0,140.0,185.0,19.0,215.0,113.0,48.0,69.0,23.0,174.0,100.0,16.0,98.0,19.0,152.0,63.0,11.0,7.0,164.0,99.0,108.0,75.0,29.0,21.0,99.0,60.0,13.0
81.0,25.0,12.0,5.0,91.0,420.0,87.0,84.0,41.0,102.0,18.0,16.0,13.0,286.0,185.0,47.0,19.0,13.0,195.0,128.0,105.0,46.0,69.0,74.0,58.0,9.0,14.0,89.0,60.0,79.0,54.0,141.0,99.0,90.0,90.0,67.0,33.0,44.0,44.0,23.0,100.0,61.0,22.0,213.0,161.0,162.0,13.0,144.0,128.0,43.0,56.0,15.0,128.0,107.0,14.0,90.0,26.0,113.0,54.0,11.0,6.0,137.0,99.0,86.0,76.0,26.0,20.0,83.0,64.0,9.0
93.0,32.0,20.0,4.0,152.0,634.0,116.0,74.0,53.0,100.0,27.0,22.0,17.0,418.0,241.0,79.0,22.0,15.0,235.0,132.0,129.0,57.0,91.0,106.0,62.0,10.0,13.0,133.0,72.0,137.0,53.0,166.0,86.0,93.0,106.0,69.0,41.0,68.0,43.0,30.0,126.0,77.0,38.0,269.0,167.0,196.0,17.0,211.0,129.0,50.0,109.0,26.0,177.0,125.0,17.0,121.0,44.0,145.0,79.0,13.0,5.0,172.0,83.0,131.0,91.0,36.0,22.0,111.0,66.0,8.0
89.0,18.0,16.0,2.0,124.0,520.0,107.0,61.0,44.0,93.0,18.0,21.0,14.0,342.0,213.0,33.0,22.0,11.0,200.0,110.0,128.0,48.0,88.0,92.0,61.0,5.0,12.0,91.0,72.0,86.0,53.0,133.0,61.0,73.0,95.0,52.0,41.0,54.0,36.0,21.0,114.0,64.0,30.0,248.0,129.0,187.0,16.0,156.0,102.0,48.0,67.0,16.0,131.0,73.0,20.0,97.0,18.0,130.0,59.0,9.0,5.0,152.0,99.0,92.0,67.0,27.0,20.0,89.0,54.0,7.0
82.0,22.0,15.0,4.0,130.0,481.0,106.0,58.0,56.0,99.0,19.0,23.0,13.0,349.0,211.0,63.0,19.0,12.0,228.0,123.0,122.0,47.0,78.0,85.0,65.0,7.0,13.0,108.0,71.0,98.0,51.0,150.0,75.0,92.0,104.0,66.0,35.0,65.0,39.0,25.0,196.0,78.0,30.0,278.0,140.0,172.0,16.0,190.0,121.0,48.0,73.0,16.0,161.0,100.0,21.0,107.0,24.0,131.0,56.0,11.0,6.0,170.0,124.0,110.0,65.0,30.0,19.0,86.0,56.0,7.0
89.0,18.0,16.0,6.0,158.0,487.0,144.0,84.0,77.0,105.0,26.0,24.0,13.0,394.0,239.0,45.0,17.0,13.0,225.0,132.0,147.0,53.0,83.0,89.0,62.0,6.0,18.0,123.0,72.0,143.0,63.0,159.0,82.0,111.0,93.0,59.0,40.0,54.0,39.0,47.0,181.0,106.0,34.0,305.0,134.0,233.0,16.0,218.0,118.0,52.0,74.0,23.0,235.0,122.0,28.0,119.0,25.0,166.0,71.0,14.0,9.0,174.0,103.0,115.0,69.0,33.0,23.0,126.0,76.0,9.0
113.0,22.0,32.0,3.0,133.0,537.0,136.0,69.0,72.0,90.0,28.0,24.0,17.0,418.0,249.0,75.0,19.0,13.0,279.0,123.0,164.0,62.0,95.0,114.0,73.0,4.0,18.0,128.0,72.0,155.0,62.0,203.0,107.0,159.0,111.0,74.0,46.0,69.0,40.0,34.0,187.0,68.0,33.0,310.0,182.0,262.0,29.0,239.0,145.0,57.0,88.0,14.0,221.0,115.0,26.0,135.0,25.0,167.0,81.0,14.0,13.0,197.0,136.0,138.0,66.0,41.0,24.0,137.0,78.0,9.0
106.0,19.0,39.0,3.0,122.0,692.0,132.0,67.0,69.0,88.0,31.0,30.0,15.0,414.0,247.0,44.0,22.0,14.0,286.0,150.0,134.0,61.0,96.0,126.0,69.0,6.0,13.0,129.0,65.0,147.0,59.0,183.0,108.0,135.0,122.0,74.0,47.0,61.0,43.0,36.0,197.0,65.0,35.0,338.0,148.0,260.0,25.0,231.0,136.0,64.0,81.0,18.0,200.0,134.0,25.0,128.0,21.0,160.0,68.0,16.0,7.0,222.0,119.0,121.0,60.0,40.0,21.0,144.0,73.0,8.0
100.0,34.0,21.0,4.0,144.0,655.0,95.0,70.0,65.0,101.0,25.0,31.0,21.0,378.0,274.0,53.0,24.0,14.0,227.0,126.0,140.0,50.0,78.0,117.0,69.0,5.0,13.0,142.0,72.0,137.0,51.0,176.0,119.0,103.0,100.0,69.0,36.0,62.0,46.0,31.0,155.0,116.0,36.0,340.0,172.0,197.0,19.0,201.0,155.0,64.0,85.0,25.0,177.0,140.0,19.0,118.0,29.0,149.0,75.0,13.0,8.0,180.0,121.0,125.0,79.0,36.0,26.0,110.0,78.0,8.0
105.0,26.0,16.0,7.0,160.0,602.0,85.0,89.0,66.0,88.0,19.0,19.0,23.0,455.0,268.0,52.0,22.0,21.0,248.0,155.0,149.0,62.0,118.0,124.0,81.0,7.0,14.0,101.0,86.0,121.0,59.0,163.0,114.0,107.0,106.0,89.0,45.0,69.0,51.0,31.0,162.0,78.0,42.0,285.0,194.0,234.0,20.0,239.0,186.0,60.0,75.0,26.0,209.0,125.0,22.0,121.0,27.0,162.0,65.0,13.0,7.0,172.0,134.0,110.0,92.0,39.0,29.0,119.0,89.0,12.0
98.0,29.0,14.0,6.0,130.0,534.0,80.0,63.0,57.0,91.0,22.0,30.0,13.0,427.0,208.0,44.0,22.0,21.0,178.0,131.0,104.0,44.0,106.0,110.0,63.0,8.0,19.0,110.0,86.0,138.0,74.0,134.0,107.0,99.0,108.0,70.0,35.0,61.0,34.0,23.0,195.0,106.0,30.0,282.0,153.0,187.0,18.0,233.0,131.0,44.0,86.0,16.0,207.0,116.0,22.0,96.0,37.0,147.0,74.0,10.0,8.0,170.0,107.0,118.0,84.0,38.0,19.0,90.0,78.0,12.0
93.0,21.0,11.0,7.0,152.0,644.0,158.0,70.0,58.0,81.0,21.0,22.0,15.0,458.0,227.0,38.0,19.0,10.0,222.0,147.0,132.0,50.0,72.0,92.0,50.0,17.0,19.0,99.0,66.0,117.0,56.0,159.0,96.0,144.0,107.0,61.0,40.0,68.0,35.0,23.0,148.0,94.0,36.0,288.0,158.0,189.0,17.0,206.0,135.0,63.0,76.0,20.0,198.0,126.0,21.0,108.0,27.0,154.0,76.0,12.0,6.0,173.0,102.0,103.0,64.0,32.0,21.0,105.0,60.0,9.0
73.0,21.0,11.0,9.0,99.0,467.0,106.0,51.0,48.0,78.0,16.0,18.0,11.0,393.0,172.0,42.0,18.0,9.0,209.0,119.0,115.0,46.0,70.0,67.0,44.0,9.0,19.0,106.0,45.0,81.0,45.0,148.0,109.0,98.0,87.0,58.0,32.0,54.0,34.0,21.0,132.0,62.0,25.0,255.0,157.0,139.0,14.0,159.0,107.0,39.0,56.0,22.0,186.0,106.0,17.0,78.0,17.0,117.0,55.0,10.0,7.0,142.0,77.0,92.0,59.0,25.0,15.0,85.0,65.0,11.0
67.0,18.0,9.0,6.0,72.0,385.0,82.0,58.0,41.0,79.0,15.0,16.0,12.0,345.0,131.0,38.0,16.0,9.0,174.0,118.0,78.0,35.0,76.0,61.0,44.0,11.0,12.0,102.0,45.0,69.0,45.0,119.0,67.0,80.0,66.0,59.0,30.0,47.0,35.0,19.0,115.0,54.0,20.0,199.0,144.0,110.0,13.0,126.0,90.0,33.0,43.0,23.0,119.0,99.0,13.0,67.0,26.0,105.0,45.0,10.0,5.0,115.0,80.0,65.0,49.0,23.0,17.0,69.0,50.0,7.0
80.0,23.0,15.0,4.0,173.0,487.0,111.0,76.0,56.0,95.0,17.0,20.0,12.0,377.0,199.0,54.0,21.0,14.0,203.0,112.0,107.0,51.0,73.0,101.0,49.0,8.0,13.0,94.0,55.0,93.0,52.0,135.0,72.0,111.0,102.0,54.0,34.0,57.0,38.0,23.0,112.0,56.0,32.0,238.0,144.0,186.0,15.0,161.0,99.0,43.0,69.0,22.0,224.0,135.0,17.0,114.0,36.0,154.0,73.0,16.0,6.0,153.0,92.0,136.0,80.0,34.0,21.0,112.0,68.0,7.0
80.0,22.0,15.0,3.0,97.0,444.0,79.0,53.0,43.0,81.0,15.0,19.0,9.0,396.0,173.0,41.0,20.0,11.0,155.0,98.0,96.0,41.0,68.0,83.0,45.0,6.0,10.0,76.0,47.0,79.0,42.0,133.0,65.0,74.0,93.0,66.0,31.0,63.0,36.0,23.0,119.0,42.0,26.0,188.0,124.0,211.0,13.0,167.0,103.0,32.0,64.0,14.0,158.0,96.0,17.0,93.0,17.0,154.0,51.0,9.0,4.0,127.0,63.0,99.0,67.0,27.0,14.0,74.0,50.0,6.0
78.0,30.0,12.0,3.0,93.0,524.0,90.0,59.0,52.0,80.0,17.0,19.0,10.0,396.0,164.0,39.0,17.0,11.0,213.0,120.0,100.0,40.0,69.0,83.0,47.0,5.0,12.0,86.0,49.0,99.0,44.0,146.0,79.0,77.0,100.0,58.0,34.0,58.0,37.0,21.0,204.0,78.0,28.0,231.0,154.0,157.0,14.0,178.0,107.0,35.0,60.0,17.0,159.0,100.0,17.0,100.0,30.0,129.0,53.0,8.0,6.0,159.0,80.0,101.0,50.0,27.0,19.0,76.0,55.0,6.0
88.0,18.0,16.0,3.0,117.0,601.0,125.0,97.0,59.0,89.0,22.0,20.0,13.0,403.0,206.0,38.0,17.0,13.0,243.0,127.0,142.0,53.0,71.0,89.0,52.0,6.0,14.0,130.0,56.0,92.0,47.0,159.0,87.0,102.0,107.0,71.0,35.0,60.0,32.0,25.0,181.0,88.0,36.0,245.0,173.0,228.0,16.0,221.0,142.0,44.0,80.0,17.0,195.0,117.0,23.0,111.0,19.0,159.0,73.0,10.0,9.0,158.0,86.0,115.0,69.0,40.0,25.0,96.0,61.0,8.0
99.0,22.0,31.0,6.0,118.0,498.0,134.0,65.0,61.0,88.0,23.0,20.0,11.0,374.0,210.0,44.0,23.0,13.0,292.0,132.0,136.0,54.0,88.0,87.0,53.0,6.0,15.0,103.0,51.0,123.0,60.0,222.0,94.0,133.0,104.0,79.0,42.0,76.0,34.0,31.0,154.0,64.0,38.0,313.0,180.0,230.0,26.0,266.0,126.0,44.0,78.0,21.0,202.0,121.0,30.0,107.0,22.0,182.0,82.0,14.0,9.0,195.0,102.0,123.0,55.0,36.0,20.0,122.0,73.0,8.0
84.0,15.0,33.0,5.0,108.0,486.0,135.0,81.0,63.0,73.0,23.0,24.0,12.0,442.0,168.0,35.0,21.0,14.0,250.0,142.0,142.0,48.0,74.0,79.0,63.0,6.0,12.0,111.0,53.0,139.0,64.0,180.0,98.0,111.0,116.0,75.0,43.0,59.0,38.0,35.0,161.0,80.0,34.0,348.0,183.0,189.0,21.0,239.0,118.0,48.0,77.0,16.0,218.0,101.0,23.0,104.0,16.0,128.0,71.0,15.0,8.0,154.0,87.0,118.0,62.0,33.0,21.0,131.0,60.0,7.0
82.0,22.0,21.0,4.0,156.0,604.0,143.0,119.0,69.0,87.0,27.0,18.0,16.0,377.0,204.0,72.0,29.0,13.0,234.0,106.0,131.0,48.0,76.0,88.0,58.0,7.0,12.0,129.0,88.0,154.0,56.0,197.0,105.0,113.0,113.0,85.0,38.0,64.0,44.0,31.0,141.0,86.0,36.0,357.0,153.0,185.0,18.0,191.0,146.0,48.0,88.0,27.0,237.0,156.0,24.0,100.0,33.0,132.0,73.0,15.0,5.0,142.0,110.0,125.0,72.0,33.0,27.0,111.0,56.0,8.0
87.0,22.0,16.0,6.0,126.0,562.0,104.0,93.0,59.0,78.0,17.0,17.0,19.0,468.0,216.0,75.0,20.0,15.0,203.0,168.0,127.0,55.0,96.0,82.0,47.0,8.0,19.0,91.0,66.0,135.0,83.0,177.0,143.0,89.0,103.0,81.0,36.0,66.0,42.0,30.0,115.0,80.0,39.0,295.0,211.0,181.0,16.0,216.0,152.0,52.0,66.0,23.0,219.0,164.0,23.0,106.0,32.0,147.0,69.0,12.0,7.0,168.0,110.0,112.0,78.0,33.0,20.0,90.0,76.0,9.0
78.0,24.0,14.0,7.0,117.0,534.0,89.0,57.0,58.0,77.0,20.0,26.0,11.0,424.0,186.0,72.0,23.0,11.0,195.0,100.0,108.0,46.0,75.0,75.0,48.0,11.0,17.0,98.0,67.0,126.0,65.0,197.0,114.0,96.0,104.0,59.0,34.0,75.0,34.0,23.0,135.0,67.0,32.0,318.0,177.0,152.0,17.0,185.0,114.0,37.0,87.0,21.0,188.0,130.0,21.0,106.0,37.0,128.0,66.0,10.0,8.0,159.0,88.0,130.0,68.0,32.0,18.0,90.0,64.0,9.0
84.0,25.0,26.0,4.0,107.0,546.0,120.0,62.0,59.0,79.0,23.0,24.0,12.0,360.0,202.0,55.0,25.0,15.0,217.0,129.0,124.0,50.0,81.0,96.0,48.0,6.0,10.0,127.0,46.0,103.0,46.0,168.0,107.0,101.0,95.0,66.0,39.0,60.0,51.0,26.0,140.0,69.0,36.0,285.0,160.0,220.0,19.0,192.0,138.0,47.0,78.0,24.0,193.0,95.0,20.0,100.0,41.0,154.0,63.0,12.0,5.0,162.0,93.0,111.0,75.0,33.0,19.0,117.0,56.0,8.0
71.0,17.0,13.0,7.0,101.0,517.0,92.0,70.0,43.0,72.0,14.0,12.0,13.0,331.0,157.0,48.0,21.0,11.0,194.0,85.0,135.0,48.0,72.0,70.0,35.0,7.0,8.0,71.0,44.0,97.0,43.0,146.0,74.0,84.0,102.0,50.0,34.0,54.0,30.0,22.0,107.0,49.0,37.0,271.0,109.0,159.0,17.0,164.0,103.0,32.0,63.0,22.0,168.0,70.0,19.0,91.0,21.0,124.0,57.0,10.0,4.0,111.0,66.0,93.0,53.0,26.0,14.0,102.0,43.0,6.0
55.0,22.0,10.0,8.0,90.0,390.0,95.0,43.0,37.0,68.0,15.0,19.0,9.0,291.0,142.0,58.0,17.0,11.0,161.0,78.0,99.0,37.0,52.0,51.0,40.0,9.0,10.0,61.0,53.0,72.0,41.0,129.0,76.0,68.0,73.0,50.0,26.0,56.0,28.0,13.0,98.0,53.0,23.0,186.0,129.0,124.0,14.0,135.0,87.0,32.0,63.0,20.0,123.0,63.0,12.0,80.0,29.0,84.0,60.0,6.0,4.0,96.0,71.0,92.0,56.0,22.0,15.0,77.0,48.0,8.0
75.0,25.0,14.0,4.0,125.0,569.0,93.0,67.0,56.0,91.0,15.0,18.0,13.0,400.0,172.0,73.0,20.0,14.0,160.0,114.0,112.0,53.0,61.0,82.0,47.0,10.0,13.0,86.0,51.0,105.0,55.0,155.0,78.0,99.0,93.0,57.0,31.0,54.0,39.0,24.0,100.0,60.0,30.0,266.0,150.0,154.0,14.0,191.0,117.0,43.0,63.0,23.0,153.0,115.0,17.0,114.0,32.0,143.0,63.0,17.0,7.0,151.0,71.0,102.0,68.0,27.0,22.0,96.0,58.0,7.0
76.0,22.0,13.0,5.0,101.0,448.0,83.0,39.0,36.0,79.0,13.0,15.0,9.0,478.0,137.0,56.0,18.0,9.0,163.0,97.0,106.0,45.0,74.0,73.0,48.0,8.0,10.0,68.0,44.0,80.0,47.0,137.0,73.0,68.0,76.0,58.0,30.0,57.0,31.0,18.0,127.0,54.0,33.0,228.0,127.0,136.0,13.0,151.0,93.0,32.0,58.0,20.0,121.0,77.0,16.0,91.0,21.0,107.0,54.0,9.0,4.0,113.0,76.0,91.0,51.0,23.0,14.0,72.0,51.0,5.0
69.0,18.0,13.0,3.0,107.0,420.0,135.0,51.0,50.0,74.0,15.0,16.0,12.0,325.0,159.0,48.0,18.0,11.0,187.0,130.0,143.0,43.0,70.0,69.0,43.0,6.0,13.0,79.0,50.0,103.0,51.0,198.0,74.0,81.0,88.0,55.0,36.0,57.0,34.0,22.0,201.0,77.0,27.0,261.0,149.0,141.0,15.0,181.0,121.0,37.0,57.0,16.0,147.0,74.0,17.0,95.0,18.0,117.0,55.0,10.0,6.0,125.0,87.0,105.0,45.0,21.0,18.0,87.0,54.0,6.0
83.0,22.0,16.0,3.0,127.0,631.0,142.0,64.0,67.0,89.0,22.0,19.0,11.0,408.0,170.0,59.0,18.0,13.0,238.0,113.0,163.0,57.0,83.0,81.0,42.0,8.0,14.0,119.0,43.0,121.0,57.0,219.0,102.0,110.0,96.0,51.0,37.0,60.0,29.0,26.0,162.0,75.0,39.0,321.0,187.0,272.0,18.0,208.0,156.0,39.0,81.0,17.0,152.0,108.0,24.0,114.0,26.0,129.0,74.0,11.0,9.0,143.0,73.0,122.0,63.0,37.0,18.0,110.0,57.0,7.0
83.0,20.0,36.0,5.0,150.0,528.0,166.0,70.0,76.0,82.0,20.0,18.0,12.0,363.0,185.0,41.0,27.0,13.0,240.0,129.0,141.0,54.0,90.0,78.0,47.0,8.0,14.0,89.0,44.0,115.0,55.0,216.0,113.0,130.0,94.0,69.0,37.0,78.0,35.0,33.0,176.0,61.0,40.0,357.0,178.0,190.0,27.0,276.0,148.0,45.0,98.0,17.0,222.0,117.0,31.0,106.0,21.0,134.0,92.0,17.0,11.0,208.0,114.0,138.0,52.0,33.0,18.0,109.0,66.0,8.0
80.0,18.0,33.0,6.0,111.0,616.0,116.0,68.0,59.0,69.0,22.0,20.0,10.0,401.0,156.0,35.0,22.0,15.0,238.0,120.0,141.0,52.0,83.0,71.0,50.0,9.0,13.0,107.0,47.0,122.0,65.0,182.0,118.0,104.0,107.0,78.0,36.0,65.0,37.0,32.0,208.0,88.0,39.0,367.0,157.0,180.0,21.0,231.0,169.0,46.0,80.0,19.0,192.0,103.0,24.0,102.0,21.0,142.0,66.0,14.0,7.0,169.0,84.0,120.0,53.0,31.0,17.0,122.0,66.0,8.0
80.0,22.0,19.0,4.0,146.0,640.0,121.0,85.0,55.0,79.0,25.0,16.0,13.0,307.0,204.0,59.0,27.0,14.0,210.0,126.0,147.0,47.0,73.0,88.0,51.0,7.0,10.0,116.0,72.0,100.0,47.0,208.0,103.0,95.0,95.0,64.0,37.0,58.0,42.0,29.0,150.0,88.0,34.0,354.0,202.0,201.0,17.0,198.0,127.0,43.0,82.0,24.0,162.0,111.0,20.0,98.0,27.0,137.0,72.0,13.0,5.0,153.0,94.0,119.0,75.0,31.0,22.0,104.0,56.0,10.0
